phase,t_ms,target,pos,speed,load,volt,temp_c,current_ma
pre,0,1079,1079,0,0,12.1,42,91520
pre,23,1079,1079,0,0,12.1,42,91520
pre,24,1079,1079,0,0,12.1,42,91520
pre,24,1079,1079,0,0,12.1,42,91520
pre,25,1079,1079,0,0,12.1,42,91520
pre,26,1079,1079,0,0,12.1,42,91520
pre,26,1079,1079,0,0,12.1,42,91520
pre,27,1079,1079,0,0,12.1,42,91520
pre,27,1079,1079,0,0,12.1,42,91520
pre,28,1079,1079,0,0,12.1,42,91520
pre,29,1079,1079,0,0,12.1,42,91520
pre,29,1079,1079,0,0,12.1,42,91520
pre,30,1079,1079,0,0,12.1,42,91520
pre,30,1079,1079,0,0,12.1,42,91520
pre,31,1079,1079,0,0,12.1,42,91520
pre,31,1079,1079,0,0,12.1,42,91520
pre,32,1079,1079,0,0,12.1,42,91520
pre,32,1079,1079,0,0,12.1,42,91520
pre,33,1079,1079,0,0,12.1,42,91520
pre,33,1079,1079,0,0,12.1,42,91520
pre,34,1079,1079,0,0,12.1,41,91520
pre,34,1079,1079,0,0,12.1,41,91520
pre,34,1079,1079,0,0,12.1,42,91520
pre,35,1079,1079,0,0,12.1,42,91520
pre,35,1079,1079,0,0,12.1,42,91520
pre,36,1079,1079,0,0,12.1,42,91520
pre,36,1079,1079,0,0,12.1,42,91520
pre,37,1079,1079,0,0,12.1,42,91520
pre,37,1079,1079,0,0,12.1,42,91520
pre,38,1079,1079,0,0,12.1,42,91520
pre,38,1079,1079,0,0,12.1,42,91520
pre,39,1079,1079,0,0,12.1,42,91520
pre,39,1079,1079,0,0,12.1,42,91520
pre,40,1079,1079,0,0,12.1,42,91520
pre,40,1079,1079,0,0,12.1,42,91520
pre,41,1079,1079,0,0,12.1,42,91520
pre,41,1079,1079,0,0,12.1,42,91520
pre,42,1079,1079,0,0,12.1,42,91520
pre,42,1079,1079,0,0,12.1,42,91520
pre,43,1079,1079,0,0,12.1,41,91520
pre,43,1079,1079,0,0,12.1,41,91520
pre,44,1079,1079,0,0,12.1,42,91520
pre,44,1079,1079,0,0,12.1,42,91520
pre,45,1079,1079,0,0,12.1,42,91520
pre,45,1079,1079,0,0,12.1,42,91520
pre,46,1079,1079,0,0,12.1,42,91520
pre,46,1079,1079,0,0,12.1,41,91520
pre,47,1079,1079,0,0,12.1,41,91520
pre,47,1079,1079,0,0,12.1,42,91520
pre,48,1079,1079,0,0,12.1,42,91520
pre,48,1079,1079,0,0,12.1,42,91520
pre,49,1079,1079,0,0,12.1,42,91520
pre,49,1079,1079,0,0,12.1,42,91520
pre,50,1079,1079,0,0,12.1,42,91520
pre,50,1079,1079,0,0,12.1,42,91520
pre,51,1079,1079,0,0,12.1,42,91520
pre,51,1079,1079,0,0,12.1,42,91520
pre,52,1079,1079,0,0,12.1,41,91520
pre,52,1079,1079,0,0,12.1,41,91520
pre,53,1079,1079,0,0,12.1,42,91520
pre,53,1079,1079,0,0,12.1,43,91520
pre,54,1079,1079,0,0,12.1,43,91520
pre,54,1079,1079,0,0,12.1,42,91520
pre,55,1079,1079,0,0,12.1,42,91520
pre,55,1079,1079,0,0,12.1,42,91520
pre,56,1079,1079,0,0,12.1,42,91520
pre,56,1079,1079,0,0,12.1,42,91520
pre,57,1079,1079,0,0,12.1,42,91520
pre,57,1079,1079,0,0,12.1,42,91520
pre,58,1079,1079,0,0,12.1,42,91520
pre,58,1079,1079,0,0,12.1,42,91520
pre,59,1079,1079,0,0,12.1,42,91520
pre,59,1079,1079,0,0,12.1,42,91520
pre,60,1079,1079,0,0,12.1,42,91520
pre,60,1079,1079,0,0,12.1,41,91520
pre,61,1079,1079,0,0,12.1,41,91520
pre,61,1079,1079,0,0,12.1,41,91520
pre,62,1079,1079,0,0,12.1,42,91520
pre,62,1079,1079,0,0,12.1,42,91520
pre,63,1079,1079,0,0,12.1,42,91520
pre,63,1079,1079,0,0,12.1,42,91520
pre,64,1079,1079,0,0,12.1,41,91520
pre,64,1079,1079,0,0,12.1,41,91520
pre,65,1079,1079,0,0,12.1,42,91520
pre,65,1079,1079,0,0,12.1,42,91520
pre,66,1079,1079,0,0,12.1,42,91520
pre,66,1079,1079,0,0,12.1,41,91520
pre,67,1079,1079,0,0,12.1,41,91520
pre,67,1079,1079,0,0,12.1,42,91520
pre,68,1079,1079,0,0,12.1,42,91520
pre,68,1079,1079,0,0,12.1,42,91520
pre,69,1079,1079,0,0,12.1,42,91520
pre,69,1079,1079,0,0,12.1,42,91520
pre,70,1079,1079,0,0,12.1,42,91520
pre,70,1079,1079,0,0,12.1,42,91520
pre,71,1079,1079,0,0,12.1,42,91520
pre,71,1079,1079,0,0,12.1,42,91520
pre,72,1079,1079,0,0,12.1,42,91520
pre,72,1079,1079,0,0,12.1,42,91520
pre,73,1079,1079,0,0,12.1,42,91520
pre,73,1079,1079,0,0,12.1,42,91520
pre,74,1079,1079,0,0,12.1,42,91520
pre,74,1079,1079,0,0,12.1,42,91520
pre,75,1079,1079,0,0,12.1,42,91520
pre,75,1079,1079,0,0,12.1,42,91520
pre,76,1079,1079,0,0,12.1,42,91520
pre,76,1079,1079,0,0,12.1,42,91520
pre,77,1079,1079,0,0,12.1,42,91520
pre,77,1079,1079,0,0,12.1,42,91520
pre,78,1079,1079,0,0,12.1,42,91520
pre,78,1079,1079,0,0,12.1,42,91520
pre,79,1079,1079,0,0,12.1,42,91520
pre,79,1079,1079,0,0,12.1,41,91520
pre,80,1079,1079,0,0,12.1,41,91520
pre,80,1079,1079,0,0,12.1,42,91520
pre,81,1079,1079,0,0,12.1,42,91520
pre,81,1079,1079,0,0,12.1,41,91520
pre,82,1079,1079,0,0,12.1,41,91520
pre,82,1079,1079,0,0,12.1,42,91520
pre,83,1079,1079,0,0,12.1,42,91520
pre,83,1079,1079,0,0,12.2,42,91520
pre,84,1079,1079,0,0,12.2,42,91520
pre,84,1079,1079,0,0,12.1,42,91520
pre,85,1079,1079,0,0,12.1,42,91520
pre,85,1079,1079,0,0,12.2,42,91520
pre,86,1079,1079,0,0,12.2,42,91520
pre,86,1079,1079,0,0,12.1,42,91520
pre,87,1079,1079,0,0,12.1,42,91520
pre,87,1079,1079,0,0,12.1,42,91520
pre,88,1079,1079,0,0,12.1,42,91520
pre,88,1079,1079,0,0,12.1,42,91520
pre,89,1079,1079,0,0,12.1,42,91520
pre,89,1079,1079,0,0,12.1,42,91520
pre,90,1079,1079,0,0,12.1,42,91520
pre,90,1079,1079,0,0,12.1,42,91520
pre,91,1079,1079,0,0,12.1,42,91520
pre,91,1079,1079,0,0,12.1,42,91520
pre,92,1079,1079,0,0,12.1,42,91520
pre,92,1079,1079,0,0,12.1,42,91520
pre,93,1079,1079,0,0,12.1,42,91520
pre,93,1079,1079,0,0,12.1,41,91520
pre,94,1079,1079,0,0,12.1,41,91520
pre,94,1079,1079,0,0,12.1,42,91520
pre,95,1079,1079,0,0,12.1,42,91520
pre,95,1079,1079,0,0,12.1,42,91520
pre,96,1079,1079,0,0,12.1,42,91520
pre,96,1079,1079,0,0,12.1,42,91520
pre,97,1079,1079,0,0,12.1,42,91520
pre,97,1079,1079,0,0,12.1,42,91520
pre,98,1079,1079,0,0,12.1,42,91520
pre,98,1079,1079,0,0,12.1,42,91520
pre,99,1079,1079,0,0,12.1,42,91520
pre,99,1079,1079,0,0,12.1,42,91520
pre,100,1079,1079,0,0,12.1,42,91520
pre,100,1079,1079,0,0,12.1,42,91520
pre,101,1079,1079,0,0,12.1,42,91520
pre,102,1079,1079,0,0,12.1,42,91520
pre,102,1079,1079,0,0,12.1,42,91520
pre,103,1079,1079,0,0,12.1,42,91520
pre,103,1079,1079,0,0,12.1,42,91520
pre,104,1079,1079,0,0,12.1,42,91520
pre,104,1079,1079,0,0,12.1,42,91520
pre,105,1079,1079,0,0,12.1,42,91520
pre,105,1079,1079,0,0,12.1,41,91520
pre,106,1079,1079,0,0,12.1,41,91520
pre,106,1079,1079,0,0,12.1,42,91520
pre,107,1079,1079,0,0,12.1,42,91520
pre,107,1079,1079,0,0,12.1,42,91520
pre,108,1079,1079,0,0,12.1,42,91520
pre,108,1079,1079,0,0,12.1,42,91520
pre,109,1079,1079,0,0,12.1,42,91520
pre,109,1079,1079,0,0,12.1,42,91520
pre,110,1079,1079,0,0,12.1,42,91520
pre,110,1079,1079,0,0,12.1,42,91520
pre,111,1079,1079,0,0,12.1,42,91520
pre,111,1079,1079,0,0,12.1,42,91520
pre,112,1079,1079,0,0,12.1,42,91520
pre,112,1079,1079,0,0,12.1,42,91520
pre,113,1079,1079,0,0,12.1,42,91520
pre,113,1079,1079,0,0,12.1,42,91520
pre,114,1079,1079,0,0,12.1,42,91520
pre,114,1079,1079,0,0,12.1,42,91520
pre,115,1079,1079,0,0,12.1,42,91520
pre,115,1079,1079,0,0,12.1,42,91520
pre,116,1079,1079,0,0,12.1,42,91520
pre,116,1079,1079,0,0,12.1,42,91520
pre,117,1079,1079,0,0,12.1,42,91520
pre,117,1079,1079,0,0,12.1,41,91520
pre,118,1079,1079,0,0,12.1,41,91520
pre,118,1079,1079,0,0,12.1,42,91520
pre,119,1079,1079,0,0,12.1,42,91520
pre,119,1079,1079,0,0,12.1,42,91520
pre,120,1079,1079,0,0,12.1,42,91520
pre,120,1079,1079,0,0,12.1,41,91520
pre,121,1079,1079,0,0,12.1,41,91520
pre,121,1079,1079,0,0,12.2,42,91520
pre,122,1079,1079,0,0,12.2,42,91520
pre,122,1079,1079,0,0,12.1,42,91520
pre,123,1079,1079,0,0,12.1,42,91520
pre,123,1079,1079,0,0,12.1,42,91520
pre,124,1079,1079,0,0,12.1,42,91520
pre,124,1079,1079,0,0,12.1,42,91520
pre,125,1079,1079,0,0,12.1,42,91520
pre,125,1079,1079,0,0,12.1,42,91520
pre,126,1079,1079,0,0,12.1,42,91520
pre,126,1079,1079,0,0,12.1,42,91520
pre,127,1079,1079,0,0,12.1,42,91520
pre,127,1079,1079,0,0,12.1,42,91520
pre,128,1079,1079,0,0,12.1,42,91520
pre,128,1079,1079,0,0,12.1,42,91520
pre,129,1079,1079,0,0,12.1,42,91520
pre,129,1079,1079,0,0,12.1,42,91520
pre,130,1079,1079,0,0,12.1,42,91520
pre,130,1079,1079,0,0,12.1,42,91520
pre,131,1079,1079,0,0,12.1,42,91520
pre,131,1079,1079,0,0,12.1,41,91520
pre,132,1079,1079,0,0,12.1,41,91520
pre,132,1079,1079,0,0,12.1,42,91520
pre,133,1079,1079,0,0,12.1,42,91520
pre,133,1079,1079,0,0,12.1,42,91520
pre,134,1079,1079,0,0,12.1,42,91520
pre,134,1079,1079,0,0,12.1,42,91520
pre,135,1079,1079,0,0,12.1,42,91520
pre,135,1079,1079,0,0,12.1,41,91520
pre,136,1079,1079,0,0,12.1,41,91520
pre,136,1079,1079,0,0,12.1,42,91520
pre,137,1079,1079,0,0,12.1,42,91520
pre,137,1079,1079,0,0,12.1,42,91520
pre,138,1079,1079,0,0,12.1,42,91520
pre,138,1079,1079,0,0,12.1,42,91520
pre,139,1079,1079,0,0,12.1,42,91520
pre,139,1079,1079,0,0,12.1,42,91520
pre,140,1079,1079,0,0,12.1,42,91520
pre,140,1079,1079,0,0,12.1,42,91520
pre,141,1079,1079,0,0,12.1,42,91520
pre,141,1079,1079,0,0,12.1,42,91520
pre,142,1079,1079,0,0,12.1,42,91520
pre,142,1079,1079,0,0,12.1,42,91520
pre,143,1079,1079,0,0,12.1,42,91520
pre,143,1079,1079,0,0,12.1,41,91520
pre,144,1079,1079,0,0,12.1,41,91520
pre,144,1079,1079,0,0,12.1,42,91520
pre,145,1079,1079,0,0,12.1,42,91520
pre,145,1079,1079,0,0,12.1,42,91520
pre,146,1079,1079,0,0,12.1,42,91520
pre,146,1079,1079,0,0,12.1,42,91520
pre,147,1079,1079,0,0,12.1,42,91520
pre,147,1079,1079,0,0,12.1,42,91520
pre,148,1079,1079,0,0,12.1,42,91520
pre,148,1079,1079,0,0,12.1,41,91520
pre,149,1079,1079,0,0,12.1,41,91520
pre,149,1079,1079,0,0,12.1,42,91520
pre,150,1079,1079,0,0,12.1,42,91520
pre,150,1079,1079,0,0,12.1,41,91520
pre,151,1079,1079,0,0,12.1,41,91520
pre,151,1079,1079,0,0,12.1,42,91520
pre,152,1079,1079,0,0,12.1,42,91520
pre,152,1079,1079,0,0,12.1,42,91520
pre,153,1079,1079,0,0,12.1,42,91520
pre,153,1079,1079,0,0,12.1,42,91520
pre,154,1079,1079,0,0,12.1,42,91520
pre,154,1079,1079,0,0,12.1,42,91520
pre,155,1079,1079,0,0,12.1,42,91520
pre,155,1079,1079,0,0,12.1,42,91520
pre,155,1079,1079,0,0,12.1,42,91520
pre,156,1079,1079,0,0,12.1,42,91520
pre,156,1079,1079,0,0,12.1,42,91520
pre,157,1079,1079,0,0,12.1,42,91520
pre,157,1079,1079,0,0,12.1,42,91520
pre,158,1079,1079,0,0,12.1,42,91520
pre,158,1079,1079,0,0,12.1,42,91520
pre,159,1079,1079,0,0,12.1,42,91520
pre,159,1079,1079,0,0,12.1,42,91520
pre,160,1079,1079,0,0,12.1,42,91520
pre,160,1079,1079,0,0,12.1,42,91520
pre,161,1079,1079,0,0,12.1,42,91520
pre,161,1079,1079,0,0,12.1,42,91520
pre,162,1079,1079,0,0,12.1,42,91520
pre,162,1079,1079,0,0,12.1,42,91520
pre,163,1079,1079,0,0,12.1,42,91520
pre,163,1079,1079,0,0,12.1,42,91520
pre,164,1079,1079,0,0,12.1,42,91520
pre,164,1079,1079,0,0,12.1,42,91520
pre,165,1079,1079,0,0,12.1,42,91520
pre,165,1079,1079,0,0,12.1,42,91520
pre,166,1079,1079,0,0,12.1,42,91520
pre,166,1079,1079,0,0,12.1,42,91520
pre,167,1079,1079,0,0,12.1,42,91520
pre,167,1079,1079,0,0,12.1,41,91520
pre,168,1079,1079,0,0,12.1,41,91520
pre,168,1079,1079,0,0,12.1,41,91520
pre,169,1079,1079,0,0,12.1,42,91520
pre,169,1079,1079,0,0,12.1,42,91520
pre,170,1079,1079,0,0,12.1,41,91520
pre,170,1079,1079,0,0,12.1,41,91520
pre,171,1079,1079,0,0,12.1,42,91520
pre,171,1079,1079,0,0,12.1,42,91520
pre,172,1079,1079,0,0,12.1,42,91520
pre,172,1079,1079,0,0,12.1,42,91520
pre,173,1079,1079,0,0,12.1,42,91520
pre,173,1079,1079,0,0,12.1,42,91520
pre,174,1079,1079,0,0,12.1,42,91520
pre,174,1079,1079,0,0,12.1,42,91520
pre,175,1079,1079,0,0,12.1,42,91520
pre,175,1079,1079,0,0,12.1,42,91520
pre,175,1079,1079,0,0,12.1,42,91520
pre,176,1079,1079,0,0,12.1,42,91520
pre,176,1079,1079,0,0,12.1,42,91520
pre,177,1079,1079,0,0,12.1,42,91520
pre,177,1079,1079,0,0,12.1,42,91520
pre,178,1079,1079,0,0,12.1,42,91520
pre,178,1079,1079,0,0,12.1,42,91520
pre,179,1079,1079,0,0,12.1,42,91520
pre,179,1079,1079,0,0,12.1,42,91520
pre,180,1079,1079,0,0,12.1,42,91520
pre,180,1079,1079,0,0,12.1,42,91520
pre,181,1079,1079,0,0,12.1,42,91520
pre,181,1079,1079,0,0,12.1,42,91520
pre,182,1079,1079,0,0,12.1,42,91520
pre,182,1079,1079,0,0,12.1,42,91520
pre,183,1079,1079,0,0,12.1,41,91520
pre,183,1079,1079,0,0,12.1,41,91520
pre,184,1079,1079,0,0,12.2,42,91520
pre,184,1079,1079,0,0,12.2,42,91520
pre,185,1079,1079,0,0,12.1,42,91520
pre,185,1079,1079,0,0,12.1,42,91520
pre,186,1079,1079,0,0,12.1,42,91520
pre,186,1079,1079,0,0,12.1,42,91520
pre,187,1079,1079,0,0,12.1,41,91520
pre,187,1079,1079,0,0,12.1,41,91520
pre,188,1079,1079,0,0,12.1,42,91520
pre,188,1079,1079,0,0,12.1,42,91520
pre,189,1079,1079,0,0,12.1,42,91520
pre,189,1079,1079,0,0,12.1,42,91520
pre,190,1079,1079,0,0,12.1,42,91520
pre,190,1079,1079,0,0,12.1,42,91520
pre,191,1079,1079,0,0,12.1,42,91520
pre,191,1079,1079,0,0,12.1,42,91520
pre,192,1079,1079,0,0,12.1,42,91520
pre,192,1079,1079,0,0,12.1,42,91520
pre,193,1079,1079,0,0,12.1,42,91520
pre,193,1079,1079,0,0,12.1,42,91520
pre,194,1079,1079,0,0,12.1,42,91520
pre,194,1079,1079,0,0,12.1,42,91520
pre,195,1079,1079,0,0,12.1,42,91520
pre,195,1079,1079,0,0,12.1,42,91520
pre,196,1079,1079,0,0,12.1,42,91520
pre,196,1079,1079,0,0,12.1,41,91520
pre,197,1079,1079,0,0,12.1,41,91520
pre,197,1079,1079,0,0,12.1,42,91520
pre,198,1079,1079,0,0,12.1,42,91520
pre,198,1079,1079,0,0,12.1,42,91520
pre,199,1079,1079,0,0,12.1,42,91520
pre,199,1079,1079,0,0,12.1,41,91520
pre,200,1079,1079,0,0,12.1,41,91520
pre,200,1079,1079,0,0,12.1,42,91520
pre,201,1079,1079,0,0,12.1,42,91520
pre,201,1079,1079,0,0,12.1,42,91520
pre,202,1079,1079,0,0,12.1,42,91520
pre,202,1079,1079,0,0,12.1,42,91520
pre,203,1079,1079,0,0,12.1,42,91520
pre,203,1079,1079,0,0,12.1,42,91520
pre,204,1079,1079,0,0,12.1,42,91520
pre,204,1079,1079,0,0,12.1,42,91520
pre,205,1079,1079,0,0,12.1,42,91520
pre,205,1079,1079,0,0,12.1,42,91520
pre,206,1079,1079,0,0,12.1,42,91520
pre,206,1079,1079,0,0,12.1,42,91520
pre,206,1079,1079,0,0,12.1,42,91520
pre,207,1079,1079,0,0,12.1,42,91520
pre,207,1079,1079,0,0,12.1,42,91520
pre,208,1079,1079,0,0,12.1,42,91520
pre,208,1079,1079,0,0,12.1,42,91520
pre,209,1079,1079,0,0,12.1,42,91520
pre,209,1079,1079,0,0,12.1,42,91520
pre,210,1079,1079,0,0,12.1,42,91520
pre,210,1079,1079,0,0,12.1,42,91520
pre,211,1079,1079,0,0,12.1,42,91520
pre,211,1079,1079,0,0,12.1,42,91520
pre,212,1079,1079,0,0,12.1,42,91520
pre,212,1079,1079,0,0,12.1,42,91520
pre,213,1079,1079,0,0,12.1,42,91520
pre,213,1079,1079,0,0,12.1,42,91520
pre,214,1079,1079,0,0,12.1,42,91520
pre,214,1079,1079,0,0,12.1,42,91520
pre,215,1079,1079,0,0,12.1,42,91520
pre,215,1079,1079,0,0,12.1,42,91520
pre,216,1079,1079,0,0,12.1,42,91520
pre,216,1079,1079,0,0,12.1,42,91520
pre,217,1079,1079,0,0,12.1,42,91520
pre,217,1079,1079,0,0,12.1,42,91520
pre,218,1079,1079,0,0,12.1,42,91520
pre,218,1079,1079,0,0,12.1,42,91520
pre,219,1079,1079,0,0,12.1,42,91520
pre,219,1079,1079,0,0,12.1,42,91520
pre,220,1079,1079,0,0,12.1,41,91520
pre,220,1079,1079,0,0,12.1,41,91520
pre,221,1079,1079,0,0,12.1,42,91520
pre,221,1079,1079,0,0,12.1,42,91520
pre,222,1079,1079,0,0,12.1,42,91520
pre,222,1079,1079,0,0,12.1,42,91520
pre,223,1079,1079,0,0,12.1,42,91520
pre,223,1079,1079,0,0,12.1,42,91520
pre,224,1079,1079,0,0,12.1,42,91520
pre,224,1079,1079,0,0,12.1,42,91520
pre,225,1079,1079,0,0,12.1,42,91520
pre,225,1079,1079,0,0,12.1,42,91520
pre,226,1079,1079,0,0,12.1,42,91520
pre,226,1079,1079,0,0,12.1,42,91520
pre,227,1079,1079,0,0,12.2,42,91520
pre,227,1079,1079,0,0,12.2,42,91520
pre,228,1079,1079,0,0,12.1,42,91520
pre,228,1079,1079,0,0,12.1,42,91520
pre,229,1079,1079,0,0,12.1,42,91520
pre,229,1079,1079,0,0,12.1,42,91520
pre,230,1079,1079,0,0,12.1,41,91520
pre,230,1079,1079,0,0,12.1,41,91520
pre,231,1079,1079,0,0,12.1,42,91520
pre,231,1079,1079,0,0,12.1,42,91520
pre,232,1079,1079,0,0,12.1,42,91520
pre,232,1079,1079,0,0,12.1,42,91520
pre,233,1079,1079,0,0,12.1,42,91520
pre,233,1079,1079,0,0,12.1,42,91520
pre,234,1079,1079,0,0,12.1,42,91520
pre,234,1079,1079,0,0,12.1,42,91520
pre,234,1079,1079,0,0,12.1,42,91520
pre,235,1079,1079,0,0,12.1,42,91520
pre,235,1079,1079,0,0,12.1,42,91520
pre,236,1079,1079,0,0,12.1,42,91520
pre,236,1079,1079,0,0,12.1,42,91520
pre,237,1079,1079,0,0,12.1,42,91520
pre,237,1079,1079,0,0,12.1,42,91520
pre,238,1079,1079,0,0,12.1,42,91520
pre,238,1079,1079,0,0,12.1,42,91520
pre,239,1079,1079,0,0,12.1,42,91520
pre,239,1079,1079,0,0,12.1,42,91520
pre,240,1079,1079,0,0,12.2,42,91520
pre,240,1079,1079,0,0,12.2,42,91520
pre,241,1079,1079,0,0,12.1,42,91520
pre,241,1079,1079,0,0,12.1,42,91520
pre,242,1079,1079,0,0,12.1,42,91520
pre,242,1079,1079,0,0,12.1,42,91520
pre,243,1079,1079,0,0,12.1,41,91520
pre,243,1079,1079,0,0,12.1,41,91520
pre,244,1079,1079,0,0,12.1,41,91520
pre,244,1079,1079,0,0,12.1,41,91520
pre,245,1079,1079,0,0,12.1,42,91520
pre,245,1079,1079,0,0,12.1,42,91520
pre,246,1079,1079,0,0,12.1,42,91520
pre,246,1079,1079,0,0,12.1,42,91520
pre,247,1079,1079,0,0,12.1,42,91520
pre,247,1079,1079,0,0,12.1,42,91520
pre,248,1079,1079,0,0,12.1,42,91520
pre,248,1079,1079,0,0,12.1,42,91520
pre,249,1079,1079,0,0,12.1,42,91520
pre,249,1079,1079,0,0,12.1,42,91520
pre,250,1079,1079,0,0,12.1,42,91520
pre,250,1079,1079,0,0,12.1,42,91520
pre,251,1079,1079,0,0,12.1,42,91520
pre,251,1079,1079,0,0,12.1,42,91520
pre,252,1079,1079,0,0,12.1,42,91520
pre,252,1079,1079,0,0,12.1,42,91520
pre,253,1079,1079,0,0,12.1,42,91520
pre,253,1079,1079,0,0,12.1,42,91520
pre,254,1079,1079,0,0,12.1,42,91520
pre,254,1079,1079,0,0,12.1,42,91520
pre,255,1079,1079,0,0,12.1,41,91520
pre,255,1079,1079,0,0,12.1,41,91520
pre,256,1079,1079,0,0,12.1,42,91520
pre,256,1079,1079,0,0,12.1,42,91520
pre,257,1079,1079,0,0,12.1,42,91520
pre,257,1079,1079,0,0,12.1,42,91520
pre,258,1079,1079,0,0,12.1,42,91520
pre,258,1079,1079,0,0,12.1,42,91520
pre,258,1079,1079,0,0,12.2,42,91520
pre,259,1079,1079,0,0,12.2,42,91520
pre,259,1079,1079,0,0,12.1,42,91520
pre,260,1079,1079,0,0,12.1,42,91520
pre,260,1079,1079,0,0,12.1,42,91520
pre,261,1079,1079,0,0,12.1,42,91520
pre,261,1079,1079,0,0,12.1,42,91520
pre,262,1079,1079,0,0,12.1,42,91520
pre,262,1079,1079,0,0,12.1,42,91520
pre,263,1079,1079,0,0,12.1,41,91520
pre,263,1079,1079,0,0,12.1,41,91520
pre,264,1079,1079,0,0,12.1,42,91520
pre,264,1079,1079,0,0,12.1,42,91520
pre,265,1079,1079,0,0,12.2,42,91520
pre,265,1079,1079,0,0,12.2,42,91520
pre,266,1079,1079,0,0,12.1,42,91520
pre,266,1079,1079,0,0,12.1,42,91520
pre,267,1079,1079,0,0,12.1,42,91520
pre,267,1079,1079,0,0,12.1,42,91520
pre,268,1079,1079,0,0,12.1,41,91520
pre,268,1079,1079,0,0,12.1,41,91520
pre,269,1079,1079,0,0,12.1,41,91520
pre,269,1079,1079,0,0,12.1,41,91520
pre,270,1079,1079,0,0,12.1,41,91520
pre,270,1079,1079,0,0,12.1,41,91520
pre,271,1079,1079,0,0,12.1,42,91520
pre,271,1079,1079,0,0,12.1,42,91520
pre,272,1079,1079,0,0,12.1,42,91520
pre,272,1079,1079,0,0,12.1,42,91520
pre,273,1079,1079,0,0,12.1,42,91520
pre,273,1079,1079,0,0,12.1,42,91520
pre,274,1079,1079,0,0,12.1,42,91520
pre,274,1079,1079,0,0,12.1,42,91520
pre,274,1079,1079,0,0,12.1,42,91520
pre,275,1079,1079,0,0,12.1,42,91520
pre,275,1079,1079,0,0,12.1,42,91520
pre,276,1079,1079,0,0,12.1,42,91520
pre,276,1079,1079,0,0,12.1,42,91520
pre,277,1079,1079,0,0,12.1,42,91520
pre,277,1079,1079,0,0,12.1,42,91520
pre,278,1079,1079,0,0,12.1,42,91520
pre,278,1079,1079,0,0,12.1,42,91520
pre,279,1079,1079,0,0,12.1,42,91520
pre,279,1079,1079,0,0,12.1,42,91520
pre,280,1079,1079,0,0,12.1,42,91520
pre,280,1079,1079,0,0,12.1,42,91520
pre,281,1079,1079,0,0,12.1,42,91520
pre,281,1079,1079,0,0,12.1,42,91520
pre,282,1079,1079,0,0,12.1,42,91520
pre,282,1079,1079,0,0,12.1,42,91520
pre,283,1079,1079,0,0,12.1,42,91520
pre,283,1079,1079,0,0,12.1,42,91520
pre,284,1079,1079,0,0,12.1,41,91520
pre,284,1079,1079,0,0,12.1,41,91520
pre,285,1079,1079,0,0,12.1,42,91520
pre,285,1079,1079,0,0,12.1,42,91520
pre,286,1079,1079,0,0,12.1,42,91520
pre,286,1079,1079,0,0,12.1,41,91520
pre,287,1079,1079,0,0,12.1,41,91520
pre,287,1079,1079,0,0,12.1,42,91520
pre,288,1079,1079,0,0,12.1,42,91520
pre,288,1079,1079,0,0,12.1,42,91520
pre,289,1079,1079,0,0,12.1,42,91520
pre,289,1079,1079,0,0,12.1,42,91520
pre,290,1079,1079,0,0,12.1,42,91520
pre,290,1079,1079,0,0,12.1,42,91520
pre,291,1079,1079,0,0,12.1,42,91520
pre,291,1079,1079,0,0,12.1,42,91520
pre,292,1079,1079,0,0,12.1,42,91520
pre,292,1079,1079,0,0,12.1,42,91520
pre,293,1079,1079,0,0,12.1,42,91520
pre,293,1079,1079,0,0,12.1,42,91520
pre,294,1079,1079,0,0,12.1,42,91520
pre,294,1079,1079,0,0,12.1,42,91520
pre,295,1079,1079,0,0,12.2,42,91520
pre,295,1079,1079,0,0,12.2,42,91520
pre,296,1079,1079,0,0,12.1,42,91520
pre,296,1079,1079,0,0,12.1,42,91520
pre,297,1079,1079,0,0,12.1,42,91520
pre,297,1079,1079,0,0,12.2,42,91520
pre,298,1079,1079,0,0,12.2,42,91520
pre,298,1079,1079,0,0,12.1,42,91520
pre,299,1079,1079,0,0,12.1,42,91520
pre,299,1079,1079,0,0,12.1,41,91520
pre,300,1079,1079,0,0,12.1,41,91520
pre,300,1079,1079,0,0,12.1,42,91520
pre,301,1079,1079,0,0,12.1,42,91520
pre,301,1079,1079,0,0,12.1,42,91520
pre,302,1079,1079,0,0,12.1,42,91520
pre,302,1079,1079,0,0,12.1,42,91520
pre,303,1079,1079,0,0,12.1,42,91520
pre,303,1079,1079,0,0,12.1,41,91520
pre,304,1079,1079,0,0,12.1,41,91520
pre,304,1079,1079,0,0,12.1,42,91520
pre,305,1079,1079,0,0,12.1,42,91520
pre,305,1079,1079,0,0,12.1,42,91520
pre,306,1079,1079,0,0,12.1,42,91520
pre,306,1079,1079,0,0,12.1,42,91520
pre,307,1079,1079,0,0,12.1,42,91520
pre,307,1079,1079,0,0,12.1,42,91520
pre,308,1079,1079,0,0,12.1,42,91520
pre,308,1079,1079,0,0,12.1,42,91520
pre,308,1079,1079,0,0,12.1,41,91520
pre,309,1079,1079,0,0,12.1,41,91520
pre,309,1079,1079,0,0,12.1,42,91520
pre,310,1079,1079,0,0,12.1,42,91520
pre,310,1079,1079,0,0,12.1,42,91520
pre,311,1079,1079,0,0,12.1,42,91520
pre,311,1079,1079,0,0,12.1,41,91520
pre,312,1079,1079,0,0,12.1,41,91520
pre,312,1079,1079,0,0,12.1,42,91520
pre,313,1079,1079,0,0,12.1,42,91520
pre,313,1079,1079,0,0,12.1,42,91520
pre,314,1079,1079,0,0,12.1,42,91520
pre,314,1079,1079,0,0,12.1,42,91520
pre,315,1079,1079,0,0,12.1,42,91520
pre,315,1079,1079,0,0,12.1,42,91520
pre,316,1079,1079,0,0,12.1,42,91520
pre,316,1079,1079,0,0,12.1,42,91520
pre,317,1079,1079,0,0,12.1,42,91520
pre,317,1079,1079,0,0,12.1,41,91520
pre,318,1079,1079,0,0,12.1,41,91520
pre,318,1079,1079,0,0,12.1,42,91520
pre,319,1079,1079,0,0,12.1,42,91520
pre,319,1079,1079,0,0,12.1,41,91520
pre,320,1079,1079,0,0,12.1,41,91520
pre,320,1079,1079,0,0,12.1,42,91520
pre,321,1079,1079,0,0,12.1,42,91520
pre,321,1079,1079,0,0,12.1,42,91520
pre,322,1079,1079,0,0,12.1,42,91520
pre,322,1079,1079,0,0,12.1,42,91520
pre,323,1079,1079,0,0,12.1,42,91520
pre,323,1079,1079,0,0,12.2,42,91520
pre,324,1079,1079,0,0,12.2,42,91520
pre,324,1079,1079,0,0,12.2,42,91520
pre,325,1079,1079,0,0,12.2,42,91520
pre,325,1079,1079,0,0,12.1,42,91520
pre,326,1079,1079,0,0,12.1,42,91520
pre,326,1079,1079,0,0,12.1,42,91520
pre,327,1079,1079,0,0,12.1,42,91520
pre,327,1079,1079,0,0,12.1,41,91520
pre,328,1079,1079,0,0,12.1,41,91520
pre,328,1079,1079,0,0,12.1,42,91520
pre,329,1079,1079,0,0,12.1,42,91520
pre,329,1079,1079,0,0,12.1,42,91520
pre,330,1079,1079,0,0,12.1,42,91520
pre,330,1079,1079,0,0,12.1,42,91520
pre,331,1079,1079,0,0,12.1,42,91520
pre,331,1079,1079,0,0,12.1,42,91520
pre,332,1079,1079,0,0,12.1,42,91520
pre,332,1079,1079,0,0,12.1,42,91520
pre,333,1079,1079,0,0,12.1,42,91520
pre,333,1079,1079,0,0,12.1,42,91520
pre,334,1079,1079,0,0,12.1,42,91520
pre,334,1079,1079,0,0,12.1,42,91520
pre,335,1079,1079,0,0,12.1,42,91520
pre,335,1079,1079,0,0,12.1,42,91520
pre,336,1079,1079,0,0,12.1,42,91520
pre,336,1079,1079,0,0,12.1,42,91520
pre,337,1079,1079,0,0,12.1,42,91520
pre,337,1079,1079,0,0,12.1,42,91520
pre,338,1079,1079,0,0,12.1,42,91520
pre,338,1079,1079,0,0,12.1,42,91520
pre,339,1079,1079,0,0,12.1,42,91520
pre,339,1079,1079,0,0,12.1,42,91520
pre,340,1079,1079,0,0,12.1,42,91520
pre,340,1079,1079,0,0,12.1,42,91520
pre,341,1079,1079,0,0,12.1,42,91520
pre,341,1079,1079,0,0,12.1,42,91520
pre,341,1079,1079,0,0,12.1,42,91520
pre,342,1079,1079,0,0,12.1,42,91520
pre,342,1079,1079,0,0,12.1,42,91520
pre,343,1079,1079,0,0,12.1,42,91520
pre,343,1079,1079,0,0,12.1,42,91520
pre,344,1079,1079,0,0,12.1,42,91520
pre,344,1079,1079,0,0,12.1,42,91520
pre,345,1079,1079,0,0,12.1,42,91520
pre,345,1079,1079,0,0,12.1,42,91520
pre,346,1079,1079,0,0,12.1,42,91520
pre,346,1079,1079,0,0,12.2,42,91520
pre,347,1079,1079,0,0,12.2,42,91520
pre,347,1079,1079,0,0,12.1,42,91520
pre,348,1079,1079,0,0,12.1,42,91520
pre,348,1079,1079,0,0,12.1,42,91520
pre,349,1079,1079,0,0,12.1,42,91520
pre,349,1079,1079,0,0,12.1,42,91520
pre,350,1079,1079,0,0,12.1,42,91520
pre,350,1079,1079,0,0,12.1,41,91520
pre,351,1079,1079,0,0,12.1,41,91520
pre,351,1079,1079,0,0,12.1,42,91520
pre,352,1079,1079,0,0,12.1,42,91520
pre,352,1079,1079,0,0,12.1,41,91520
pre,353,1079,1079,0,0,12.1,41,91520
pre,353,1079,1079,0,0,12.1,42,91520
pre,354,1079,1079,0,0,12.1,42,91520
pre,354,1079,1079,0,0,12.1,41,91520
pre,355,1079,1079,0,0,12.1,41,91520
pre,355,1079,1079,0,0,12.1,42,91520
pre,356,1079,1079,0,0,12.1,42,91520
pre,356,1079,1079,0,0,12.1,42,91520
pre,357,1079,1079,0,0,12.1,42,91520
pre,357,1079,1079,0,0,12.1,42,91520
pre,358,1079,1079,0,0,12.1,42,91520
pre,358,1079,1079,0,0,12.1,42,91520
pre,358,1079,1079,0,0,12.1,42,91520
pre,359,1079,1079,0,0,12.1,42,91520
pre,359,1079,1079,0,0,12.1,42,91520
pre,360,1079,1079,0,0,12.1,42,91520
pre,360,1079,1079,0,0,12.1,42,91520
pre,361,1079,1079,0,0,12.1,42,91520
pre,361,1079,1079,0,0,12.1,42,91520
pre,362,1079,1079,0,0,12.1,42,91520
pre,362,1079,1079,0,0,12.1,42,91520
pre,363,1079,1079,0,0,12.1,42,91520
pre,363,1079,1079,0,0,12.1,42,91520
pre,364,1079,1079,0,0,12.1,42,91520
pre,364,1079,1079,0,0,12.1,42,91520
pre,365,1079,1079,0,0,12.1,42,91520
pre,365,1079,1079,0,0,12.1,42,91520
pre,366,1079,1079,0,0,12.1,42,91520
pre,366,1079,1079,0,0,12.1,42,91520
pre,367,1079,1079,0,0,12.1,42,91520
pre,367,1079,1079,0,0,12.1,42,91520
pre,368,1079,1079,0,0,12.1,42,91520
pre,368,1079,1079,0,0,12.1,42,91520
pre,369,1079,1079,0,0,12.1,42,91520
pre,369,1079,1079,0,0,12.1,42,91520
pre,370,1079,1079,0,0,12.1,42,91520
pre,370,1079,1079,0,0,12.1,42,91520
pre,371,1079,1079,0,0,12.1,42,91520
pre,371,1079,1079,0,0,12.1,42,91520
pre,372,1079,1079,0,0,12.1,42,91520
pre,372,1079,1079,0,0,12.1,42,91520
pre,373,1079,1079,0,0,12.1,42,91520
pre,373,1079,1079,0,0,12.1,42,91520
pre,373,1079,1079,0,0,12.1,42,91520
pre,374,1079,1079,0,0,12.1,42,91520
pre,374,1079,1079,0,0,12.1,42,91520
pre,375,1079,1079,0,0,12.1,42,91520
pre,375,1079,1079,0,0,12.1,42,91520
pre,376,1079,1079,0,0,12.1,42,91520
pre,376,1079,1079,0,0,12.1,42,91520
pre,377,1079,1079,0,0,12.1,42,91520
pre,377,1079,1079,0,0,12.1,42,91520
pre,378,1079,1079,0,0,12.1,42,91520
pre,378,1079,1079,0,0,12.1,42,91520
pre,379,1079,1079,0,0,12.1,42,91520
pre,379,1079,1079,0,0,12.1,42,91520
pre,380,1079,1079,0,0,12.1,42,91520
pre,380,1079,1079,0,0,12.1,42,91520
pre,381,1079,1079,0,0,12.1,42,91520
pre,381,1079,1079,0,0,12.1,42,91520
pre,382,1079,1079,0,0,12.1,42,91520
pre,382,1079,1079,0,0,12.0,42,91520
pre,383,1079,1079,0,0,12.0,42,91520
pre,383,1079,1079,0,0,12.1,41,91520
pre,384,1079,1079,0,0,12.1,41,91520
pre,384,1079,1079,0,0,12.1,41,91520
pre,385,1079,1079,0,0,12.1,41,91520
pre,385,1079,1079,0,0,12.1,42,91520
pre,386,1079,1079,0,0,12.1,42,91520
pre,386,1079,1079,0,0,12.1,42,91520
pre,387,1079,1079,0,0,12.1,42,91520
pre,387,1079,1079,0,0,12.1,42,91520
pre,388,1079,1079,0,0,12.1,42,91520
pre,388,1079,1079,0,0,12.1,42,91520
pre,389,1079,1079,0,0,12.1,42,91520
pre,389,1079,1079,0,0,12.1,42,91520
pre,390,1079,1079,0,0,12.1,42,91520
pre,390,1079,1079,0,0,12.1,42,91520
pre,391,1079,1079,0,0,12.1,42,91520
pre,391,1079,1079,0,0,12.1,42,91520
pre,391,1079,1079,0,0,12.1,42,91520
pre,392,1079,1079,0,0,12.1,42,91520
pre,392,1079,1079,0,0,12.1,42,91520
pre,393,1079,1079,0,0,12.1,42,91520
pre,393,1079,1079,0,0,12.1,41,91520
pre,394,1079,1079,0,0,12.1,41,91520
pre,394,1079,1079,0,0,12.1,42,91520
pre,395,1079,1079,0,0,12.1,42,91520
pre,395,1079,1079,0,0,12.1,42,91520
pre,396,1079,1079,0,0,12.1,42,91520
pre,396,1079,1079,0,0,12.1,42,91520
pre,397,1079,1079,0,0,12.1,42,91520
pre,397,1079,1079,0,0,12.1,42,91520
pre,398,1079,1079,0,0,12.1,42,91520
pre,398,1079,1079,0,0,12.1,42,91520
pre,399,1079,1079,0,0,12.1,42,91520
pre,399,1079,1079,0,0,12.1,42,91520
pre,400,1079,1079,0,0,12.1,42,91520
pre,400,1079,1079,0,0,12.1,42,91520
pre,401,1079,1079,0,0,12.1,42,91520
pre,401,1079,1079,0,0,12.1,42,91520
pre,402,1079,1079,0,0,12.1,42,91520
pre,402,1079,1079,0,0,12.1,42,91520
pre,403,1079,1079,0,0,12.1,42,91520
pre,403,1079,1079,0,0,12.1,42,91520
pre,404,1079,1079,0,0,12.1,42,91520
pre,404,1079,1079,0,0,12.1,42,91520
pre,405,1079,1079,0,0,12.1,42,91520
pre,405,1079,1079,0,0,12.1,42,91520
pre,406,1079,1079,0,0,12.1,42,91520
pre,406,1079,1079,0,0,12.2,42,91520
pre,407,1079,1079,0,0,12.2,42,91520
pre,407,1079,1079,0,0,12.1,42,91520
pre,408,1079,1079,0,0,12.1,42,91520
pre,408,1079,1079,0,0,12.1,42,91520
pre,408,1079,1079,0,0,12.1,42,91520
pre,409,1079,1079,0,0,12.1,42,91520
pre,409,1079,1079,0,0,12.1,42,91520
pre,410,1079,1079,0,0,12.1,42,91520
pre,410,1079,1079,0,0,12.1,42,91520
pre,411,1079,1079,0,0,12.1,42,91520
pre,411,1079,1079,0,0,12.1,42,91520
pre,412,1079,1079,0,0,12.1,42,91520
pre,412,1079,1079,0,0,12.1,42,91520
pre,413,1079,1079,0,0,12.1,42,91520
pre,413,1079,1079,0,0,12.1,42,91520
pre,414,1079,1079,0,0,12.1,42,91520
pre,414,1079,1079,0,0,12.1,42,91520
pre,415,1079,1079,0,0,12.1,42,91520
pre,415,1079,1079,0,0,12.1,42,91520
pre,416,1079,1079,0,0,12.1,42,91520
pre,416,1079,1079,0,0,12.1,42,91520
pre,417,1079,1079,0,0,12.1,42,91520
pre,417,1079,1079,0,0,12.1,41,91520
pre,418,1079,1079,0,0,12.1,41,91520
pre,418,1079,1079,0,0,12.1,42,91520
pre,419,1079,1079,0,0,12.1,42,91520
pre,419,1079,1079,0,0,12.1,42,91520
pre,420,1079,1079,0,0,12.1,42,91520
pre,420,1079,1079,0,0,12.1,42,91520
pre,421,1079,1079,0,0,12.1,42,91520
pre,421,1079,1079,0,0,12.1,42,91520
pre,422,1079,1079,0,0,12.1,42,91520
pre,422,1079,1079,0,0,12.1,42,91520
pre,423,1079,1079,0,0,12.1,42,91520
pre,423,1079,1079,0,0,12.1,42,91520
pre,423,1079,1079,0,0,12.1,42,91520
pre,424,1079,1079,0,0,12.1,42,91520
pre,424,1079,1079,0,0,12.1,42,91520
pre,425,1079,1079,0,0,12.1,42,91520
pre,425,1079,1079,0,0,12.1,42,91520
pre,426,1079,1079,0,0,12.1,42,91520
pre,426,1079,1079,0,0,12.1,42,91520
pre,427,1079,1079,0,0,12.1,42,91520
pre,427,1079,1079,0,0,12.1,42,91520
pre,428,1079,1079,0,0,12.1,42,91520
pre,428,1079,1079,0,0,12.1,42,91520
pre,429,1079,1079,0,0,12.1,42,91520
pre,429,1079,1079,0,0,12.1,42,91520
pre,430,1079,1079,0,0,12.1,42,91520
pre,430,1079,1079,0,0,12.1,42,91520
pre,431,1079,1079,0,0,12.1,41,91520
pre,431,1079,1079,0,0,12.1,41,91520
pre,432,1079,1079,0,0,12.1,42,91520
pre,432,1079,1079,0,0,12.1,42,91520
pre,433,1079,1079,0,0,12.1,42,91520
pre,433,1079,1079,0,0,12.1,42,91520
pre,434,1079,1079,0,0,12.1,42,91520
pre,434,1079,1079,0,0,12.1,42,91520
pre,435,1079,1079,0,0,12.2,42,91520
pre,435,1079,1079,0,0,12.2,42,91520
pre,436,1079,1079,0,0,12.1,42,91520
pre,436,1079,1079,0,0,12.1,42,91520
pre,437,1079,1079,0,0,12.1,42,91520
pre,437,1079,1079,0,0,12.1,42,91520
pre,438,1079,1079,0,0,12.1,42,91520
pre,438,1079,1079,0,0,12.1,42,91520
pre,439,1079,1079,0,0,12.1,42,91520
pre,439,1079,1079,0,0,12.1,42,91520
pre,440,1079,1079,0,0,12.1,42,91520
pre,440,1079,1079,0,0,12.1,42,91520
pre,441,1079,1079,0,0,12.1,42,91520
pre,441,1079,1079,0,0,12.1,42,91520
pre,442,1079,1079,0,0,12.1,42,91520
pre,442,1079,1079,0,0,12.1,42,91520
pre,443,1079,1079,0,0,12.1,42,91520
pre,443,1079,1079,0,0,12.1,42,91520
pre,443,1079,1079,0,0,12.1,42,91520
pre,444,1079,1079,0,0,12.1,42,91520
pre,444,1079,1079,0,0,12.1,42,91520
pre,445,1079,1079,0,0,12.1,42,91520
pre,445,1079,1079,0,0,12.1,42,91520
pre,446,1079,1079,0,0,12.1,42,91520
pre,446,1079,1079,0,0,12.1,42,91520
pre,447,1079,1079,0,0,12.1,42,91520
pre,447,1079,1079,0,0,12.1,42,91520
pre,448,1079,1079,0,0,12.1,42,91520
pre,448,1079,1079,0,0,12.1,42,91520
pre,449,1079,1079,0,0,12.1,41,91520
pre,449,1079,1079,0,0,12.1,41,91520
pre,450,1079,1079,0,0,12.1,42,91520
pre,450,1079,1079,0,0,12.1,42,91520
pre,451,1079,1079,0,0,12.1,42,91520
pre,451,1079,1079,0,0,12.1,42,91520
pre,452,1079,1079,0,0,12.1,42,91520
pre,452,1079,1079,0,0,12.1,42,91520
pre,453,1079,1079,0,0,12.1,41,91520
pre,453,1079,1079,0,0,12.1,41,91520
pre,454,1079,1079,0,0,12.1,42,91520
pre,454,1079,1079,0,0,12.1,42,91520
pre,455,1079,1079,0,0,12.1,42,91520
pre,455,1079,1079,0,0,12.1,42,91520
pre,456,1079,1079,0,0,12.1,41,91520
pre,456,1079,1079,0,0,12.1,41,91520
pre,457,1079,1079,0,0,12.1,42,91520
pre,457,1079,1079,0,0,12.1,42,91520
pre,458,1079,1079,0,0,12.1,42,91520
pre,458,1079,1079,0,0,12.1,42,91520
pre,458,1079,1079,0,0,12.1,42,91520
pre,459,1079,1079,0,0,12.1,42,91520
pre,459,1079,1079,0,0,12.1,42,91520
pre,460,1079,1079,0,0,12.1,42,91520
pre,460,1079,1079,0,0,12.1,42,91520
pre,461,1079,1079,0,0,12.1,42,91520
pre,461,1079,1079,0,0,12.1,42,91520
pre,462,1079,1079,0,0,12.1,42,91520
pre,462,1079,1079,0,0,12.1,42,91520
pre,463,1079,1079,0,0,12.1,42,91520
pre,463,1079,1079,0,0,12.1,42,91520
pre,464,1079,1079,0,0,12.1,42,91520
pre,464,1079,1079,0,0,12.1,42,91520
pre,465,1079,1079,0,0,12.1,41,91520
pre,465,1079,1079,0,0,12.1,41,91520
pre,466,1079,1079,0,0,12.1,42,91520
pre,466,1079,1079,0,0,12.1,42,91520
pre,467,1079,1079,0,0,12.1,42,91520
pre,467,1079,1079,0,0,12.1,42,91520
pre,468,1079,1079,0,0,12.1,42,91520
pre,468,1079,1079,0,0,12.1,42,91520
pre,469,1079,1079,0,0,12.1,42,91520
pre,469,1079,1079,0,0,12.1,42,91520
pre,470,1079,1079,0,0,12.1,42,91520
pre,470,1079,1079,0,0,12.1,42,91520
pre,471,1079,1079,0,0,12.1,42,91520
pre,471,1079,1079,0,0,12.1,42,91520
pre,472,1079,1079,0,0,12.1,42,91520
pre,472,1079,1079,0,0,12.1,42,91520
pre,473,1079,1079,0,0,12.1,42,91520
pre,473,1079,1079,0,0,12.1,42,91520
pre,474,1079,1079,0,0,12.1,41,91520
pre,474,1079,1079,0,0,12.1,41,91520
pre,475,1079,1079,0,0,12.1,42,91520
pre,475,1079,1079,0,0,12.1,42,91520
pre,475,1079,1079,0,0,12.1,42,91520
pre,476,1079,1079,0,0,12.1,42,91520
pre,476,1079,1079,0,0,12.1,42,91520
pre,477,1079,1079,0,0,12.1,42,91520
pre,477,1079,1079,0,0,12.1,42,91520
pre,478,1079,1079,0,0,12.1,42,91520
pre,478,1079,1079,0,0,12.1,42,91520
pre,479,1079,1079,0,0,12.1,42,91520
pre,479,1079,1079,0,0,12.1,42,91520
pre,480,1079,1079,0,0,12.1,42,91520
pre,480,1079,1079,0,0,12.1,42,91520
pre,481,1079,1079,0,0,12.1,42,91520
pre,481,1079,1079,0,0,12.1,42,91520
pre,482,1079,1079,0,0,12.1,42,91520
pre,482,1079,1079,0,0,12.1,42,91520
pre,483,1079,1079,0,0,12.1,42,91520
pre,483,1079,1079,0,0,12.1,42,91520
pre,484,1079,1079,0,0,12.1,42,91520
pre,484,1079,1079,0,0,12.1,42,91520
pre,485,1079,1079,0,0,12.1,42,91520
pre,485,1079,1079,0,0,12.1,42,91520
pre,486,1079,1079,0,0,12.1,42,91520
pre,486,1079,1079,0,0,12.1,42,91520
pre,487,1079,1079,0,0,12.1,42,91520
pre,487,1079,1079,0,0,12.1,42,91520
pre,488,1079,1079,0,0,12.1,41,91520
pre,488,1079,1079,0,0,12.1,41,91520
pre,489,1079,1079,0,0,12.1,41,91520
pre,489,1079,1079,0,0,12.1,41,91520
pre,490,1079,1079,0,0,12.1,42,91520
pre,490,1079,1079,0,0,12.1,42,91520
pre,491,1079,1079,0,0,12.1,42,91520
pre,491,1079,1079,0,0,12.1,42,91520
pre,492,1079,1079,0,0,12.1,42,91520
pre,492,1079,1079,0,0,12.1,42,91520
pre,493,1079,1079,0,0,12.1,41,91520
pre,493,1079,1079,0,0,12.1,41,91520
pre,494,1079,1079,0,0,12.1,42,91520
pre,494,1079,1079,0,0,12.1,42,91520
pre,495,1079,1079,0,0,12.1,42,91520
pre,495,1079,1079,0,0,12.1,42,91520
pre,496,1079,1079,0,0,12.1,42,91520
pre,496,1079,1079,0,0,12.1,42,91520
pre,497,1079,1079,0,0,12.1,42,91520
pre,497,1079,1079,0,0,12.1,42,91520
pre,498,1079,1079,0,0,12.1,42,91520
pre,498,1079,1079,0,0,12.1,42,91520
pre,499,1079,1079,0,0,12.1,42,91520
pre,499,1079,1079,0,0,12.1,42,91520
pre,500,1079,1079,0,0,12.1,42,91520
up,0,1279,1079,0,0,12.1,41,91533
up,25,1279,1079,0,1034,12.1,42,93197
up,25,1279,1079,0,1034,12.1,42,93197
up,26,1279,1079,0,1034,12.1,42,93197
up,26,1279,1079,0,1034,12.1,42,93197
up,27,1279,1079,0,1034,12.1,42,93197
up,27,1279,1079,0,1034,12.1,42,93197
up,28,1279,1079,0,1034,12.1,42,94861
up,28,1279,1079,0,1034,12.1,42,94861
up,29,1279,1079,0,1034,12.1,42,94861
up,30,1279,1079,0,1034,12.1,42,94861
up,30,1279,1079,0,1034,12.1,42,94861
up,30,1279,1079,0,1034,12.1,42,94861
up,31,1279,1079,0,1034,12.1,42,94861
up,32,1279,1079,0,1034,12.1,42,94861
up,32,1279,1079,0,1034,12.1,42,94861
up,33,1279,1079,0,1034,12.1,42,94861
up,33,1279,1079,0,1034,12.1,41,94861
up,34,1279,1079,0,1034,12.1,41,94861
up,34,1279,1079,0,1034,12.1,42,94861
up,35,1279,1079,0,1034,12.1,42,94861
up,35,1279,1079,0,1034,12.1,41,94861
up,36,1279,1079,0,1034,12.1,41,94861
up,36,1279,1079,0,1034,12.1,42,94861
up,37,1279,1079,0,1034,12.1,42,94861
up,37,1279,1079,0,1034,12.1,42,94861
up,38,1279,1079,0,1034,12.1,42,94861
up,38,1279,1079,0,1034,12.1,42,94861
up,39,1279,1079,0,1034,12.1,42,94861
up,39,1279,1079,0,1034,12.1,41,94861
up,40,1279,1079,0,1034,12.1,41,94861
up,40,1279,1079,0,1034,12.1,42,94861
up,41,1279,1079,0,1034,12.1,42,94861
up,41,1279,1079,0,1034,12.1,41,94861
up,42,1279,1079,0,1034,12.1,41,94861
up,42,1279,1079,0,1034,12.1,42,94861
up,43,1279,1079,0,1034,12.1,42,94861
up,43,1279,1079,0,1034,12.1,42,94861
up,44,1279,1079,0,1034,12.1,42,94861
up,44,1279,1079,0,1034,12.1,42,94861
up,45,1279,1079,0,1034,12.1,42,94861
up,45,1279,1079,0,1034,12.1,42,94861
up,46,1279,1079,0,1034,12.1,42,94861
up,46,1279,1079,0,1034,12.1,42,94861
up,46,1279,1079,0,1034,12.1,42,94861
up,47,1279,1079,0,1034,12.1,42,94861
up,47,1279,1079,0,1034,12.1,42,94861
up,48,1279,1079,0,1034,12.1,42,94861
up,48,1279,1079,0,1034,12.1,42,94861
up,49,1279,1079,0,1034,12.1,42,94861
up,49,1279,1079,0,1034,12.1,42,94861
up,50,1279,1079,0,1034,12.1,42,94861
up,50,1279,1079,0,1034,12.1,42,94861
up,51,1279,1079,0,1034,12.1,42,94861
up,51,1279,1079,0,1034,12.1,42,94861
up,52,1279,1079,0,1034,12.1,42,94861
up,52,1279,1079,0,1034,12.1,42,94861
up,53,1279,1079,0,1034,12.1,42,94861
up,53,1279,1079,0,1034,12.1,42,94861
up,54,1279,1079,0,1034,12.1,42,94861
up,54,1279,1079,0,1034,12.1,42,94861
up,55,1279,1079,0,1034,12.2,42,94861
up,55,1279,1079,0,1034,12.2,42,94861
up,56,1279,1079,0,1034,12.2,42,94861
up,56,1279,1079,0,1034,12.2,42,94861
up,57,1279,1079,0,1034,12.2,42,94861
up,57,1279,1079,0,1034,12.1,42,94861
up,58,1279,1079,0,1034,12.1,42,94861
up,58,1279,1079,0,1034,12.1,42,94861
up,58,1279,1079,0,1034,12.1,42,94861
up,59,1279,1079,0,1034,12.1,42,94861
up,59,1279,1079,0,1034,12.1,42,94861
up,60,1279,1079,0,1034,12.2,42,94861
up,60,1279,1079,0,1034,12.2,42,94861
up,61,1279,1079,0,1034,12.1,42,94861
up,61,1279,1079,0,1034,12.1,42,94861
up,62,1279,1079,0,1034,12.1,42,94861
up,62,1279,1079,0,1034,12.1,42,94861
up,63,1279,1079,0,1034,12.1,42,94861
up,63,1279,1079,0,1034,12.1,42,94861
up,63,1279,1079,0,1034,12.1,42,94861
up,64,1279,1079,0,1034,12.1,42,94861
up,64,1279,1079,0,1034,12.1,42,94861
up,65,1279,1079,0,1034,12.1,42,94861
up,65,1279,1079,0,1034,12.1,42,94861
up,66,1279,1079,0,1034,12.1,42,94861
up,66,1279,1079,0,1034,12.1,42,94861
up,67,1279,1079,0,1034,12.1,42,94861
up,67,1279,1079,0,1034,12.1,42,94861
up,68,1279,1079,0,1034,12.1,41,94861
up,68,1279,1079,0,1034,12.1,41,94861
up,69,1279,1079,0,1034,12.1,42,94861
up,69,1279,1079,0,1034,12.1,42,94861
up,70,1279,1079,0,1034,12.2,42,94861
up,70,1279,1079,0,1034,12.2,42,94861
up,71,1279,1079,0,1034,12.1,42,94861
up,71,1279,1079,0,1034,12.1,42,94861
up,72,1279,1079,0,1034,12.1,42,94861
up,72,1279,1079,0,1034,12.1,42,94861
up,73,1279,1079,0,1034,12.1,42,94861
up,73,1279,1079,0,1034,12.1,42,94861
up,74,1279,1079,0,1034,12.2,42,94861
up,74,1279,1079,0,1034,12.2,42,94861
up,75,1279,1079,0,1034,12.2,42,94861
up,75,1279,1079,0,1034,12.2,42,94861
up,76,1279,1079,0,1034,12.1,42,94861
up,76,1279,1079,0,1034,12.1,42,94861
up,77,1279,1079,0,1034,12.1,42,94861
up,77,1279,1079,0,1034,12.1,42,94861
up,78,1279,1079,0,1034,12.1,42,94861
up,78,1279,1079,0,1034,12.1,42,94861
up,79,1279,1079,0,1034,12.1,41,94861
up,79,1279,1079,0,1034,12.1,41,94861
up,80,1279,1079,0,1034,12.2,42,94861
up,80,1279,1079,0,1034,12.2,42,94861
up,81,1279,1079,0,1034,12.2,42,94861
up,82,1279,1079,0,1034,12.1,42,94861
up,83,1279,1079,0,1034,12.1,42,94861
up,83,1279,1079,0,1034,12.1,42,94861
up,84,1279,1079,0,1034,12.1,42,94861
up,84,1279,1079,0,1034,12.1,42,94861
up,85,1279,1079,0,1034,12.1,42,94861
up,85,1279,1079,0,1034,12.1,42,94861
up,86,1279,1079,0,1034,12.1,42,94861
up,86,1279,1079,0,1034,12.1,42,94861
up,87,1279,1079,0,1034,12.1,42,94861
up,87,1279,1079,0,1034,12.1,42,94861
up,88,1279,1079,0,1034,12.1,42,94861
up,88,1279,1079,0,1034,12.1,42,94861
up,89,1279,1079,0,1034,12.1,42,94861
up,89,1279,1079,0,1034,12.1,42,94861
up,90,1279,1079,0,1034,12.1,42,94861
up,90,1279,1079,0,1034,12.1,42,94861
up,91,1279,1079,0,1034,12.1,42,94861
up,91,1279,1079,0,1034,12.1,42,94861
up,92,1279,1079,0,1034,12.1,42,94861
up,92,1279,1079,0,1034,12.1,42,94861
up,93,1279,1079,0,1034,12.1,42,94861
up,93,1279,1079,0,1034,12.1,42,94861
up,94,1279,1079,0,1034,12.1,42,94861
up,94,1279,1079,0,1034,12.1,42,94861
up,95,1279,1079,0,1034,12.1,42,94861
up,95,1279,1079,0,1034,12.1,42,94861
up,96,1279,1079,0,1034,12.2,42,94861
up,96,1279,1079,0,1034,12.2,42,94861
up,97,1279,1079,0,1034,12.1,42,94861
up,97,1279,1079,0,1034,12.1,42,94861
up,98,1279,1079,0,1034,12.1,42,94861
up,98,1279,1079,0,1034,12.1,42,94861
up,99,1279,1079,0,1034,12.2,42,94861
up,99,1279,1079,0,1034,12.2,42,94861
up,100,1279,1079,0,1034,12.2,42,94861
up,100,1279,1079,0,1034,12.2,42,94861
up,101,1279,1079,0,1034,12.2,42,94861
up,101,1279,1079,0,1034,12.2,42,94861
up,102,1279,1079,0,1034,12.2,42,94861
up,102,1279,1079,0,1034,12.2,42,94861
up,103,1279,1079,0,1034,12.1,42,94861
up,103,1279,1079,0,1034,12.1,42,94861
up,104,1279,1079,0,1034,12.1,42,94861
up,104,1279,1079,0,1034,12.1,42,94861
up,105,1279,1079,0,1034,12.2,42,94861
up,105,1279,1079,0,1034,12.2,42,94861
up,106,1279,1079,0,1034,12.1,42,94861
up,106,1279,1079,0,1034,12.1,42,94861
up,107,1279,1079,0,1034,12.1,42,94861
up,107,1279,1079,0,1034,12.1,42,94861
up,108,1279,1079,0,1034,12.1,42,94861
up,108,1279,1079,0,1034,12.1,42,94861
up,109,1279,1079,0,1034,12.1,42,94861
up,109,1279,1079,0,1034,12.1,42,94861
up,110,1279,1079,0,1034,12.2,42,94861
up,110,1279,1079,0,1034,12.2,42,94861
up,111,1279,1079,0,1034,12.1,42,94861
up,111,1279,1079,0,1034,12.1,42,94861
up,111,1279,1079,0,1034,12.1,42,94861
up,112,1279,1079,0,1034,12.1,42,94861
up,112,1279,1079,0,1034,12.1,42,94861
up,113,1279,1079,0,1034,12.1,42,94861
up,113,1279,1079,0,1034,12.1,42,94861
up,114,1279,1079,0,1034,12.1,42,94861
up,114,1279,1079,0,1034,12.1,42,94861
up,115,1279,1079,0,1034,12.1,42,94861
up,115,1279,1079,0,1034,12.1,42,94861
up,116,1279,1079,0,1034,12.1,42,94861
up,117,1279,1079,0,1034,12.1,47,94861
up,117,1279,1079,0,1034,12.1,47,94861
up,118,1279,1079,0,1034,12.1,42,94861
up,118,1279,1079,0,1034,12.1,42,94861
up,119,1279,1079,0,1034,12.2,41,94861
up,119,1279,1079,0,1034,12.2,41,94861
up,120,1279,1079,0,1034,12.1,42,94861
up,120,1279,1079,0,1034,12.1,42,94861
up,121,1279,1079,0,1034,12.1,42,94861
up,121,1279,1079,0,1034,12.1,42,94861
up,122,1279,1079,0,1034,12.1,42,94861
up,122,1279,1079,0,1034,12.1,42,94861
up,122,1279,1079,0,1034,12.1,42,94861
up,123,1279,1079,0,1034,12.1,42,94861
up,123,1279,1079,0,1034,12.1,42,94861
up,124,1279,1079,0,1034,12.1,42,94861
up,124,1279,1079,0,1034,12.1,42,94861
up,125,1279,1079,0,1034,12.1,42,94861
up,125,1279,1079,0,1034,12.1,42,94861
up,126,1279,1079,0,1034,12.2,42,94861
up,126,1279,1079,0,1034,12.2,42,94861
up,127,1279,1079,0,1034,12.1,42,94861
up,127,1279,1079,0,1034,12.1,42,94861
up,128,1279,1079,0,1034,12.1,42,94861
up,128,1279,1079,0,1034,12.1,42,94861
up,129,1279,1079,0,1034,12.1,42,94861
up,129,1279,1079,0,1034,12.1,42,94861
up,130,1279,1079,0,1034,12.1,42,94861
up,130,1279,1079,0,1034,12.1,42,94861
up,131,1279,1079,0,1034,12.1,42,94861
up,131,1279,1079,0,1034,12.1,42,94861
up,132,1279,1079,0,1034,12.1,42,94861
up,132,1279,1079,0,1034,12.1,42,94861
up,133,1279,1079,0,1034,12.1,42,94861
up,133,1279,1079,0,1034,12.1,42,94861
up,134,1279,1079,0,1034,12.1,41,94861
up,134,1279,1079,0,1034,12.1,41,94861
up,135,1279,1079,0,1034,12.2,42,94861
up,135,1279,1079,0,1034,12.2,42,94861
up,136,1279,1079,0,1034,12.2,42,94861
up,136,1279,1079,0,1034,12.2,42,94861
up,137,1279,1079,0,1034,12.1,42,94861
up,137,1279,1079,0,1034,12.1,42,94861
up,138,1279,1079,0,1034,12.1,42,94861
up,138,1279,1079,0,1034,12.1,42,94861
up,139,1279,1079,0,1034,12.1,42,94861
up,139,1279,1079,0,1034,12.1,42,94861
up,140,1279,1079,0,1034,12.1,41,94861
up,140,1279,1079,0,1034,12.1,41,94861
up,140,1279,1079,0,1034,12.1,42,94861
up,141,1279,1079,0,1034,12.1,42,94861
up,141,1279,1079,0,1034,12.2,42,94861
up,142,1279,1079,0,1034,12.2,42,94861
up,142,1279,1079,0,1034,12.2,42,94861
up,143,1279,1079,0,1034,12.2,42,94861
up,143,1279,1079,0,1034,12.2,42,94861
up,144,1279,1079,0,1034,12.2,42,94861
up,144,1279,1079,0,1034,12.1,42,94861
up,145,1279,1079,0,1034,12.1,42,94861
up,145,1279,1079,0,1034,12.1,42,94861
up,146,1279,1079,0,1034,12.1,42,94861
up,146,1279,1079,0,1034,12.1,42,94861
up,147,1279,1079,0,1034,12.2,42,94861
up,147,1279,1079,0,1034,12.2,42,94861
up,148,1279,1079,0,1034,12.1,42,94861
up,148,1279,1079,0,1034,12.1,42,94861
up,149,1279,1079,0,1034,12.1,42,94861
up,149,1279,1079,0,1034,12.1,42,94861
up,150,1279,1079,0,1034,12.1,42,94861
up,150,1279,1079,0,1034,12.1,42,94861
up,151,1279,1079,0,1034,12.1,42,94861
up,151,1279,1079,0,1034,12.1,42,94861
up,152,1279,1079,0,1034,12.1,41,94861
up,152,1279,1079,0,1034,12.1,41,94861
up,153,1279,1079,0,1034,12.1,42,94861
up,153,1279,1079,0,1034,12.1,42,94861
up,154,1279,1079,0,1034,12.2,42,94861
up,154,1279,1079,0,1034,12.2,42,94861
up,155,1279,1079,0,1034,12.2,42,94861
up,155,1279,1079,0,1034,12.2,42,94861
up,156,1279,1079,0,1034,12.2,42,94861
up,156,1279,1079,0,1034,12.2,42,94861
up,157,1279,1079,0,1034,12.2,42,94861
up,157,1279,1079,0,1034,12.2,42,94861
up,158,1279,1079,0,1034,12.1,42,94861
up,158,1279,1079,0,1034,12.1,42,94861
up,159,1279,1079,0,1034,12.1,42,94861
up,159,1279,1079,0,1034,12.1,42,94861
up,160,1279,1079,0,1034,12.1,42,94861
up,161,1279,1079,0,1034,12.1,41,94861
up,161,1279,1079,0,1034,12.1,41,94861
up,162,1279,1079,0,1034,12.1,42,94861
up,162,1279,1079,0,1034,12.1,42,94861
up,163,1279,1079,0,1034,12.1,42,94861
up,163,1279,1079,0,1034,12.1,42,94861
up,164,1279,1079,0,1034,12.1,42,94861
up,164,1279,1079,0,1034,12.1,42,94861
up,165,1279,1079,0,1034,12.1,42,94861
up,165,1279,1079,0,1034,12.1,42,94861
up,166,1279,1079,0,1034,12.1,42,94861
up,166,1279,1079,0,1034,12.1,42,94861
up,167,1279,1079,0,1034,12.1,42,94861
up,167,1279,1079,0,1034,12.1,42,94861
up,168,1279,1079,0,1034,12.2,42,94861
up,168,1279,1079,0,1034,12.2,42,94861
up,169,1279,1079,0,1034,12.1,42,94861
up,169,1279,1079,0,1034,12.1,42,94861
up,170,1279,1079,0,1034,12.1,42,94861
up,170,1279,1079,0,1034,12.1,42,94861
up,171,1279,1079,0,1034,12.1,42,94861
up,171,1279,1079,0,1034,12.1,42,94861
up,172,1279,1079,0,1034,12.1,42,94861
up,172,1279,1079,0,1034,12.1,42,94861
up,173,1279,1079,0,1034,12.1,42,94861
up,173,1279,1079,0,1034,12.1,42,94861
up,174,1279,1079,0,1034,12.1,42,94861
up,174,1279,1079,0,1034,12.1,42,94861
up,175,1279,1079,0,1034,12.1,42,94861
up,175,1279,1079,0,1034,12.1,42,94861
up,176,1279,1079,0,1034,12.1,42,94861
up,176,1279,1079,0,1034,12.1,42,94861
up,177,1279,1079,0,1034,12.1,42,94861
up,177,1279,1079,0,1034,12.1,42,94861
up,178,1279,1079,0,1034,12.1,42,94861
up,178,1279,1079,0,1034,12.1,42,94861
up,179,1279,1079,0,1034,12.1,42,94861
up,179,1279,1079,0,1034,12.1,42,94861
up,180,1279,1079,0,1034,12.1,42,94861
up,180,1279,1079,0,1034,12.1,42,94861
up,181,1279,1079,0,1034,12.1,42,94861
up,181,1279,1079,0,1034,12.2,42,94861
up,182,1279,1079,0,1034,12.2,42,94861
up,182,1279,1079,0,1034,12.1,42,94861
up,183,1279,1079,0,1034,12.1,42,94861
up,183,1279,1079,0,1034,12.1,42,94861
up,184,1279,1079,0,1034,12.1,42,94861
up,184,1279,1079,0,1034,12.1,42,94861
up,185,1279,1079,0,1034,12.1,42,94861
up,185,1279,1079,0,1034,12.1,42,94861
up,186,1279,1079,0,1034,12.1,42,94861
up,186,1279,1079,0,1034,12.1,42,94861
up,187,1279,1079,0,1034,12.1,42,94861
up,187,1279,1079,0,1034,12.1,42,94861
up,188,1279,1079,0,1034,12.1,42,94861
up,188,1279,1079,0,1034,12.2,42,94861
up,189,1279,1079,0,1034,12.2,42,94861
up,189,1279,1079,0,1034,12.2,42,94861
up,190,1279,1079,0,1034,12.2,42,94861
up,190,1279,1079,0,1034,12.2,42,94861
up,191,1279,1079,0,1034,12.2,42,94861
up,191,1279,1079,0,1034,12.1,42,94861
up,192,1279,1079,0,1034,12.1,42,94861
up,192,1279,1079,0,1034,12.2,42,94861
up,193,1279,1079,0,1034,12.2,42,94861
up,193,1279,1079,0,1034,12.1,42,94861
up,194,1279,1079,0,1034,12.1,42,94861
up,194,1279,1079,0,1034,12.1,41,94861
up,195,1279,1079,0,1034,12.1,41,94861
up,195,1279,1079,0,1034,12.1,41,94861
up,196,1279,1079,0,1034,12.1,41,94861
up,196,1279,1079,0,1034,12.1,41,94861
up,197,1279,1079,0,1034,12.1,41,94861
up,197,1279,1079,0,1034,12.1,42,94861
up,198,1279,1079,0,1034,12.1,42,94861
up,198,1279,1079,0,1034,12.1,41,94861
up,199,1279,1079,0,1034,12.1,41,94861
up,199,1279,1079,0,1034,12.1,42,94861
up,200,1279,1079,0,1034,12.1,42,94861
up,200,1279,1079,0,1034,12.1,42,94861
up,201,1279,1079,0,1034,12.1,42,94861
up,201,1279,1079,0,1034,12.1,42,94861
up,202,1279,1079,0,1034,12.1,42,94861
up,202,1279,1079,0,1034,12.1,42,94861
up,203,1279,1079,0,1034,12.1,42,94861
up,203,1279,1079,0,1034,12.1,42,94861
up,204,1279,1079,0,1034,12.1,42,94861
up,204,1279,1079,0,1034,12.1,42,94861
up,205,1279,1079,0,1034,12.1,42,94861
up,205,1279,1079,0,1034,12.1,42,94861
up,206,1279,1079,0,1034,12.1,42,94861
up,206,1279,1079,0,1034,12.1,42,94861
up,207,1279,1079,0,1034,12.1,42,94861
up,207,1279,1079,0,1034,12.2,42,94861
up,208,1279,1079,0,1034,12.2,42,94861
up,208,1279,1079,0,1034,12.2,42,94861
up,209,1279,1079,0,1034,12.2,42,94861
up,209,1279,1079,0,1034,12.2,42,94861
up,210,1279,1079,0,1034,12.2,42,94861
up,210,1279,1079,0,1034,12.2,42,94861
up,211,1279,1079,0,1034,12.2,42,94861
up,211,1279,1079,0,1034,12.1,42,94861
up,212,1279,1079,0,1034,12.1,42,94861
up,212,1279,1079,0,1034,12.1,42,94861
up,213,1279,1079,0,1034,12.1,42,94861
up,213,1279,1079,0,1034,12.1,42,94861
up,214,1279,1079,0,1034,12.1,42,94861
up,214,1279,1079,0,1034,12.1,42,94861
up,215,1279,1079,0,1034,12.1,42,94861
up,215,1279,1079,0,1034,12.1,42,94861
up,216,1279,1079,0,1034,12.1,42,94861
up,216,1279,1079,0,1034,12.1,42,94861
up,217,1279,1079,0,1034,12.1,42,94861
up,217,1279,1079,0,1034,12.1,42,94861
up,218,1279,1079,0,1034,12.1,42,94861
up,218,1279,1079,0,1034,12.1,42,94861
up,219,1279,1079,0,1034,12.1,42,94861
up,219,1279,1079,0,1034,12.2,42,94861
up,220,1279,1079,0,1034,12.2,42,94861
up,220,1279,1079,0,1034,12.2,42,94861
up,221,1279,1079,0,1034,12.2,42,94861
up,221,1279,1079,0,1034,12.1,42,94861
up,222,1279,1079,0,1034,12.1,42,94861
up,222,1279,1079,0,1034,12.1,42,94861
up,223,1279,1079,0,1034,12.1,42,94861
up,223,1279,1079,0,1034,12.2,42,94861
up,224,1279,1079,0,1034,12.2,42,94861
up,224,1279,1079,0,1034,12.1,42,94861
up,225,1279,1079,0,1034,12.1,42,94861
up,225,1279,1079,0,1034,12.1,42,94861
up,226,1279,1079,0,1034,12.1,42,94861
up,226,1279,1079,0,1034,12.1,42,94861
up,227,1279,1079,0,1034,12.1,42,94861
up,227,1279,1079,0,1034,12.1,42,94861
up,228,1279,1079,0,1034,12.1,42,94861
up,228,1279,1079,0,1034,12.1,42,94861
up,229,1279,1079,0,1034,12.1,42,94861
up,229,1279,1079,0,1034,12.1,41,94861
up,230,1279,1079,0,1034,12.1,41,94861
up,230,1279,1079,0,1034,12.1,41,94861
up,231,1279,1079,0,1034,12.1,41,94861
up,231,1279,1079,0,1034,12.2,41,94861
up,232,1279,1079,0,1034,12.2,41,94861
up,232,1279,1079,0,1034,12.1,42,94861
up,233,1279,1079,0,1034,12.1,42,94861
up,233,1279,1079,0,1034,12.1,42,94861
up,234,1279,1079,0,1034,12.1,42,94861
up,234,1279,1079,0,1034,12.2,42,94861
up,235,1279,1079,0,1034,12.2,42,94861
up,235,1279,1079,0,1034,12.1,42,94861
up,236,1279,1079,0,1034,12.1,42,94861
up,236,1279,1079,0,1034,12.1,42,94861
up,237,1279,1079,0,1034,12.1,42,94861
up,237,1279,1079,0,1034,12.1,42,94861
up,238,1279,1079,0,1034,12.1,42,94861
up,238,1279,1079,0,1034,12.1,42,94861
up,239,1279,1079,0,1034,12.1,42,94861
up,239,1279,1079,0,1034,12.1,41,94861
up,240,1279,1079,0,1034,12.1,41,94861
up,240,1279,1079,0,1034,12.1,41,94861
up,241,1279,1079,0,1034,12.1,41,94861
up,241,1279,1079,0,1034,12.1,42,94861
up,242,1279,1079,0,1034,12.1,42,94861
up,242,1279,1079,0,1034,12.1,42,94861
up,243,1279,1079,0,1034,12.1,42,94861
up,243,1279,1079,0,1034,12.1,42,94861
up,244,1279,1079,0,1034,12.1,42,94861
up,244,1279,1079,0,1034,12.0,42,94861
up,245,1279,1079,0,1034,12.0,42,94861
up,245,1279,1079,0,1034,12.1,41,94861
up,246,1279,1079,0,1034,12.1,41,94861
up,246,1279,1079,0,1034,12.2,42,94861
up,247,1279,1079,0,1034,12.2,42,94861
up,247,1279,1079,0,1034,12.1,42,94861
up,248,1279,1079,0,1034,12.1,42,94861
up,248,1279,1079,0,1034,12.1,42,94861
up,249,1279,1079,0,1034,12.1,42,94861
up,249,1279,1079,0,1034,12.1,42,94861
up,250,1279,1079,0,1034,12.1,42,94861
up,250,1279,1079,0,1034,12.1,42,94861
up,251,1279,1079,0,1034,12.1,42,94861
up,251,1279,1079,0,1034,12.1,42,94861
up,252,1279,1079,0,1034,12.1,42,94861
up,252,1279,1079,0,1034,12.1,42,94861
up,253,1279,1079,0,1034,12.1,42,94861
up,253,1279,1079,0,1034,12.2,42,94861
up,254,1279,1079,0,1034,12.2,42,94861
up,254,1279,1079,0,1034,12.1,42,94861
up,255,1279,1079,0,1034,12.1,42,94861
up,255,1279,1079,0,1034,12.1,42,94861
up,256,1279,1079,0,1034,12.1,42,94861
up,256,1279,1079,0,1034,12.1,42,94861
up,257,1279,1079,0,1034,12.1,42,94861
up,257,1279,1079,0,1034,12.2,42,94861
up,258,1279,1079,0,1034,12.2,42,94861
up,258,1279,1079,0,1034,12.1,42,94861
up,259,1279,1079,0,1034,12.1,42,94861
up,259,1279,1079,0,1034,12.1,42,94861
up,260,1279,1079,0,1034,12.1,42,94861
up,260,1279,1079,0,1034,12.1,42,94861
up,261,1279,1079,0,1034,12.1,42,94861
up,261,1279,1079,0,1034,12.1,41,94861
up,262,1279,1079,0,1034,12.1,41,94861
up,262,1279,1079,0,1034,12.1,42,94861
up,263,1279,1079,0,1034,12.1,42,94861
up,263,1279,1079,0,1034,12.1,42,94861
up,263,1279,1079,0,1034,12.1,42,94861
up,264,1279,1079,0,1034,12.1,42,94861
up,264,1279,1079,0,1034,12.1,42,94861
up,265,1279,1079,0,1034,12.1,42,94861
up,265,1279,1079,0,1034,12.1,42,94861
up,266,1279,1079,0,1034,12.1,42,94861
up,266,1279,1079,0,1034,12.1,42,94861
up,267,1279,1079,0,1034,12.1,42,94861
up,268,1279,1079,0,1034,12.1,42,94861
up,268,1279,1079,0,1034,12.1,42,94861
up,269,1279,1079,0,1034,12.1,42,94861
up,269,1279,1079,0,1034,12.2,42,94861
up,270,1279,1079,0,1034,12.2,42,94861
up,270,1279,1079,0,1034,12.1,42,94861
up,271,1279,1079,0,1034,12.1,42,94861
up,271,1279,1079,0,1034,12.2,42,94861
up,272,1279,1079,0,1034,12.2,42,94861
up,272,1279,1079,0,1034,12.1,42,94861
up,272,1279,1079,0,1034,12.1,42,94861
up,273,1279,1079,0,1034,12.1,42,94861
up,273,1279,1079,0,1034,12.1,42,94861
up,274,1279,1079,0,1034,12.1,42,94861
up,274,1279,1079,0,1034,12.1,42,94861
up,275,1279,1079,0,1034,12.1,42,94861
up,275,1279,1079,0,1034,12.1,42,94861
up,276,1279,1079,0,1034,12.1,42,94861
up,276,1279,1079,0,1034,12.1,41,94861
up,277,1279,1079,0,1034,12.1,41,94861
up,277,1279,1079,0,1034,12.1,42,94861
up,278,1279,1079,0,1034,12.1,42,94861
up,278,1279,1079,0,1034,12.1,42,94861
up,279,1279,1079,0,1034,12.1,42,94861
up,279,1279,1079,0,1034,12.2,42,94861
up,280,1279,1079,0,1034,12.2,42,94861
up,280,1279,1079,0,1034,12.1,42,94861
up,281,1279,1079,0,1034,12.1,42,94861
up,281,1279,1079,0,1034,12.1,42,94861
up,282,1279,1079,0,1034,12.1,42,94861
up,282,1279,1079,0,1034,12.1,42,94861
up,283,1279,1079,0,1034,12.1,42,94861
up,284,1279,1079,0,1034,12.1,42,94861
up,284,1279,1079,0,1034,12.1,41,94861
up,285,1279,1079,0,1034,12.1,41,94861
up,285,1279,1079,0,1034,12.1,42,94861
up,286,1279,1079,0,1034,12.1,42,94861
up,286,1279,1079,0,1034,12.2,42,94861
up,287,1279,1079,0,1034,12.2,42,94861
up,287,1279,1079,0,1034,12.1,42,94861
up,288,1279,1079,0,1034,12.1,42,94861
up,288,1279,1079,0,1034,12.1,42,94861
up,289,1279,1079,0,1034,12.1,42,94861
up,289,1279,1079,0,1034,12.1,42,94861
up,289,1279,1079,0,1034,12.1,42,94861
up,290,1279,1079,0,1034,12.1,42,94861
up,290,1279,1079,0,1034,12.1,42,94861
up,291,1279,1079,0,1034,12.2,42,94861
up,291,1279,1079,0,1034,12.2,42,94861
up,292,1279,1079,0,1034,12.2,42,94861
up,292,1279,1079,0,1034,12.2,42,94861
up,293,1279,1079,0,1034,12.1,41,94861
up,293,1279,1079,0,1034,12.1,41,94861
up,294,1279,1079,0,1034,12.1,42,94861
up,294,1279,1079,0,1034,12.1,42,94861
up,295,1279,1079,0,1034,12.1,42,94861
up,295,1279,1079,0,1034,12.1,42,94861
up,296,1279,1079,0,1034,12.1,42,94861
up,296,1279,1079,0,1034,12.1,42,94861
up,297,1279,1079,0,1034,12.1,42,94861
up,297,1279,1079,0,1034,12.2,42,94861
up,298,1279,1079,0,1034,12.2,42,94861
up,298,1279,1079,0,1034,12.2,42,94861
up,299,1279,1079,0,1034,12.2,42,94861
up,299,1279,1079,0,1034,12.1,42,94861
up,300,1279,1079,0,1034,12.1,41,94861
up,300,1279,1079,0,1034,12.1,41,94861
up,301,1279,1079,0,1034,12.1,41,94861
up,301,1279,1079,0,1034,12.1,42,94861
up,302,1279,1079,0,1034,12.1,42,94861
up,302,1279,1079,0,1034,12.1,42,94861
up,303,1279,1079,0,1034,12.1,42,94861
up,303,1279,1079,0,1034,12.1,42,94861
up,304,1279,1079,0,1034,12.1,42,94861
up,304,1279,1079,0,1034,12.1,42,94861
up,305,1279,1079,0,1034,12.1,42,94861
up,305,1279,1079,0,1034,12.1,42,94861
up,306,1279,1079,0,1034,12.1,42,94861
up,306,1279,1079,0,1034,12.1,42,94861
up,307,1279,1079,0,1034,12.1,41,94861
up,307,1279,1079,0,1034,12.1,41,94861
up,308,1279,1079,0,1034,12.1,41,94861
up,308,1279,1079,0,1034,12.1,42,94861
up,309,1279,1079,0,1034,12.1,42,94861
up,309,1279,1079,0,1034,12.1,42,94861
up,310,1279,1079,0,1034,12.2,42,94861
up,310,1279,1079,0,1034,12.2,42,94861
up,311,1279,1079,0,1034,12.2,42,94861
up,311,1279,1079,0,1034,12.2,42,94861
up,312,1279,1079,0,1034,12.1,42,94861
up,312,1279,1079,0,1034,12.1,42,94861
up,313,1279,1079,0,1034,12.1,42,94861
up,313,1279,1079,0,1034,12.1,42,94861
up,314,1279,1079,0,1034,12.1,42,94861
up,314,1279,1079,0,1034,12.1,41,94861
up,314,1279,1079,0,1034,12.1,41,94861
up,315,1279,1079,0,1034,12.1,42,94861
up,315,1279,1079,0,1034,12.1,42,94861
up,316,1279,1079,0,1034,12.1,42,94861
up,316,1279,1079,0,1034,12.1,42,94861
up,317,1279,1079,0,1034,12.1,42,94861
up,317,1279,1079,0,1034,12.1,42,94861
up,318,1279,1079,0,1034,12.2,42,94861
up,318,1279,1079,0,1034,12.2,42,94861
up,319,1279,1079,0,1034,12.1,42,94861
up,319,1279,1079,0,1034,12.1,42,94861
up,320,1279,1079,0,1034,12.1,42,94861
up,320,1279,1079,0,1034,12.1,42,94861
up,321,1279,1079,0,1034,12.2,42,94861
up,321,1279,1079,0,1034,12.2,42,94861
up,322,1279,1079,0,1034,12.2,42,94861
up,322,1279,1079,0,1034,12.2,42,94861
up,323,1279,1079,0,1034,12.1,42,94861
up,323,1279,1079,0,1034,12.1,42,94861
up,324,1279,1079,0,1034,12.1,42,94861
up,324,1279,1079,0,1034,12.1,42,94861
up,325,1279,1079,0,1034,12.2,42,94861
up,325,1279,1079,0,1034,12.2,42,94861
up,326,1279,1079,0,1034,12.2,42,94861
up,326,1279,1079,0,1034,12.2,42,94861
up,327,1279,1079,0,1034,12.2,42,94861
up,327,1279,1079,0,1034,12.2,42,94861
up,328,1279,1079,0,1034,12.2,42,94861
up,328,1279,1079,0,1034,12.2,42,94861
up,329,1279,1079,0,1034,12.1,42,94861
up,329,1279,1079,0,1034,12.1,42,94861
up,330,1279,1079,0,1034,12.1,42,94861
up,330,1279,1079,0,1034,12.1,42,94861
up,331,1279,1079,0,1034,12.1,42,94861
up,331,1279,1079,0,1034,12.1,42,94861
up,332,1279,1079,0,1034,12.1,42,94861
up,333,1279,1079,0,1034,12.1,42,94861
up,333,1279,1079,0,1034,12.1,42,94861
up,334,1279,1079,0,1034,12.1,41,94861
up,334,1279,1079,0,1034,12.1,41,94861
up,335,1279,1079,0,1034,12.1,42,94861
up,335,1279,1079,0,1034,12.1,42,94861
up,336,1279,1079,0,1034,12.2,42,94861
up,336,1279,1079,0,1034,12.2,42,94861
up,337,1279,1079,0,1034,12.1,42,94861
up,337,1279,1079,0,1034,12.1,42,94861
up,338,1279,1079,0,1034,12.2,42,94861
up,338,1279,1079,0,1034,12.2,42,94861
up,339,1279,1079,0,1034,12.1,42,94861
up,339,1279,1079,0,1034,12.1,42,94861
up,340,1279,1079,0,1034,12.2,42,94861
up,340,1279,1079,0,1034,12.2,42,94861
up,341,1279,1079,0,1034,12.1,42,94861
up,341,1279,1079,0,1034,12.1,42,94861
up,342,1279,1079,0,1034,12.1,42,94861
up,342,1279,1079,0,1034,12.1,42,94861
up,343,1279,1079,0,1034,12.1,42,94861
up,343,1279,1079,0,1034,12.1,42,94861
up,344,1279,1079,0,1034,12.1,42,94861
up,344,1279,1079,0,1034,12.1,42,94861
up,345,1279,1079,0,1034,12.2,42,94861
up,345,1279,1079,0,1034,12.2,42,94861
up,346,1279,1079,0,1034,12.1,42,94861
up,346,1279,1079,0,1034,12.1,42,94861
up,347,1279,1079,0,1034,12.1,42,94861
up,347,1279,1079,0,1034,12.1,42,94861
up,348,1279,1079,0,1034,12.1,42,94861
up,348,1279,1079,0,1034,12.1,42,94861
up,349,1279,1079,0,1034,12.1,42,94861
up,349,1279,1079,0,1034,12.1,42,94861
up,350,1279,1079,0,1034,12.1,42,94861
up,350,1279,1079,0,1034,12.1,42,94861
up,351,1279,1079,0,1034,12.1,42,94861
up,351,1279,1079,0,1034,12.1,42,94861
up,352,1279,1079,0,1034,12.2,42,94861
up,352,1279,1079,0,1034,12.2,42,94861
up,353,1279,1079,0,1034,12.1,42,94861
up,353,1279,1079,0,1034,12.1,42,94861
up,354,1279,1079,0,1034,12.1,42,94861
up,354,1279,1079,0,1034,12.1,42,94861
up,355,1279,1079,0,1034,12.1,42,94861
up,355,1279,1079,0,1034,12.1,42,94861
up,356,1279,1079,0,1034,12.1,42,94861
up,356,1279,1079,0,1034,12.1,42,94861
up,357,1279,1079,0,1034,12.2,42,94861
up,357,1279,1079,0,1034,12.2,42,94861
up,358,1279,1079,0,1034,12.1,42,94861
up,358,1279,1079,0,1034,12.1,42,94861
up,359,1279,1079,0,1034,12.1,42,94861
up,359,1279,1079,0,1034,12.1,42,94861
up,360,1279,1079,0,1034,12.1,42,94861
up,360,1279,1079,0,1034,12.1,42,94861
up,361,1279,1079,0,1034,12.1,42,94861
up,361,1279,1079,0,1034,12.1,42,94861
up,362,1279,1079,0,1034,12.1,42,94861
up,362,1279,1079,0,1034,12.1,42,94861
up,363,1279,1079,0,1034,12.1,42,94861
up,363,1279,1079,0,1034,12.1,42,94861
up,364,1279,1079,0,1034,12.1,42,94861
up,364,1279,1079,0,1034,12.1,42,94861
up,365,1279,1079,0,1034,12.2,41,94861
up,365,1279,1079,0,1034,12.1,42,94861
up,366,1279,1079,0,1034,12.1,42,94861
up,366,1279,1079,0,1034,12.1,41,94861
up,367,1279,1079,0,1034,12.1,41,94861
up,367,1279,1079,0,1034,12.1,42,94861
up,368,1279,1079,0,1034,12.1,42,94861
up,368,1279,1079,0,1034,12.2,42,94861
up,369,1279,1079,0,1034,12.2,42,94861
up,369,1279,1079,0,1034,12.1,42,94861
up,370,1279,1079,0,1034,12.1,42,94861
up,370,1279,1079,0,1034,12.1,42,94861
up,371,1279,1079,0,1034,12.1,42,94861
up,371,1279,1079,0,1034,12.1,42,94861
up,372,1279,1079,0,1034,12.1,42,94861
up,372,1279,1079,0,1034,12.1,42,94861
up,373,1279,1079,0,1034,12.1,42,94861
up,373,1279,1079,0,1034,12.1,42,94861
up,374,1279,1079,0,1034,12.1,42,94861
up,374,1279,1079,0,1034,12.1,42,94861
up,375,1279,1079,0,1034,12.1,42,94861
up,375,1279,1079,0,1034,12.1,42,94861
up,376,1279,1079,0,1034,12.1,42,94861
up,376,1279,1079,0,1034,12.1,42,94861
up,377,1279,1079,0,1034,12.1,42,94861
up,377,1279,1079,0,1034,12.1,42,94861
up,378,1279,1079,0,1034,12.1,42,94861
up,378,1279,1079,0,1034,12.1,42,94861
up,379,1279,1079,0,1034,12.2,42,94861
up,379,1279,1079,0,1034,12.2,42,94861
up,380,1279,1079,0,1034,12.1,42,94861
up,380,1279,1079,0,1034,12.1,42,94861
up,381,1279,1079,0,1034,12.1,42,94861
up,381,1279,1079,0,1034,12.1,42,94861
up,382,1279,1079,0,1034,12.2,42,94861
up,382,1279,1079,0,1034,12.2,42,94861
up,383,1279,1079,0,1034,12.1,42,94861
up,383,1279,1079,0,1034,12.1,42,94861
up,384,1279,1079,0,1034,12.1,42,94861
up,384,1279,1079,0,1034,12.1,42,94861
up,385,1279,1079,0,1034,12.2,42,94861
up,385,1279,1079,0,1034,12.2,42,94861
up,386,1279,1079,0,1034,12.2,42,94861
up,386,1279,1079,0,1034,12.2,42,94861
up,387,1279,1079,0,1034,12.1,41,94861
up,387,1279,1079,0,1034,12.1,41,94861
up,388,1279,1079,0,1034,12.1,42,94861
up,388,1279,1079,0,1034,12.1,42,94861
up,389,1279,1079,0,1034,12.1,42,94861
up,389,1279,1079,0,1034,12.1,42,94861
up,389,1279,1079,0,1034,12.1,42,94861
up,390,1279,1079,0,1034,12.1,42,94861
up,390,1279,1079,0,1034,12.1,42,94861
up,391,1279,1079,0,1034,12.1,42,94861
up,391,1279,1079,0,1034,12.1,42,94861
up,392,1279,1079,0,1034,12.1,42,94861
up,392,1279,1079,0,1034,12.1,42,94861
up,393,1279,1079,0,1034,12.1,42,94861
up,393,1279,1079,0,1034,12.1,42,94861
up,394,1279,1079,0,1034,12.1,42,94861
up,394,1279,1079,0,1034,12.1,42,94861
up,395,1279,1079,0,1034,12.1,42,94861
up,395,1279,1079,0,1034,12.1,42,94861
up,396,1279,1079,0,1034,12.1,42,94861
up,396,1279,1079,0,1034,12.1,42,94861
up,397,1279,1079,0,1034,12.1,42,94861
up,397,1279,1079,0,1034,12.2,42,94861
up,398,1279,1079,0,1034,12.2,42,94861
up,398,1279,1079,0,1034,12.1,42,94861
up,399,1279,1079,0,1034,12.1,42,94861
up,399,1279,1079,0,1034,12.1,42,94861
up,400,1279,1079,0,1034,12.1,42,94861
up,400,1279,1079,0,1034,12.1,42,94861
up,401,1279,1079,0,1034,12.1,42,94861
up,401,1279,1079,0,1034,12.1,42,94861
up,402,1279,1079,0,1034,12.1,42,94861
up,402,1279,1079,0,1034,12.2,42,94861
up,403,1279,1079,0,1034,12.2,42,94861
up,403,1279,1079,0,1034,12.1,42,94861
up,404,1279,1079,0,1034,12.1,42,94861
up,404,1279,1079,0,1034,12.1,42,94861
up,405,1279,1079,0,1034,12.1,42,94861
up,405,1279,1079,0,1034,12.1,42,94861
up,406,1279,1079,0,1034,12.1,42,94861
up,406,1279,1079,0,1034,12.1,42,94861
up,407,1279,1079,0,1034,12.1,42,94861
up,407,1279,1079,0,1034,12.1,42,94861
up,408,1279,1079,0,1034,12.1,42,94861
up,408,1279,1079,0,1034,12.1,42,94861
up,409,1279,1079,0,1034,12.1,42,94861
up,409,1279,1079,0,1034,12.1,42,94861
up,410,1279,1079,0,1034,12.1,42,94861
up,410,1279,1079,0,1034,12.1,42,94861
up,411,1279,1079,0,1034,12.1,42,94861
up,411,1279,1079,0,1034,12.1,42,94861
up,412,1279,1079,0,1034,12.1,42,94861
up,412,1279,1079,0,1034,12.1,42,94861
up,413,1279,1079,0,1034,12.1,42,94861
up,413,1279,1079,0,1034,12.1,42,94861
up,414,1279,1079,0,1034,12.1,42,94861
up,414,1279,1079,0,1034,12.1,42,94861
up,415,1279,1079,0,1034,12.1,42,94861
up,415,1279,1079,0,1034,12.1,42,94861
up,416,1279,1079,0,1034,12.1,42,94861
up,416,1279,1079,0,1034,12.2,42,94861
up,417,1279,1079,0,1034,12.2,42,94861
up,417,1279,1079,0,1034,12.2,42,94861
up,418,1279,1079,0,1034,12.2,42,94861
up,418,1279,1079,0,1034,12.2,42,94861
up,419,1279,1079,0,1034,12.2,42,94861
up,419,1279,1079,0,1034,12.1,42,94861
up,420,1279,1079,0,1034,12.1,42,94861
up,420,1279,1079,0,1034,12.1,42,94861
up,421,1279,1079,0,1034,12.1,42,94861
up,421,1279,1079,0,1034,12.1,42,94861
up,422,1279,1079,0,1034,12.1,42,94861
up,422,1279,1079,0,1034,12.1,42,94861
up,423,1279,1079,0,1034,12.1,42,94861
up,423,1279,1079,0,1034,12.1,42,94861
up,424,1279,1079,0,1034,12.1,42,94861
up,424,1279,1079,0,1034,12.1,42,94861
up,425,1279,1079,0,1034,12.1,42,94861
up,425,1279,1079,0,1034,12.1,42,94861
up,426,1279,1079,0,1034,12.1,42,94861
up,426,1279,1079,0,1034,12.1,42,94861
up,427,1279,1079,0,1034,12.1,42,94861
up,427,1279,1079,0,1034,12.1,42,94861
up,428,1279,1079,0,1034,12.1,42,94861
up,428,1279,1079,0,1034,12.2,42,94861
up,429,1279,1079,0,1034,12.2,42,94861
up,429,1279,1079,0,1034,12.1,42,94861
up,430,1279,1079,0,1034,12.1,42,94861
up,430,1279,1079,0,1034,12.1,42,94861
up,431,1279,1079,0,1034,12.1,42,94861
up,431,1279,1079,0,1034,12.1,42,94861
up,432,1279,1079,0,1034,12.1,42,94861
up,432,1279,1079,0,1034,12.1,42,94861
up,433,1279,1079,0,1034,12.1,42,94861
up,433,1279,1079,0,1034,12.2,42,94861
up,434,1279,1079,0,1034,12.2,42,94861
up,434,1279,1079,0,1034,12.1,42,94861
up,435,1279,1079,0,1034,12.1,42,94861
up,435,1279,1079,0,1034,12.1,42,94861
up,436,1279,1079,0,1034,12.1,42,94861
up,436,1279,1079,0,1034,12.1,42,94861
up,437,1279,1079,0,1034,12.1,42,94861
up,437,1279,1079,0,1034,12.1,42,94861
up,438,1279,1079,0,1034,12.1,42,94861
up,438,1279,1079,0,1034,12.1,42,94861
up,439,1279,1079,0,1034,12.1,42,94861
up,439,1279,1079,0,1034,12.1,42,94861
up,440,1279,1079,0,1034,12.1,42,94861
up,440,1279,1079,0,1034,12.1,42,94861
up,441,1279,1079,0,1034,12.1,42,94861
up,441,1279,1079,0,1034,12.1,42,94861
up,442,1279,1079,0,1034,12.1,42,94861
up,442,1279,1079,0,1034,12.2,42,94861
up,443,1279,1079,0,1034,12.2,42,94861
up,443,1279,1079,0,1034,12.1,42,94861
up,444,1279,1079,0,1034,12.1,42,94861
up,444,1279,1079,0,1034,12.1,42,94861
up,445,1279,1079,0,1034,12.1,42,94861
up,445,1279,1079,0,1034,12.1,42,94861
up,446,1279,1079,0,1034,12.1,42,94861
up,446,1279,1079,0,1034,12.2,42,94861
up,447,1279,1079,0,1034,12.2,42,94861
up,447,1279,1079,0,1034,12.2,42,94861
up,448,1279,1079,0,1034,12.2,42,94861
up,448,1279,1079,0,1034,12.1,42,94861
up,449,1279,1079,0,1034,12.1,42,94861
up,449,1279,1079,0,1034,12.1,42,94861
up,450,1279,1079,0,1034,12.1,42,94861
up,450,1279,1079,0,1034,12.1,42,94861
up,451,1279,1079,0,1034,12.1,42,94861
up,451,1279,1079,0,1034,12.2,42,94861
up,452,1279,1079,0,1034,12.2,42,94861
up,452,1279,1079,0,1034,12.1,42,94861
up,453,1279,1079,0,1034,12.1,42,94861
up,453,1279,1079,0,1034,12.2,42,94861
up,454,1279,1079,0,1034,12.2,42,94861
up,454,1279,1079,0,1034,12.1,42,94861
up,455,1279,1079,0,1034,12.1,42,94861
up,455,1279,1079,0,1034,12.1,42,94861
up,456,1279,1079,0,1034,12.1,42,94861
up,456,1279,1079,0,1034,12.1,42,94861
up,457,1279,1079,0,1034,12.1,42,94861
up,457,1279,1079,0,1034,12.1,42,94861
up,458,1279,1079,0,1034,12.1,42,94861
up,458,1279,1079,0,1034,12.1,42,94861
up,459,1279,1079,0,1034,12.1,42,94861
up,459,1279,1079,0,1034,12.1,42,94861
up,460,1279,1079,0,1034,12.1,42,94861
up,460,1279,1079,0,1034,12.1,42,94861
up,461,1279,1079,0,1034,12.1,42,94861
up,461,1279,1079,0,1034,12.1,42,94861
up,462,1279,1079,0,1034,12.1,42,94861
up,462,1279,1079,0,1034,12.1,42,94861
up,463,1279,1079,0,1034,12.1,42,94861
up,463,1279,1079,0,1034,12.1,42,94861
up,464,1279,1079,0,1034,12.1,42,94861
up,464,1279,1079,0,1034,12.1,42,94861
up,465,1279,1079,0,1034,12.1,42,94861
up,466,1279,1079,0,1034,12.1,42,94861
up,466,1279,1079,0,1034,12.1,42,94861
up,467,1279,1079,0,1034,12.1,42,94861
up,467,1279,1079,0,1034,12.1,42,94861
up,468,1279,1079,0,1034,12.1,42,94861
up,468,1279,1079,0,1034,12.1,42,94861
up,468,1279,1079,0,1034,12.1,42,94861
up,469,1279,1079,0,1034,12.1,42,94861
up,469,1279,1079,0,1034,12.1,42,94861
up,470,1279,1079,0,1034,12.1,42,94861
up,470,1279,1079,0,1034,12.1,42,94861
up,471,1279,1079,0,1034,12.1,42,94861
up,471,1279,1079,0,1034,12.2,42,94861
up,472,1279,1079,0,1034,12.2,42,94861
up,472,1279,1079,0,1034,12.1,42,94861
up,473,1279,1079,0,1034,12.1,42,94861
up,473,1279,1079,0,1034,12.1,42,94861
up,474,1279,1079,0,1034,12.1,42,94861
up,474,1279,1079,0,1034,12.1,42,94861
up,475,1279,1079,0,1034,12.1,42,94861
up,475,1279,1079,0,1034,12.2,42,94861
up,476,1279,1079,0,1034,12.2,42,94861
up,476,1279,1079,0,1034,12.1,42,94861
up,477,1279,1079,0,1034,12.1,42,94861
up,477,1279,1079,0,1034,12.1,42,94861
up,478,1279,1079,0,1034,12.1,42,94861
up,478,1279,1079,0,1034,12.1,42,94861
up,479,1279,1079,0,1034,12.1,42,94861
up,479,1279,1079,0,1034,12.1,42,94861
up,480,1279,1079,0,1034,12.1,42,94861
up,480,1279,1079,0,1034,12.1,42,94861
up,481,1279,1079,0,1034,12.1,42,94861
up,482,1279,1079,0,1034,12.2,42,94861
up,482,1279,1079,0,1034,12.2,42,94861
up,483,1279,1079,0,1034,12.2,42,94861
up,483,1279,1079,0,1034,12.1,42,94861
up,484,1279,1079,0,1034,12.1,42,94861
up,484,1279,1079,0,1034,12.1,42,94861
up,485,1279,1079,0,1034,12.1,42,94861
up,485,1279,1079,0,1034,12.1,42,94861
up,486,1279,1079,0,1034,12.1,42,94861
up,486,1279,1079,0,1034,12.1,42,94861
up,487,1279,1079,0,1034,12.1,42,94861
up,487,1279,1079,0,1034,12.2,42,94861
up,488,1279,1079,0,1034,12.2,42,94861
up,488,1279,1079,0,1034,12.1,42,94861
up,489,1279,1079,0,1034,12.1,42,94861
up,489,1279,1079,0,1034,12.1,42,94861
up,490,1279,1079,0,1034,12.1,42,94861
up,490,1279,1079,0,1034,12.1,41,94861
up,491,1279,1079,0,1034,12.1,41,94861
up,491,1279,1079,0,1034,12.1,42,94861
up,492,1279,1079,0,1034,12.1,42,94861
up,492,1279,1079,0,1034,12.2,42,94861
up,493,1279,1079,0,1034,12.2,42,94861
up,493,1279,1079,0,1034,12.1,42,94861
up,494,1279,1079,0,1034,12.1,42,94861
up,494,1279,1079,0,1034,12.1,42,94861
up,495,1279,1079,0,1034,12.1,42,94861
up,495,1279,1079,0,1034,12.1,42,94861
up,496,1279,1079,0,1034,12.1,42,94861
up,496,1279,1079,0,1034,12.1,42,94861
up,497,1279,1079,0,1034,12.1,42,94861
up,497,1279,1079,0,1034,12.2,42,94861
up,498,1279,1079,0,1034,12.2,42,94861
up,498,1279,1079,0,1034,12.1,42,94861
up,499,1279,1079,0,1034,12.1,42,94861
up,499,1279,1079,0,1034,12.1,42,94861
up,500,1279,1079,0,1034,12.1,42,94861
up,500,1279,1079,0,1034,12.1,42,94861
up,501,1279,1079,0,1034,12.1,42,94861
up,501,1279,1079,0,1034,12.2,42,94861
up,502,1279,1079,0,1034,12.2,42,94861
up,502,1279,1079,0,1034,12.1,42,94861
up,503,1279,1079,0,1034,12.1,42,94861
up,503,1279,1079,0,1034,12.1,42,94861
up,504,1279,1079,0,1034,12.1,42,94861
up,504,1279,1079,0,1034,12.1,42,94861
up,505,1279,1079,0,1034,12.1,42,94861
up,505,1279,1079,0,1034,12.1,42,94861
up,506,1279,1079,0,1034,12.1,42,94861
up,506,1279,1079,0,1034,12.1,42,94861
up,507,1279,1079,0,1034,12.1,42,94861
up,507,1279,1079,0,1034,12.1,42,94861
up,508,1279,1079,0,1034,12.1,42,94861
up,508,1279,1079,0,1034,12.1,42,94861
up,509,1279,1079,0,1034,12.1,42,94861
up,509,1279,1079,0,1034,12.1,42,94861
up,509,1279,1079,0,1034,12.1,42,94861
up,510,1279,1079,0,1034,12.1,42,94861
up,511,1279,1079,0,1034,12.1,42,94861
up,511,1279,1079,0,1034,12.2,42,94861
up,512,1279,1079,0,1034,12.2,42,94861
up,512,1279,1079,0,1034,12.1,42,94861
up,513,1279,1079,0,1034,12.1,42,94861
up,513,1279,1079,0,1034,12.1,42,94861
up,514,1279,1079,0,1034,12.1,42,94861
up,514,1279,1079,0,1034,12.1,42,94861
up,515,1279,1079,0,1034,12.1,42,94861
up,515,1279,1079,0,1034,12.1,42,94861
up,516,1279,1079,0,1034,12.1,42,94861
up,516,1279,1079,0,1034,12.1,42,94861
up,517,1279,1079,0,1034,12.1,42,94861
up,517,1279,1079,0,1034,12.1,42,94861
up,518,1279,1079,0,1034,12.1,42,94861
up,518,1279,1079,0,1034,12.1,42,94861
up,519,1279,1079,0,1034,12.1,42,94861
up,519,1279,1079,0,1034,12.1,42,94861
up,520,1279,1079,0,1034,12.1,42,94861
up,520,1279,1079,0,1034,12.2,42,94861
up,521,1279,1079,0,1034,12.2,42,94861
up,521,1279,1079,0,1034,12.1,42,94861
up,522,1279,1079,0,1034,12.1,42,94861
up,522,1279,1079,0,1034,12.1,42,94861
up,523,1279,1079,0,1034,12.1,42,94861
up,523,1279,1079,0,1034,12.1,42,94861
up,524,1279,1079,0,1034,12.1,42,94861
up,524,1279,1079,0,1034,12.1,42,94861
up,525,1279,1079,0,1034,12.1,42,94861
up,525,1279,1079,0,1034,12.1,42,94861
up,526,1279,1079,0,1034,12.1,42,94861
up,526,1279,1079,0,1034,12.1,42,94861
up,526,1279,1079,0,1034,12.1,42,94861
up,527,1279,1079,0,1034,12.2,42,94861
up,527,1279,1079,0,1034,12.2,42,94861
up,528,1279,1079,0,1034,12.1,42,94861
up,528,1279,1079,0,1034,12.1,42,94861
up,529,1279,1079,0,1034,12.2,42,94861
up,529,1279,1079,0,1034,12.2,42,94861
up,530,1279,1079,0,1034,12.1,42,94861
up,530,1279,1079,0,1034,12.1,42,94861
up,531,1279,1079,0,1034,12.2,42,94861
up,531,1279,1079,0,1034,12.2,42,94861
up,532,1279,1079,0,1034,12.1,42,94861
up,532,1279,1079,0,1034,12.1,42,94861
up,533,1279,1079,0,1034,12.1,42,94861
up,533,1279,1079,0,1034,12.1,42,94861
up,534,1279,1079,0,1034,12.1,42,94861
up,534,1279,1079,0,1034,12.1,42,94861
up,535,1279,1079,0,1034,12.1,42,94861
up,535,1279,1079,0,1034,12.1,42,94861
up,536,1279,1079,0,1034,12.1,42,94861
up,536,1279,1079,0,1034,12.1,42,94861
up,537,1279,1079,0,1034,12.1,42,94861
up,537,1279,1079,0,1034,12.1,42,94861
up,538,1279,1079,0,1034,12.1,42,94861
up,538,1279,1079,0,1034,12.1,42,94861
up,539,1279,1079,0,1034,12.1,42,94861
up,539,1279,1079,0,1034,12.1,42,94861
up,540,1279,1079,0,1034,12.1,42,94861
up,540,1279,1079,0,1034,12.1,42,94861
up,541,1279,1079,0,1034,12.1,42,94861
up,541,1279,1079,0,1034,12.2,42,94861
up,542,1279,1079,0,1034,12.2,42,94861
up,542,1279,1079,0,1034,12.2,42,94861
up,543,1279,1079,0,1034,12.2,42,94861
up,543,1279,1079,0,1034,12.1,42,94861
up,544,1279,1079,0,1034,12.1,42,94861
up,544,1279,1079,0,1034,12.1,42,94861
up,545,1279,1079,0,1034,12.1,42,94861
up,545,1279,1079,0,1034,12.1,42,94861
up,546,1279,1079,0,1034,12.1,42,94861
up,546,1279,1079,0,1034,12.1,42,94861
up,548,1279,1079,0,1034,12.2,42,94861
up,549,1279,1079,0,1034,12.2,42,94861
up,549,1279,1079,0,1034,12.2,42,94861
up,550,1279,1079,0,1034,12.2,42,94861
up,550,1279,1079,0,1034,12.2,42,94861
up,551,1279,1079,0,1034,12.2,42,94861
up,551,1279,1079,0,1034,12.2,42,94861
up,552,1279,1079,0,1034,12.2,42,94861
up,552,1279,1079,0,1034,12.2,42,94861
up,553,1279,1079,0,1034,12.2,42,94861
up,553,1279,1079,0,1034,12.1,42,94861
up,553,1279,1079,0,1034,12.1,42,94861
up,554,1279,1079,0,1034,12.1,42,94861
up,554,1279,1079,0,1034,12.1,42,94861
up,555,1279,1079,0,1034,12.1,42,94861
up,555,1279,1079,0,1034,12.1,42,94861
up,556,1279,1079,0,1034,12.1,42,94861
up,556,1279,1079,0,1034,12.1,42,94861
up,557,1279,1079,0,1034,12.1,42,94861
up,557,1279,1079,0,1034,12.1,42,94861
up,558,1279,1079,0,1034,12.1,42,94861
up,558,1279,1079,0,1034,12.1,42,94861
up,559,1279,1079,0,1034,12.1,42,94861
up,559,1279,1079,0,1034,12.1,42,94861
up,560,1279,1079,0,1034,12.1,42,94861
up,560,1279,1079,0,1034,12.1,42,94861
up,561,1279,1079,0,1034,12.1,42,94861
up,561,1279,1079,0,1034,12.1,42,94861
up,562,1279,1079,0,1034,12.1,42,94861
up,562,1279,1079,0,1034,12.1,42,94861
up,563,1279,1079,0,1034,12.2,42,94861
up,563,1279,1079,0,1034,12.2,42,94861
up,564,1279,1079,0,1034,12.2,42,94861
up,564,1279,1079,0,1034,12.2,42,94861
up,565,1279,1079,0,1034,12.1,42,94861
up,565,1279,1079,0,1034,12.1,42,94861
up,566,1279,1079,0,1034,12.1,42,94861
up,566,1279,1079,0,1034,12.1,42,94861
up,567,1279,1079,0,1034,12.1,42,94861
up,567,1279,1079,0,1034,12.1,42,94861
up,568,1279,1079,0,1034,12.1,42,94861
up,568,1279,1079,0,1034,12.1,42,94861
up,569,1279,1079,0,1034,12.1,42,94861
up,569,1279,1079,0,1034,12.1,42,94861
up,570,1279,1079,0,1034,12.1,42,94861
up,570,1279,1079,0,1034,12.1,42,94861
up,570,1279,1079,0,1034,12.1,42,94861
up,571,1279,1079,0,1034,12.1,42,94861
up,571,1279,1079,0,1034,12.1,42,94861
up,572,1279,1079,0,1034,12.1,42,94861
up,572,1279,1079,0,1034,12.1,42,94861
up,573,1279,1079,0,1034,12.2,42,94861
up,573,1279,1079,0,1034,12.2,42,94861
up,574,1279,1079,0,1034,12.1,42,94861
up,574,1279,1079,0,1034,12.1,42,94861
up,575,1279,1079,0,1034,12.1,42,94861
up,575,1279,1079,0,1034,12.1,42,94861
up,576,1279,1079,0,1034,12.1,42,94861
up,576,1279,1079,0,1034,12.1,42,94861
up,577,1279,1079,0,1034,12.1,42,94861
up,577,1279,1079,0,1034,12.1,42,94861
up,577,1279,1079,0,1034,12.1,42,94861
up,578,1279,1079,0,1034,12.2,42,94861
up,578,1279,1079,0,1034,12.2,42,94861
up,579,1279,1079,0,1034,12.1,42,94861
up,579,1279,1079,0,1034,12.1,42,94861
up,580,1279,1079,0,1034,12.2,42,94861
up,580,1279,1079,0,1034,12.2,42,94861
up,581,1279,1079,0,1034,12.2,42,94861
up,581,1279,1079,0,1034,12.2,42,94861
up,582,1279,1079,0,1034,12.1,42,94861
up,582,1279,1079,0,1034,12.1,42,94861
up,583,1279,1079,0,1034,12.1,42,94861
up,583,1279,1079,0,1034,12.1,42,94861
up,584,1279,1079,0,1034,12.1,42,94861
up,584,1279,1079,0,1034,12.1,42,94861
up,585,1279,1079,0,1034,12.1,42,94861
up,585,1279,1079,0,1034,12.1,42,94861
up,585,1279,1079,0,1034,12.1,42,94861
up,586,1279,1079,0,1034,12.1,42,94861
up,586,1279,1079,0,1034,12.1,42,94861
up,587,1279,1079,0,1034,12.1,42,94861
up,587,1279,1079,0,1034,12.1,42,94861
up,588,1279,1079,0,1034,12.1,42,94861
up,588,1279,1079,0,1034,12.1,42,94861
up,589,1279,1079,0,1034,12.2,42,94861
up,589,1279,1079,0,1034,12.2,42,94861
up,590,1279,1079,0,1034,12.1,42,94861
up,590,1279,1079,0,1034,12.1,42,94861
up,591,1279,1079,0,1034,12.1,42,94861
up,591,1279,1079,0,1034,12.1,42,94861
up,592,1279,1079,0,1034,12.1,42,94861
up,592,1279,1079,0,1034,12.1,42,94861
up,593,1279,1079,0,1034,12.1,42,94861
up,593,1279,1079,0,1034,12.1,42,94861
up,593,1279,1079,0,1034,12.1,42,94861
up,594,1279,1079,0,1034,12.2,42,94861
up,594,1279,1079,0,1034,12.2,42,94861
up,595,1279,1079,0,1034,12.2,42,94861
up,595,1279,1079,0,1034,12.2,42,94861
up,596,1279,1079,0,1034,12.1,42,94861
up,596,1279,1079,0,1034,12.1,42,94861
up,597,1279,1079,0,1034,12.1,42,94861
up,597,1279,1079,0,1034,12.1,42,94861
up,598,1279,1079,0,1034,12.1,42,94861
up,598,1279,1079,0,1034,12.1,42,94861
up,599,1279,1079,0,1034,12.1,42,94861
up,599,1279,1079,0,1034,12.1,42,94861
up,600,1279,1079,0,1034,12.1,42,94861
up,600,1279,1079,0,1034,12.1,42,94861
up,601,1279,1079,0,1034,12.1,42,94861
up,601,1279,1079,0,1034,12.1,42,94861
up,602,1279,1079,0,1034,12.2,42,94861
up,602,1279,1079,0,1034,12.2,42,94861
up,603,1279,1079,0,1034,12.1,42,94861
up,603,1279,1079,0,1034,12.1,42,94861
up,604,1279,1079,0,1034,12.1,42,94861
up,604,1279,1079,0,1034,12.1,42,94861
up,605,1279,1079,0,1034,12.2,42,94861
up,605,1279,1079,0,1034,12.2,42,94861
up,606,1279,1079,0,1034,12.1,42,94861
up,606,1279,1079,0,1034,12.1,42,94861
up,607,1279,1079,0,1034,12.1,42,94861
up,607,1279,1079,0,1034,12.1,42,94861
up,608,1279,1079,0,1034,12.2,42,94861
up,608,1279,1079,0,1034,12.2,42,94861
up,608,1279,1079,0,1034,12.2,42,94861
up,609,1279,1079,0,1034,12.1,42,94861
up,609,1279,1079,0,1034,12.1,42,94861
up,610,1279,1079,0,1034,12.1,42,94861
up,610,1279,1079,0,1034,12.1,42,94861
up,611,1279,1079,0,1034,12.1,42,94861
up,611,1279,1079,0,1034,12.1,42,94861
up,612,1279,1079,0,1034,12.1,41,94861
up,612,1279,1079,0,1034,12.1,41,94861
up,613,1279,1079,0,1034,12.1,42,94861
up,613,1279,1079,0,1034,12.1,42,94861
up,614,1279,1079,0,1034,12.1,42,94861
up,614,1279,1079,0,1034,12.1,42,94861
up,615,1279,1079,0,1034,12.2,42,94861
up,615,1279,1079,0,1034,12.2,42,94861
up,616,1279,1079,0,1034,12.1,42,94861
up,616,1279,1079,0,1034,12.1,42,94861
up,617,1279,1079,0,1034,12.2,42,94861
up,617,1279,1079,0,1034,12.2,42,94861
up,618,1279,1079,0,1034,12.1,42,94861
up,618,1279,1079,0,1034,12.1,42,94861
up,619,1279,1079,0,1034,12.1,42,94861
up,619,1279,1079,0,1034,12.1,42,94861
up,620,1279,1079,0,1034,12.1,42,94861
up,620,1279,1079,0,1034,12.1,42,94861
up,621,1279,1079,0,1034,12.2,42,94861
up,621,1279,1079,0,1034,12.2,42,94861
up,622,1279,1079,0,1034,12.1,42,94861
up,622,1279,1079,0,1034,12.1,42,94861
up,623,1279,1079,0,1034,12.1,42,94861
up,623,1279,1079,0,1034,12.1,42,94861
up,624,1279,1079,0,1034,12.1,41,94861
up,624,1279,1079,0,1034,12.1,41,94861
up,624,1279,1079,0,1034,12.1,42,94861
up,625,1279,1079,0,1034,12.1,42,94861
up,625,1279,1079,0,1034,12.1,42,94861
up,626,1279,1079,0,1034,12.1,42,94861
up,626,1279,1079,0,1034,12.1,42,94861
up,627,1279,1079,0,1034,12.1,42,94861
up,627,1279,1079,0,1034,12.1,42,94861
up,628,1279,1079,0,1034,12.1,42,94861
up,628,1279,1079,0,1034,12.1,42,94861
up,629,1279,1079,0,1034,12.1,42,94861
up,629,1279,1079,0,1034,12.1,42,94861
up,630,1279,1079,0,1034,12.1,42,94861
up,630,1279,1079,0,1034,12.1,42,94861
up,631,1279,1079,0,1034,12.1,42,94861
up,631,1279,1079,0,1034,12.1,42,94861
up,632,1279,1079,0,1034,12.2,42,94861
up,632,1279,1079,0,1034,12.2,42,94861
up,633,1279,1079,0,1034,12.1,42,94861
up,633,1279,1079,0,1034,12.1,42,94861
up,634,1279,1079,0,1034,12.2,42,94861
up,634,1279,1079,0,1034,12.2,42,94861
up,635,1279,1079,0,1034,12.1,42,94861
up,635,1279,1079,0,1034,12.1,42,94861
up,636,1279,1079,0,1034,12.1,42,94861
up,636,1279,1079,0,1034,12.1,42,94861
up,637,1279,1079,0,1034,12.1,42,94861
up,637,1279,1079,0,1034,12.1,42,94861
up,638,1279,1079,0,1034,12.1,42,94861
up,638,1279,1079,0,1034,12.1,42,94861
up,639,1279,1079,0,1034,12.2,42,94861
up,639,1279,1079,0,1034,12.2,42,94861
up,640,1279,1079,0,1034,12.2,42,94861
up,640,1279,1079,0,1034,12.2,42,94861
up,641,1279,1079,0,1034,12.1,42,94861
up,641,1279,1079,0,1034,12.1,42,94861
up,641,1279,1079,0,1034,12.1,42,94861
up,642,1279,1079,0,1034,12.1,42,94861
up,642,1279,1079,0,1034,12.1,42,94861
up,643,1279,1079,0,1034,12.1,42,94861
up,643,1279,1079,0,1034,12.1,42,94861
up,644,1279,1079,0,1034,12.1,42,94861
up,644,1279,1079,0,1034,12.1,42,94861
up,645,1279,1079,0,1034,12.1,42,94861
up,645,1279,1079,0,1034,12.1,42,94861
up,646,1279,1079,0,1034,12.2,42,94861
up,646,1279,1079,0,1034,12.2,42,94861
up,647,1279,1079,0,1034,12.1,42,94861
up,647,1279,1079,0,1034,12.1,42,94861
up,648,1279,1079,0,1034,12.2,42,94861
up,648,1279,1079,0,1034,12.2,42,94861
up,649,1279,1079,0,1034,12.2,42,94861
up,649,1279,1079,0,1034,12.2,42,94861
up,650,1279,1079,0,1034,12.2,42,94861
up,650,1279,1079,0,1034,12.2,42,94861
up,651,1279,1079,0,1034,12.1,42,94861
up,651,1279,1079,0,1034,12.1,42,94861
up,652,1279,1079,0,1034,12.1,42,94861
up,652,1279,1079,0,1034,12.1,42,94861
up,653,1279,1079,0,1034,12.1,42,94861
up,653,1279,1079,0,1034,12.1,42,94861
up,654,1279,1079,0,1034,12.1,42,94861
up,654,1279,1079,0,1034,12.1,42,94861
up,655,1279,1079,0,1034,12.1,42,94861
up,655,1279,1079,0,1034,12.1,42,94861
up,656,1279,1079,0,1034,12.1,42,94861
up,656,1279,1079,0,1034,12.1,42,94861
up,657,1279,1079,0,1034,12.1,42,94861
up,657,1279,1079,0,1034,12.1,42,94861
up,658,1279,1079,0,1034,12.1,42,94861
up,658,1279,1079,0,1034,12.1,42,94861
up,659,1279,1079,0,1034,12.1,42,94861
up,659,1279,1079,0,1034,12.1,42,94861
up,660,1279,1079,0,1034,12.1,42,94861
up,660,1279,1079,0,1034,12.1,42,94861
up,661,1279,1079,0,1034,12.2,42,94861
up,661,1279,1079,0,1034,12.2,42,94861
up,662,1279,1079,0,1034,12.1,42,94861
up,662,1279,1079,0,1034,12.1,42,94861
up,663,1279,1079,0,1034,12.1,42,94861
up,663,1279,1079,0,1034,12.1,42,94861
up,663,1279,1079,0,1034,12.1,42,94861
up,664,1279,1079,0,1034,12.1,42,94861
up,664,1279,1079,0,1034,12.1,42,94861
up,665,1279,1079,0,1034,12.1,42,94861
up,665,1279,1079,0,1034,12.1,42,94861
up,666,1279,1079,0,1034,12.1,42,94861
up,666,1279,1079,0,1034,12.2,42,94861
up,667,1279,1079,0,1034,12.2,42,94861
up,667,1279,1079,0,1034,12.1,42,94861
up,668,1279,1079,0,1034,12.1,42,94861
up,668,1279,1079,0,1034,12.2,42,94861
up,669,1279,1079,0,1034,12.2,42,94861
up,669,1279,1079,0,1034,12.2,42,94861
up,670,1279,1079,0,1034,12.2,42,94861
up,670,1279,1079,0,1034,12.2,42,94861
up,671,1279,1079,0,1034,12.2,42,94861
up,671,1279,1079,0,1034,12.2,42,94861
up,672,1279,1079,0,1034,12.2,42,94861
up,672,1279,1079,0,1034,12.2,42,94861
up,673,1279,1079,0,1034,12.2,42,94861
up,673,1279,1079,0,1034,12.1,42,94861
up,674,1279,1079,0,1034,12.1,42,94861
up,674,1279,1079,0,1034,12.1,42,94861
up,675,1279,1079,0,1034,12.1,42,94861
up,675,1279,1079,0,1034,12.1,42,94861
up,676,1279,1079,0,1034,12.1,42,94861
up,676,1279,1079,0,1034,12.1,42,94861
up,677,1279,1079,0,1034,12.1,42,94861
up,677,1279,1079,0,1034,12.1,42,94861
up,678,1279,1079,0,1034,12.1,42,94861
up,678,1279,1079,0,1034,12.1,42,94861
up,678,1279,1079,0,1034,12.1,42,94861
up,679,1279,1079,0,1034,12.1,42,94861
up,679,1279,1079,0,1034,12.1,42,94861
up,680,1279,1079,0,1034,12.1,42,94861
up,680,1279,1079,0,1034,12.1,42,94861
up,681,1279,1079,0,1034,12.1,42,94861
up,681,1279,1079,0,1034,12.1,42,94861
up,682,1279,1079,0,1034,12.1,42,94861
up,682,1279,1079,0,1034,12.1,42,94861
up,683,1279,1079,0,1034,12.1,42,94861
up,683,1279,1079,0,1034,12.1,42,94861
up,684,1279,1079,0,1034,12.1,42,94861
up,684,1279,1079,0,1034,12.1,42,94861
up,685,1279,1079,0,1034,12.1,42,94861
up,685,1279,1079,0,1034,12.1,42,94861
up,686,1279,1079,0,1034,12.1,42,94861
up,686,1279,1079,0,1034,12.1,42,94861
up,687,1279,1079,0,1034,12.1,42,94861
up,687,1279,1079,0,1034,12.2,42,94861
up,688,1279,1079,0,1034,12.2,42,94861
up,688,1279,1079,0,1034,12.2,42,94861
up,689,1279,1079,0,1034,12.2,42,94861
up,689,1279,1079,0,1034,12.1,42,94861
up,690,1279,1079,0,1034,12.1,42,94861
up,690,1279,1079,0,1034,12.1,42,94861
up,691,1279,1079,0,1034,12.1,42,94861
up,691,1279,1079,0,1034,12.1,42,94861
up,692,1279,1079,0,1034,12.1,42,94861
up,692,1279,1079,0,1034,12.1,42,94861
up,693,1279,1079,0,1034,12.2,42,94861
up,693,1279,1079,0,1034,12.2,42,94861
up,693,1279,1079,0,1034,12.1,42,94861
up,694,1279,1079,0,1034,12.1,42,94861
up,694,1279,1079,0,1034,12.1,42,94861
up,695,1279,1079,0,1034,12.1,42,94861
up,695,1279,1079,0,1034,12.1,42,94861
up,696,1279,1079,0,1034,12.1,42,94861
up,696,1279,1079,0,1034,12.1,42,94861
up,697,1279,1079,0,1034,12.1,42,94861
up,697,1279,1079,0,1034,12.2,42,94861
up,698,1279,1079,0,1034,12.2,42,94861
up,698,1279,1079,0,1034,12.2,42,94861
up,699,1279,1079,0,1034,12.2,42,94861
up,699,1279,1079,0,1034,12.1,42,94861
up,700,1279,1079,0,1034,12.1,42,94861
up,700,1279,1079,0,1034,12.1,42,94861
up,701,1279,1079,0,1034,12.1,42,94861
up,701,1279,1079,0,1034,12.1,42,94861
up,702,1279,1079,0,1034,12.1,42,94861
up,702,1279,1079,0,1034,12.1,42,94861
up,703,1279,1079,0,1034,12.1,42,94861
up,703,1279,1079,0,1034,12.1,42,94861
up,704,1279,1079,0,1034,12.1,42,94861
up,704,1279,1079,0,1034,12.1,42,94861
up,705,1279,1079,0,1034,12.1,42,94861
up,705,1279,1079,0,1034,12.1,42,94861
up,706,1279,1079,0,1034,12.1,42,94861
up,706,1279,1079,0,1034,12.1,42,94861
up,707,1279,1079,0,1034,12.1,42,94861
up,707,1279,1079,0,1034,12.1,42,94861
up,708,1279,1079,0,1034,12.1,42,94861
up,708,1279,1079,0,1034,12.1,42,94861
up,709,1279,1079,0,1034,12.1,42,94861
up,709,1279,1079,0,1034,12.1,42,94861
up,709,1279,1079,0,1034,12.1,42,94861
up,710,1279,1079,0,1034,12.1,42,94861
up,710,1279,1079,0,1034,12.1,42,94861
up,711,1279,1079,0,1034,12.1,42,94861
up,711,1279,1079,0,1034,12.1,42,94861
up,712,1279,1079,0,1034,12.1,42,94861
up,712,1279,1079,0,1034,12.1,42,94861
up,713,1279,1079,0,1034,12.1,42,94861
up,713,1279,1079,0,1034,12.2,42,94861
up,714,1279,1079,0,1034,12.2,42,94861
up,714,1279,1079,0,1034,12.1,42,94861
up,715,1279,1079,0,1034,12.1,42,94861
up,715,1279,1079,0,1034,12.1,42,94861
up,716,1279,1079,0,1034,12.1,42,94861
up,716,1279,1079,0,1034,12.2,42,94861
up,717,1279,1079,0,1034,12.2,42,94861
up,717,1279,1079,0,1034,12.2,42,94861
up,718,1279,1079,0,1034,12.2,42,94861
up,718,1279,1079,0,1034,12.1,42,94861
up,719,1279,1079,0,1034,12.1,42,94861
up,719,1279,1079,0,1034,12.1,42,94861
up,720,1279,1079,0,1034,12.1,42,94861
up,720,1279,1079,0,1034,12.1,42,94861
up,721,1279,1079,0,1034,12.1,42,94861
up,721,1279,1079,0,1034,12.1,42,94861
up,722,1279,1079,0,1034,12.1,42,94861
up,722,1279,1079,0,1034,12.1,42,94861
up,723,1279,1079,0,1034,12.1,42,94861
up,723,1279,1079,0,1034,12.1,42,94861
up,724,1279,1079,0,1034,12.1,42,94861
up,724,1279,1079,0,1034,12.1,42,94861
up,725,1279,1079,0,1034,12.1,42,94861
up,725,1279,1079,0,1034,12.1,41,94861
up,726,1279,1079,0,1034,12.1,41,94861
up,726,1279,1079,0,1034,12.1,42,94861
up,727,1279,1079,0,1034,12.1,42,94861
up,727,1279,1079,0,1034,12.1,42,94861
up,728,1279,1079,0,1034,12.1,42,94861
up,728,1279,1079,0,1034,12.2,42,94861
up,729,1279,1079,0,1034,12.2,42,94861
up,729,1279,1079,0,1034,12.1,42,94861
up,730,1279,1079,0,1034,12.1,42,94861
up,730,1279,1079,0,1034,12.1,42,94861
up,731,1279,1079,0,1034,12.1,42,94861
up,731,1279,1079,0,1034,12.1,42,94861
up,732,1279,1079,0,1034,12.1,42,94861
up,732,1279,1079,0,1034,12.1,42,94861
up,733,1279,1079,0,1034,12.1,42,94861
up,733,1279,1079,0,1034,12.1,42,94861
up,734,1279,1079,0,1034,12.1,42,94861
up,734,1279,1079,0,1034,12.1,42,94861
up,735,1279,1079,0,1034,12.1,42,94861
up,735,1279,1079,0,1034,12.1,42,94861
up,736,1279,1079,0,1034,12.1,42,94861
up,736,1279,1079,0,1034,12.1,42,94861
up,737,1279,1079,0,1034,12.1,42,94861
up,737,1279,1079,0,1034,12.1,42,94861
up,738,1279,1079,0,1034,12.1,42,94861
up,738,1279,1079,0,1034,12.1,42,94861
up,739,1279,1079,0,1034,12.1,42,94861
up,739,1279,1079,0,1034,12.2,42,94861
up,740,1279,1079,0,1034,12.1,42,94861
up,740,1279,1079,0,1034,12.1,42,94861
up,741,1279,1079,0,1034,12.1,42,94861
up,741,1279,1079,0,1034,12.1,42,94861
up,742,1279,1079,0,1034,12.1,42,94861
up,742,1279,1079,0,1034,12.1,42,94861
up,743,1279,1079,0,1034,12.1,42,94861
up,743,1279,1079,0,1034,12.1,42,94861
up,744,1279,1079,0,1034,12.1,42,94861
up,744,1279,1079,0,1034,12.1,42,94861
up,745,1279,1079,0,1034,12.1,42,94861
up,745,1279,1079,0,1034,12.1,42,94861
up,746,1279,1079,0,1034,12.1,42,94861
up,746,1279,1079,0,1034,12.1,42,94861
up,746,1279,1079,0,1034,12.1,42,94861
up,747,1279,1079,0,1034,12.2,42,94861
up,747,1279,1079,0,1034,12.2,42,94861
up,748,1279,1079,0,1034,12.1,42,94861
up,748,1279,1079,0,1034,12.1,42,94861
up,749,1279,1079,0,1034,12.2,42,94861
up,749,1279,1079,0,1034,12.2,42,94861
up,750,1279,1079,0,1034,12.1,42,94861
up,750,1279,1079,0,1034,12.1,42,94861
up,751,1279,1079,0,1034,12.1,42,94861
up,751,1279,1079,0,1034,12.1,42,94861
up,752,1279,1079,0,1034,12.1,42,94861
up,752,1279,1079,0,1034,12.1,41,94861
up,753,1279,1079,0,1034,12.1,41,94861
up,753,1279,1079,0,1034,12.1,42,94861
up,754,1279,1079,0,1034,12.1,42,94861
up,754,1279,1079,0,1034,12.1,42,94861
up,755,1279,1079,0,1034,12.1,42,94861
up,755,1279,1079,0,1034,12.1,42,94861
up,756,1279,1079,0,1034,12.1,42,94861
up,756,1279,1079,0,1034,12.1,42,94861
up,757,1279,1079,0,1034,12.1,42,94861
up,757,1279,1079,0,1034,12.1,42,94861
up,758,1279,1079,0,1034,12.1,42,94861
up,758,1279,1079,0,1034,12.1,42,94861
up,759,1279,1079,0,1034,12.1,42,94861
up,759,1279,1079,0,1034,12.1,42,94861
up,760,1279,1079,0,1034,12.1,42,94861
up,760,1279,1079,0,1034,12.1,42,94861
up,760,1279,1079,0,1034,12.1,42,94861
up,761,1279,1079,0,1034,12.1,42,94861
up,761,1279,1079,0,1034,12.1,42,94861
up,762,1279,1079,0,1034,12.1,42,94861
up,762,1279,1079,0,1034,12.1,42,94861
up,763,1279,1079,0,1034,12.1,42,94861
up,763,1279,1079,0,1034,12.1,42,94861
up,764,1279,1079,0,1034,12.1,42,94861
up,764,1279,1079,0,1034,12.1,42,94861
up,765,1279,1079,0,1034,12.1,42,94861
up,765,1279,1079,0,1034,12.2,42,94861
up,766,1279,1079,0,1034,12.2,42,94861
up,766,1279,1079,0,1034,12.1,42,94861
up,767,1279,1079,0,1034,12.1,42,94861
up,767,1279,1079,0,1034,12.1,42,94861
up,768,1279,1079,0,1034,12.1,42,94861
up,768,1279,1079,0,1034,12.1,42,94861
up,769,1279,1079,0,1034,12.1,42,94861
up,769,1279,1079,0,1034,12.1,42,94861
up,770,1279,1079,0,1034,12.1,42,94861
up,770,1279,1079,0,1034,12.1,42,94861
up,771,1279,1079,0,1034,12.1,42,94861
up,771,1279,1079,0,1034,12.1,42,94861
up,772,1279,1079,0,1034,12.1,42,94861
up,772,1279,1079,0,1034,12.1,42,94861
up,773,1279,1079,0,1034,12.1,42,94861
up,773,1279,1079,0,1034,12.1,42,94861
up,774,1279,1079,0,1034,12.1,42,94861
up,774,1279,1079,0,1034,12.1,42,94861
up,775,1279,1079,0,1034,12.1,42,94861
up,775,1279,1079,0,1034,12.2,42,94861
up,776,1279,1079,0,1034,12.2,42,94861
up,776,1279,1079,0,1034,12.1,42,94861
up,777,1279,1079,0,1034,12.1,42,94861
up,777,1279,1079,0,1034,12.1,42,94861
up,777,1279,1079,0,1034,12.1,42,94861
up,778,1279,1079,0,1034,12.1,42,94861
up,778,1279,1079,0,1034,12.1,42,94861
up,779,1279,1079,0,1034,12.2,42,94861
up,779,1279,1079,0,1034,12.2,42,94861
up,780,1279,1079,0,1034,12.2,42,94861
up,780,1279,1079,0,1034,12.1,42,94861
up,781,1279,1079,0,1034,12.1,42,94861
up,781,1279,1079,0,1034,12.1,42,94861
up,782,1279,1079,0,1034,12.1,42,94861
up,782,1279,1079,0,1034,12.2,42,94861
up,783,1279,1079,0,1034,12.2,42,94861
up,783,1279,1079,0,1034,12.1,42,94861
up,784,1279,1079,0,1034,12.1,42,94861
up,784,1279,1079,0,1034,12.1,42,94861
up,785,1279,1079,0,1034,12.1,42,94861
up,785,1279,1079,0,1034,12.1,42,94861
up,786,1279,1079,0,1034,12.1,42,94861
up,786,1279,1079,0,1034,12.1,42,94861
up,787,1279,1079,0,1034,12.1,42,94861
up,787,1279,1079,0,1034,12.1,42,94861
up,788,1279,1079,0,1034,12.1,42,94861
up,788,1279,1079,0,1034,12.1,42,94861
up,789,1279,1079,0,1034,12.1,42,94861
up,789,1279,1079,0,1033,12.2,42,94861
up,789,1279,1079,0,1033,12.2,42,94861
up,790,1279,1079,0,1033,12.1,42,94861
up,790,1279,1079,0,1033,12.1,42,94861
up,791,1279,1079,0,1033,12.2,42,94861
up,791,1279,1079,0,1033,12.2,42,94861
up,792,1279,1079,0,1033,12.2,42,94861
up,792,1279,1079,0,1033,12.2,42,94861
up,793,1279,1079,0,1033,12.2,42,94861
up,793,1279,1079,0,1033,12.2,42,94861
up,794,1279,1079,0,1033,12.2,42,94861
up,794,1279,1079,0,1033,12.2,42,94861
up,795,1279,1079,0,1033,12.1,42,94861
up,795,1279,1079,0,1033,12.1,42,94861
up,796,1279,1079,0,1033,12.1,42,94861
up,796,1279,1079,0,1033,12.2,42,94861
up,796,1279,1079,0,1033,12.2,42,94861
up,797,1279,1079,0,1033,12.2,42,94861
up,797,1279,1079,0,1033,12.2,42,94861
up,798,1279,1079,0,1033,12.2,42,94861
up,798,1279,1079,0,1033,12.2,42,94861
up,799,1279,1079,0,1033,12.2,42,94861
up,799,1279,1079,0,1033,12.2,42,94861
up,800,1279,1079,0,1033,12.2,42,94861
up,800,1279,1079,0,1033,12.2,42,94861
up,801,1279,1079,0,1033,12.2,42,94861
up,801,1279,1079,0,1033,12.2,42,94861
up,802,1279,1079,0,1033,12.2,42,94861
up,802,1279,1079,0,1033,12.2,42,94861
up,803,1279,1079,0,1033,12.2,42,94861
up,803,1279,1079,0,1033,12.2,42,94861
up,804,1279,1079,0,1033,12.2,42,94861
up,804,1279,1079,0,1033,12.2,42,94861
up,805,1279,1079,0,1033,12.2,42,94861
up,805,1279,1079,0,1033,12.2,42,94861
up,806,1279,1079,0,1033,12.2,42,94861
up,806,1279,1079,0,1033,12.2,42,94861
up,807,1279,1079,0,1033,12.1,42,94861
up,807,1279,1079,0,1033,12.1,42,94861
up,808,1279,1079,0,1033,12.1,42,94861
up,808,1279,1079,0,1033,12.1,42,94861
up,809,1279,1079,0,1033,12.1,42,94861
up,809,1279,1079,0,1033,12.2,42,94861
up,810,1279,1079,0,1033,12.2,42,94861
up,810,1279,1079,0,1033,12.1,42,94861
up,811,1279,1079,0,1033,12.1,42,94861
up,811,1279,1079,0,1033,12.1,42,94861
up,812,1279,1079,0,1033,12.1,42,94861
up,812,1279,1079,0,1033,12.1,42,94861
up,813,1279,1079,0,1033,12.1,42,94861
up,813,1279,1079,0,1033,12.1,42,94861
up,814,1279,1079,0,1033,12.1,42,94861
up,814,1279,1079,0,1033,12.1,42,94861
up,815,1279,1079,0,1033,12.1,42,94861
up,815,1279,1079,0,1033,12.2,42,94861
up,815,1279,1079,0,1033,12.2,42,94861
up,816,1279,1079,0,1033,12.1,42,94861
up,816,1279,1079,0,1033,12.1,42,94861
up,817,1279,1079,0,1033,12.1,42,94861
up,817,1279,1079,0,1033,12.1,42,94861
up,818,1279,1079,0,1033,12.1,42,94861
up,818,1279,1079,0,1033,12.1,42,94861
up,819,1279,1079,0,1033,12.1,42,94861
up,819,1279,1079,0,1033,12.1,42,94861
up,820,1279,1079,0,1033,12.1,42,94861
up,820,1279,1079,0,1033,12.1,42,94861
up,821,1279,1079,0,1033,12.1,42,94861
up,821,1279,1079,0,1033,12.1,42,94861
up,822,1279,1079,0,1033,12.1,42,94861
up,822,1279,1079,0,1033,12.1,42,94861
up,823,1279,1079,0,1033,12.1,42,94861
up,823,1279,1079,0,1033,12.1,42,94861
up,824,1279,1079,0,1033,12.1,42,94861
up,824,1279,1079,0,1033,12.1,42,94861
up,825,1279,1079,0,1033,12.1,42,94861
up,825,1279,1079,0,1033,12.1,42,94861
up,825,1279,1079,0,1033,12.1,42,94861
up,826,1279,1079,0,1033,12.1,42,94861
up,826,1279,1079,0,1033,12.1,42,94861
up,827,1279,1079,0,1033,12.1,42,94861
up,827,1279,1079,0,1033,12.1,42,94861
up,828,1279,1079,0,1033,12.2,42,94861
up,828,1279,1079,0,1033,12.2,42,94861
up,829,1279,1079,0,1033,12.1,42,94861
up,829,1279,1079,0,1033,12.1,42,94861
up,830,1279,1079,0,1033,12.1,42,94861
up,830,1279,1079,0,1033,12.1,42,94861
up,831,1279,1079,0,1033,12.1,42,94861
up,831,1279,1079,0,1033,12.1,42,94861
up,832,1279,1079,0,1033,12.1,42,94861
up,832,1279,1079,0,1033,12.1,42,94861
up,833,1279,1079,0,1033,12.1,42,94861
up,833,1279,1079,0,1033,12.1,42,94861
up,834,1279,1079,0,1033,12.1,42,94861
up,834,1279,1079,0,1033,12.1,42,94861
up,835,1279,1079,0,1033,12.1,42,94861
up,835,1279,1079,0,1033,12.1,42,94861
up,836,1279,1079,0,1033,12.1,42,94861
up,836,1279,1079,0,1033,12.1,42,94861
up,837,1279,1079,0,1033,12.1,42,94861
up,837,1279,1079,0,1033,12.1,42,94861
up,838,1279,1079,0,1033,12.1,42,94861
up,838,1279,1079,0,1033,12.1,42,94861
up,839,1279,1079,0,1033,12.1,42,94861
up,839,1279,1079,0,1033,12.1,42,94861
up,840,1279,1079,0,1033,12.1,42,94861
up,840,1279,1079,0,1033,12.1,42,94861
up,841,1279,1079,0,1033,12.1,42,94861
up,841,1279,1079,0,1033,12.1,42,94861
up,842,1279,1079,0,1033,12.1,42,94861
up,842,1279,1079,0,1033,12.1,42,94861
up,842,1279,1079,0,1033,12.1,42,94861
up,843,1279,1079,0,1033,12.1,42,94861
up,843,1279,1079,0,1033,12.1,42,94861
up,844,1279,1079,0,1033,12.1,42,94861
up,844,1279,1079,0,1033,12.1,42,94861
up,845,1279,1079,0,1033,12.1,42,94861
up,845,1279,1079,0,1033,12.1,42,94861
up,846,1279,1079,0,1033,12.1,42,94861
up,846,1279,1079,0,1033,12.1,42,94861
up,847,1279,1079,0,1033,12.1,42,94861
up,847,1279,1079,0,1033,12.1,42,94861
up,848,1279,1079,0,1033,12.1,42,94861
up,848,1279,1079,0,1033,12.1,42,94861
up,849,1279,1079,0,1033,12.1,42,94861
up,849,1279,1079,0,1033,12.1,42,94861
up,850,1279,1079,0,1033,12.1,42,94861
up,850,1279,1079,0,1033,12.1,42,94861
up,851,1279,1079,0,1033,12.1,42,94861
up,851,1279,1079,0,1033,12.1,42,94861
up,852,1279,1079,0,1033,12.1,42,94861
up,852,1279,1079,0,1033,12.1,42,94861
up,853,1279,1079,0,1033,12.1,42,94861
up,853,1279,1079,0,1033,12.1,42,94861
up,854,1279,1079,0,1033,12.1,42,94861
up,854,1279,1079,0,1033,12.1,42,94861
up,855,1279,1079,0,1033,12.1,42,94861
up,855,1279,1079,0,1033,12.1,42,94861
up,856,1279,1079,0,1033,12.2,42,94861
up,856,1279,1079,0,1033,12.2,42,94861
up,857,1279,1079,0,1033,12.1,42,94861
up,857,1279,1079,0,1033,12.1,42,94861
up,858,1279,1079,0,1033,12.2,42,94861
up,858,1279,1079,0,1033,12.2,42,94861
up,859,1279,1079,0,1033,12.2,42,94861
up,859,1279,1079,0,1033,12.2,42,94861
up,860,1279,1079,0,1033,12.1,42,94861
up,860,1279,1079,0,1033,12.1,42,94861
up,861,1279,1079,0,1033,12.1,42,94861
up,861,1279,1079,0,1033,12.1,42,94861
up,862,1279,1079,0,1033,12.1,42,94861
up,862,1279,1079,0,1033,12.1,42,94861
up,863,1279,1079,0,1033,12.1,42,94861
up,863,1279,1079,0,1033,12.1,42,94861
up,864,1279,1079,0,1033,12.2,42,94861
up,864,1279,1079,0,1033,12.2,42,94861
up,865,1279,1079,0,1033,12.1,42,94861
up,865,1279,1079,0,1033,12.1,42,94861
up,866,1279,1079,0,1033,12.1,42,94861
up,866,1279,1079,0,1033,12.1,42,94861
up,867,1279,1079,0,1033,12.1,42,94861
up,867,1279,1079,0,1033,12.1,42,94861
up,868,1279,1079,0,1033,12.1,42,94861
up,868,1279,1079,0,1033,12.1,42,94861
up,869,1279,1079,0,1033,12.1,42,94861
up,869,1279,1079,0,1033,12.1,42,94861
up,870,1279,1079,0,1033,12.1,42,94861
up,870,1279,1079,0,1033,12.1,42,94861
up,871,1279,1079,0,1033,12.1,42,94861
up,871,1279,1079,0,1033,12.1,42,94861
up,872,1279,1079,0,1033,12.1,42,94861
up,872,1279,1079,0,1033,12.1,42,94861
up,873,1279,1079,0,1033,12.1,42,94861
up,873,1279,1079,0,1033,12.1,42,94861
up,874,1279,1079,0,1033,12.1,42,94861
up,874,1279,1079,0,1033,12.1,42,94861
up,874,1279,1079,0,1033,12.1,42,94861
up,875,1279,1079,0,1033,12.1,42,94861
up,875,1279,1079,0,1033,12.1,42,94861
up,876,1279,1079,0,1033,12.1,42,94861
up,876,1279,1079,0,1033,12.1,42,94861
up,877,1279,1079,0,1033,12.1,42,94861
up,877,1279,1079,0,1033,12.1,42,94861
up,878,1279,1079,0,1033,12.1,42,94861
up,878,1279,1079,0,1033,12.1,42,94861
up,879,1279,1079,0,1033,12.1,42,94861
up,879,1279,1079,0,1033,12.1,42,94861
up,880,1279,1079,0,1033,12.1,42,94861
up,880,1279,1079,0,1033,12.1,42,94861
up,881,1279,1079,0,1033,12.1,42,94861
up,881,1279,1079,0,1033,12.1,42,94861
up,882,1279,1079,0,1033,12.1,42,94861
up,882,1279,1079,0,1033,12.1,42,94861
up,883,1279,1079,0,1033,12.1,42,94861
up,883,1279,1079,0,1033,12.1,42,94861
up,884,1279,1079,0,1033,12.1,42,94861
up,884,1279,1079,0,1033,12.1,42,94861
up,885,1279,1079,0,1033,12.1,42,94861
up,885,1279,1079,0,1033,12.1,42,94861
up,886,1279,1079,0,1033,12.1,42,94861
up,886,1279,1079,0,1033,12.1,42,94861
up,887,1279,1079,0,1033,12.2,42,94861
up,887,1279,1079,0,1033,12.2,42,94861
up,888,1279,1079,0,1033,12.1,42,94861
up,888,1279,1079,0,1033,12.1,42,94861
up,889,1279,1079,0,1033,12.1,42,94861
up,889,1279,1079,0,1033,12.1,42,94861
up,890,1279,1079,0,1033,12.1,42,94861
up,890,1279,1079,0,1033,12.1,42,94861
up,891,1279,1079,0,1033,12.1,42,94861
up,891,1279,1079,0,1033,12.1,42,94861
up,891,1279,1079,0,1033,12.1,42,94861
up,892,1279,1079,0,1033,12.1,42,94861
up,892,1279,1079,0,1033,12.1,42,94861
up,893,1279,1079,0,1033,12.1,42,94861
up,893,1279,1079,0,1033,12.1,42,94861
up,894,1279,1079,0,1033,12.1,42,94861
up,894,1279,1079,0,1033,12.1,42,94861
up,895,1279,1079,0,1033,12.1,42,94861
up,895,1279,1079,0,1033,12.1,42,94861
up,896,1279,1079,0,1033,12.1,42,94861
up,896,1279,1079,0,1033,12.1,42,94861
up,897,1279,1079,0,1033,12.1,42,94861
up,897,1279,1079,0,1033,12.1,42,94861
up,898,1279,1079,0,1033,12.1,42,94861
up,898,1279,1079,0,1033,12.1,42,94861
up,899,1279,1079,0,1033,12.1,42,94861
up,899,1279,1079,0,1033,12.1,42,94861
up,900,1279,1079,0,1033,12.1,42,94861
up,900,1279,1079,0,1033,12.1,42,94861
up,901,1279,1079,0,1033,12.1,42,94861
up,901,1279,1079,0,1033,12.1,42,94861
up,902,1279,1079,0,1033,12.1,42,94861
up,902,1279,1079,0,1033,12.1,42,94861
up,903,1279,1079,0,1033,12.1,42,94861
up,903,1279,1079,0,1033,12.1,42,94861
up,904,1279,1079,0,1033,12.1,42,94861
up,904,1279,1079,0,1033,12.1,42,94861
up,905,1279,1079,0,1033,12.1,42,94861
up,905,1279,1079,0,1033,12.1,42,94861
up,906,1279,1079,0,1033,12.1,42,94861
up,906,1279,1079,0,1033,12.1,42,94861
up,907,1279,1079,0,1033,12.1,42,94861
up,907,1279,1079,0,1033,12.1,42,94861
up,908,1279,1079,0,1033,12.1,42,94861
up,908,1279,1079,0,1033,12.1,42,94861
up,909,1279,1079,0,1033,12.1,42,94861
up,909,1279,1079,0,1033,12.1,42,94861
up,910,1279,1079,0,1033,12.1,42,94861
up,910,1279,1079,0,1033,12.1,42,94861
up,911,1279,1079,0,1033,12.1,42,94861
up,911,1279,1079,0,1033,12.1,42,94861
up,912,1279,1079,0,1033,12.1,42,94861
up,912,1279,1079,0,1033,12.1,42,94861
up,913,1279,1079,0,1033,12.1,42,94861
up,913,1279,1079,0,1033,12.1,42,94861
up,914,1279,1079,0,1033,12.1,42,94861
up,914,1279,1079,0,1033,12.1,42,94861
up,915,1279,1079,0,1033,12.1,42,94861
up,915,1279,1079,0,1033,12.1,42,94861
up,916,1279,1079,0,1033,12.1,42,94861
up,916,1279,1079,0,1033,12.1,42,94861
up,917,1279,1079,0,1033,12.1,42,94861
up,917,1279,1079,0,1033,12.1,42,94861
up,918,1279,1079,0,1033,12.1,42,94861
up,918,1279,1079,0,1033,12.1,42,94861
up,919,1279,1079,0,1033,12.1,42,94861
up,919,1279,1079,0,1033,12.1,42,94861
up,920,1279,1079,0,1033,12.1,42,94861
up,920,1279,1079,0,1033,12.1,42,94861
up,921,1279,1079,0,1033,12.1,42,94861
up,921,1279,1079,0,1033,12.1,42,94861
up,922,1279,1079,0,1033,12.1,42,94861
up,922,1279,1079,0,1033,12.1,42,94861
up,923,1279,1079,0,1033,12.1,42,94861
up,923,1279,1079,0,1033,12.1,42,94861
up,924,1279,1079,0,1033,12.1,42,94861
up,924,1279,1079,0,1033,12.1,42,94861
up,925,1279,1079,0,1033,12.1,42,94861
up,925,1279,1079,0,1033,12.1,42,94861
up,926,1279,1079,0,1033,12.2,42,94861
up,926,1279,1079,0,1033,12.2,42,94861
up,927,1279,1079,0,1033,12.2,42,94861
up,927,1279,1079,0,1033,12.2,42,94861
up,928,1279,1079,0,1033,12.2,42,94861
up,928,1279,1079,0,1033,12.2,42,94861
up,929,1279,1079,0,1033,12.1,42,94861
up,929,1279,1079,0,1033,12.1,42,94861
up,930,1279,1079,0,1033,12.1,42,94861
up,930,1279,1079,0,1033,12.1,42,94861
up,931,1279,1079,0,1033,12.1,42,94861
up,931,1279,1079,0,1033,12.1,42,94861
up,932,1279,1079,0,1033,12.1,42,94861
up,932,1279,1079,0,1033,12.1,42,94861
up,933,1279,1079,0,1033,12.1,42,94861
up,933,1279,1079,0,1033,12.1,42,94861
up,934,1279,1079,0,1033,12.1,42,94861
up,934,1279,1079,0,1033,12.1,42,94861
up,935,1279,1079,0,1033,12.1,42,94861
up,935,1279,1079,0,1033,12.1,42,94861
up,936,1279,1079,0,1033,12.1,42,94861
up,936,1279,1079,0,1033,12.1,42,94861
up,937,1279,1079,0,1033,12.1,42,94861
up,937,1279,1079,0,1033,12.1,42,94861
up,938,1279,1079,0,1033,12.1,42,94861
up,938,1279,1079,0,1033,12.1,42,94861
up,939,1279,1079,0,1033,12.1,42,94861
up,939,1279,1079,0,1033,12.1,42,94861
up,940,1279,1079,0,1033,12.1,42,94861
up,940,1279,1079,0,1033,12.1,42,94861
up,940,1279,1079,0,1033,12.1,42,94861
up,941,1279,1079,0,1033,12.1,42,94861
up,941,1279,1079,0,1033,12.1,42,94861
up,942,1279,1079,0,1033,12.1,42,94861
up,942,1279,1079,0,1033,12.1,42,94861
up,943,1279,1079,0,1033,12.1,42,94861
up,943,1279,1079,0,1033,12.1,42,94861
up,944,1279,1079,0,1033,12.1,42,94861
up,944,1279,1079,0,1033,12.1,42,94861
up,945,1279,1079,0,1033,12.1,42,94861
up,945,1279,1079,0,1033,12.1,42,94861
up,946,1279,1079,0,1033,12.1,42,94861
up,946,1279,1079,0,1033,12.1,42,94861
up,947,1279,1079,0,1033,12.1,42,94861
up,947,1279,1079,0,1033,12.1,42,94861
up,948,1279,1079,0,1033,12.1,42,94861
up,948,1279,1079,0,1033,12.1,42,94861
up,949,1279,1079,0,1033,12.1,42,94861
up,949,1279,1079,0,1033,12.1,42,94861
up,950,1279,1079,0,1033,12.1,42,94861
up,950,1279,1079,0,1033,12.1,42,94861
up,951,1279,1079,0,1033,12.1,42,94861
up,951,1279,1079,0,1033,12.1,42,94861
up,952,1279,1079,0,1033,12.1,42,94861
up,952,1279,1079,0,1033,12.1,42,94861
up,953,1279,1079,0,1033,12.1,42,94861
up,953,1279,1079,0,1033,12.1,42,94861
up,954,1279,1079,0,1033,12.1,42,94861
up,954,1279,1079,0,1033,12.1,42,94861
up,955,1279,1079,0,1033,12.1,42,94861
up,955,1279,1079,0,1033,12.1,42,94861
up,956,1279,1079,0,1033,12.1,42,94861
up,956,1279,1079,0,1033,12.1,42,94861
up,957,1279,1079,0,1033,12.1,42,94861
up,957,1279,1079,0,1033,12.1,42,94861
up,958,1279,1079,0,1033,12.1,42,94861
up,958,1279,1079,0,1033,12.1,42,94861
up,959,1279,1079,0,1033,12.1,42,94861
up,959,1279,1079,0,1033,12.1,42,94861
up,960,1279,1079,0,1033,12.1,42,94861
up,960,1279,1079,0,1033,12.1,42,94861
up,961,1279,1079,0,1033,12.1,42,94861
up,961,1279,1079,0,1033,12.1,42,94861
up,962,1279,1079,0,1033,12.1,42,94861
up,962,1279,1079,0,1033,12.1,42,94861
up,963,1279,1079,0,1033,12.1,42,94861
up,963,1279,1079,0,1033,12.1,42,94861
up,964,1279,1079,0,1033,12.1,42,94861
up,964,1279,1079,0,1033,12.1,42,94861
up,965,1279,1079,0,1033,12.1,42,94861
up,965,1279,1079,0,1033,12.1,42,94861
up,966,1279,1079,0,1033,12.1,42,94861
up,966,1279,1079,0,1033,12.1,42,94861
up,967,1279,1079,0,1033,12.1,42,94861
up,967,1279,1079,0,1033,12.1,42,94861
up,968,1279,1079,0,1033,12.1,42,94861
up,968,1279,1079,0,1033,12.1,42,94861
up,969,1279,1079,0,1033,12.1,42,94861
up,969,1279,1079,0,1033,12.1,42,94861
up,970,1279,1079,0,1033,12.1,42,94861
up,970,1279,1079,0,1033,12.1,42,94861
up,971,1279,1079,0,1033,12.1,42,94861
up,971,1279,1079,0,1033,12.1,42,94861
up,972,1279,1079,0,1033,12.1,42,94861
up,972,1279,1079,0,1033,12.1,42,94861
up,973,1279,1079,0,1033,12.1,42,94861
up,973,1279,1079,0,1033,12.1,42,94861
up,974,1279,1079,0,1033,12.1,42,94861
up,974,1279,1079,0,1033,12.1,42,94861
up,975,1279,1079,0,1033,12.1,42,94861
up,975,1279,1079,0,1033,12.1,42,94861
up,976,1279,1079,0,1033,12.1,42,94861
up,976,1279,1079,0,1033,12.1,42,94861
up,977,1279,1079,0,1033,12.1,42,94861
up,977,1279,1079,0,1033,12.1,42,94861
up,978,1279,1079,0,1033,12.1,42,94861
up,978,1279,1079,0,1033,12.1,42,94861
up,979,1279,1079,0,1033,12.1,42,94861
up,979,1279,1079,0,1033,12.1,42,94861
up,980,1279,1079,0,1033,12.1,42,94861
up,980,1279,1079,0,1033,12.1,42,94861
up,981,1279,1079,0,1033,12.1,42,94861
up,981,1279,1079,0,1033,12.1,42,94861
up,982,1279,1079,0,1033,12.1,42,94861
up,982,1279,1079,0,1033,12.1,42,94861
up,983,1279,1079,0,1033,12.1,42,94861
up,983,1279,1079,0,1033,12.1,42,94861
up,984,1279,1079,0,1033,12.1,42,94861
up,984,1279,1079,0,1033,12.1,42,94861
up,985,1279,1079,0,1033,12.1,42,94861
up,985,1279,1079,0,1033,12.1,42,94861
up,986,1279,1079,0,1033,12.1,42,94861
up,986,1279,1079,0,1033,12.1,42,94861
up,987,1279,1079,0,1033,12.1,42,94861
up,987,1279,1079,0,1033,12.1,42,94861
up,988,1279,1079,0,1033,12.1,42,94861
up,988,1279,1079,0,1033,12.1,42,94861
up,989,1279,1079,0,1033,12.1,42,94861
up,989,1279,1079,0,1033,12.1,42,94861
up,990,1279,1079,0,1033,12.1,42,94861
up,990,1279,1079,0,1033,12.1,42,94861
up,991,1279,1079,0,1033,12.1,42,94861
up,991,1279,1079,0,1033,12.1,42,94861
up,992,1279,1079,0,1033,12.1,42,94861
up,992,1279,1079,0,1033,12.1,42,94861
up,993,1279,1079,0,1033,12.1,42,94861
up,993,1279,1079,0,1033,12.2,42,94861
up,994,1279,1079,0,1033,12.2,42,94861
up,994,1279,1079,0,1033,12.1,42,94861
up,995,1279,1079,0,1033,12.1,42,94861
up,995,1279,1079,0,1033,12.1,42,94861
up,996,1279,1079,0,1033,12.1,42,94861
up,996,1279,1079,0,1033,12.1,42,94861
up,997,1279,1079,0,1033,12.1,42,94861
up,997,1279,1079,0,1033,12.1,42,94861
up,998,1279,1079,0,1033,12.1,42,94861
up,998,1279,1079,0,1033,12.1,42,94861
up,999,1279,1079,0,1033,12.1,42,94861
up,999,1279,1079,0,1033,12.1,42,94861
up,1000,1279,1079,0,1033,12.1,42,94861
up,1000,1279,1079,0,1033,12.1,42,94861
up,1001,1279,1079,0,1033,12.1,42,94861
up,1001,1279,1079,0,1033,12.1,42,94861
up,1002,1279,1079,0,1033,12.1,42,94861
up,1002,1279,1079,0,1033,12.1,42,94861
up,1003,1279,1079,0,1033,12.1,42,94861
up,1003,1279,1079,0,1033,12.1,42,94861
up,1004,1279,1079,0,1033,12.1,42,94861
up,1004,1279,1079,0,1033,12.1,42,94861
up,1005,1279,1079,0,1033,12.1,42,94861
up,1005,1279,1079,0,1033,12.1,42,94861
up,1006,1279,1079,0,1033,12.1,42,94861
up,1006,1279,1079,0,1033,12.1,42,94861
up,1007,1279,1079,0,1033,12.1,42,94861
up,1007,1279,1079,0,1033,12.1,41,94861
up,1008,1279,1079,0,1033,12.1,41,94861
up,1008,1279,1079,0,1033,12.1,42,94861
up,1009,1279,1079,0,1033,12.1,42,94861
up,1009,1279,1079,0,1033,12.1,42,94861
up,1010,1279,1079,0,1033,12.1,42,94861
up,1010,1279,1079,0,1033,12.1,41,94861
up,1011,1279,1079,0,1033,12.1,41,94861
up,1011,1279,1079,0,1033,12.1,42,94861
up,1012,1279,1079,0,1033,12.1,42,94861
up,1012,1279,1079,0,1033,12.1,42,94861
up,1013,1279,1079,0,1033,12.1,42,94861
up,1013,1279,1079,0,1033,12.1,42,94861
up,1014,1279,1079,0,1033,12.1,42,94861
up,1014,1279,1079,0,1033,12.1,42,94861
up,1015,1279,1079,0,1033,12.1,42,94861
up,1015,1279,1079,0,1033,12.1,42,94861
up,1016,1279,1079,0,1033,12.1,42,94861
up,1016,1279,1079,0,1033,12.1,42,94861
up,1017,1279,1079,0,1033,12.1,42,94861
up,1017,1279,1079,0,1033,12.1,42,94861
up,1018,1279,1079,0,1033,12.1,42,94861
up,1018,1279,1079,0,1033,12.1,42,94861
up,1019,1279,1079,0,1033,12.1,42,94861
up,1019,1279,1079,0,1033,12.1,42,94861
up,1020,1279,1079,0,1033,12.1,42,94861
up,1020,1279,1079,0,1033,12.1,42,94861
up,1021,1279,1079,0,1033,12.1,42,94861
up,1021,1279,1079,0,1033,12.1,42,94861
up,1022,1279,1079,0,1033,12.1,42,94861
up,1022,1279,1079,0,1033,12.1,42,94861
up,1023,1279,1079,0,1033,12.1,42,94861
up,1023,1279,1079,0,1033,12.1,42,94861
up,1024,1279,1079,0,1033,12.1,42,94861
up,1024,1279,1079,0,1033,12.1,42,94861
up,1025,1279,1079,0,1033,12.1,42,94861
up,1025,1279,1079,0,1033,12.1,42,94861
up,1026,1279,1079,0,1033,12.1,42,94861
up,1026,1279,1079,0,1033,12.1,42,94861
up,1027,1279,1079,0,1033,12.1,42,94861
up,1027,1279,1079,0,1033,12.1,42,94861
up,1028,1279,1079,0,1033,12.1,42,94861
up,1028,1279,1079,0,1033,12.1,42,94861
up,1029,1279,1079,0,1033,12.1,42,94861
up,1029,1279,1079,0,1033,12.1,42,94861
up,1030,1279,1079,0,1033,12.1,42,94861
up,1030,1279,1079,0,1033,12.1,42,94861
up,1031,1279,1079,0,1033,12.1,42,94861
up,1031,1279,1079,0,1033,12.1,42,94861
up,1032,1279,1079,0,1033,12.2,42,94861
up,1032,1279,1079,0,1033,12.2,42,94861
up,1033,1279,1079,0,1033,12.1,42,94861
up,1033,1279,1079,0,1033,12.1,42,94861
up,1034,1279,1079,0,1033,12.1,42,94861
up,1034,1279,1079,0,1033,12.1,42,94861
up,1035,1279,1079,0,1033,12.1,42,94861
up,1035,1279,1079,0,1033,12.1,42,94861
up,1036,1279,1079,0,1033,12.1,42,94861
up,1036,1279,1079,0,1033,12.1,42,94861
up,1037,1279,1079,0,1033,12.1,42,94861
up,1037,1279,1079,0,1033,12.1,42,94861
up,1038,1279,1079,0,1033,12.1,42,94861
up,1038,1279,1079,0,1033,12.1,42,94861
up,1039,1279,1079,0,1033,12.1,42,94861
up,1039,1279,1079,0,1033,12.1,42,94861
up,1040,1279,1079,0,1033,12.1,42,94861
up,1040,1279,1079,0,1033,12.1,42,94861
up,1041,1279,1079,0,1033,12.1,42,94861
up,1041,1279,1079,0,1033,12.1,42,94861
up,1042,1279,1079,0,1033,12.1,42,94861
up,1042,1279,1079,0,1033,12.1,42,94861
up,1043,1279,1079,0,1033,12.1,42,94861
up,1043,1279,1079,0,1033,12.1,42,94861
up,1044,1279,1079,0,1033,12.1,42,94861
up,1044,1279,1079,0,1033,12.1,42,94861
up,1045,1279,1079,0,1033,12.2,42,94861
up,1045,1279,1079,0,1033,12.2,42,94861
up,1046,1279,1079,0,1033,12.1,42,94861
up,1046,1279,1079,0,1033,12.1,42,94861
up,1047,1279,1079,0,1033,12.1,42,94861
up,1047,1279,1079,0,1033,12.1,42,94861
up,1048,1279,1079,0,1033,12.1,42,94861
up,1048,1279,1079,0,1033,12.1,42,94861
up,1049,1279,1079,0,1033,12.1,42,94861
up,1049,1279,1079,0,1033,12.1,42,94861
up,1050,1279,1079,0,1033,12.1,42,94861
up,1050,1279,1079,0,1033,12.1,42,94861
up,1051,1279,1079,0,1033,12.1,42,94861
up,1051,1279,1079,0,1033,12.1,42,94861
up,1052,1279,1079,0,1033,12.1,42,94861
up,1052,1279,1079,0,1033,12.1,42,94861
up,1053,1279,1079,0,1033,12.1,42,94861
up,1053,1279,1079,0,1033,12.1,42,94861
up,1054,1279,1079,0,1033,12.1,42,94861
up,1054,1279,1079,0,1033,12.1,42,94861
up,1055,1279,1079,0,1033,12.1,42,94861
up,1055,1279,1079,0,1033,12.1,42,94861
up,1056,1279,1079,0,1033,12.1,42,94861
up,1056,1279,1079,0,1033,12.1,42,94861
up,1057,1279,1079,0,1033,12.1,42,94861
up,1057,1279,1079,0,1033,12.1,42,94861
up,1058,1279,1079,0,1033,12.1,42,94861
up,1058,1279,1079,0,1033,12.1,42,94861
up,1059,1279,1079,0,1033,12.1,42,94861
up,1059,1279,1079,0,1033,12.1,42,94861
up,1060,1279,1079,0,1033,12.1,42,94861
up,1060,1279,1079,0,1033,12.1,42,94861
up,1061,1279,1079,0,1033,12.1,42,94861
up,1061,1279,1079,0,1033,12.1,42,94861
up,1062,1279,1079,0,1033,12.1,42,94861
up,1062,1279,1079,0,1033,12.1,42,94861
up,1063,1279,1079,0,1033,12.1,42,94861
up,1063,1279,1079,0,1033,12.1,42,94861
up,1063,1279,1079,0,1033,12.1,42,94861
up,1064,1279,1079,0,1033,12.1,42,94861
up,1064,1279,1079,0,1033,12.1,42,94861
up,1065,1279,1079,0,1033,12.1,42,94861
up,1065,1279,1079,0,1033,12.1,42,94861
up,1066,1279,1079,0,1033,12.1,42,94861
up,1066,1279,1079,0,1033,12.1,42,94861
up,1067,1279,1079,0,1033,12.1,42,94861
up,1067,1279,1079,0,1033,12.1,42,94861
up,1068,1279,1079,0,1033,12.1,42,94861
up,1068,1279,1079,0,1033,12.1,42,94861
up,1069,1279,1079,0,1033,12.1,42,94861
up,1069,1279,1079,0,1033,12.1,42,94861
up,1070,1279,1079,0,1033,12.1,42,94861
up,1070,1279,1079,0,1033,12.1,42,94861
up,1071,1279,1079,0,1033,12.1,42,94861
up,1071,1279,1079,0,1033,12.1,42,94861
up,1072,1279,1079,0,1033,12.1,42,94861
up,1072,1279,1079,0,1033,12.1,42,94861
up,1073,1279,1079,0,1033,12.1,42,94861
up,1073,1279,1079,0,1033,12.1,42,94861
up,1074,1279,1079,0,1033,12.1,42,94861
up,1074,1279,1079,0,1033,12.1,42,94861
up,1075,1279,1079,0,1033,12.1,42,94861
up,1075,1279,1079,0,1033,12.1,42,94861
up,1076,1279,1079,0,1033,12.1,42,94861
up,1076,1279,1079,0,1033,12.1,42,94861
up,1077,1279,1079,0,1033,12.1,42,94861
up,1077,1279,1079,0,1033,12.1,42,94861
up,1078,1279,1079,0,1033,12.1,42,94861
up,1078,1279,1079,0,1033,12.1,42,94861
up,1079,1279,1079,0,1033,12.1,42,94861
up,1079,1279,1079,0,1033,12.1,42,94861
up,1080,1279,1079,0,1033,12.1,42,94861
up,1080,1279,1079,0,1033,12.1,42,94861
up,1081,1279,1079,0,1033,12.1,42,94861
up,1081,1279,1079,0,1033,12.1,42,94861
up,1082,1279,1079,0,1033,12.1,42,94861
up,1082,1279,1079,0,1033,12.1,42,94861
up,1083,1279,1079,0,1033,12.1,42,94861
up,1083,1279,1079,0,1033,12.1,42,94861
up,1084,1279,1079,0,1033,12.1,42,94861
up,1084,1279,1079,0,1033,12.1,42,94861
up,1085,1279,1079,0,1033,12.1,42,94861
up,1085,1279,1079,0,1033,12.1,42,94861
up,1086,1279,1079,0,1033,12.1,42,94861
up,1086,1279,1079,0,1033,12.1,42,94861
up,1087,1279,1079,0,1033,12.1,42,94861
up,1087,1279,1079,0,1033,12.1,42,94861
up,1088,1279,1079,0,1033,12.1,42,94861
up,1088,1279,1079,0,1033,12.1,42,94861
up,1089,1279,1079,0,1033,12.1,42,94861
up,1089,1279,1079,0,1033,12.1,42,94861
up,1090,1279,1079,0,1033,12.1,42,94861
up,1090,1279,1079,0,1033,12.1,42,94861
up,1091,1279,1079,0,1033,12.1,42,94861
up,1091,1279,1079,0,1033,12.1,42,94861
up,1092,1279,1079,0,1033,12.1,42,94861
up,1092,1279,1079,0,1033,12.1,42,94861
up,1093,1279,1079,0,1033,12.1,42,94861
up,1093,1279,1079,0,1033,12.1,42,94861
up,1094,1279,1079,0,1033,12.1,42,94861
up,1094,1279,1079,0,1033,12.1,42,94861
up,1095,1279,1079,0,1033,12.1,42,94861
up,1095,1279,1079,0,1033,12.1,42,94861
up,1096,1279,1079,0,1033,12.1,42,94861
up,1096,1279,1079,0,1033,12.1,42,94861
up,1097,1279,1079,0,1033,12.1,42,94861
up,1097,1279,1079,0,1033,12.1,42,94861
up,1098,1279,1079,0,1033,12.1,42,94861
up,1098,1279,1079,0,1033,12.1,42,94861
up,1099,1279,1079,0,1033,12.1,42,94861
up,1099,1279,1079,0,1033,12.1,42,94861
up,1100,1279,1079,0,1033,12.1,42,94861
up,1100,1279,1079,0,1033,12.1,42,94861
up,1101,1279,1079,0,1033,12.1,42,94861
up,1101,1279,1079,0,1033,12.1,42,94861
up,1102,1279,1079,0,1033,12.1,42,94861
up,1102,1279,1079,0,1033,12.1,42,94861
up,1103,1279,1079,0,1033,12.1,42,94861
up,1103,1279,1079,0,1033,12.1,42,94861
up,1104,1279,1079,0,1033,12.1,42,94861
up,1104,1279,1079,0,1033,12.1,42,94861
up,1105,1279,1079,0,1033,12.1,42,94861
up,1105,1279,1079,0,1033,12.1,42,94861
up,1106,1279,1079,0,1033,12.1,42,94861
up,1106,1279,1079,0,1033,12.1,42,94861
up,1107,1279,1079,0,1033,12.1,42,94861
up,1107,1279,1079,0,1033,12.1,42,94861
up,1108,1279,1079,0,1033,12.1,42,94861
up,1108,1279,1079,0,1033,12.1,42,94861
up,1109,1279,1079,0,1033,12.1,42,94861
up,1109,1279,1079,0,1033,12.1,42,94861
up,1110,1279,1079,0,1033,12.1,42,94861
up,1110,1279,1079,0,1033,12.1,42,94861
up,1110,1279,1079,0,1033,12.2,42,94861
up,1111,1279,1079,0,1033,12.2,42,94861
up,1111,1279,1079,0,1033,12.1,42,94861
up,1112,1279,1079,0,1033,12.1,42,94861
up,1113,1279,1079,0,1033,12.1,42,94861
up,1113,1279,1079,0,1033,12.1,42,94861
up,1114,1279,1079,0,1033,12.1,42,94861
up,1114,1279,1079,0,1033,12.1,42,94861
up,1115,1279,1079,0,1033,12.1,42,94861
up,1115,1279,1079,0,1033,12.1,42,94861
up,1116,1279,1079,0,1033,12.1,42,94861
up,1116,1279,1079,0,1033,12.1,42,94861
up,1117,1279,1079,0,1033,12.1,42,94861
up,1117,1279,1079,0,1033,12.1,42,94861
up,1118,1279,1079,0,1033,12.1,42,94861
up,1118,1279,1079,0,1033,12.1,42,94861
up,1119,1279,1079,0,1033,12.1,42,94861
up,1119,1279,1079,0,1033,12.1,42,94861
up,1120,1279,1079,0,1033,12.1,42,94861
up,1120,1279,1079,0,1033,12.1,42,94861
up,1121,1279,1079,0,1033,12.1,42,94861
up,1121,1279,1079,0,1033,12.1,42,94861
up,1122,1279,1079,0,1033,12.1,42,94861
up,1122,1279,1079,0,1033,12.1,42,94861
up,1123,1279,1079,0,1033,12.1,42,94861
up,1123,1279,1079,0,1033,12.1,42,94861
up,1123,1279,1079,0,1033,12.1,42,94861
up,1124,1279,1079,0,1033,12.1,42,94861
up,1124,1279,1079,0,1033,12.1,42,94861
up,1125,1279,1079,0,1033,12.1,42,94861
up,1125,1279,1079,0,1033,12.1,42,94861
up,1126,1279,1079,0,1033,12.1,42,94861
up,1126,1279,1079,0,1033,12.1,42,94861
up,1127,1279,1079,0,1033,12.1,42,94861
up,1127,1279,1079,0,1033,12.2,42,94861
up,1128,1279,1079,0,1033,12.2,42,94861
up,1129,1279,1079,0,1033,12.1,42,94861
up,1129,1279,1079,0,1033,12.1,42,94861
up,1130,1279,1079,0,1033,12.1,42,94861
up,1130,1279,1079,0,1033,12.1,42,94861
up,1131,1279,1079,0,1033,12.1,42,94861
up,1131,1279,1079,0,1033,12.1,42,94861
up,1132,1279,1079,0,1033,12.1,42,94861
up,1132,1279,1079,0,1033,12.1,42,94861
up,1133,1279,1079,0,1033,12.1,42,94861
up,1133,1279,1079,0,1033,12.1,42,94861
up,1134,1279,1079,0,1033,12.1,42,94861
up,1134,1279,1079,0,1033,12.1,42,94861
up,1135,1279,1079,0,1033,12.1,42,94861
up,1135,1279,1079,0,1033,12.1,42,94861
up,1136,1279,1079,0,1033,12.1,42,94861
up,1136,1279,1079,0,1033,12.1,42,94861
up,1137,1279,1079,0,1033,12.1,42,94861
up,1137,1279,1079,0,1033,12.1,42,94861
up,1138,1279,1079,0,1033,12.1,42,94861
up,1138,1279,1079,0,1033,12.1,42,94861
up,1139,1279,1079,0,1033,12.1,42,94861
up,1139,1279,1079,0,1033,12.1,42,94861
up,1140,1279,1079,0,1033,12.1,42,94861
up,1140,1279,1079,0,1033,12.1,42,94861
up,1141,1279,1079,0,1033,12.1,42,94861
up,1141,1279,1079,0,1033,12.1,42,94861
up,1141,1279,1079,0,1033,12.1,42,94861
up,1142,1279,1079,0,1033,12.1,42,94861
up,1142,1279,1079,0,1033,12.1,42,94861
up,1143,1279,1079,0,1033,12.1,42,94861
up,1143,1279,1079,0,1033,12.1,42,94861
up,1144,1279,1079,0,1033,12.1,42,94861
up,1144,1279,1079,0,1033,12.1,42,94861
up,1145,1279,1079,0,1033,12.1,42,94861
up,1145,1279,1079,0,1033,12.1,42,94861
up,1146,1279,1079,0,1033,12.1,42,94861
up,1147,1279,1079,0,1033,12.2,42,94861
up,1147,1279,1079,0,1033,12.2,42,94861
up,1148,1279,1079,0,1033,12.1,42,94861
up,1148,1279,1079,0,1033,12.1,42,94861
up,1149,1279,1079,0,1033,12.1,42,94861
up,1149,1279,1079,0,1033,12.1,42,94861
up,1149,1279,1079,0,1033,12.1,42,94861
up,1150,1279,1079,0,1033,12.1,42,94861
up,1150,1279,1079,0,1033,12.2,42,94861
up,1151,1279,1079,0,1033,12.2,42,94861
up,1151,1279,1079,0,1033,12.1,42,94861
up,1152,1279,1079,0,1033,12.1,42,94861
up,1152,1279,1079,0,1033,12.1,42,94861
up,1153,1279,1079,0,1033,12.1,42,94861
up,1153,1279,1079,0,1033,12.1,42,94861
up,1154,1279,1079,0,1033,12.1,42,94861
up,1155,1279,1079,0,1033,12.1,42,94861
up,1155,1279,1079,0,1033,12.1,42,94861
up,1155,1279,1079,0,1033,12.1,42,94861
up,1156,1279,1079,0,1033,12.1,42,94861
up,1156,1279,1079,0,1033,12.1,42,94861
up,1157,1279,1079,0,1033,12.1,42,94861
up,1157,1279,1079,0,1033,12.1,42,94861
up,1158,1279,1079,0,1033,12.1,42,94861
up,1158,1279,1079,0,1033,12.1,42,94861
up,1159,1279,1079,0,1033,12.1,42,94861
up,1159,1279,1079,0,1033,12.1,42,94861
up,1160,1279,1079,0,1033,12.1,42,94861
up,1160,1279,1079,0,1033,12.1,42,94861
up,1161,1279,1079,0,1033,12.1,42,94861
up,1161,1279,1079,0,1033,12.1,42,94861
up,1162,1279,1079,0,1033,12.1,42,94861
up,1162,1279,1079,0,1033,12.1,42,94861
up,1163,1279,1079,0,1033,12.1,42,94861
up,1164,1279,1079,0,1033,12.1,42,94861
up,1165,1279,1079,0,1033,12.1,42,94861
up,1165,1279,1079,0,1033,12.1,42,94861
up,1166,1279,1079,0,1033,12.1,42,94861
up,1166,1279,1079,0,1033,12.1,42,94861
up,1167,1279,1079,0,1033,12.1,42,94861
up,1167,1279,1079,0,1033,12.1,42,94861
up,1168,1279,1079,0,1033,12.1,42,94861
up,1169,1279,1079,0,1033,12.1,42,94861
up,1169,1279,1079,0,1033,12.1,42,94861
up,1170,1279,1079,0,1033,12.1,42,94861
up,1170,1279,1079,0,1033,12.1,42,94861
up,1170,1279,1079,0,1033,12.1,42,94861
up,1171,1279,1079,0,1033,12.1,42,94861
up,1171,1279,1079,0,1033,12.1,42,94861
up,1172,1279,1079,0,1033,12.1,42,94861
up,1172,1279,1079,0,1033,12.1,42,94861
up,1173,1279,1079,0,1033,12.1,42,94861
up,1173,1279,1079,0,1033,12.1,42,94861
up,1174,1279,1079,0,1033,12.1,42,94861
up,1174,1279,1079,0,1033,12.1,42,94861
up,1175,1279,1079,0,1033,12.1,42,94861
up,1175,1279,1079,0,1033,12.1,42,94861
up,1176,1279,1079,0,1033,12.1,42,94861
up,1176,1279,1079,0,1033,12.1,42,94861
up,1177,1279,1079,0,1033,12.1,42,94861
up,1177,1279,1079,0,1033,12.1,42,94861
up,1178,1279,1079,0,1033,12.1,42,94861
up,1178,1279,1079,0,1033,12.1,42,94861
up,1179,1279,1079,0,1033,12.1,42,94861
up,1179,1279,1079,0,1033,12.1,42,94861
up,1180,1279,1079,0,1033,12.1,42,94861
up,1180,1279,1079,0,1033,12.1,42,94861
up,1181,1279,1079,0,1033,12.1,42,94861
up,1181,1279,1079,0,1033,12.1,42,94861
up,1182,1279,1079,0,1033,12.1,42,94861
up,1182,1279,1079,0,1033,12.1,42,94861
up,1183,1279,1079,0,1033,12.1,42,94861
up,1183,1279,1079,0,1033,12.1,42,94861
up,1184,1279,1079,0,1033,12.1,42,94861
up,1184,1279,1079,0,1033,12.1,42,94861
up,1185,1279,1079,0,1033,12.1,42,94861
up,1185,1279,1079,0,1033,12.1,42,94861
up,1186,1279,1079,0,1033,12.1,42,94861
up,1186,1279,1079,0,1033,12.1,42,94861
up,1187,1279,1079,0,1033,12.1,42,94861
up,1187,1279,1079,0,1033,12.2,42,94861
up,1188,1279,1079,0,1033,12.2,42,94861
up,1188,1279,1079,0,1033,12.1,42,94861
up,1189,1279,1079,0,1033,12.1,42,94861
up,1189,1279,1079,0,1033,12.2,42,94861
up,1190,1279,1079,0,1033,12.2,42,94861
up,1190,1279,1079,0,1033,12.1,42,94861
up,1191,1279,1079,0,1033,12.1,42,94861
up,1191,1279,1079,0,1033,12.1,42,94861
up,1192,1279,1079,0,1033,12.1,42,94861
up,1192,1279,1079,0,1033,12.1,42,94861
up,1193,1279,1079,0,1033,12.1,42,94861
up,1193,1279,1079,0,1033,12.1,42,94861
up,1194,1279,1079,0,1033,12.1,42,94861
up,1194,1279,1079,0,1033,12.1,42,94861
up,1195,1279,1079,0,1033,12.1,42,94861
up,1195,1279,1079,0,1033,12.1,42,94861
up,1196,1279,1079,0,1033,12.1,42,94861
up,1196,1279,1079,0,1033,12.1,42,94861
up,1197,1279,1079,0,1033,12.1,42,94861
up,1197,1279,1079,0,1033,12.1,42,94861
up,1198,1279,1079,0,1033,12.1,42,94861
up,1198,1279,1079,0,1033,12.1,42,94861
up,1199,1279,1079,0,1033,12.1,42,94861
up,1199,1279,1079,0,1033,12.1,42,94861
up,1200,1279,1079,0,1033,12.1,42,94861
up,1200,1279,1079,0,1033,12.1,42,94861
up,1201,1279,1079,0,1033,12.1,42,94861
up,1201,1279,1079,0,1033,12.1,42,94861
up,1202,1279,1079,0,1033,12.1,42,94861
up,1202,1279,1079,0,1033,12.1,42,94861
up,1203,1279,1079,0,1033,12.1,42,94861
up,1203,1279,1079,0,1033,12.1,42,94861
up,1204,1279,1079,0,1033,12.1,42,94861
up,1204,1279,1079,0,1033,12.1,42,94861
up,1205,1279,1079,0,1033,12.1,42,94861
up,1205,1279,1079,0,1033,12.1,42,94861
up,1206,1279,1079,0,1033,12.1,42,94861
up,1206,1279,1079,0,1033,12.2,42,94861
up,1207,1279,1079,0,1033,12.2,42,94861
up,1207,1279,1079,0,1033,12.1,42,94861
up,1208,1279,1079,0,1033,12.1,42,94861
up,1208,1279,1079,0,1033,12.1,42,94861
up,1209,1279,1079,0,1033,12.1,42,94861
up,1209,1279,1079,0,1033,12.1,42,94861
up,1210,1279,1079,0,1033,12.1,42,94861
up,1210,1279,1079,0,1033,12.1,42,94861
up,1211,1279,1079,0,1033,12.1,42,94861
up,1211,1279,1079,0,1033,12.1,42,94861
up,1212,1279,1079,0,1033,12.1,42,94861
up,1212,1279,1079,0,1033,12.1,42,94861
up,1213,1279,1079,0,1033,12.1,42,94861
up,1213,1279,1079,0,1033,12.1,42,94861
up,1214,1279,1079,0,1033,12.1,42,94861
up,1214,1279,1079,0,1033,12.1,42,94861
up,1215,1279,1079,0,1033,12.1,42,94861
up,1216,1279,1079,0,1033,12.1,42,94861
up,1216,1279,1079,0,1033,12.1,42,94861
up,1217,1279,1079,0,1033,12.1,42,94861
up,1217,1279,1079,0,1033,12.1,42,94861
up,1218,1279,1079,0,1033,12.1,42,94861
up,1218,1279,1079,0,1033,12.1,42,94861
up,1219,1279,1079,0,1033,12.1,42,94861
up,1219,1279,1079,0,1033,12.1,42,94861
up,1220,1279,1079,0,1033,12.1,42,94861
up,1220,1279,1079,0,1033,12.1,42,94861
up,1221,1279,1079,0,1033,12.1,42,94861
up,1221,1279,1079,0,1033,12.1,42,94861
up,1222,1279,1079,0,1033,12.1,42,94861
up,1222,1279,1079,0,1033,12.1,42,94861
up,1223,1279,1079,0,1033,12.1,42,94861
up,1223,1279,1079,0,1033,12.1,42,94861
up,1224,1279,1079,0,1033,12.1,42,94861
up,1224,1279,1079,0,1033,12.1,42,94861
up,1225,1279,1079,0,1033,12.1,42,94861
up,1225,1279,1079,0,1033,12.1,42,94861
up,1226,1279,1079,0,1033,12.1,42,94861
up,1226,1279,1079,0,1033,12.1,42,94861
up,1226,1279,1079,0,1033,12.1,42,94861
up,1227,1279,1079,0,1033,12.1,42,94861
up,1227,1279,1079,0,1033,12.1,42,94861
up,1228,1279,1079,0,1033,12.1,42,94861
up,1228,1279,1079,0,1033,12.1,42,94861
up,1229,1279,1079,0,1033,12.1,42,94861
up,1229,1279,1079,0,1033,12.1,42,94861
up,1230,1279,1079,0,1033,12.1,42,94861
up,1230,1279,1079,0,1033,12.1,42,94861
up,1231,1279,1079,0,1033,12.1,42,94861
up,1232,1279,1079,0,1033,12.1,42,94861
up,1232,1279,1079,0,1033,12.2,42,94861
up,1233,1279,1079,0,1033,12.2,42,94861
up,1233,1279,1079,0,1033,12.1,42,94861
up,1234,1279,1079,0,1033,12.1,42,94861
up,1234,1279,1079,0,1033,12.1,42,94861
up,1235,1279,1079,0,1033,12.1,42,94861
up,1235,1279,1079,0,1033,12.1,42,94861
up,1236,1279,1079,0,1033,12.2,42,94861
up,1236,1279,1079,0,1033,12.2,42,94861
up,1237,1279,1079,0,1033,12.1,42,94861
up,1237,1279,1079,0,1033,12.1,42,94861
up,1238,1279,1079,0,1033,12.1,42,94861
up,1238,1279,1079,0,1033,12.1,42,94861
up,1239,1279,1079,0,1033,12.1,42,94861
up,1240,1279,1079,0,1033,12.1,42,94861
up,1240,1279,1079,0,1033,12.1,42,94861
up,1241,1279,1079,0,1033,12.1,42,94861
up,1241,1279,1079,0,1033,12.1,42,94861
up,1242,1279,1079,0,1033,12.1,42,94861
up,1242,1279,1079,0,1033,12.1,42,94861
up,1243,1279,1079,0,1033,12.1,42,94861
up,1243,1279,1079,0,1033,12.2,42,94861
up,1244,1279,1079,0,1033,12.2,42,94861
up,1244,1279,1079,0,1033,12.1,42,94861
up,1245,1279,1079,0,1033,12.1,42,94861
up,1245,1279,1079,0,1033,12.1,42,94861
up,1245,1279,1079,0,1033,12.1,42,94861
up,1246,1279,1079,0,1033,12.1,42,94861
up,1247,1279,1079,0,1033,12.1,42,94861
up,1248,1279,1079,0,1033,12.1,42,94861
up,1249,1279,1079,0,1033,12.1,42,94861
up,1250,1279,1079,0,1033,12.1,42,94861
up,1250,1279,1079,0,1033,12.1,42,94861
up,1251,1279,1079,0,1033,12.1,42,94861
up,1251,1279,1079,0,1033,12.1,42,94861
up,1252,1279,1079,0,1033,12.1,42,94861
up,1252,1279,1079,0,1033,12.1,42,94861
up,1253,1279,1079,0,1033,12.1,42,94861
up,1253,1279,1079,0,1033,12.1,42,94861
up,1254,1279,1079,0,1033,12.1,42,94861
up,1254,1279,1079,0,1033,12.1,42,94861
up,1255,1279,1079,0,1033,12.1,42,94861
up,1255,1279,1079,0,1033,12.1,42,94861
up,1256,1279,1079,0,1033,12.1,42,94861
up,1256,1279,1079,0,1033,12.1,42,94861
up,1257,1279,1079,0,1033,12.1,42,94861
up,1257,1279,1079,0,1033,12.1,42,94861
up,1258,1279,1079,0,1033,12.1,42,94861
up,1258,1279,1079,0,1033,12.1,42,94861
up,1259,1279,1079,0,1033,12.1,42,94861
up,1259,1279,1079,0,1033,12.1,42,94861
up,1260,1279,1079,0,1033,12.1,42,94861
up,1260,1279,1079,0,1033,12.1,42,94861
up,1261,1279,1079,0,1033,12.1,42,94861
up,1261,1279,1079,0,1033,12.1,42,94861
up,1262,1279,1079,0,1033,12.1,42,94861
up,1262,1279,1079,0,1033,12.2,42,94861
up,1263,1279,1079,0,1033,12.2,42,94861
up,1263,1279,1079,0,1033,12.1,42,94861
up,1263,1279,1079,0,1033,12.1,42,94861
up,1264,1279,1079,0,1033,12.1,42,94861
up,1265,1279,1079,0,1033,12.1,42,94861
up,1266,1279,1079,0,1033,12.1,42,94861
up,1266,1279,1079,0,1033,12.1,42,94861
up,1267,1279,1079,0,1033,12.1,42,94861
up,1267,1279,1079,0,1033,12.1,42,94861
up,1268,1279,1079,0,1033,12.1,42,94861
up,1268,1279,1079,0,1033,12.2,42,94861
up,1269,1279,1079,0,1033,12.2,42,94861
up,1269,1279,1079,0,1033,12.1,42,94861
up,1270,1279,1079,0,1033,12.1,42,94861
up,1270,1279,1079,0,1033,12.1,42,94861
up,1270,1279,1079,0,1033,12.1,42,94861
up,1271,1279,1079,0,1033,12.1,42,94861
up,1271,1279,1079,0,1033,12.1,42,94861
up,1272,1279,1079,0,1033,12.1,42,94861
up,1272,1279,1079,0,1033,12.1,42,94861
up,1273,1279,1079,0,1033,12.1,42,94861
up,1273,1279,1079,0,1033,12.1,42,94861
up,1274,1279,1079,0,1033,12.1,42,94861
up,1274,1279,1079,0,1033,12.1,42,94861
up,1275,1279,1079,0,1033,12.1,42,94861
up,1275,1279,1079,0,1033,12.1,42,94861
up,1276,1279,1079,0,1033,12.1,42,94861
up,1276,1279,1079,0,1033,12.1,42,94861
up,1277,1279,1079,0,1033,12.1,42,94861
up,1277,1279,1079,0,1033,12.1,42,94861
up,1278,1279,1079,0,1033,11.7,42,94861
up,1278,1279,1079,0,1033,11.7,42,94861
up,1279,1279,1079,0,1033,12.1,42,94861
up,1279,1279,1079,0,1033,12.1,42,94861
up,1280,1279,1079,0,1033,12.1,42,94861
up,1280,1279,1079,0,1033,12.1,42,94861
up,1281,1279,1079,0,1033,12.1,42,94861
up,1281,1279,1079,0,1033,12.1,42,94861
up,1282,1279,1079,0,1033,12.1,42,94861
up,1283,1279,1079,0,1033,12.1,42,94861
up,1283,1279,1079,0,1033,12.1,42,94861
up,1284,1279,1079,0,1033,12.2,42,94861
up,1284,1279,1079,0,1033,12.2,42,94861
up,1285,1279,1079,0,1033,12.1,42,94861
up,1285,1279,1079,0,1033,12.1,42,94861
up,1286,1279,1079,0,1033,12.1,42,94861
up,1286,1279,1079,0,1033,12.1,42,94861
up,1287,1279,1079,0,1033,12.1,42,94861
up,1287,1279,1079,0,1033,12.1,42,94861
up,1288,1279,1079,0,1033,12.1,42,94861
up,1288,1279,1079,0,1033,12.1,42,94861
up,1289,1279,1079,0,1033,12.1,42,94861
up,1289,1279,1079,0,1033,12.1,42,94861
up,1290,1279,1079,0,1033,12.1,42,94861
up,1290,1279,1079,0,1033,12.1,42,94861
up,1291,1279,1079,0,1033,12.1,42,94861
up,1291,1279,1079,0,1033,12.1,42,94861
up,1292,1279,1079,0,1033,12.2,42,94861
up,1292,1279,1079,0,1033,12.2,42,94861
up,1293,1279,1079,0,1033,12.1,42,94861
up,1293,1279,1079,0,1033,12.1,42,94861
up,1294,1279,1079,0,1033,12.1,42,94861
up,1294,1279,1079,0,1033,12.1,42,94861
up,1295,1279,1079,0,1033,12.1,42,94861
up,1295,1279,1079,0,1033,12.1,42,94861
up,1296,1279,1079,0,1033,12.1,42,94861
up,1296,1279,1079,0,1033,12.1,42,94861
up,1297,1279,1079,0,1033,12.1,42,94861
up,1297,1279,1079,0,1033,12.1,42,94861
up,1298,1279,1079,0,1033,12.1,42,94861
up,1299,1279,1079,0,1033,12.1,42,94861
up,1299,1279,1079,0,1033,12.1,42,94861
up,1300,1279,1079,0,1033,12.1,42,94861
up,1300,1279,1079,0,1033,12.1,42,94861
up,1301,1279,1079,0,1033,12.1,42,94861
up,1301,1279,1079,0,1033,12.1,42,94861
up,1302,1279,1079,0,1033,12.1,42,94861
up,1302,1279,1079,0,1033,12.1,42,94861
up,1303,1279,1079,0,1033,12.1,42,94861
up,1303,1279,1079,0,1033,12.1,42,94861
up,1304,1279,1079,0,1033,12.1,42,94861
up,1304,1279,1079,0,1033,12.1,42,94861
up,1305,1279,1079,0,1033,12.1,42,94861
up,1305,1279,1079,0,1033,12.1,42,94861
up,1306,1279,1079,0,1033,12.1,42,94861
up,1306,1279,1079,0,1033,12.1,42,94861
up,1307,1279,1079,0,1033,12.1,42,94861
up,1307,1279,1079,0,1033,12.1,42,94861
up,1308,1279,1079,0,1033,12.1,42,94861
up,1308,1279,1079,0,1033,12.1,42,94861
up,1309,1279,1079,0,1033,12.1,42,94861
up,1309,1279,1079,0,1033,12.1,42,94861
up,1310,1279,1079,0,1033,12.1,42,94861
up,1310,1279,1079,0,1033,12.1,42,94861
up,1311,1279,1079,0,1033,12.1,42,94861
up,1311,1279,1079,0,1033,12.1,42,94861
up,1312,1279,1079,0,1033,12.1,42,94861
up,1312,1279,1079,0,1033,12.1,42,94861
up,1313,1279,1079,0,1033,12.1,42,94861
up,1313,1279,1079,0,1033,12.1,42,94861
up,1314,1279,1079,0,1033,12.1,42,94861
up,1314,1279,1079,0,1033,12.1,42,94861
up,1315,1279,1079,0,1033,12.1,42,94861
up,1315,1279,1079,0,1033,12.1,42,94861
up,1316,1279,1079,0,1033,12.1,42,94861
up,1316,1279,1079,0,1033,12.1,42,94861
up,1317,1279,1079,0,1033,12.1,42,94861
up,1317,1279,1079,0,1033,12.1,42,94861
up,1318,1279,1079,0,1033,12.1,42,94861
up,1318,1279,1079,0,1033,12.1,42,94861
up,1319,1279,1079,0,1033,12.1,42,94861
up,1319,1279,1079,0,1033,12.1,42,94861
up,1320,1279,1079,0,1033,12.1,42,94861
up,1320,1279,1079,0,1033,12.1,42,94861
up,1321,1279,1079,0,1033,12.1,42,94861
up,1321,1279,1079,0,1033,12.1,42,94861
up,1322,1279,1079,0,1033,12.1,42,94861
up,1322,1279,1079,0,1033,12.1,42,94861
up,1323,1279,1079,0,1033,12.1,42,94861
up,1323,1279,1079,0,1033,12.1,42,94861
up,1324,1279,1079,0,1033,12.1,42,94861
up,1324,1279,1079,0,1033,12.1,42,94861
up,1325,1279,1079,0,1033,12.1,42,94861
up,1325,1279,1079,0,1033,12.1,42,94861
up,1326,1279,1079,0,1033,12.1,42,94861
up,1326,1279,1079,0,1033,12.1,42,94861
up,1327,1279,1079,0,1033,12.1,42,94861
up,1327,1279,1079,0,1033,12.1,42,94861
up,1328,1279,1079,0,1033,12.1,42,94861
up,1328,1279,1079,0,1033,12.1,42,94861
up,1329,1279,1079,0,1033,12.1,42,94861
up,1329,1279,1079,0,1033,12.1,42,94861
up,1330,1279,1079,0,1033,12.1,42,94861
up,1330,1279,1079,0,1033,12.1,42,94861
up,1331,1279,1079,0,1033,12.1,42,94861
up,1332,1279,1079,0,1033,12.1,42,94861
up,1332,1279,1079,0,1033,12.1,42,94861
up,1333,1279,1079,0,1033,12.1,42,94861
up,1333,1279,1079,0,1033,12.1,42,94861
up,1334,1279,1079,0,1033,12.1,42,94861
up,1334,1279,1079,0,1033,12.1,42,94861
up,1335,1279,1079,0,1033,12.1,42,94861
up,1335,1279,1079,0,1033,12.1,42,94861
up,1336,1279,1079,0,1033,12.2,42,94861
up,1336,1279,1079,0,1033,12.2,42,94861
up,1337,1279,1079,0,1033,12.1,42,94861
up,1337,1279,1079,0,1033,12.1,42,94861
up,1338,1279,1079,0,1033,12.1,42,94861
up,1338,1279,1079,0,1033,12.1,42,94861
up,1339,1279,1079,0,1033,12.1,42,94861
up,1339,1279,1079,0,1033,12.1,42,94861
up,1340,1279,1079,0,1033,12.1,42,94861
up,1340,1279,1079,0,1033,12.1,42,94861
up,1341,1279,1079,0,1033,12.1,42,94861
up,1341,1279,1079,0,1033,12.1,42,94861
up,1342,1279,1079,0,1033,12.1,42,94861
up,1342,1279,1079,0,1033,12.1,42,94861
up,1343,1279,1079,0,1033,12.1,42,94861
up,1343,1279,1079,0,1033,12.1,42,94861
up,1344,1279,1079,0,1033,12.1,42,94861
up,1344,1279,1079,0,1033,12.1,42,94861
up,1345,1279,1079,0,1033,12.1,42,94861
up,1345,1279,1079,0,1033,12.1,42,94861
up,1346,1279,1079,0,1033,12.1,42,94861
up,1346,1279,1079,0,1033,12.1,42,94861
up,1347,1279,1079,0,1033,12.1,42,94861
up,1347,1279,1079,0,1033,12.1,42,94861
up,1348,1279,1079,0,1033,12.1,42,94861
up,1348,1279,1079,0,1033,12.1,42,94861
up,1349,1279,1079,0,1033,12.1,42,94861
up,1349,1279,1079,0,1033,12.1,42,94861
up,1350,1279,1079,0,1033,12.1,42,94861
up,1350,1279,1079,0,1033,12.1,42,94861
up,1351,1279,1079,0,1033,12.1,42,94861
up,1351,1279,1079,0,1033,12.1,42,94861
up,1352,1279,1079,0,1033,12.1,42,94861
up,1352,1279,1079,0,1033,12.2,42,94861
up,1353,1279,1079,0,1033,12.2,42,94861
up,1353,1279,1079,0,1033,12.1,42,94861
up,1354,1279,1079,0,1033,12.1,42,94861
up,1354,1279,1079,0,1033,12.1,42,94861
up,1355,1279,1079,0,1033,12.1,42,94861
up,1355,1279,1079,0,1033,12.1,42,94861
up,1356,1279,1079,0,1033,12.1,42,94861
up,1356,1279,1079,0,1033,12.1,42,94861
up,1357,1279,1079,0,1033,12.1,42,94861
up,1357,1279,1079,0,1033,12.1,42,94861
up,1358,1279,1079,0,1033,12.1,42,94861
up,1358,1279,1079,0,1033,12.1,42,94861
up,1359,1279,1079,0,1033,12.2,42,94861
up,1359,1279,1079,0,1033,12.2,42,94861
up,1360,1279,1079,0,1033,12.1,42,94861
up,1360,1279,1079,0,1033,12.1,42,94861
up,1361,1279,1079,0,1033,12.1,42,94861
up,1361,1279,1079,0,1033,12.1,42,94861
up,1362,1279,1079,0,1033,12.1,42,94861
up,1362,1279,1079,0,1033,12.1,42,94861
up,1363,1279,1079,0,1033,12.1,42,94861
up,1363,1279,1079,0,1033,12.1,42,94861
up,1364,1279,1079,0,1033,12.1,42,94861
up,1364,1279,1079,0,1033,12.1,42,94861
up,1365,1279,1079,0,1033,12.1,42,94861
up,1365,1279,1079,0,1033,12.1,42,94861
up,1366,1279,1079,0,1033,12.1,42,94861
up,1366,1279,1079,0,1033,12.1,42,94861
up,1367,1279,1079,0,1033,12.1,42,94861
up,1367,1279,1079,0,1033,12.1,42,94861
up,1368,1279,1079,0,1033,12.1,42,94861
up,1368,1279,1079,0,1033,12.1,42,94861
up,1369,1279,1079,0,1033,12.1,42,94861
up,1369,1279,1079,0,1033,12.1,42,94861
up,1370,1279,1079,0,1033,12.1,42,94861
up,1370,1279,1079,0,1033,12.1,42,94861
up,1371,1279,1079,0,1033,12.1,42,94861
up,1371,1279,1079,0,1033,12.1,42,94861
up,1372,1279,1079,0,1033,12.1,42,94861
up,1372,1279,1079,0,1033,12.1,42,94861
up,1373,1279,1079,0,1033,12.1,42,94861
up,1373,1279,1079,0,1033,12.1,42,94861
up,1374,1279,1079,0,1033,12.1,42,94861
up,1374,1279,1079,0,1033,12.1,42,94861
up,1375,1279,1079,0,1033,12.1,42,94861
up,1375,1279,1079,0,1033,12.1,42,94861
up,1376,1279,1079,0,1033,12.1,42,94861
up,1376,1279,1079,0,1033,12.1,42,94861
up,1377,1279,1079,0,1033,12.1,42,94861
up,1377,1279,1079,0,1033,12.1,42,94861
up,1378,1279,1079,0,1033,12.1,42,94861
up,1378,1279,1079,0,1033,12.1,42,94861
up,1379,1279,1079,0,1033,12.1,42,94861
up,1379,1279,1079,0,1033,12.1,42,94861
up,1380,1279,1079,0,1033,12.1,42,94861
up,1380,1279,1079,0,1033,12.1,42,94861
up,1381,1279,1079,0,1033,12.1,42,94861
up,1381,1279,1079,0,1033,12.1,42,94861
up,1382,1279,1079,0,1033,12.1,42,94861
up,1382,1279,1079,0,1033,12.1,42,94861
up,1383,1279,1079,0,1033,12.1,42,94861
up,1383,1279,1079,0,1033,12.1,42,94861
up,1384,1279,1079,0,1033,12.1,42,94861
up,1384,1279,1079,0,1033,12.1,42,94861
up,1385,1279,1079,0,1033,12.1,42,94861
up,1385,1279,1079,0,1033,12.1,42,94861
up,1386,1279,1079,0,1033,12.1,42,94861
up,1386,1279,1079,0,1033,12.1,42,94861
up,1387,1279,1079,0,1033,12.1,42,94861
up,1387,1279,1079,0,1033,12.1,42,94861
up,1388,1279,1079,0,1033,12.1,42,94861
up,1388,1279,1079,0,1033,12.1,42,94861
up,1389,1279,1079,0,1033,12.1,42,94861
up,1389,1279,1079,0,1033,12.1,42,94861
up,1390,1279,1079,0,1033,12.1,42,94861
up,1390,1279,1079,0,1033,12.1,42,94861
up,1391,1279,1079,0,1033,12.1,42,94861
up,1391,1279,1079,0,1033,12.1,42,94861
up,1392,1279,1079,0,1033,12.1,42,94861
up,1392,1279,1079,0,1033,12.1,42,94861
up,1393,1279,1079,0,1033,12.1,42,94861
up,1393,1279,1079,0,1033,12.1,42,94861
up,1394,1279,1079,0,1033,12.1,42,94861
up,1394,1279,1079,0,1033,12.1,42,94861
up,1395,1279,1079,0,1033,12.1,42,94861
up,1395,1279,1079,0,1033,12.1,42,94861
up,1396,1279,1079,0,1033,12.1,42,94861
up,1396,1279,1079,0,1033,12.1,42,94861
up,1397,1279,1079,0,1033,12.1,42,94861
up,1397,1279,1079,0,1033,12.1,42,94861
up,1398,1279,1079,0,1033,12.1,42,94861
up,1398,1279,1079,0,1033,12.1,42,94861
up,1399,1279,1079,0,1033,12.1,42,94861
up,1399,1279,1079,0,1033,12.1,42,94861
up,1400,1279,1079,0,1033,12.1,42,94861
up,1400,1279,1079,0,1033,12.1,42,94861
up,1401,1279,1079,0,1033,12.1,42,94861
up,1401,1279,1079,0,1033,12.1,42,94861
up,1402,1279,1079,0,1033,12.1,42,94861
up,1402,1279,1079,0,1033,12.1,42,94861
up,1403,1279,1079,0,1033,12.1,42,94861
up,1403,1279,1079,0,1033,12.1,42,94861
up,1404,1279,1079,0,1033,12.1,42,94861
up,1404,1279,1079,0,1033,12.1,42,94861
up,1405,1279,1079,0,1033,12.1,42,94861
up,1405,1279,1079,0,1033,12.1,42,94861
up,1406,1279,1079,0,1033,12.1,42,94861
up,1406,1279,1079,0,1033,12.1,42,94861
up,1407,1279,1079,0,1033,12.1,42,94861
up,1407,1279,1079,0,1033,12.2,42,94861
up,1408,1279,1079,0,1033,12.2,42,94861
up,1408,1279,1079,0,1033,12.2,42,94861
up,1409,1279,1079,0,1033,12.1,42,94861
up,1409,1279,1079,0,1033,12.1,42,94861
up,1410,1279,1079,0,1033,12.1,42,94861
up,1410,1279,1079,0,1033,12.1,42,94861
up,1411,1279,1079,0,1033,12.1,42,94861
up,1411,1279,1079,0,1033,12.1,42,94861
up,1412,1279,1079,0,1033,12.1,42,94861
up,1412,1279,1079,0,1033,12.1,42,94861
up,1413,1279,1079,0,1033,12.1,42,94861
up,1413,1279,1079,0,1033,12.1,42,94861
up,1414,1279,1079,0,1033,12.1,42,94861
up,1414,1279,1079,0,1033,12.1,42,94861
up,1415,1279,1079,0,1033,12.1,42,94861
up,1415,1279,1079,0,1033,12.1,42,94861
up,1416,1279,1079,0,1033,12.1,42,94861
up,1416,1279,1079,0,1033,12.1,42,94861
up,1417,1279,1079,0,1033,12.1,42,94861
up,1417,1279,1079,0,1033,12.1,42,94861
up,1418,1279,1079,0,1033,12.1,42,94861
up,1418,1279,1079,0,1033,12.1,42,94861
up,1419,1279,1079,0,1033,12.1,42,94861
up,1419,1279,1079,0,1033,12.1,42,94861
up,1420,1279,1079,0,1033,12.1,42,94861
up,1420,1279,1079,0,1033,12.1,42,94861
up,1421,1279,1079,0,1033,12.1,42,94861
up,1421,1279,1079,0,1033,12.1,42,94861
up,1422,1279,1079,0,1033,12.1,42,94861
up,1422,1279,1079,0,1033,12.1,42,94861
up,1423,1279,1079,0,1033,12.1,42,94861
up,1423,1279,1079,0,1033,12.1,42,94861
up,1424,1279,1079,0,1033,12.1,42,94861
up,1424,1279,1079,0,1033,12.1,42,94861
up,1425,1279,1079,0,1033,12.1,42,94861
up,1425,1279,1079,0,1033,12.1,42,94861
up,1426,1279,1079,0,1033,12.1,42,94861
up,1426,1279,1079,0,1033,12.1,42,94861
up,1427,1279,1079,0,1033,12.1,42,94861
up,1427,1279,1079,0,1033,12.1,42,94861
up,1428,1279,1079,0,1033,12.1,42,94861
up,1428,1279,1079,0,1033,12.1,42,94861
up,1429,1279,1079,0,1033,12.1,42,94861
up,1429,1279,1079,0,1033,12.1,42,94861
up,1430,1279,1079,0,1033,12.1,42,94861
up,1430,1279,1079,0,1033,12.1,42,94861
up,1431,1279,1079,0,1033,12.1,42,94861
up,1431,1279,1079,0,1033,12.1,42,94861
up,1432,1279,1079,0,1033,12.1,42,94861
up,1432,1279,1079,0,1033,12.1,42,94861
up,1433,1279,1079,0,1033,12.1,42,94861
up,1433,1279,1079,0,1033,12.1,42,94861
up,1434,1279,1079,0,1033,12.1,42,94861
up,1434,1279,1079,0,1033,12.1,42,94861
up,1435,1279,1079,0,1033,12.1,42,94861
up,1435,1279,1079,0,1033,12.1,42,94861
up,1436,1279,1079,0,1033,12.1,42,94861
up,1436,1279,1079,0,1033,12.1,42,94861
up,1437,1279,1079,0,1033,12.1,42,94861
up,1437,1279,1079,0,1033,12.1,42,94861
up,1438,1279,1079,0,1033,12.1,42,94861
up,1438,1279,1079,0,1033,12.1,42,94861
up,1439,1279,1079,0,1033,12.1,42,94861
up,1439,1279,1079,0,1033,12.1,42,94861
up,1440,1279,1079,0,1033,12.1,42,94861
up,1440,1279,1079,0,1033,12.1,42,94861
up,1441,1279,1079,0,1033,12.1,42,94861
up,1441,1279,1079,0,1033,12.1,42,94861
up,1442,1279,1079,0,1033,12.1,42,94861
up,1442,1279,1079,0,1033,12.1,42,94861
up,1443,1279,1079,0,1033,12.1,42,94861
up,1443,1279,1079,0,1033,12.1,42,94861
up,1444,1279,1079,0,1033,12.1,42,94861
up,1444,1279,1079,0,1033,12.1,42,94861
up,1445,1279,1079,0,1033,12.1,42,94861
up,1445,1279,1079,0,1033,12.1,42,94861
up,1446,1279,1079,0,1033,12.1,42,94861
up,1446,1279,1079,0,1033,12.1,42,94861
up,1447,1279,1079,0,1033,12.1,42,94861
up,1447,1279,1079,0,1033,12.1,42,94861
up,1448,1279,1079,0,1033,12.1,42,94861
up,1448,1279,1079,0,1033,12.1,42,94861
up,1449,1279,1079,0,1033,12.1,42,94861
up,1449,1279,1079,0,1033,12.1,42,94861
up,1450,1279,1079,0,1033,12.1,42,94861
up,1450,1279,1079,0,1033,12.1,42,94861
up,1451,1279,1079,0,1033,12.1,42,94861
up,1451,1279,1079,0,1033,12.1,42,94861
up,1452,1279,1079,0,1033,12.1,42,94861
up,1452,1279,1079,0,1033,12.1,42,94861
up,1453,1279,1079,0,1033,12.1,42,94861
up,1453,1279,1079,0,1033,12.1,42,94861
up,1454,1279,1079,0,1033,12.1,42,94861
up,1454,1279,1079,0,1033,12.1,42,94861
up,1455,1279,1079,0,1033,12.1,42,94861
up,1455,1279,1079,0,1033,12.1,42,94861
up,1456,1279,1079,0,1033,12.1,42,94861
up,1456,1279,1079,0,1033,12.1,42,94861
up,1457,1279,1079,0,1033,12.1,42,94861
up,1457,1279,1079,0,1033,12.1,42,94861
up,1458,1279,1079,0,1033,12.1,42,94861
up,1458,1279,1079,0,1033,12.1,42,94861
up,1459,1279,1079,0,1033,12.1,42,94861
up,1459,1279,1079,0,1033,12.1,42,94861
up,1460,1279,1079,0,1033,12.1,42,94861
up,1460,1279,1079,0,1033,12.1,42,94861
up,1461,1279,1079,0,1033,12.1,42,94861
up,1461,1279,1079,0,1033,12.1,42,94861
up,1462,1279,1079,0,1033,12.1,42,94861
up,1462,1279,1079,0,1033,12.1,42,94861
up,1463,1279,1079,0,1033,12.1,42,94861
up,1463,1279,1079,0,1033,12.1,42,94861
up,1464,1279,1079,0,1033,12.1,42,94861
up,1464,1279,1079,0,1033,12.1,42,94861
up,1465,1279,1079,0,1033,12.1,42,94861
up,1465,1279,1079,0,1033,12.1,42,94861
up,1466,1279,1079,0,1033,12.1,42,94861
up,1466,1279,1079,0,1033,12.1,42,94861
up,1467,1279,1079,0,1033,12.1,42,94861
up,1467,1279,1079,0,1033,12.1,42,94861
up,1468,1279,1079,0,1033,12.1,42,94861
up,1468,1279,1079,0,1033,12.1,42,94861
up,1469,1279,1079,0,1033,12.1,42,94861
up,1469,1279,1079,0,1033,12.1,42,94861
up,1470,1279,1079,0,1033,12.1,42,94861
up,1470,1279,1079,0,1033,12.1,42,94861
up,1471,1279,1079,0,1033,12.1,42,94861
up,1471,1279,1079,0,1033,12.1,42,94861
up,1472,1279,1079,0,1033,12.1,42,94861
up,1472,1279,1079,0,1033,12.1,42,94861
up,1473,1279,1079,0,1033,12.1,42,94861
up,1473,1279,1079,0,1033,12.1,42,94861
up,1474,1279,1079,0,1033,12.1,42,94861
up,1474,1279,1079,0,1033,12.1,42,94861
up,1475,1279,1079,0,1033,12.1,42,94861
up,1475,1279,1079,0,1033,12.1,42,94861
up,1476,1279,1079,0,1033,12.1,42,94861
up,1476,1279,1079,0,1033,12.1,42,94861
up,1477,1279,1079,0,1033,12.1,42,94861
up,1477,1279,1079,0,1033,12.1,42,94861
up,1478,1279,1079,0,1033,12.1,42,94861
up,1478,1279,1079,0,1033,12.1,42,94861
up,1479,1279,1079,0,1033,12.1,42,94861
up,1479,1279,1079,0,1033,12.1,42,94861
up,1480,1279,1079,0,1033,12.1,42,94861
up,1480,1279,1079,0,1033,12.1,42,94861
up,1481,1279,1079,0,1033,12.1,42,94861
up,1481,1279,1079,0,1033,12.1,42,94861
up,1482,1279,1079,0,1033,12.1,42,94861
up,1482,1279,1079,0,1033,12.1,42,94861
up,1483,1279,1079,0,1033,12.1,42,94861
up,1483,1279,1079,0,1033,12.1,42,94861
up,1484,1279,1079,0,1033,12.1,42,94861
up,1484,1279,1079,0,1033,12.1,42,94861
up,1485,1279,1079,0,1033,12.1,42,94861
up,1485,1279,1079,0,1033,12.1,42,94861
up,1486,1279,1079,0,1033,12.1,42,94861
up,1486,1279,1079,0,1033,12.1,42,94861
up,1487,1279,1079,0,1033,12.1,42,94861
up,1487,1279,1079,0,1033,12.1,42,94861
up,1488,1279,1079,0,1033,12.1,42,94861
up,1488,1279,1079,0,1033,12.1,42,94861
up,1489,1279,1079,0,1033,12.1,42,94861
up,1489,1279,1079,0,1033,12.1,42,94861
up,1490,1279,1079,0,1033,12.1,42,94861
up,1490,1279,1079,0,1033,12.1,42,94861
up,1491,1279,1079,0,1033,12.1,42,94861
up,1491,1279,1079,0,1033,12.1,42,94861
up,1492,1279,1079,0,1033,12.1,42,94861
up,1492,1279,1079,0,1033,12.1,42,94861
up,1493,1279,1079,0,1033,12.1,42,94861
up,1493,1279,1079,0,1033,12.1,42,94861
up,1494,1279,1079,0,1033,12.1,42,94861
up,1494,1279,1079,0,1033,12.1,42,94861
up,1495,1279,1079,0,1033,12.1,42,94861
up,1495,1279,1079,0,1033,12.1,42,94861
up,1496,1279,1079,0,1033,12.1,42,94861
up,1496,1279,1079,0,1033,12.1,42,94861
up,1497,1279,1079,0,1033,12.1,42,94861
up,1497,1279,1079,0,1033,12.1,42,94861
up,1498,1279,1079,0,1033,12.1,42,94861
up,1498,1279,1079,0,1033,12.1,42,94861
up,1499,1279,1079,0,1033,12.1,42,94861
up,1499,1279,1079,0,1033,12.1,42,94861
up,1500,1279,1079,0,1033,12.1,42,94861
up,1501,1279,1079,0,1033,12.1,42,94861
up,1501,1279,1079,0,1033,12.1,42,94861
up,1502,1279,1079,0,1033,12.1,42,94861
up,1502,1279,1079,0,1033,12.1,42,94861
up,1503,1279,1079,0,1033,12.1,42,94861
up,1503,1279,1079,0,1033,12.1,42,94861
up,1504,1279,1079,0,1033,12.1,42,94861
up,1504,1279,1079,0,1033,12.1,42,94861
up,1505,1279,1079,0,1033,12.1,42,94861
up,1505,1279,1079,0,1033,12.1,42,94861
up,1506,1279,1079,0,1033,12.1,42,94861
up,1506,1279,1079,0,1033,12.1,42,94861
up,1507,1279,1079,0,1033,12.1,42,94861
up,1507,1279,1079,0,1033,12.1,42,94861
up,1507,1279,1079,0,1033,12.1,42,94861
up,1508,1279,1079,0,1033,12.1,42,94861
up,1508,1279,1079,0,1033,12.1,42,94861
up,1509,1279,1079,0,1033,12.1,42,94861
up,1509,1279,1079,0,1033,12.1,42,94861
up,1510,1279,1079,0,1033,12.1,42,94861
up,1510,1279,1079,0,1033,12.1,42,94861
up,1511,1279,1079,0,1033,12.1,42,94861
up,1511,1279,1079,0,1033,12.1,42,94861
up,1512,1279,1079,0,1033,12.1,42,94861
up,1512,1279,1079,0,1033,12.1,42,94861
up,1513,1279,1079,0,1033,12.1,42,94861
up,1513,1279,1079,0,1033,12.1,42,94861
up,1514,1279,1079,0,1033,12.1,42,94861
up,1514,1279,1079,0,1033,12.1,42,94861
up,1515,1279,1079,0,1033,12.1,42,94861
up,1515,1279,1079,0,1033,12.1,42,94861
up,1516,1279,1079,0,1033,12.1,42,94861
up,1516,1279,1079,0,1033,12.1,42,94861
up,1517,1279,1079,0,1033,12.1,42,94861
up,1517,1279,1079,0,1033,12.1,42,94861
up,1518,1279,1079,0,1033,12.1,42,94861
up,1518,1279,1079,0,1033,12.1,42,94861
up,1519,1279,1079,0,1033,12.1,42,94861
up,1519,1279,1079,0,1033,12.1,42,94861
up,1520,1279,1079,0,1033,12.1,42,94861
up,1520,1279,1079,0,1033,12.1,42,94861
up,1521,1279,1079,0,1033,12.1,42,94861
up,1521,1279,1079,0,1033,12.1,42,94861
up,1522,1279,1079,0,1033,12.1,42,94861
up,1522,1279,1079,0,1033,12.1,42,94861
up,1523,1279,1079,0,1033,12.1,42,94861
up,1523,1279,1079,0,1033,12.1,42,94861
up,1524,1279,1079,0,1033,12.1,42,94861
up,1524,1279,1079,0,1033,12.1,42,94861
up,1525,1279,1079,0,1033,12.1,42,94861
up,1525,1279,1079,0,1033,12.1,42,94861
up,1526,1279,1079,0,1033,12.1,42,94861
up,1526,1279,1079,0,1033,12.1,42,94861
up,1527,1279,1079,0,1033,12.1,42,94861
up,1527,1279,1079,0,1033,12.1,42,94861
up,1528,1279,1079,0,1033,12.1,42,94861
up,1528,1279,1079,0,1033,12.1,42,94861
up,1529,1279,1079,0,1033,12.1,42,94861
up,1529,1279,1079,0,1033,12.1,42,94861
up,1530,1279,1079,0,1033,12.1,42,94861
up,1531,1279,1079,0,1033,12.1,42,94861
up,1531,1279,1079,0,1033,12.1,42,94861
up,1532,1279,1079,0,1033,12.1,42,94861
up,1532,1279,1079,0,1033,12.1,42,94861
up,1533,1279,1079,0,1033,12.1,42,94861
up,1533,1279,1079,0,1033,12.1,42,94861
up,1534,1279,1079,0,1033,12.1,42,94861
up,1534,1279,1079,0,1033,12.1,42,94861
up,1535,1279,1079,0,1033,12.1,42,94861
up,1535,1279,1079,0,1033,12.1,42,94861
up,1536,1279,1079,0,1033,12.2,42,94861
up,1537,1279,1079,0,1033,12.2,42,94861
up,1537,1279,1079,0,1033,12.1,42,94861
up,1538,1279,1079,0,1033,12.1,42,94861
up,1538,1279,1079,0,1033,12.1,42,94861
up,1539,1279,1079,0,1033,12.1,42,94861
up,1539,1279,1079,0,1033,12.1,42,94861
up,1540,1279,1079,0,1033,12.1,42,94861
up,1540,1279,1079,0,1033,12.1,42,94861
up,1541,1279,1079,0,1033,12.1,42,94861
up,1541,1279,1079,0,1033,12.1,42,94861
up,1542,1279,1079,0,1033,12.1,42,94861
up,1542,1279,1079,0,1033,12.1,42,94861
up,1543,1279,1079,0,1033,12.1,42,94861
up,1543,1279,1079,0,1033,12.1,42,94861
up,1544,1279,1079,0,1033,12.1,42,94861
up,1544,1279,1079,0,1033,12.1,42,94861
up,1545,1279,1079,0,1033,12.1,42,94861
up,1545,1279,1079,0,1033,12.1,42,94861
up,1546,1279,1079,0,1033,12.1,42,94861
up,1546,1279,1079,0,1033,12.1,42,94861
up,1547,1279,1079,0,1033,12.1,42,94861
up,1547,1279,1079,0,1033,12.1,42,94861
up,1548,1279,1079,0,1033,12.1,42,94861
up,1548,1279,1079,0,1033,12.1,42,94861
up,1549,1279,1079,0,1033,12.1,42,94861
up,1549,1279,1079,0,1033,12.1,42,94861
up,1550,1279,1079,0,1033,12.1,42,94861
up,1550,1279,1079,0,1033,12.1,42,94861
up,1551,1279,1079,0,1033,12.1,42,94861
up,1551,1279,1079,0,1033,12.1,42,94861
up,1552,1279,1079,0,1033,12.1,42,94861
up,1552,1279,1079,0,1033,12.1,42,94861
up,1553,1279,1079,0,1033,12.1,42,94861
up,1553,1279,1079,0,1033,12.1,42,94861
up,1554,1279,1079,0,1033,12.1,42,94861
up,1554,1279,1079,0,1033,12.1,42,94861
up,1555,1279,1079,0,1033,12.1,42,94861
up,1555,1279,1079,0,1033,12.1,42,94861
up,1556,1279,1079,0,1033,12.1,42,94861
up,1556,1279,1079,0,1033,12.1,42,94861
up,1557,1279,1079,0,1033,12.1,42,94861
up,1557,1279,1079,0,1033,12.1,42,94861
up,1558,1279,1079,0,1033,12.1,42,94861
up,1558,1279,1079,0,1033,12.1,42,94861
up,1559,1279,1079,0,1033,12.1,42,94861
up,1559,1279,1079,0,1033,12.1,42,94861
up,1560,1279,1079,0,1033,12.1,42,94861
up,1560,1279,1079,0,1033,12.1,42,94861
up,1561,1279,1079,0,1033,12.1,42,94861
up,1561,1279,1079,0,1033,12.1,42,94861
up,1561,1279,1079,0,1033,12.1,42,94861
up,1562,1279,1079,0,1033,12.1,42,94861
up,1562,1279,1079,0,1033,12.1,42,94861
up,1563,1279,1079,0,1033,12.1,42,94861
up,1563,1279,1079,0,1033,12.1,42,94861
up,1564,1279,1079,0,1033,12.1,42,94861
up,1564,1279,1079,0,1033,12.1,42,94861
up,1565,1279,1079,0,1033,12.1,42,94861
up,1565,1279,1079,0,1033,12.1,42,94861
up,1566,1279,1079,0,1033,12.2,42,94861
up,1566,1279,1079,0,1033,12.2,42,94861
up,1567,1279,1079,0,1033,12.2,42,94861
up,1567,1279,1079,0,1033,12.2,42,94861
up,1568,1279,1079,0,1033,12.1,42,94861
up,1568,1279,1079,0,1033,12.1,42,94861
up,1569,1279,1079,0,1033,12.1,42,94861
up,1569,1279,1079,0,1033,12.1,42,94861
up,1570,1279,1079,0,1033,12.1,42,94861
up,1571,1279,1079,0,1033,12.1,42,94861
up,1571,1279,1079,0,1033,12.2,42,94861
up,1572,1279,1079,0,1033,12.1,42,94861
up,1572,1279,1079,0,1033,12.1,42,94861
up,1573,1279,1079,0,1033,12.1,42,94861
up,1573,1279,1079,0,1033,12.1,42,94861
up,1573,1279,1079,0,1033,12.1,42,94861
up,1574,1279,1079,0,1033,12.1,42,94861
up,1574,1279,1079,0,1033,12.1,42,94861
up,1575,1279,1079,0,1033,12.1,42,94861
up,1575,1279,1079,0,1033,12.1,42,94861
up,1576,1279,1079,0,1033,12.1,42,94861
up,1576,1279,1079,0,1033,12.1,42,94861
up,1577,1279,1079,0,1033,12.1,42,94861
up,1577,1279,1079,0,1033,12.1,42,94861
up,1578,1279,1079,0,1033,12.1,42,94861
up,1578,1279,1079,0,1033,12.1,42,94861
up,1579,1279,1079,0,1033,12.1,42,94861
up,1579,1279,1079,0,1033,12.1,42,94861
up,1580,1279,1079,0,1033,12.1,42,94861
up,1580,1279,1079,0,1033,12.1,42,94861
up,1581,1279,1079,0,1033,12.2,42,94861
up,1581,1279,1079,0,1033,12.2,42,94861
up,1582,1279,1079,0,1033,12.1,42,94861
up,1582,1279,1079,0,1033,12.1,42,94861
up,1583,1279,1079,0,1033,12.1,42,94861
up,1583,1279,1079,0,1033,12.1,42,94861
up,1584,1279,1079,0,1033,12.1,42,94861
up,1584,1279,1079,0,1033,12.1,42,94861
up,1585,1279,1079,0,1033,12.1,42,94861
up,1585,1279,1079,0,1033,12.1,42,94861
up,1586,1279,1079,0,1033,12.2,42,94861
up,1586,1279,1079,0,1033,12.2,42,94861
up,1587,1279,1079,0,1033,12.1,42,94861
up,1587,1279,1079,0,1033,12.1,42,94861
up,1588,1279,1079,0,1033,12.1,42,94861
up,1588,1279,1079,0,1033,12.1,42,94861
up,1589,1279,1079,0,1033,12.1,42,94861
up,1589,1279,1079,0,1033,12.1,42,94861
up,1590,1279,1079,0,1033,12.1,42,94861
up,1590,1279,1079,0,1033,12.1,42,94861
up,1591,1279,1079,0,1033,12.1,42,94861
up,1591,1279,1079,0,1033,12.1,42,94861
up,1592,1279,1079,0,1033,12.2,42,94861
up,1592,1279,1079,0,1033,12.2,42,94861
up,1593,1279,1079,0,1033,12.1,42,94861
up,1593,1279,1079,0,1033,12.1,42,94861
up,1594,1279,1079,0,1033,12.1,42,94861
up,1594,1279,1079,0,1033,12.1,42,94861
up,1595,1279,1079,0,1033,12.1,42,94861
up,1595,1279,1079,0,1033,12.1,42,94861
up,1596,1279,1079,0,1033,12.1,42,94861
up,1596,1279,1079,0,1033,12.1,42,94861
up,1597,1279,1079,0,1033,12.1,42,94861
up,1597,1279,1079,0,1033,12.1,42,94861
up,1598,1279,1079,0,1033,12.1,42,94861
up,1598,1279,1079,0,1033,12.1,42,94861
up,1599,1279,1079,0,1033,12.1,42,94861
up,1599,1279,1079,0,1033,12.1,42,94861
up,1600,1279,1079,0,1033,12.1,42,94861
up,1600,1279,1079,0,1033,12.1,42,94861
up,1601,1279,1079,0,1033,12.1,42,94861
up,1601,1279,1079,0,1033,12.1,42,94861
up,1601,1279,1079,0,1033,12.1,42,94861
up,1602,1279,1079,0,1033,12.1,42,94861
up,1602,1279,1079,0,1033,12.1,42,94861
up,1603,1279,1079,0,1033,12.1,42,94861
up,1603,1279,1079,0,1033,12.1,42,94861
up,1604,1279,1079,0,1033,12.1,42,94861
up,1604,1279,1079,0,1033,12.1,42,94861
up,1605,1279,1079,0,1033,12.1,42,94861
up,1605,1279,1079,0,1033,12.1,42,94861
up,1606,1279,1079,0,1033,12.1,42,94861
up,1606,1279,1079,0,1033,12.1,42,94861
up,1607,1279,1079,0,1033,12.1,42,94861
up,1607,1279,1079,0,1033,12.1,42,94861
up,1608,1279,1079,0,1033,12.1,42,94861
up,1608,1279,1079,0,1033,12.1,42,94861
up,1609,1279,1079,0,1033,12.1,42,94861
up,1609,1279,1079,0,1033,12.1,42,94861
up,1610,1279,1079,0,1033,12.1,42,94861
up,1610,1279,1079,0,1033,12.1,42,94861
up,1611,1279,1079,0,1033,12.1,42,94861
up,1611,1279,1079,0,1033,12.1,42,94861
up,1612,1279,1079,0,1033,12.1,42,94861
up,1612,1279,1079,0,1033,12.1,42,94861
up,1613,1279,1079,0,1033,12.1,42,94861
up,1613,1279,1079,0,1033,12.1,42,94861
up,1614,1279,1079,0,1033,12.1,42,94861
up,1614,1279,1079,0,1033,12.1,42,94861
up,1615,1279,1079,0,1033,12.1,42,94861
up,1615,1279,1079,0,1033,12.1,42,94861
up,1616,1279,1079,0,1033,12.1,42,94861
up,1616,1279,1079,0,1033,12.1,42,94861
up,1617,1279,1079,0,1033,12.1,42,94861
up,1617,1279,1079,0,1033,12.1,42,94861
up,1618,1279,1079,0,1033,12.1,42,94861
up,1618,1279,1079,0,1033,12.1,42,94861
up,1619,1279,1079,0,1033,12.1,42,94861
up,1619,1279,1079,0,1033,12.1,42,94861
up,1620,1279,1079,0,1033,12.1,42,94861
up,1620,1279,1079,0,1033,12.1,42,94861
up,1620,1279,1079,0,1033,12.1,42,94861
up,1621,1279,1079,0,1033,12.1,42,94861
up,1621,1279,1079,0,1033,12.1,42,94861
up,1622,1279,1079,0,1033,12.1,42,94861
up,1622,1279,1079,0,1033,12.1,42,94861
up,1623,1279,1079,0,1033,12.1,42,94861
up,1623,1279,1079,0,1033,12.1,42,94861
up,1624,1279,1079,0,1033,12.1,42,94861
up,1624,1279,1079,0,1033,12.1,42,94861
up,1625,1279,1079,0,1033,12.1,42,94861
up,1625,1279,1079,0,1033,12.1,42,94861
up,1626,1279,1079,0,1033,12.1,42,94861
up,1626,1279,1079,0,1033,12.1,42,94861
up,1627,1279,1079,0,1033,12.1,42,94861
up,1627,1279,1079,0,1033,12.1,42,94861
up,1628,1279,1079,0,1033,12.1,42,94861
up,1628,1279,1079,0,1033,12.1,42,94861
up,1629,1279,1079,0,1033,12.1,42,94861
up,1629,1279,1079,0,1033,12.1,42,94861
up,1630,1279,1079,0,1033,12.1,42,94861
up,1630,1279,1079,0,1033,12.1,42,94861
up,1631,1279,1079,0,1033,12.1,42,94861
up,1631,1279,1079,0,1033,12.1,42,94861
up,1632,1279,1079,0,1033,12.1,42,94861
up,1632,1279,1079,0,1033,12.1,42,94861
up,1633,1279,1079,0,1033,12.1,42,94861
up,1633,1279,1079,0,1033,12.1,42,94861
up,1634,1279,1079,0,1033,12.1,42,94861
up,1634,1279,1079,0,1033,12.1,42,94861
up,1635,1279,1079,0,1033,12.1,42,94861
up,1635,1279,1079,0,1033,12.1,42,94861
up,1636,1279,1079,0,1033,12.1,42,94861
up,1636,1279,1079,0,1033,12.1,42,94861
up,1637,1279,1079,0,1033,12.1,42,94861
up,1637,1279,1079,0,1033,12.1,42,94861
up,1638,1279,1079,0,1033,12.1,42,94861
up,1638,1279,1079,0,1033,12.1,42,94861
up,1639,1279,1079,0,1033,12.1,42,94861
up,1639,1279,1079,0,1033,12.1,42,94861
up,1640,1279,1079,0,1033,12.1,42,94861
up,1640,1279,1079,0,1033,12.1,42,94861
up,1641,1279,1079,0,1033,12.1,42,94861
up,1641,1279,1079,0,1033,12.1,42,94861
up,1642,1279,1079,0,1033,12.1,42,94861
up,1642,1279,1079,0,1033,12.1,42,94861
up,1643,1279,1079,0,1033,12.1,42,94861
up,1643,1279,1079,0,1033,12.1,42,94861
up,1644,1279,1079,0,1033,12.1,42,94861
up,1644,1279,1079,0,1033,12.1,42,94861
up,1644,1279,1079,0,1033,12.1,42,94861
up,1645,1279,1079,0,1033,12.1,42,94861
up,1645,1279,1079,0,1033,12.1,42,94861
up,1646,1279,1079,0,1033,12.1,42,94861
up,1646,1279,1079,0,1033,12.1,42,94861
up,1647,1279,1079,0,1033,12.1,42,94861
up,1647,1279,1079,0,1033,12.2,42,94861
up,1648,1279,1079,0,1033,12.2,42,94861
up,1648,1279,1079,0,1033,12.2,42,94861
up,1649,1279,1079,0,1033,12.2,42,94861
up,1649,1279,1079,0,1033,12.1,42,94861
up,1650,1279,1079,0,1033,12.1,42,94861
up,1650,1279,1079,0,1033,12.1,42,94861
up,1651,1279,1079,0,1033,12.1,42,94861
up,1651,1279,1079,0,1033,12.1,42,94861
up,1652,1279,1079,0,1033,12.1,42,94861
up,1652,1279,1079,0,1033,12.1,42,94861
up,1653,1279,1079,0,1033,12.1,42,94861
up,1653,1279,1079,0,1033,12.1,42,94861
up,1654,1279,1079,0,1033,12.1,42,94861
up,1654,1279,1079,0,1033,12.1,42,94861
up,1655,1279,1079,0,1033,12.1,42,94861
up,1655,1279,1079,0,1033,12.1,42,94861
up,1656,1279,1079,0,1033,12.1,42,94861
up,1656,1279,1079,0,1033,12.1,42,94861
up,1657,1279,1079,0,1033,12.1,42,94861
up,1657,1279,1079,0,1033,12.1,42,94861
up,1658,1279,1079,0,1033,12.1,42,94861
up,1658,1279,1079,0,1033,12.1,42,94861
up,1659,1279,1079,0,1033,12.1,42,94861
up,1659,1279,1079,0,1033,12.1,42,94861
up,1660,1279,1079,0,1033,12.1,42,94861
up,1660,1279,1079,0,1033,12.1,42,94861
up,1661,1279,1079,0,1033,12.1,42,94861
up,1661,1279,1079,0,1033,12.1,42,94861
up,1661,1279,1079,0,1033,12.1,42,94861
up,1662,1279,1079,0,1033,12.1,42,94861
up,1662,1279,1079,0,1033,12.1,42,94861
up,1663,1279,1079,0,1033,12.1,42,94861
up,1663,1279,1079,0,1033,12.1,42,94861
up,1664,1279,1079,0,1033,12.1,42,94861
up,1664,1279,1079,0,1033,12.1,42,94861
up,1665,1279,1079,0,1033,12.1,42,94861
up,1665,1279,1079,0,1033,12.1,42,94861
up,1666,1279,1079,0,1033,12.1,42,94861
up,1667,1279,1079,0,1033,12.1,42,94861
up,1667,1279,1079,0,1033,12.1,42,94861
up,1668,1279,1079,0,1033,12.1,42,94861
up,1668,1279,1079,0,1033,12.1,42,94861
up,1669,1279,1079,0,1033,12.1,42,94861
up,1669,1279,1079,0,1033,12.1,42,94861
up,1670,1279,1079,0,1033,12.1,42,94861
up,1670,1279,1079,0,1033,12.1,42,94861
up,1671,1279,1079,0,1033,12.1,42,94861
up,1671,1279,1079,0,1033,12.1,42,94861
up,1672,1279,1079,0,1033,12.1,42,94861
up,1672,1279,1079,0,1033,12.1,42,94861
up,1672,1279,1079,0,1033,12.1,42,94861
up,1673,1279,1079,0,1033,12.1,42,94861
up,1673,1279,1079,0,1033,12.1,42,94861
up,1674,1279,1079,0,1033,12.1,42,94861
up,1674,1279,1079,0,1033,12.1,42,94861
up,1675,1279,1079,0,1033,12.1,42,94861
up,1675,1279,1079,0,1033,12.1,42,94861
up,1676,1279,1079,0,1033,12.1,42,94861
up,1676,1279,1079,0,1033,12.1,42,94861
up,1677,1279,1079,0,1033,12.1,42,94861
up,1677,1279,1079,0,1033,12.1,42,94861
up,1678,1279,1079,0,1033,12.1,42,94861
up,1678,1279,1079,0,1033,12.1,42,94861
up,1679,1279,1079,0,1033,12.1,42,94861
up,1679,1279,1079,0,1033,12.1,42,94861
up,1680,1279,1079,0,1033,12.1,42,94861
up,1680,1279,1079,0,1033,12.1,42,94861
up,1681,1279,1079,0,1033,12.1,42,94861
up,1681,1279,1079,0,1033,12.1,42,94861
up,1682,1279,1079,0,1033,12.1,42,94861
up,1682,1279,1079,0,1033,12.1,42,94861
up,1683,1279,1079,0,1033,12.1,42,94861
up,1683,1279,1079,0,1033,12.1,42,94861
up,1684,1279,1079,0,1033,12.1,42,94861
up,1684,1279,1079,0,1033,12.1,42,94861
up,1685,1279,1079,0,1033,12.1,42,94861
up,1685,1279,1079,0,1033,12.1,42,94861
up,1686,1279,1079,0,1033,12.1,42,94861
up,1686,1279,1079,0,1033,12.1,42,94861
up,1687,1279,1079,0,1033,12.1,42,94861
up,1687,1279,1079,0,1033,12.1,42,94861
up,1688,1279,1079,0,1033,12.1,42,94861
up,1688,1279,1079,0,1033,12.1,42,94861
up,1689,1279,1079,0,1033,12.1,42,94861
up,1689,1279,1079,0,1033,12.1,42,94861
up,1690,1279,1079,0,1033,12.1,42,94861
up,1690,1279,1079,0,1033,12.1,42,94861
up,1691,1279,1079,0,1033,12.1,42,94861
up,1691,1279,1079,0,1033,12.1,42,94861
up,1692,1279,1079,0,1033,12.1,42,94861
up,1692,1279,1079,0,1033,12.2,42,94861
up,1693,1279,1079,0,1033,12.2,42,94861
up,1693,1279,1079,0,1033,12.1,42,94861
up,1694,1279,1079,0,1033,12.1,42,94861
up,1694,1279,1079,0,1033,12.1,42,94861
up,1695,1279,1079,0,1033,12.1,42,94861
up,1695,1279,1079,0,1033,12.1,42,94861
up,1695,1279,1079,0,1033,12.1,42,94861
up,1696,1279,1079,0,1033,12.1,42,94861
up,1696,1279,1079,0,1033,12.1,42,94861
up,1697,1279,1079,0,1033,12.1,42,94861
up,1697,1279,1079,0,1033,12.1,42,94861
up,1698,1279,1079,0,1033,12.1,42,94861
up,1698,1279,1079,0,1033,12.1,42,94861
up,1699,1279,1079,0,1033,12.1,42,94861
up,1699,1279,1079,0,1033,12.1,42,94861
up,1700,1279,1079,0,1033,12.1,42,94861
up,1700,1279,1079,0,1033,12.1,42,94861
up,1701,1279,1079,0,1033,12.1,42,94861
up,1701,1279,1079,0,1033,12.1,42,94861
up,1702,1279,1079,0,1033,12.1,42,94861
up,1702,1279,1079,0,1033,12.1,42,94861
up,1703,1279,1079,0,1033,12.1,42,94861
up,1703,1279,1079,0,1033,12.1,42,94861
up,1704,1279,1079,0,1033,12.1,42,94861
up,1704,1279,1079,0,1033,12.1,42,94861
up,1705,1279,1079,0,1033,12.1,42,94861
up,1705,1279,1079,0,1033,12.1,42,94861
up,1706,1279,1079,0,1033,12.1,42,94861
up,1706,1279,1079,0,1033,12.1,42,94861
up,1707,1279,1079,0,1033,12.1,42,94861
up,1707,1279,1079,0,1033,12.1,42,94861
up,1708,1279,1079,0,1033,12.1,42,94861
up,1708,1279,1079,0,1033,12.1,42,94861
up,1709,1279,1079,0,1033,12.1,42,94861
up,1709,1279,1079,0,1033,12.1,42,94861
up,1710,1279,1079,0,1033,12.1,42,94861
up,1710,1279,1079,0,1033,12.1,42,94861
up,1711,1279,1079,0,1033,12.1,42,94861
up,1711,1279,1079,0,1033,12.1,42,94861
up,1712,1279,1079,0,1033,12.1,42,94861
up,1712,1279,1079,0,1033,12.1,42,94861
up,1713,1279,1079,0,1033,12.1,42,94861
up,1713,1279,1079,0,1033,12.1,42,94861
up,1714,1279,1079,0,1033,12.1,42,94861
up,1714,1279,1079,0,1033,12.1,42,94861
up,1715,1279,1079,0,1033,12.1,42,94861
up,1715,1279,1079,0,1033,12.1,42,94861
up,1716,1279,1079,0,1033,12.1,42,94861
up,1716,1279,1079,0,1033,12.1,42,94861
up,1717,1279,1079,0,1033,12.1,42,94861
up,1717,1279,1079,0,1033,12.1,42,94861
up,1718,1279,1079,0,1033,12.1,42,94861
up,1718,1279,1079,0,1033,12.1,42,94861
up,1719,1279,1079,0,1033,12.1,42,94861
up,1719,1279,1079,0,1033,12.1,42,94861
up,1720,1279,1079,0,1033,12.1,42,94861
up,1720,1279,1079,0,1033,12.1,42,94861
up,1721,1279,1079,0,1033,12.1,42,94861
up,1721,1279,1079,0,1033,12.1,42,94861
up,1721,1279,1079,0,1033,12.1,42,94861
up,1722,1279,1079,0,1033,12.1,42,94861
up,1722,1279,1079,0,1033,12.1,42,94861
up,1723,1279,1079,0,1033,12.1,42,94861
up,1723,1279,1079,0,1033,12.1,42,94861
up,1724,1279,1079,0,1033,12.1,42,94861
up,1724,1279,1079,0,1033,12.1,42,94861
up,1725,1279,1079,0,1033,12.1,42,94861
up,1725,1279,1079,0,1033,12.1,42,94861
up,1726,1279,1079,0,1033,12.1,42,94861
up,1726,1279,1079,0,1033,12.1,42,94861
up,1727,1279,1079,0,1033,12.1,42,94861
up,1727,1279,1079,0,1033,12.1,42,94861
up,1728,1279,1079,0,1033,12.1,42,94861
up,1728,1279,1079,0,1033,12.1,42,94861
up,1729,1279,1079,0,1033,12.1,42,94861
up,1729,1279,1079,0,1033,12.1,42,94861
up,1730,1279,1079,0,1033,12.1,42,94861
up,1730,1279,1079,0,1033,12.1,42,94861
up,1731,1279,1079,0,1033,12.1,42,94861
up,1731,1279,1079,0,1033,12.1,42,94861
up,1732,1279,1079,0,1033,12.1,42,94861
up,1732,1279,1079,0,1033,12.1,42,94861
up,1733,1279,1079,0,1033,12.1,42,94861
up,1733,1279,1079,0,1033,12.1,42,94861
up,1734,1279,1079,0,1033,12.1,42,94861
up,1734,1279,1079,0,1033,12.1,42,94861
up,1735,1279,1079,0,1033,12.1,42,94861
up,1735,1279,1079,0,1033,12.1,42,94861
up,1736,1279,1079,0,1033,12.1,42,94861
up,1736,1279,1079,0,1033,12.1,42,94861
up,1737,1279,1079,0,1033,12.1,42,94861
up,1737,1279,1079,0,1033,12.1,42,94861
up,1738,1279,1079,0,1033,12.1,42,94861
up,1738,1279,1079,0,1033,12.1,42,94861
up,1739,1279,1079,0,1033,12.1,42,94861
up,1739,1279,1079,0,1033,12.1,42,94861
up,1740,1279,1079,0,1033,12.1,42,94861
up,1740,1279,1079,0,1033,12.1,42,94861
up,1741,1279,1079,0,1033,12.1,42,94861
up,1741,1279,1079,0,1033,12.1,42,94861
up,1742,1279,1079,0,1033,12.1,42,94861
up,1742,1279,1079,0,1033,12.1,42,94861
up,1743,1279,1079,0,1033,12.1,42,94861
up,1743,1279,1079,0,1033,12.1,42,94861
up,1744,1279,1079,0,1033,12.1,42,94861
up,1744,1279,1079,0,1033,12.1,42,94861
up,1745,1279,1079,0,1033,12.1,42,94861
up,1745,1279,1079,0,1033,12.1,42,94861
up,1746,1279,1079,0,1033,12.1,42,94861
up,1746,1279,1079,0,1033,12.1,42,94861
up,1747,1279,1079,0,1033,12.1,42,94861
up,1747,1279,1079,0,1033,12.1,42,94861
up,1748,1279,1079,0,1033,12.1,42,94861
up,1748,1279,1079,0,1033,12.1,42,94861
up,1749,1279,1079,0,1033,12.1,42,94861
up,1749,1279,1079,0,1033,12.1,42,94861
up,1750,1279,1079,0,1033,12.1,42,94861
up,1750,1279,1079,0,1033,12.1,42,94861
up,1751,1279,1079,0,1033,12.1,42,94861
up,1751,1279,1079,0,1033,12.1,42,94861
up,1752,1279,1079,0,1033,12.1,42,94861
up,1752,1279,1079,0,1033,12.1,42,94861
up,1753,1279,1079,0,1033,12.1,42,94861
up,1753,1279,1079,0,1033,12.1,42,94861
up,1754,1279,1079,0,1033,12.1,42,94861
up,1754,1279,1079,0,1033,12.1,42,94861
up,1755,1279,1079,0,1033,12.1,42,94861
up,1755,1279,1079,0,1033,12.1,42,94861
up,1756,1279,1079,0,1033,12.1,42,94861
up,1756,1279,1079,0,1033,12.1,42,94861
up,1757,1279,1079,0,1033,12.1,42,94861
up,1757,1279,1079,0,1033,12.1,42,94861
up,1758,1279,1079,0,1033,12.1,42,94861
up,1758,1279,1079,0,1033,12.1,42,94861
up,1759,1279,1079,0,1033,12.1,42,94861
up,1759,1279,1079,0,1033,12.1,42,94861
up,1760,1279,1079,0,1033,12.1,42,94861
up,1760,1279,1079,0,1033,12.1,42,94861
up,1761,1279,1079,0,1033,12.1,42,94861
up,1761,1279,1079,0,1033,12.1,42,94861
up,1762,1279,1079,0,1033,12.1,42,94861
up,1762,1279,1079,0,1033,12.1,42,94861
up,1763,1279,1079,0,1033,12.1,42,94861
up,1763,1279,1079,0,1033,12.1,42,94861
up,1764,1279,1079,0,1033,12.1,42,94861
up,1764,1279,1079,0,1033,12.1,42,94861
up,1765,1279,1079,0,1033,12.1,42,94861
up,1765,1279,1079,0,1033,12.1,42,94861
up,1766,1279,1079,0,1033,12.2,42,94861
up,1766,1279,1079,0,1033,12.2,42,94861
up,1767,1279,1079,0,1033,12.1,42,94861
up,1767,1279,1079,0,1033,12.1,42,94861
up,1768,1279,1079,0,1033,12.1,42,94861
up,1768,1279,1079,0,1033,12.1,42,94861
up,1769,1279,1079,0,1033,12.2,42,94861
up,1769,1279,1079,0,1033,12.2,42,94861
up,1770,1279,1079,0,1033,12.1,42,94861
up,1770,1279,1079,0,1033,12.1,42,94861
up,1771,1279,1079,0,1033,12.1,42,94861
up,1771,1279,1079,0,1033,12.1,42,94861
up,1772,1279,1079,0,1033,12.1,42,94861
up,1772,1279,1079,0,1033,12.1,42,94861
up,1773,1279,1079,0,1033,12.1,42,94861
up,1773,1279,1079,0,1033,12.1,42,94861
up,1774,1279,1079,0,1033,12.1,42,94861
up,1774,1279,1079,0,1033,12.1,42,94861
up,1775,1279,1079,0,1033,12.1,42,94861
up,1775,1279,1079,0,1033,12.1,42,94861
up,1775,1279,1079,0,1033,12.1,42,94861
up,1776,1279,1079,0,1033,12.1,42,94861
up,1776,1279,1079,0,1033,12.1,42,94861
up,1777,1279,1079,0,1033,12.2,42,94861
up,1777,1279,1079,0,1033,12.2,42,94861
up,1778,1279,1079,0,1033,12.1,42,94861
up,1778,1279,1079,0,1033,12.1,42,94861
up,1779,1279,1079,0,1033,12.1,42,94861
up,1779,1279,1079,0,1033,12.1,42,94861
up,1780,1279,1079,0,1033,12.1,42,94861
up,1780,1279,1079,0,1033,12.1,42,94861
up,1781,1279,1079,0,1033,12.1,42,94861
up,1781,1279,1079,0,1033,12.1,42,94861
up,1782,1279,1079,0,1033,12.1,42,94861
up,1782,1279,1079,0,1033,12.1,42,94861
up,1783,1279,1079,0,1033,12.1,42,94861
up,1784,1279,1079,0,1033,12.1,42,94861
up,1784,1279,1079,0,1033,12.1,42,94861
up,1785,1279,1079,0,1033,12.1,42,94861
up,1785,1279,1079,0,1033,12.1,42,94861
up,1785,1279,1079,0,1033,12.1,42,94861
up,1786,1279,1079,0,1033,12.1,42,94861
up,1786,1279,1079,0,1033,12.1,42,94861
up,1787,1279,1079,0,1033,12.1,42,94861
up,1787,1279,1079,0,1033,12.1,42,94861
up,1788,1279,1079,0,1033,12.1,42,94861
up,1788,1279,1079,0,1033,12.1,42,94861
up,1789,1279,1079,0,1033,12.1,42,94861
up,1789,1279,1079,0,1033,12.1,42,94861
up,1790,1279,1079,0,1033,12.1,42,94861
up,1790,1279,1079,0,1033,12.1,42,94861
up,1791,1279,1079,0,1033,12.2,42,94861
up,1791,1279,1079,0,1033,12.2,42,94861
up,1792,1279,1079,0,1033,12.1,42,94861
up,1792,1279,1079,0,1033,12.1,42,94861
up,1793,1279,1079,0,1033,12.1,42,94861
up,1793,1279,1079,0,1033,12.1,42,94861
up,1794,1279,1079,0,1033,12.2,42,94861
up,1794,1279,1079,0,1033,12.2,42,94861
up,1795,1279,1079,0,1033,12.1,42,94861
up,1795,1279,1079,0,1033,12.1,42,94861
up,1796,1279,1079,0,1033,12.1,42,94861
up,1796,1279,1079,0,1033,12.1,42,94861
up,1797,1279,1079,0,1033,12.1,42,94861
up,1797,1279,1079,0,1033,12.1,42,94861
up,1798,1279,1079,0,1033,12.1,42,94861
up,1798,1279,1079,0,1033,12.1,42,94861
up,1799,1279,1079,0,1033,12.1,42,94861
up,1799,1279,1079,0,1033,12.1,42,94861
up,1800,1279,1079,0,1033,12.1,42,94861
up,1800,1279,1079,0,1033,12.1,42,94861
up,1801,1279,1079,0,1033,12.1,42,94861
up,1801,1279,1079,0,1033,12.1,42,94861
up,1802,1279,1079,0,1033,12.1,42,94861
up,1802,1279,1079,0,1033,12.1,42,94861
up,1803,1279,1079,0,1033,12.1,42,94861
up,1803,1279,1079,0,1033,12.1,42,94861
up,1804,1279,1079,0,1033,12.1,42,94861
up,1804,1279,1079,0,1033,12.1,42,94861
up,1805,1279,1079,0,1033,12.1,42,94861
up,1805,1279,1079,0,1033,12.1,42,94861
up,1806,1279,1079,0,1033,12.1,42,94861
up,1806,1279,1079,0,1033,12.1,42,94861
up,1807,1279,1079,0,1033,12.1,42,94861
up,1807,1279,1079,0,1033,12.1,42,94861
up,1808,1279,1079,0,1033,12.1,42,94861
up,1808,1279,1079,0,1033,12.1,42,94861
up,1809,1279,1079,0,1033,12.1,42,94861
up,1809,1279,1079,0,1033,12.1,42,94861
up,1810,1279,1079,0,1033,12.1,42,94861
up,1810,1279,1079,0,1033,12.1,42,94861
up,1811,1279,1079,0,1033,12.1,42,94861
up,1811,1279,1079,0,1033,12.1,42,94861
up,1812,1279,1079,0,1033,12.1,42,94861
up,1812,1279,1079,0,1033,12.1,42,94861
up,1812,1279,1079,0,1033,12.1,42,94861
up,1813,1279,1079,0,1033,12.1,42,94861
up,1813,1279,1079,0,1033,12.1,42,94861
up,1814,1279,1079,0,1033,12.1,42,94861
up,1814,1279,1079,0,1033,12.1,42,94861
up,1815,1279,1079,0,1033,12.1,42,94861
up,1815,1279,1079,0,1033,12.1,42,94861
up,1816,1279,1079,0,1033,12.1,42,94861
up,1816,1279,1079,0,1033,12.1,42,94861
up,1817,1279,1079,0,1033,12.1,42,94861
up,1817,1279,1079,0,1033,12.1,42,94861
up,1818,1279,1079,0,1033,12.1,42,94861
up,1818,1279,1079,0,1033,12.1,42,94861
up,1819,1279,1079,0,1033,12.1,42,94861
up,1819,1279,1079,0,1033,12.1,42,94861
up,1820,1279,1079,0,1033,12.1,42,94861
up,1820,1279,1079,0,1033,12.1,42,94861
up,1821,1279,1079,0,1033,12.1,42,94861
up,1821,1279,1079,0,1033,12.1,42,94861
up,1822,1279,1079,0,1033,12.1,42,94861
up,1822,1279,1079,0,1033,12.1,42,94861
up,1823,1279,1079,0,1033,12.1,42,94861
up,1823,1279,1079,0,1033,12.1,42,94861
up,1824,1279,1079,0,1033,12.1,42,94861
up,1824,1279,1079,0,1033,12.1,42,94861
up,1825,1279,1079,0,1033,12.1,42,94861
up,1825,1279,1079,0,1033,12.1,42,94861
up,1826,1279,1079,0,1033,12.1,42,94861
up,1826,1279,1079,0,1033,12.1,42,94861
up,1827,1279,1079,0,1033,12.2,42,94861
up,1827,1279,1079,0,1033,12.2,42,94861
up,1828,1279,1079,0,1033,12.1,42,94861
up,1828,1279,1079,0,1033,12.1,42,94861
up,1829,1279,1079,0,1033,12.1,42,94861
up,1829,1279,1079,0,1033,12.1,42,94861
up,1830,1279,1079,0,1033,12.1,42,94861
up,1830,1279,1079,0,1033,12.1,42,94861
up,1831,1279,1079,0,1033,12.1,42,94861
up,1831,1279,1079,0,1033,12.1,42,94861
up,1832,1279,1079,0,1033,12.1,42,94861
up,1832,1279,1079,0,1033,12.1,42,94861
up,1833,1279,1079,0,1033,12.1,42,94861
up,1833,1279,1079,0,1033,12.1,42,94861
up,1834,1279,1079,0,1033,12.1,42,94861
up,1834,1279,1079,0,1033,12.1,42,94861
up,1835,1279,1079,0,1033,12.1,42,94861
up,1835,1279,1079,0,1033,12.1,42,94861
up,1836,1279,1079,0,1033,12.1,42,94861
up,1836,1279,1079,0,1033,12.1,42,94861
up,1837,1279,1079,0,1033,12.1,42,94861
up,1837,1279,1079,0,1033,12.1,42,94861
up,1838,1279,1079,0,1033,12.1,42,94861
up,1838,1279,1079,0,1033,12.1,42,94861
up,1839,1279,1079,0,1033,12.1,42,94861
up,1839,1279,1079,0,1033,12.1,42,94861
up,1840,1279,1079,0,1033,12.2,42,94861
up,1840,1279,1079,0,1033,12.2,42,94861
up,1841,1279,1079,0,1033,12.1,42,94861
up,1841,1279,1079,0,1033,12.1,42,94861
up,1841,1279,1079,0,1033,12.1,42,94861
up,1842,1279,1079,0,1033,12.1,42,94861
up,1842,1279,1079,0,1033,12.1,42,94861
up,1843,1279,1079,0,1033,12.1,42,94861
up,1843,1279,1079,0,1033,12.1,42,94861
up,1844,1279,1079,0,1033,12.1,42,94861
up,1844,1279,1079,0,1033,12.1,42,94861
up,1845,1279,1079,0,1033,12.1,42,94861
up,1845,1279,1079,0,1033,12.1,42,94861
up,1846,1279,1079,0,1033,12.1,42,94861
up,1846,1279,1079,0,1033,12.1,42,94861
up,1847,1279,1079,0,1033,12.1,42,94861
up,1847,1279,1079,0,1033,12.1,42,94861
up,1848,1279,1079,0,1033,12.1,42,94861
up,1848,1279,1079,0,1033,12.1,42,94861
up,1849,1279,1079,0,1033,12.1,42,94861
up,1849,1279,1079,0,1033,12.1,42,94861
up,1850,1279,1079,0,1033,12.2,42,94861
up,1850,1279,1079,0,1033,12.2,42,94861
up,1851,1279,1079,0,1033,12.1,42,94861
up,1851,1279,1079,0,1033,12.1,42,94861
up,1852,1279,1079,0,1033,12.1,42,94861
up,1852,1279,1079,0,1033,12.1,42,94861
up,1853,1279,1079,0,1033,12.1,42,94861
up,1853,1279,1079,0,1033,12.1,42,94861
up,1854,1279,1079,0,1033,12.1,42,94861
up,1854,1279,1079,0,1033,12.1,42,94861
up,1855,1279,1079,0,1033,12.1,42,94861
up,1855,1279,1079,0,1033,12.1,42,94861
up,1855,1279,1079,0,1033,12.1,42,94861
up,1856,1279,1079,0,1033,12.1,42,94861
up,1856,1279,1079,0,1033,12.1,42,94861
up,1857,1279,1079,0,1033,12.1,42,94861
up,1857,1279,1079,0,1033,12.1,42,94861
up,1858,1279,1079,0,1033,12.1,42,94861
up,1858,1279,1079,0,1033,12.1,42,94861
up,1859,1279,1079,0,1033,12.1,42,94861
up,1859,1279,1079,0,1033,12.1,42,94861
up,1859,1279,1079,0,1033,12.1,42,94861
up,1860,1279,1079,0,1033,12.1,42,94861
up,1860,1279,1079,0,1033,12.1,42,94861
up,1861,1279,1079,0,1033,12.1,42,94861
up,1861,1279,1079,0,1033,12.1,42,94861
up,1862,1279,1079,0,1033,12.1,42,94861
up,1862,1279,1079,0,1033,12.1,42,94861
up,1863,1279,1079,0,1033,12.1,42,94861
up,1863,1279,1079,0,1033,12.1,42,94861
up,1864,1279,1079,0,1033,12.1,42,94861
up,1864,1279,1079,0,1033,12.1,42,94861
up,1864,1279,1079,0,1033,12.1,42,94861
up,1865,1279,1079,0,1033,12.1,42,94861
up,1865,1279,1079,0,1033,12.1,42,94861
up,1866,1279,1079,0,1033,12.1,42,94861
up,1866,1279,1079,0,1033,12.1,42,94861
up,1867,1279,1079,0,1033,12.1,42,94861
up,1867,1279,1079,0,1033,12.1,42,94861
up,1868,1279,1079,0,1033,12.1,42,94861
up,1868,1279,1079,0,1033,12.1,42,94861
up,1869,1279,1079,0,1033,12.1,42,94861
up,1869,1279,1079,0,1033,12.1,42,94861
up,1870,1279,1079,0,1033,12.1,42,94861
up,1870,1279,1079,0,1033,12.1,42,94861
up,1871,1279,1079,0,1033,12.1,42,94861
up,1871,1279,1079,0,1033,12.1,42,94861
up,1872,1279,1079,0,1033,12.1,42,94861
up,1872,1279,1079,0,1033,12.1,42,94861
up,1873,1279,1079,0,1033,12.1,42,94861
up,1873,1279,1079,0,1033,12.1,42,94861
up,1874,1279,1079,0,1033,12.1,42,94861
up,1874,1279,1079,0,1033,12.1,42,94861
up,1875,1279,1079,0,1033,12.1,42,94861
up,1875,1279,1079,0,1033,12.1,42,94861
up,1876,1279,1079,0,1033,12.1,42,94861
up,1876,1279,1079,0,1033,12.1,42,94861
up,1876,1279,1079,0,1033,12.1,42,94861
up,1877,1279,1079,0,1033,12.1,42,94861
up,1877,1279,1079,0,1033,12.1,42,94861
up,1878,1279,1079,0,1033,12.1,42,94861
up,1878,1279,1079,0,1033,12.1,42,94861
up,1879,1279,1079,0,1033,12.1,42,94861
up,1879,1279,1079,0,1033,12.1,42,94861
up,1880,1279,1079,0,1033,12.1,42,94861
up,1880,1279,1079,0,1033,12.1,42,94861
up,1881,1279,1079,0,1033,12.1,42,94861
up,1881,1279,1079,0,1033,12.1,42,94861
up,1882,1279,1079,0,1033,12.1,42,94861
up,1882,1279,1079,0,1033,12.1,42,94861
up,1883,1279,1079,0,1033,12.1,42,94861
up,1883,1279,1079,0,1033,12.1,42,94861
up,1884,1279,1079,0,1033,12.1,42,94861
up,1884,1279,1079,0,1033,12.1,42,94861
up,1885,1279,1079,0,1033,12.1,42,94861
up,1885,1279,1079,0,1033,12.1,42,94861
up,1886,1279,1079,0,1033,12.1,42,94861
up,1886,1279,1079,0,1033,12.1,42,94861
up,1887,1279,1079,0,1033,12.1,42,94861
up,1887,1279,1079,0,1033,12.1,42,94861
up,1888,1279,1079,0,1033,12.1,42,94861
up,1888,1279,1079,0,1033,12.1,42,94861
up,1889,1279,1079,0,1033,12.1,42,94861
up,1889,1279,1079,0,1033,12.1,42,94861
up,1890,1279,1079,0,1033,12.1,42,94861
up,1890,1279,1079,0,1033,12.1,42,94861
up,1891,1279,1079,0,1033,12.1,42,94861
up,1891,1279,1079,0,1033,12.1,42,94861
up,1892,1279,1079,0,1033,12.1,42,94861
up,1892,1279,1079,0,1033,12.1,42,94861
up,1893,1279,1079,0,1033,12.1,42,94861
up,1893,1279,1079,0,1033,12.1,42,94861
up,1894,1279,1079,0,1033,12.1,42,94861
up,1894,1279,1079,0,1033,12.1,42,94861
up,1895,1279,1079,0,1033,12.1,42,94861
up,1895,1279,1079,0,1033,12.1,42,94861
up,1895,1279,1079,0,1033,12.1,42,94861
up,1896,1279,1079,0,1033,12.1,42,94861
up,1896,1279,1079,0,1033,12.1,42,94861
up,1897,1279,1079,0,1033,12.1,42,94861
up,1897,1279,1079,0,1033,12.1,42,94861
up,1898,1279,1079,0,1033,12.1,42,94861
up,1898,1279,1079,0,1033,12.1,42,94861
up,1899,1279,1079,0,1033,12.1,42,94861
up,1899,1279,1079,0,1033,12.1,42,94861
up,1900,1279,1079,0,1033,12.1,42,94861
up,1900,1279,1079,0,1033,12.1,42,94861
up,1901,1279,1079,0,1033,12.1,42,94861
up,1901,1279,1079,0,1033,12.1,42,94861
up,1902,1279,1079,0,1033,12.1,42,94861
up,1902,1279,1079,0,1033,12.1,42,94861
up,1903,1279,1079,0,1033,12.1,42,94861
up,1903,1279,1079,0,1033,12.1,42,94861
up,1904,1279,1079,0,1033,12.1,42,94861
up,1904,1279,1079,0,1033,12.1,42,94861
up,1905,1279,1079,0,1033,12.1,42,94861
up,1905,1279,1079,0,1033,12.2,42,94861
up,1906,1279,1079,0,1033,12.2,42,94861
up,1906,1279,1079,0,1033,12.1,42,94861
up,1907,1279,1079,0,1033,12.1,42,94861
up,1907,1279,1079,0,1033,12.1,42,94861
up,1908,1279,1079,0,1033,12.1,42,94861
up,1908,1279,1079,0,1033,12.1,42,94861
up,1909,1279,1079,0,1033,12.1,42,94861
up,1909,1279,1079,0,1033,12.1,42,94861
up,1909,1279,1079,0,1033,12.1,42,94861
up,1910,1279,1079,0,1033,12.1,42,94861
up,1910,1279,1079,0,1033,12.1,42,94861
up,1911,1279,1079,0,1033,12.1,42,94861
up,1911,1279,1079,0,1033,12.1,42,94861
up,1912,1279,1079,0,1033,12.1,42,94861
up,1912,1279,1079,0,1033,12.2,42,94861
up,1913,1279,1079,0,1033,12.2,42,94861
up,1913,1279,1079,0,1033,12.1,42,94861
up,1914,1279,1079,0,1033,12.1,42,94861
up,1914,1279,1079,0,1033,12.1,42,94861
up,1915,1279,1079,0,1033,12.1,42,94861
up,1915,1279,1079,0,1033,12.1,42,94861
up,1916,1279,1079,0,1033,12.1,42,94861
up,1916,1279,1079,0,1033,12.1,42,94861
up,1917,1279,1079,0,1033,12.1,42,94861
up,1917,1279,1079,0,1033,12.1,42,94861
up,1918,1279,1079,0,1033,12.1,42,94861
up,1918,1279,1079,0,1033,12.2,42,94861
up,1919,1279,1079,0,1033,12.2,42,94861
up,1919,1279,1079,0,1033,12.1,42,94861
up,1920,1279,1079,0,1033,12.1,42,94861
up,1920,1279,1079,0,1033,12.1,42,94861
up,1921,1279,1079,0,1033,12.1,42,94861
up,1921,1279,1079,0,1033,12.1,42,94861
up,1922,1279,1079,0,1033,12.1,42,94861
up,1922,1279,1079,0,1033,12.1,42,94861
up,1923,1279,1079,0,1033,12.1,42,94861
up,1923,1279,1079,0,1033,12.1,42,94861
up,1924,1279,1079,0,1033,12.1,42,94861
up,1924,1279,1079,0,1033,12.1,42,94861
up,1925,1279,1079,0,1033,12.1,42,94861
up,1925,1279,1079,0,1033,12.1,42,94861
up,1925,1279,1079,0,1033,12.1,42,94861
up,1926,1279,1079,0,1033,12.1,42,94861
up,1926,1279,1079,0,1033,12.1,42,94861
up,1927,1279,1079,0,1033,12.1,42,94861
up,1927,1279,1079,0,1033,12.1,42,94861
up,1928,1279,1079,0,1033,12.1,42,94861
up,1928,1279,1079,0,1033,12.1,42,94861
up,1929,1279,1079,0,1033,12.1,42,94861
up,1929,1279,1079,0,1033,12.1,42,94861
up,1930,1279,1079,0,1033,12.1,42,94861
up,1930,1279,1079,0,1033,12.1,42,94861
up,1931,1279,1079,0,1033,12.1,42,94861
up,1931,1279,1079,0,1033,12.1,42,94861
up,1932,1279,1079,0,1033,12.1,42,94861
up,1932,1279,1079,0,1033,12.1,42,94861
up,1933,1279,1079,0,1033,12.1,42,94861
up,1933,1279,1079,0,1033,12.2,42,94861
up,1934,1279,1079,0,1033,12.2,42,94861
up,1934,1279,1079,0,1033,12.1,42,94861
up,1935,1279,1079,0,1033,12.1,42,94861
up,1935,1279,1079,0,1033,12.2,42,94861
up,1936,1279,1079,0,1033,12.2,42,94861
up,1936,1279,1079,0,1033,12.1,42,94861
up,1937,1279,1079,0,1033,12.1,42,94861
up,1937,1279,1079,0,1033,12.1,42,94861
up,1938,1279,1079,0,1033,12.1,42,94861
up,1938,1279,1079,0,1033,12.1,42,94861
up,1939,1279,1079,0,1033,12.1,42,94861
up,1939,1279,1079,0,1033,12.1,42,94861
up,1940,1279,1079,0,1033,12.1,42,94861
up,1940,1279,1079,0,1033,12.1,42,94861
up,1941,1279,1079,0,1033,12.1,42,94861
up,1941,1279,1079,0,1033,12.1,42,94861
up,1942,1279,1079,0,1033,12.1,42,94861
up,1942,1279,1079,0,1033,12.1,42,94861
up,1942,1279,1079,0,1033,12.1,42,94861
up,1943,1279,1079,0,1033,12.1,42,94861
up,1943,1279,1079,0,1033,12.1,42,94861
up,1944,1279,1079,0,1033,12.1,42,94861
up,1944,1279,1079,0,1033,12.1,42,94861
up,1945,1279,1079,0,1033,12.1,42,94861
up,1945,1279,1079,0,1033,12.1,42,94861
up,1946,1279,1079,0,1033,12.1,42,94861
up,1946,1279,1079,0,1033,12.1,42,94861
up,1947,1279,1079,0,1033,12.1,42,94861
up,1947,1279,1079,0,1033,12.1,42,94861
up,1948,1279,1079,0,1033,12.1,42,94861
up,1948,1279,1079,0,1033,12.2,42,94861
up,1949,1279,1079,0,1033,12.2,42,94861
up,1949,1279,1079,0,1033,12.1,42,94861
up,1950,1279,1079,0,1033,12.1,42,94861
up,1950,1279,1079,0,1033,12.1,42,94861
up,1951,1279,1079,0,1033,12.1,42,94861
up,1951,1279,1079,0,1033,12.1,42,94861
up,1952,1279,1079,0,1033,12.1,42,94861
up,1952,1279,1079,0,1033,12.1,42,94861
up,1953,1279,1079,0,1033,12.1,42,94861
up,1953,1279,1079,0,1033,12.1,42,94861
up,1954,1279,1079,0,1033,12.1,42,94861
up,1954,1279,1079,0,1033,12.1,42,94861
up,1955,1279,1079,0,1033,12.1,42,94861
up,1955,1279,1079,0,1033,12.1,42,94861
up,1956,1279,1079,0,1033,12.1,42,94861
up,1956,1279,1079,0,1033,12.1,42,94861
up,1957,1279,1079,0,1033,12.1,42,94861
up,1957,1279,1079,0,1033,12.2,42,94861
up,1958,1279,1079,0,1033,12.2,42,94861
up,1958,1279,1079,0,1033,12.1,42,94861
up,1959,1279,1079,0,1033,12.1,42,94861
up,1959,1279,1079,0,1033,12.1,42,94861
up,1960,1279,1079,0,1033,12.1,42,94861
up,1960,1279,1079,0,1033,12.1,42,94861
up,1961,1279,1079,0,1033,12.1,42,94861
up,1961,1279,1079,0,1033,12.2,42,94861
up,1962,1279,1079,0,1033,12.2,42,94861
up,1962,1279,1079,0,1033,12.1,42,94861
up,1963,1279,1079,0,1033,12.1,42,94861
up,1963,1279,1079,0,1033,12.1,42,94861
up,1964,1279,1079,0,1033,12.1,42,94861
up,1964,1279,1079,0,1033,12.1,42,94861
up,1965,1279,1079,0,1033,12.1,42,94861
up,1965,1279,1079,0,1033,12.1,42,94861
up,1966,1279,1079,0,1033,12.1,42,94861
up,1966,1279,1079,0,1033,12.1,42,94861
up,1967,1279,1079,0,1033,12.1,42,94861
up,1967,1279,1079,0,1033,12.1,42,94861
up,1968,1279,1079,0,1033,12.1,42,94861
up,1968,1279,1079,0,1033,12.1,42,94861
up,1969,1279,1079,0,1033,12.1,42,94861
up,1969,1279,1079,0,1033,12.1,42,94861
up,1970,1279,1079,0,1033,12.1,42,94861
up,1970,1279,1079,0,1033,12.1,42,94861
up,1971,1279,1079,0,1033,12.1,42,94861
up,1971,1279,1079,0,1033,12.1,42,94861
up,1972,1279,1079,0,1033,12.1,42,94861
up,1972,1279,1079,0,1033,12.1,42,94861
up,1973,1279,1079,0,1033,12.1,42,94861
up,1973,1279,1079,0,1033,12.1,42,94861
up,1974,1279,1079,0,1033,12.1,42,94861
up,1974,1279,1079,0,1033,12.1,42,94861
up,1974,1279,1079,0,1033,12.1,42,94861
up,1975,1279,1079,0,1033,12.1,42,94861
up,1975,1279,1079,0,1033,12.1,42,94861
up,1976,1279,1079,0,1033,12.1,42,94861
up,1976,1279,1079,0,1033,12.1,42,94861
up,1977,1279,1079,0,1033,12.1,42,94861
up,1977,1279,1079,0,1033,12.1,42,94861
up,1978,1279,1079,0,1033,12.1,42,94861
up,1978,1279,1079,0,1033,12.1,42,94861
up,1979,1279,1079,0,1033,12.1,42,94861
up,1979,1279,1079,0,1033,12.1,42,94861
up,1980,1279,1079,0,1033,12.1,42,94861
up,1980,1279,1079,0,1033,12.1,42,94861
up,1981,1279,1079,0,1033,12.1,42,94861
up,1981,1279,1079,0,1033,12.1,42,94861
up,1982,1279,1079,0,1033,12.1,42,94861
up,1982,1279,1079,0,1033,12.1,42,94861
up,1983,1279,1079,0,1033,12.1,42,94861
up,1983,1279,1079,0,1033,12.1,42,94861
up,1984,1279,1079,0,1033,12.1,42,94861
up,1984,1279,1079,0,1033,12.1,42,94861
up,1985,1279,1079,0,1033,12.1,42,94861
up,1985,1279,1079,0,1033,12.1,42,94861
up,1986,1279,1079,0,1033,12.1,42,94861
up,1986,1279,1079,0,1033,12.1,42,94861
up,1987,1279,1079,0,1033,12.1,42,94861
up,1987,1279,1079,0,1033,12.1,42,94861
up,1988,1279,1079,0,1033,12.1,42,94861
up,1988,1279,1079,0,1033,12.1,42,94861
up,1989,1279,1079,0,1033,12.1,42,94861
up,1989,1279,1079,0,1033,12.1,42,94861
up,1990,1279,1079,0,1033,12.1,42,94861
up,1990,1279,1079,0,1033,12.2,42,94861
up,1991,1279,1079,0,1033,12.2,42,94861
up,1991,1279,1079,0,1033,12.1,42,94861
up,1992,1279,1079,0,1033,12.1,42,94861
up,1992,1279,1079,0,1033,12.1,42,94861
up,1992,1279,1079,0,1033,12.1,42,94861
up,1993,1279,1079,0,1033,12.1,42,94861
up,1993,1279,1079,0,1033,12.1,42,94861
up,1994,1279,1079,0,1033,12.1,42,94861
up,1994,1279,1079,0,1033,12.1,42,94861
up,1995,1279,1079,0,1033,12.1,42,94861
up,1995,1279,1079,0,1033,12.1,42,94861
up,1996,1279,1079,0,1033,12.1,42,94861
up,1996,1279,1079,0,1033,12.1,42,94861
up,1997,1279,1079,0,1033,12.1,42,94861
up,1997,1279,1079,0,1033,12.1,42,94861
up,1998,1279,1079,0,1033,12.1,42,94861
up,1998,1279,1079,0,1033,12.1,42,94861
up,1999,1279,1079,0,1033,12.1,42,94861
up,1999,1279,1079,0,1033,12.1,42,94861
up,2000,1279,1079,0,1033,12.1,42,94861
back,0,1079,1079,0,1033,12.1,42,94861
back,25,1079,1079,0,1033,12.1,42,94861
back,25,1079,1079,0,1033,12.1,42,94861
back,26,1079,1079,0,1033,12.1,42,94861
back,26,1079,1079,0,1033,12.1,42,94861
back,27,1079,1079,0,1033,12.1,42,94861
back,27,1079,1079,0,1033,12.1,42,94861
back,28,1079,1079,0,1033,12.1,42,94861
back,28,1079,1079,0,1033,12.1,42,94861
back,29,1079,1079,0,1033,12.1,42,94861
back,29,1079,1079,0,1033,12.1,42,94861
back,30,1079,1079,0,1033,12.1,42,94861
back,30,1079,1079,0,1033,12.1,42,94861
back,31,1079,1079,0,1033,12.1,42,94861
back,32,1079,1079,0,1033,12.1,42,94861
back,32,1079,1079,0,1033,12.1,42,94861
back,33,1079,1079,0,1033,12.1,42,94861
back,33,1079,1079,0,1033,12.2,42,94861
back,34,1079,1079,0,1033,12.2,42,94861
back,34,1079,1079,0,1033,12.1,42,94861
back,35,1079,1079,0,1033,12.1,42,94861
back,35,1079,1079,0,1033,12.1,42,94861
back,36,1079,1079,0,1033,12.1,42,94861
back,36,1079,1079,0,1033,12.2,42,94861
back,37,1079,1079,0,1033,12.2,42,94861
back,37,1079,1079,0,1033,12.1,42,94861
back,38,1079,1079,0,1033,12.1,42,94861
back,38,1079,1079,0,1033,12.2,42,94861
back,38,1079,1079,0,1033,12.2,42,94861
back,39,1079,1079,0,1033,12.1,42,94861
back,40,1079,1079,0,1033,12.1,42,94861
back,40,1079,1079,0,1033,12.1,42,94861
back,40,1079,1079,0,1033,12.1,42,94861
back,41,1079,1079,0,1033,12.1,42,94861
back,42,1079,1079,0,1033,12.1,42,94861
back,42,1079,1079,0,1033,12.1,42,94861
back,42,1079,1079,0,1033,12.1,42,94861
back,43,1079,1079,0,1033,12.1,42,94861
back,44,1079,1079,0,1033,12.1,42,94861
back,44,1079,1079,0,1033,12.1,42,94861
back,45,1079,1079,0,1033,12.1,42,94861
back,45,1079,1079,0,1033,12.1,42,94861
back,46,1079,1079,0,1033,12.1,42,94861
back,46,1079,1079,0,1033,12.1,42,94861
back,47,1079,1079,0,1033,12.1,42,94861
back,47,1079,1079,0,1033,12.1,42,94861
back,48,1079,1079,0,1033,12.1,42,94861
back,48,1079,1079,0,1033,12.1,42,94861
back,49,1079,1079,0,1033,12.1,42,94861
back,49,1079,1079,0,1033,12.1,42,94861
back,50,1079,1079,0,1033,12.1,42,94861
back,50,1079,1079,0,1033,12.1,42,94861
back,51,1079,1079,0,1033,12.1,42,94861
back,51,1079,1079,0,1033,12.1,42,94861
back,52,1079,1079,0,1033,12.1,42,94861
back,52,1079,1079,0,1033,12.2,42,94861
back,53,1079,1079,0,1033,12.2,42,94861
back,53,1079,1079,0,1033,12.1,42,94861
back,54,1079,1079,0,1033,12.1,42,94861
back,54,1079,1079,0,1033,12.1,42,94861
back,55,1079,1079,0,1033,12.1,42,94861
back,55,1079,1079,0,1033,12.1,42,94861
back,55,1079,1079,0,1033,12.1,42,94861
back,56,1079,1079,0,1033,12.1,42,94861
back,56,1079,1079,0,1033,12.1,42,94861
back,57,1079,1079,0,1033,12.1,42,94861
back,57,1079,1079,0,1033,12.1,42,94861
back,58,1079,1079,0,1033,12.1,42,94861
back,59,1079,1079,0,1033,12.1,42,94861
back,59,1079,1079,0,1033,12.1,42,94861
back,60,1079,1079,0,1033,12.1,42,94861
back,60,1079,1079,0,1033,12.1,42,94861
back,60,1079,1079,0,1033,12.1,42,94861
back,61,1079,1079,0,1033,12.1,42,94861
back,61,1079,1079,0,1033,12.1,42,94861
back,62,1079,1079,0,1033,12.1,42,94861
back,62,1079,1079,0,1033,12.1,42,94861
back,63,1079,1079,0,1033,12.1,42,94861
back,63,1079,1079,0,1033,12.1,42,94861
back,64,1079,1079,0,1033,12.1,42,94861
back,64,1079,1079,0,1033,12.1,42,94861
back,65,1079,1079,0,1033,12.1,42,94861
back,66,1079,1079,0,1033,12.1,42,94861
back,66,1079,1079,0,1033,12.2,42,94861
back,67,1079,1079,0,1033,12.2,42,94861
back,67,1079,1079,0,1033,12.1,42,94861
back,68,1079,1079,0,1033,12.1,42,94861
back,68,1079,1079,0,1033,12.1,42,94861
back,69,1079,1079,0,1033,12.1,42,94861
back,69,1079,1079,0,1033,12.1,42,94861
back,70,1079,1079,0,1033,12.1,42,94861
back,70,1079,1079,0,1033,12.1,42,94861
back,71,1079,1079,0,1033,12.1,42,94861
back,71,1079,1079,0,1033,12.1,42,94861
back,72,1079,1079,0,1033,12.1,42,94861
back,72,1079,1079,0,1033,12.1,42,94861
back,73,1079,1079,0,1033,12.1,42,94861
back,73,1079,1079,0,1033,12.1,42,94861
back,74,1079,1079,0,1033,12.1,42,94861
back,74,1079,1079,0,1033,12.1,42,94861
back,75,1079,1079,0,1033,12.1,42,94861
back,75,1079,1079,0,1033,12.1,42,94861
back,76,1079,1079,0,1033,12.1,42,94861
back,76,1079,1079,0,1033,12.2,42,94861
back,77,1079,1079,0,1033,12.2,42,94861
back,77,1079,1079,0,1033,12.1,42,94861
back,78,1079,1079,0,1033,12.1,42,94861
back,78,1079,1079,0,1033,12.1,42,94861
back,79,1079,1079,0,1033,12.1,42,94861
back,79,1079,1079,0,1033,12.1,42,94861
back,80,1079,1079,0,1033,12.1,42,94861
back,80,1079,1079,0,1033,12.1,42,94861
back,81,1079,1079,0,1033,12.1,42,94861
back,81,1079,1079,0,1033,12.1,42,94861
back,82,1079,1079,0,1033,12.1,42,94861
back,82,1079,1079,0,1033,12.1,42,94861
back,83,1079,1079,0,1033,12.1,42,94861
back,83,1079,1079,0,1033,12.1,42,94861
back,84,1079,1079,0,1033,12.1,42,94861
back,84,1079,1079,0,1033,12.1,42,94861
back,85,1079,1079,0,1033,12.1,42,94861
back,85,1079,1079,0,1033,12.1,42,94861
back,86,1079,1079,0,1033,12.1,42,94861
back,86,1079,1079,0,1033,12.1,42,94861
back,87,1079,1079,0,1033,12.1,42,94861
back,87,1079,1079,0,1033,12.1,42,94861
back,88,1079,1079,0,1033,12.1,42,94861
back,88,1079,1079,0,1033,12.1,42,94861
back,89,1079,1079,0,1033,12.1,42,94861
back,89,1079,1079,0,1033,12.1,42,94861
back,90,1079,1079,0,1033,12.1,42,94861
back,90,1079,1079,0,1033,12.1,42,94861
back,90,1079,1079,0,1033,12.1,42,94861
back,91,1079,1079,0,1033,12.1,42,94861
back,91,1079,1079,0,1033,12.1,42,94861
back,92,1079,1079,0,1033,12.1,42,94861
back,93,1079,1079,0,1033,12.1,42,94861
back,93,1079,1079,0,1033,12.1,42,94861
back,94,1079,1079,0,1033,12.1,42,94861
back,94,1079,1079,0,1033,12.1,42,94861
back,95,1079,1079,0,1033,12.1,42,94861
back,95,1079,1079,0,1033,12.1,42,94861
back,96,1079,1079,0,1033,12.1,42,94861
back,96,1079,1079,0,1033,12.1,42,94861
back,97,1079,1079,0,1033,12.1,42,94861
back,97,1079,1079,0,1033,12.1,42,94861
back,98,1079,1079,0,1033,12.1,42,94861
back,98,1079,1079,0,1033,12.1,42,94861
back,99,1079,1079,0,1033,12.1,42,94861
back,99,1079,1079,0,1033,12.1,42,94861
back,100,1079,1079,0,1033,12.1,42,94861
back,100,1079,1079,0,1033,12.1,42,94861
back,101,1079,1079,0,1033,12.1,42,94861
back,101,1079,1079,0,1033,12.1,42,94861
back,102,1079,1079,0,1033,12.1,42,94861
back,102,1079,1079,0,1033,12.1,42,94861
back,103,1079,1079,0,1033,12.1,42,94861
back,103,1079,1079,0,1033,12.1,42,94861
back,104,1079,1079,0,1033,12.1,42,94861
back,104,1079,1079,0,1033,12.1,42,94861
back,105,1079,1079,0,1033,12.1,42,94861
back,105,1079,1079,0,1033,12.1,42,94861
back,105,1079,1079,0,1033,12.1,42,94861
back,106,1079,1079,0,1033,12.1,42,94861
back,107,1079,1079,0,1033,12.1,42,94861
back,107,1079,1079,0,1033,12.1,42,94861
back,107,1079,1079,0,1033,12.1,42,94861
back,108,1079,1079,0,1033,12.1,42,94861
back,109,1079,1079,0,1033,12.1,42,94861
back,109,1079,1079,0,1033,12.1,42,94861
back,110,1079,1079,0,1033,12.1,42,94861
back,110,1079,1079,0,1033,12.1,42,94861
back,111,1079,1079,0,1033,12.1,42,94861
back,111,1079,1079,0,1033,12.1,42,94861
back,112,1079,1079,0,1033,12.1,42,94861
back,112,1079,1079,0,1033,12.1,42,94861
back,113,1079,1079,0,1033,12.1,42,94861
back,113,1079,1079,0,1033,12.1,42,94861
back,114,1079,1079,0,1033,12.1,42,94861
back,114,1079,1079,0,1033,12.1,42,94861
back,115,1079,1079,0,1033,12.1,42,94861
back,115,1079,1079,0,1033,12.1,42,94861
back,116,1079,1079,0,1033,12.1,42,94861
back,116,1079,1079,0,1033,12.1,42,94861
back,117,1079,1079,0,1033,12.1,42,94861
back,117,1079,1079,0,1033,12.1,42,94861
back,118,1079,1079,0,1033,12.1,42,94861
back,118,1079,1079,0,1033,12.1,42,94861
back,119,1079,1079,0,1033,12.1,42,94861
back,119,1079,1079,0,1033,12.1,42,94861
back,120,1079,1079,0,1033,12.1,42,94861
back,120,1079,1079,0,1033,12.1,42,94861
back,121,1079,1079,0,1033,12.1,42,94861
back,121,1079,1079,0,1033,12.1,42,94861
back,122,1079,1079,0,1033,12.1,42,94861
back,122,1079,1079,0,1033,12.1,42,94861
back,123,1079,1079,0,1033,12.1,42,94861
back,123,1079,1079,0,1033,12.1,42,94861
back,124,1079,1079,0,1033,12.1,42,94861
back,124,1079,1079,0,1033,12.1,42,94861
back,125,1079,1079,0,1033,12.1,42,94861
back,125,1079,1079,0,1033,12.1,42,94861
back,126,1079,1079,0,1033,12.1,42,94861
back,126,1079,1079,0,1033,12.1,42,94861
back,127,1079,1079,0,1033,12.1,42,94861
back,127,1079,1079,0,1033,12.1,42,94861
back,128,1079,1079,0,1033,12.1,42,94861
back,128,1079,1079,0,1033,12.1,42,94861
back,129,1079,1079,0,1033,12.1,42,94861
back,129,1079,1079,0,1033,12.1,42,94861
back,130,1079,1079,0,1033,12.1,42,94861
back,130,1079,1079,0,1033,12.1,42,94861
back,131,1079,1079,0,1033,12.1,42,94861
back,131,1079,1079,0,1033,12.1,42,94861
back,132,1079,1079,0,1033,12.1,42,94861
back,132,1079,1079,0,1033,12.1,42,94861
back,133,1079,1079,0,1033,12.1,42,94861
back,133,1079,1079,0,1033,12.1,42,94861
back,134,1079,1079,0,1033,12.1,42,94861
back,134,1079,1079,0,1033,12.1,42,94861
back,135,1079,1079,0,1033,12.1,42,94861
back,135,1079,1079,0,1033,12.1,42,94861
back,136,1079,1079,0,1033,12.1,42,94861
back,136,1079,1079,0,1033,12.1,42,94861
back,137,1079,1079,0,1033,12.1,42,94861
back,137,1079,1079,0,1033,12.1,42,94861
back,138,1079,1079,0,1033,12.1,42,94861
back,138,1079,1079,0,1033,12.1,42,94861
back,138,1079,1079,0,1033,12.1,42,94861
back,139,1079,1079,0,1033,12.1,42,94861
back,139,1079,1079,0,1033,12.1,42,94861
back,140,1079,1079,0,1033,12.1,42,94861
back,140,1079,1079,0,1033,12.1,42,94861
back,141,1079,1079,0,1033,12.1,42,94861
back,141,1079,1079,0,1033,12.1,42,94861
back,142,1079,1079,0,1033,12.1,42,94861
back,142,1079,1079,0,1033,12.1,42,94861
back,143,1079,1079,0,1033,12.1,42,94861
back,143,1079,1079,0,1033,12.1,42,94861
back,144,1079,1079,0,1033,12.1,42,94861
back,144,1079,1079,0,1033,12.1,42,94861
back,145,1079,1079,0,1033,12.1,42,94861
back,145,1079,1079,0,1033,12.1,42,94861
back,146,1079,1079,0,1033,12.1,42,94861
back,146,1079,1079,0,1033,12.1,42,94861
back,147,1079,1079,0,1033,12.1,42,94861
back,147,1079,1079,0,1033,12.1,42,94861
back,148,1079,1079,0,1033,12.1,42,94861
back,148,1079,1079,0,1033,12.1,42,94861
back,149,1079,1079,0,1033,12.1,42,94861
back,149,1079,1079,0,1033,12.1,42,94861
back,150,1079,1079,0,1033,12.1,42,94861
back,151,1079,1079,0,1033,12.1,42,94861
back,151,1079,1079,0,1033,12.1,42,94861
back,152,1079,1079,0,1033,12.1,42,94861
back,152,1079,1079,0,1033,12.1,42,94861
back,153,1079,1079,0,1033,12.1,42,94861
back,153,1079,1079,0,1033,12.1,42,94861
back,154,1079,1079,0,1033,12.1,42,94861
back,154,1079,1079,0,1033,12.1,42,94861
back,155,1079,1079,0,1033,12.1,42,94861
back,155,1079,1079,0,1033,12.1,42,94861
back,156,1079,1079,0,1033,12.1,42,94861
back,156,1079,1079,0,1033,12.1,42,94861
back,157,1079,1079,0,1033,12.1,42,94861
back,157,1079,1079,0,1033,12.1,42,94861
back,158,1079,1079,0,1033,12.1,42,94861
back,158,1079,1079,0,1033,12.1,42,94861
back,159,1079,1079,0,1033,12.1,42,94861
back,159,1079,1079,0,1033,12.1,42,94861
back,160,1079,1079,0,1033,12.1,42,94861
back,160,1079,1079,0,1033,12.1,42,94861
back,161,1079,1079,0,1033,12.1,42,94861
back,161,1079,1079,0,1033,12.1,42,94861
back,161,1079,1079,0,1033,12.1,42,94861
back,162,1079,1079,0,1033,12.1,42,94861
back,162,1079,1079,0,1033,12.1,42,94861
back,163,1079,1079,0,1033,12.1,42,94861
back,163,1079,1079,0,1033,12.1,42,94861
back,164,1079,1079,0,1033,12.1,42,94861
back,164,1079,1079,0,1033,12.1,42,94861
back,165,1079,1079,0,1033,12.1,42,94861
back,166,1079,1079,0,1033,12.1,42,94861
back,166,1079,1079,0,1033,12.1,42,94861
back,167,1079,1079,0,1033,12.1,42,94861
back,167,1079,1079,0,1033,12.1,42,94861
back,168,1079,1079,0,1033,12.1,42,94861
back,168,1079,1079,0,1033,12.1,42,94861
back,169,1079,1079,0,1033,12.1,42,94861
back,169,1079,1079,0,1033,12.1,42,94861
back,170,1079,1079,0,1033,12.1,42,94861
back,170,1079,1079,0,1033,12.1,42,94861
back,171,1079,1079,0,1033,12.1,42,94861
back,171,1079,1079,0,1033,12.1,42,94861
back,172,1079,1079,0,1033,12.1,42,94861
back,172,1079,1079,0,1033,12.1,42,94861
back,173,1079,1079,0,1033,12.1,42,94861
back,173,1079,1079,0,1033,12.1,42,94861
back,174,1079,1079,0,1033,12.1,42,94861
back,174,1079,1079,0,1033,12.1,42,94861
back,175,1079,1079,0,1033,12.1,42,94861
back,175,1079,1079,0,1033,12.1,42,94861
back,176,1079,1079,0,1033,12.1,42,94861
back,176,1079,1079,0,1033,12.1,42,94861
back,177,1079,1079,0,1033,12.1,42,94861
back,177,1079,1079,0,1033,12.1,42,94861
back,178,1079,1079,0,1033,12.1,42,94861
back,178,1079,1079,0,1033,12.1,42,94861
back,179,1079,1079,0,1033,12.1,42,94861
back,179,1079,1079,0,1033,12.1,42,94861
back,180,1079,1079,0,1033,12.1,42,94861
back,180,1079,1079,0,1033,12.1,42,94861
back,181,1079,1079,0,1033,12.1,42,94861
back,181,1079,1079,0,1033,12.1,42,94861
back,182,1079,1079,0,1033,12.1,42,94861
back,182,1079,1079,0,1033,12.1,42,94861
back,183,1079,1079,0,1033,12.1,42,94861
back,183,1079,1079,0,1033,12.1,42,94861
back,184,1079,1079,0,1033,12.1,42,94861
back,184,1079,1079,0,1033,12.1,42,94861
back,185,1079,1079,0,1033,12.1,42,94861
back,185,1079,1079,0,1033,12.1,42,94861
back,186,1079,1079,0,1033,12.1,42,94861
back,186,1079,1079,0,1033,12.1,42,94861
back,187,1079,1079,0,1033,12.1,42,94861
back,187,1079,1079,0,1033,12.1,42,94861
back,188,1079,1079,0,1033,12.1,42,94861
back,188,1079,1079,0,1033,12.1,42,94861
back,189,1079,1079,0,1033,12.1,42,94861
back,189,1079,1079,0,1033,12.1,42,94861
back,190,1079,1079,0,1033,12.1,42,94861
back,190,1079,1079,0,1033,12.1,42,94861
back,191,1079,1079,0,1033,12.1,42,94861
back,191,1079,1079,0,1033,12.1,42,94861
back,192,1079,1079,0,1033,12.1,42,94861
back,192,1079,1079,0,1033,12.1,42,94861
back,193,1079,1079,0,1033,12.1,42,94861
back,193,1079,1079,0,1033,12.1,42,94861
back,194,1079,1079,0,1033,12.1,42,94861
back,194,1079,1079,0,1033,12.1,42,94861
back,195,1079,1079,0,1033,12.1,42,94861
back,195,1079,1079,0,1033,12.1,42,94861
back,196,1079,1079,0,1033,12.1,42,94861
back,196,1079,1079,0,1033,12.1,42,94861
back,197,1079,1079,0,1033,12.1,42,94861
back,197,1079,1079,0,1033,12.1,42,94861
back,198,1079,1079,0,1033,12.1,42,94861
back,198,1079,1079,0,1033,12.1,42,94861
back,199,1079,1079,0,1033,12.1,42,94861
back,199,1079,1079,0,1033,12.1,42,94861
back,200,1079,1079,0,1033,12.1,42,94861
back,200,1079,1079,0,1033,12.1,42,94861
back,201,1079,1079,0,1033,12.1,42,94861
back,201,1079,1079,0,1033,12.1,42,94861
back,202,1079,1079,0,1033,12.1,42,94861
back,202,1079,1079,0,1033,12.1,42,94861
back,203,1079,1079,0,1033,12.1,42,94861
back,203,1079,1079,0,1033,12.1,42,94861
back,204,1079,1079,0,1033,12.1,42,94861
back,204,1079,1079,0,1033,12.1,42,94861
back,204,1079,1079,0,1033,12.2,42,94861
back,205,1079,1079,0,1033,12.2,42,94861
back,205,1079,1079,0,1033,12.1,42,94861
back,206,1079,1079,0,1033,12.1,42,94861
back,206,1079,1079,0,1033,12.1,42,94861
back,207,1079,1079,0,1033,12.1,42,94861
back,207,1079,1079,0,1033,12.1,42,94861
back,208,1079,1079,0,1033,12.1,42,94861
back,208,1079,1079,0,1033,12.1,42,94861
back,209,1079,1079,0,1033,12.1,42,94861
back,209,1079,1079,0,1033,12.1,42,94861
back,210,1079,1079,0,1033,12.1,42,94861
back,210,1079,1079,0,1033,12.1,42,94861
back,211,1079,1079,0,1033,12.1,42,94861
back,211,1079,1079,0,1033,12.1,42,94861
back,212,1079,1079,0,1033,12.1,42,94861
back,212,1079,1079,0,1033,12.1,42,94861
back,213,1079,1079,0,1033,12.1,42,94861
back,213,1079,1079,0,1033,12.1,42,94861
back,214,1079,1079,0,1033,12.1,42,94861
back,214,1079,1079,0,1033,12.1,42,94861
back,215,1079,1079,0,1033,12.1,42,94861
back,215,1079,1079,0,1033,12.1,42,94861
back,216,1079,1079,0,1033,12.1,42,94861
back,216,1079,1079,0,1033,12.1,42,94861
back,217,1079,1079,0,1033,12.1,42,94861
back,217,1079,1079,0,1033,12.1,42,94861
back,218,1079,1079,0,1033,12.1,42,94861
back,218,1079,1079,0,1033,12.1,42,94861
back,219,1079,1079,0,1033,12.1,42,94861
back,219,1079,1079,0,1033,12.1,42,94861
back,220,1079,1079,0,1033,12.1,42,94861
back,220,1079,1079,0,1033,12.1,42,94861
back,221,1079,1079,0,1033,12.1,42,94861
back,221,1079,1079,0,1033,12.1,42,94861
back,222,1079,1079,0,1033,12.1,42,94861
back,222,1079,1079,0,1033,12.1,42,94861
back,223,1079,1079,0,1033,12.1,42,94861
back,223,1079,1079,0,1033,12.1,42,94861
back,224,1079,1079,0,1033,12.1,42,94861
back,224,1079,1079,0,1033,12.1,42,94861
back,225,1079,1079,0,1033,12.1,42,94861
back,225,1079,1079,0,1033,12.1,42,94861
back,225,1079,1079,0,1033,12.1,42,94861
back,226,1079,1079,0,1033,12.1,42,94861
back,227,1079,1079,0,1033,12.1,42,94861
back,227,1079,1079,0,1033,12.1,42,94861
back,228,1079,1079,0,1033,12.1,42,94861
back,228,1079,1079,0,1033,12.1,42,94861
back,229,1079,1079,0,1033,12.1,42,94861
back,229,1079,1079,0,1033,12.1,42,94861
back,230,1079,1079,0,1033,12.2,42,94861
back,230,1079,1079,0,1033,12.2,42,94861
back,231,1079,1079,0,1033,12.1,42,94861
back,231,1079,1079,0,1033,12.1,42,94861
back,232,1079,1079,0,1033,12.1,42,94861
back,232,1079,1079,0,1033,12.1,42,94861
back,233,1079,1079,0,1033,12.1,42,94861
back,233,1079,1079,0,1033,12.1,42,94861
back,234,1079,1079,0,1033,12.1,42,94861
back,234,1079,1079,0,1033,12.1,42,94861
back,235,1079,1079,0,1033,12.1,42,94861
back,235,1079,1079,0,1033,12.1,42,94861
back,236,1079,1079,0,1033,12.1,42,94861
back,236,1079,1079,0,1033,12.1,42,94861
back,237,1079,1079,0,1033,12.1,42,94861
back,237,1079,1079,0,1033,12.1,42,94861
back,238,1079,1079,0,1033,12.1,42,94861
back,238,1079,1079,0,1033,12.1,42,94861
back,239,1079,1079,0,1033,12.1,42,94861
back,239,1079,1079,0,1033,12.1,42,94861
back,239,1079,1079,0,1033,12.1,42,94861
back,240,1079,1079,0,1033,12.1,42,94861
back,240,1079,1079,0,1033,12.1,42,94861
back,241,1079,1079,0,1033,12.1,42,94861
back,241,1079,1079,0,1033,12.1,42,94861
back,242,1079,1079,0,1033,12.1,42,94861
back,242,1079,1079,0,1033,12.1,42,94861
back,243,1079,1079,0,1033,12.1,42,94861
back,243,1079,1079,0,1033,12.1,42,94861
back,244,1079,1079,0,1033,12.1,42,94861
back,244,1079,1079,0,1033,12.1,42,94861
back,245,1079,1079,0,1033,12.1,42,94861
back,245,1079,1079,0,1033,12.1,42,94861
back,246,1079,1079,0,1033,12.1,42,94861
back,246,1079,1079,0,1033,12.1,42,94861
back,247,1079,1079,0,1033,12.1,42,94861
back,247,1079,1079,0,1033,12.1,42,94861
back,248,1079,1079,0,1033,12.1,42,94861
back,248,1079,1079,0,1033,12.1,42,94861
back,249,1079,1079,0,1033,12.1,42,94861
back,249,1079,1079,0,1033,12.1,42,94861
back,250,1079,1079,0,1033,12.1,42,94861
back,250,1079,1079,0,1033,12.1,42,94861
back,251,1079,1079,0,1033,12.1,42,94861
back,251,1079,1079,0,1033,12.1,42,94861
back,252,1079,1079,0,1033,12.1,42,94861
back,252,1079,1079,0,1033,12.1,42,94861
back,253,1079,1079,0,1033,12.1,42,94861
back,253,1079,1079,0,1033,12.1,42,94861
back,254,1079,1079,0,1033,12.1,42,94861
back,254,1079,1079,0,1033,12.1,42,94861
back,255,1079,1079,0,1033,12.1,42,94861
back,255,1079,1079,0,1033,12.1,42,94861
back,256,1079,1079,0,1033,12.1,42,94861
back,256,1079,1079,0,1033,12.1,42,94861
back,257,1079,1079,0,1033,12.1,42,94861
back,257,1079,1079,0,1033,12.1,42,94861
back,258,1079,1079,0,1033,12.1,42,94861
back,258,1079,1079,0,1033,12.1,42,94861
back,259,1079,1079,0,1033,12.1,42,94861
back,259,1079,1079,0,1033,12.1,42,94861
back,260,1079,1079,0,1033,12.1,42,94861
back,260,1079,1079,0,1033,12.1,42,94861
back,261,1079,1079,0,1033,12.1,42,94861
back,261,1079,1079,0,1033,12.1,42,94861
back,262,1079,1079,0,1033,12.1,42,94861
back,262,1079,1079,0,1033,12.1,42,94861
back,263,1079,1079,0,1033,12.1,42,94861
back,263,1079,1079,0,1033,12.1,42,94861
back,264,1079,1079,0,1033,12.1,42,94861
back,264,1079,1079,0,1033,12.1,42,94861
back,265,1079,1079,0,1033,12.1,42,94861
back,265,1079,1079,0,1033,12.1,42,94861
back,266,1079,1079,0,1033,12.1,42,94861
back,266,1079,1079,0,1033,12.1,42,94861
back,267,1079,1079,0,1033,12.1,42,94861
back,267,1079,1079,0,1033,12.1,42,94861
back,268,1079,1079,0,1033,12.1,42,94861
back,268,1079,1079,0,1033,12.1,42,94861
back,269,1079,1079,0,1033,12.1,42,94861
back,269,1079,1079,0,1033,12.1,42,94861
back,270,1079,1079,0,1033,12.1,42,94861
back,270,1079,1079,0,1033,12.1,42,94861
back,271,1079,1079,0,1033,12.1,42,94861
back,271,1079,1079,0,1033,12.1,42,94861
back,271,1079,1079,0,1033,12.1,42,94861
back,272,1079,1079,0,1033,12.1,42,94861
back,272,1079,1079,0,1033,12.1,42,94861
back,273,1079,1079,0,1033,12.1,42,94861
back,273,1079,1079,0,1033,12.1,42,94861
back,274,1079,1079,0,1033,12.1,42,94861
back,274,1079,1079,0,1033,12.1,42,94861
back,275,1079,1079,0,1033,12.1,42,94861
back,275,1079,1079,0,1033,12.1,42,94861
back,276,1079,1079,0,1033,12.1,42,94861
back,276,1079,1079,0,1033,12.1,42,94861
back,277,1079,1079,0,1033,12.1,42,94861
back,277,1079,1079,0,1033,12.1,42,94861
back,278,1079,1079,0,1033,12.1,42,94861
back,278,1079,1079,0,1033,12.2,42,94861
back,279,1079,1079,0,1033,12.2,42,94861
back,279,1079,1079,0,1033,12.1,42,94861
back,280,1079,1079,0,1033,12.1,42,94861
back,280,1079,1079,0,1033,12.1,42,94861
back,281,1079,1079,0,1033,12.1,42,94861
back,282,1079,1079,0,1033,12.1,42,94861
back,282,1079,1079,0,1033,12.1,42,94861
back,283,1079,1079,0,1033,12.1,42,94861
back,283,1079,1079,0,1033,12.1,42,93197
back,284,1079,1079,0,1033,12.1,42,93197
back,284,1079,1079,0,1033,12.1,42,93197
back,285,1079,1079,0,1033,12.1,42,93197
back,285,1079,1079,0,1033,12.1,42,93197
back,286,1079,1079,0,1033,12.1,42,93197
back,286,1079,1079,0,1033,12.1,42,93197
back,287,1079,1079,0,1033,12.1,42,93197
back,287,1079,1079,0,1033,12.1,42,93197
back,288,1079,1079,0,1033,12.1,42,93197
back,288,1079,1079,0,1033,12.1,42,93197
back,288,1079,1079,0,1033,12.1,42,93197
back,289,1079,1079,0,1033,12.1,42,93197
back,290,1079,1079,0,1033,12.1,42,93197
back,290,1079,1079,0,1033,12.1,42,93197
back,291,1079,1079,0,1033,12.1,42,93197
back,291,1079,1079,0,1033,12.1,42,93197
back,291,1079,1079,0,1033,12.1,42,93197
back,292,1079,1079,0,1033,12.1,42,93197
back,293,1079,1079,0,1033,12.1,42,93197
back,293,1079,1079,0,1033,12.1,42,93197
back,294,1079,1079,0,1033,12.1,42,93197
back,294,1079,1079,0,1033,12.1,42,93197
back,295,1079,1079,0,1033,12.1,42,93197
back,295,1079,1079,0,1033,12.1,42,93197
back,296,1079,1079,0,1033,12.1,42,93197
back,296,1079,1079,0,1033,12.1,42,93197
back,297,1079,1079,0,1033,12.1,42,93197
back,297,1079,1079,0,1033,12.1,42,93197
back,298,1079,1079,0,1033,12.1,42,93197
back,298,1079,1079,0,1033,12.1,42,93197
back,299,1079,1079,0,1033,12.1,42,93197
back,299,1079,1079,0,1033,12.2,42,93197
back,300,1079,1079,0,1033,12.2,42,93197
back,300,1079,1079,0,1033,12.1,42,93197
back,301,1079,1079,0,1033,12.1,42,93197
back,301,1079,1079,0,1033,12.1,42,91533
back,302,1079,1079,0,1033,12.1,42,91533
back,302,1079,1079,0,1033,12.1,42,91533
back,303,1079,1079,0,1033,12.1,42,91533
back,303,1079,1079,0,1033,12.2,42,91533
back,304,1079,1079,0,1033,12.2,42,91533
back,304,1079,1079,0,1033,12.1,42,91533
back,305,1079,1079,0,1033,12.1,42,91533
back,305,1079,1079,0,1033,12.1,42,91533
back,306,1079,1079,0,1033,12.1,42,91533
back,306,1079,1079,0,1033,12.1,42,91533
back,307,1079,1079,0,1033,12.1,42,91533
back,307,1079,1079,0,1033,12.1,42,91533
back,308,1079,1079,0,1033,12.1,42,91533
back,308,1079,1079,0,1033,12.1,42,91533
back,309,1079,1079,0,1033,12.1,42,91533
back,309,1079,1079,0,1033,12.1,42,91533
back,310,1079,1079,0,1033,12.1,42,91533
back,310,1079,1079,0,1033,12.1,42,91533
back,311,1079,1079,0,1033,12.1,42,91533
back,311,1079,1079,0,1033,12.1,42,91533
back,312,1079,1079,0,1033,12.1,42,91533
back,312,1079,1079,0,1033,12.1,42,91533
back,313,1079,1079,0,1033,12.1,42,91533
back,313,1079,1079,0,1033,12.1,42,91533
back,314,1079,1079,0,1033,12.1,42,91533
back,314,1079,1079,0,1033,12.1,42,91533
back,315,1079,1079,0,1033,12.1,42,91520
back,315,1079,1079,0,1033,12.1,42,91520
back,316,1079,1079,0,1033,12.1,42,91520
back,316,1079,1079,0,1033,12.1,42,91520
back,317,1079,1079,0,1033,12.1,42,91520
back,317,1079,1079,0,1033,12.1,42,91520
back,318,1079,1079,0,1033,12.1,42,91520
back,318,1079,1079,0,1033,12.1,42,91520
back,319,1079,1079,0,1033,12.1,42,91520
back,319,1079,1079,0,1033,12.1,42,91520
back,320,1079,1079,0,1033,12.1,42,91520
back,320,1079,1079,0,1033,12.1,42,91520
back,321,1079,1079,0,1033,12.1,42,91520
back,321,1079,1079,0,1033,12.1,42,91520
back,322,1079,1079,0,1033,12.1,42,91520
back,322,1079,1079,0,1033,12.1,42,91520
back,323,1079,1079,0,1033,12.1,42,91520
back,323,1079,1079,0,1033,12.1,42,91520
back,324,1079,1079,0,1033,12.1,42,91520
back,324,1079,1079,0,1033,12.1,42,91520
back,325,1079,1079,0,1033,12.1,42,91520
back,325,1079,1079,0,1033,12.1,42,91520
back,326,1079,1079,0,1033,12.1,42,91520
back,326,1079,1079,0,1033,12.1,42,91520
back,327,1079,1079,0,1033,12.1,42,91520
back,327,1079,1079,0,1033,12.1,42,91520
back,328,1079,1079,0,1033,12.1,42,91520
back,328,1079,1079,0,1033,12.1,42,91520
back,329,1079,1079,0,1033,12.1,42,91520
back,329,1079,1079,0,1033,12.1,42,91520
back,330,1079,1079,0,1033,12.1,42,91520
back,330,1079,1079,0,1033,12.1,42,91520
back,331,1079,1079,0,1033,12.1,42,91520
back,331,1079,1079,0,1033,12.1,42,91520
back,332,1079,1079,0,1033,12.1,42,91520
back,332,1079,1079,0,1033,12.1,42,91520
back,333,1079,1079,0,1033,12.1,42,91520
back,333,1079,1079,0,1033,12.1,42,91520
back,334,1079,1079,0,1033,12.1,42,91520
back,334,1079,1079,0,1033,12.1,42,91520
back,335,1079,1079,0,1033,12.1,42,91520
back,335,1079,1079,0,1033,12.1,42,91520
back,336,1079,1079,0,1033,12.1,42,91520
back,336,1079,1079,0,1033,12.1,42,91520
back,337,1079,1079,0,1033,12.1,42,91520
back,337,1079,1079,0,1033,12.1,42,91520
back,338,1079,1079,0,1033,12.1,42,91520
back,338,1079,1079,0,1033,12.1,42,91520
back,339,1079,1079,0,1033,12.1,42,91520
back,339,1079,1079,0,1033,12.1,42,91520
back,340,1079,1079,0,1033,12.1,42,91520
back,340,1079,1079,0,1033,12.1,42,91520
back,341,1079,1079,0,1033,12.1,42,91520
back,341,1079,1079,0,1033,12.1,42,91520
back,342,1079,1079,0,1033,12.1,42,91520
back,342,1079,1079,0,1033,12.1,42,91520
back,343,1079,1079,0,1033,12.1,42,91520
back,343,1079,1079,0,1033,12.1,42,91520
back,344,1079,1079,0,1033,12.1,42,91520
back,344,1079,1079,0,1033,12.1,42,91520
back,345,1079,1079,0,1033,12.1,42,91520
back,345,1079,1079,0,1033,12.1,42,91520
back,346,1079,1079,0,1033,12.1,42,91520
back,346,1079,1079,0,1033,12.1,42,91520
back,347,1079,1079,0,1033,12.1,42,91520
back,347,1079,1079,0,1033,12.1,42,91520
back,348,1079,1079,0,1033,12.1,42,91520
back,348,1079,1079,0,1033,12.1,42,91520
back,349,1079,1079,0,1033,12.1,42,91520
back,349,1079,1079,0,1033,12.1,42,91520
back,350,1079,1079,0,1033,12.1,42,91520
back,350,1079,1079,0,1033,12.1,42,91520
back,351,1079,1079,0,1033,12.1,42,91520
back,351,1079,1079,0,1033,12.1,42,91520
back,352,1079,1079,0,1033,12.1,42,91520
back,352,1079,1079,0,1033,12.1,42,91520
back,353,1079,1079,0,1033,12.1,42,91520
back,353,1079,1079,0,1033,12.1,42,91520
back,354,1079,1079,0,1033,12.1,42,91520
back,354,1079,1079,0,1033,12.1,42,91520
back,355,1079,1079,0,1033,12.1,42,91520
back,355,1079,1079,0,1033,12.1,42,91520
back,355,1079,1079,0,1033,12.1,42,91520
back,356,1079,1079,0,1033,12.1,42,91520
back,356,1079,1079,0,1033,12.1,42,91520
back,357,1079,1079,0,1033,12.1,42,91520
back,357,1079,1079,0,1033,12.1,42,91520
back,358,1079,1079,0,1033,12.1,42,91520
back,358,1079,1079,0,1033,12.1,42,91520
back,359,1079,1079,0,1033,12.1,42,91520
back,359,1079,1079,0,1033,12.1,42,91520
back,360,1079,1079,0,1033,12.1,42,91520
back,360,1079,1079,0,1033,12.1,42,91520
back,361,1079,1079,0,1033,12.1,42,91520
back,361,1079,1079,0,1033,12.1,42,91520
back,362,1079,1079,0,1033,12.1,42,91520
back,362,1079,1079,0,1033,12.1,42,91520
back,363,1079,1079,0,1033,12.1,42,91520
back,363,1079,1079,0,1033,12.1,42,91520
back,364,1079,1079,0,1033,12.1,42,91520
back,364,1079,1079,0,1033,12.1,42,91520
back,365,1079,1079,0,1033,12.1,42,91520
back,365,1079,1079,0,1033,12.1,42,91520
back,366,1079,1079,0,1033,12.1,42,91520
back,366,1079,1079,0,1033,12.1,42,91520
back,367,1079,1079,0,1033,12.1,42,91520
back,367,1079,1079,0,1033,12.1,42,91520
back,368,1079,1079,0,1033,12.1,42,91520
back,368,1079,1079,0,1033,12.1,42,91520
back,369,1079,1079,0,1033,12.1,42,91520
back,369,1079,1079,0,1033,12.1,42,91520
back,370,1079,1079,0,1033,12.1,42,91520
back,370,1079,1079,0,1033,12.1,42,91520
back,371,1079,1079,0,1033,12.1,42,91520
back,371,1079,1079,0,1033,12.1,42,91520
back,372,1079,1079,0,1033,12.1,42,91520
back,372,1079,1079,0,1033,12.1,42,91520
back,373,1079,1079,0,1033,12.1,42,91520
back,373,1079,1079,0,1033,12.1,42,91520
back,373,1079,1079,0,1033,12.1,42,91520
back,374,1079,1079,0,1033,12.1,42,91520
back,374,1079,1079,0,1033,12.1,42,91520
back,375,1079,1079,0,1033,12.1,42,91520
back,376,1079,1079,0,1033,12.1,42,91520
back,376,1079,1079,0,1033,12.1,42,91520
back,377,1079,1079,0,1033,12.1,42,91520
back,377,1079,1079,0,1033,12.1,42,91520
back,378,1079,1079,0,1033,12.1,42,91520
back,378,1079,1079,0,1033,12.1,42,91520
back,379,1079,1079,0,1033,12.1,42,91520
back,379,1079,1079,0,1033,12.1,42,91520
back,380,1079,1079,0,1033,12.1,42,91520
back,380,1079,1079,0,1033,12.1,42,91520
back,381,1079,1079,0,1033,12.1,42,91520
back,381,1079,1079,0,1033,12.1,42,91520
back,382,1079,1079,0,1033,12.1,42,91520
back,382,1079,1079,0,1033,12.1,42,91520
back,383,1079,1079,0,1033,12.1,42,91520
back,383,1079,1079,0,1033,12.1,42,91520
back,384,1079,1079,0,1033,12.1,42,91520
back,384,1079,1079,0,1033,12.1,42,91520
back,385,1079,1079,0,1033,12.1,42,91520
back,385,1079,1079,0,1033,12.1,42,91520
back,386,1079,1079,0,1033,12.1,42,91520
back,386,1079,1079,0,1033,12.1,42,91520
back,387,1079,1079,0,1033,12.1,42,91520
back,387,1079,1079,0,1033,12.1,42,91520
back,388,1079,1079,0,1033,12.1,42,91520
back,388,1079,1079,0,1033,12.1,42,91520
back,389,1079,1079,0,1033,12.1,42,91520
back,389,1079,1079,0,1033,12.1,42,91520
back,390,1079,1079,0,1033,12.1,42,91520
back,390,1079,1079,0,1033,12.1,42,91520
back,391,1079,1079,0,1033,12.1,42,91520
back,391,1079,1079,0,1033,12.1,42,91520
back,392,1079,1079,0,1033,12.1,42,91520
back,392,1079,1079,0,1033,12.1,42,91520
back,393,1079,1079,0,1033,12.1,42,91520
back,393,1079,1079,0,1033,12.1,42,91520
back,394,1079,1079,0,1033,12.1,42,91520
back,394,1079,1079,0,1033,12.1,42,91520
back,395,1079,1079,0,1033,12.1,42,91520
back,395,1079,1079,0,1033,12.1,42,91520
back,396,1079,1079,0,1033,12.1,42,91520
back,396,1079,1079,0,1033,12.1,42,91520
back,397,1079,1079,0,1033,12.1,42,91520
back,397,1079,1079,0,1033,12.1,42,91520
back,398,1079,1079,0,1033,12.1,42,91520
back,398,1079,1079,0,1033,12.1,42,91520
back,399,1079,1079,0,1033,12.1,42,91520
back,399,1079,1079,0,1033,12.1,42,91520
back,400,1079,1079,0,1033,12.1,42,91520
back,400,1079,1079,0,1033,12.1,42,91520
back,401,1079,1079,0,1033,12.1,42,91520
back,401,1079,1079,0,1033,12.1,42,91520
back,402,1079,1079,0,1033,12.1,42,91520
back,402,1079,1079,0,1033,12.1,42,91520
back,403,1079,1079,0,1033,12.1,42,91520
back,403,1079,1079,0,1033,12.1,42,91520
back,404,1079,1079,0,1033,12.1,42,91520
back,404,1079,1079,0,1033,12.1,42,91520
back,405,1079,1079,0,1033,12.1,42,91520
back,405,1079,1079,0,1033,12.1,42,91520
back,406,1079,1079,0,1033,12.2,42,91520
back,406,1079,1079,0,1033,12.2,42,91520
back,407,1079,1079,0,1033,12.1,42,91520
back,407,1079,1079,0,1033,12.1,42,91520
back,408,1079,1079,0,1033,12.1,42,91520
back,408,1079,1079,0,1033,12.1,42,91520
back,409,1079,1079,0,1033,12.1,42,91520
back,409,1079,1079,0,1033,12.1,42,91520
back,410,1079,1079,0,1033,12.1,42,91520
back,410,1079,1079,0,1033,12.1,42,91520
back,411,1079,1079,0,1033,12.1,42,91520
back,411,1079,1079,0,1033,12.1,42,91520
back,412,1079,1079,0,1033,12.1,42,91520
back,412,1079,1079,0,1033,12.1,42,91520
back,413,1079,1079,0,1033,12.1,42,91520
back,413,1079,1079,0,1033,12.1,42,91520
back,414,1079,1079,0,1033,12.1,42,91520
back,414,1079,1079,0,1033,12.1,42,91520
back,415,1079,1079,0,1033,12.1,42,91520
back,415,1079,1079,0,1033,12.1,42,91520
back,416,1079,1079,0,1033,12.1,42,91520
back,416,1079,1079,0,1033,12.1,42,91520
back,417,1079,1079,0,1033,12.1,42,91520
back,417,1079,1079,0,1033,12.1,42,91520
back,418,1079,1079,0,1033,12.1,42,91520
back,418,1079,1079,0,1033,12.1,42,91520
back,419,1079,1079,0,1033,12.1,42,91520
back,419,1079,1079,0,1033,12.1,42,91520
back,420,1079,1079,0,1033,12.1,42,91520
back,420,1079,1079,0,1033,12.1,42,91520
back,421,1079,1079,0,1033,12.1,42,91520
back,421,1079,1079,0,1033,12.1,42,91520
back,421,1079,1079,0,1033,12.1,42,91520
back,422,1079,1079,0,1033,12.1,42,91520
back,422,1079,1079,0,1033,12.1,42,91520
back,423,1079,1079,0,1033,12.1,42,91520
back,423,1079,1079,0,1033,12.1,42,91520
back,424,1079,1079,0,1033,12.1,42,91520
back,425,1079,1079,0,1033,12.1,42,91520
back,425,1079,1079,0,1033,12.1,42,91520
back,426,1079,1079,0,1033,12.1,42,91520
back,426,1079,1079,0,1033,12.1,42,91520
back,427,1079,1079,0,1033,12.1,42,91520
back,427,1079,1079,0,1033,12.1,42,91520
back,428,1079,1079,0,1033,12.1,42,91520
back,428,1079,1079,0,1033,12.1,42,91520
back,429,1079,1079,0,1033,12.1,42,91520
back,429,1079,1079,0,1033,12.1,42,91520
back,430,1079,1079,0,1033,12.1,42,91520
back,430,1079,1079,0,1033,12.1,42,91520
back,431,1079,1079,0,1033,12.2,42,91520
back,431,1079,1079,0,1033,12.2,42,91520
back,432,1079,1079,0,1033,12.1,42,91520
back,432,1079,1079,0,1033,12.1,42,91520
back,433,1079,1079,0,1033,12.1,42,91520
back,433,1079,1079,0,1033,12.1,42,91520
back,434,1079,1079,0,1033,12.1,42,91520
back,434,1079,1079,0,1033,12.1,42,91520
back,435,1079,1079,0,1033,12.1,42,91520
back,435,1079,1079,0,1033,12.1,42,91520
back,436,1079,1079,0,1033,12.1,42,91520
back,436,1079,1079,0,1033,12.1,42,91520
back,437,1079,1079,0,1033,12.1,42,91520
back,437,1079,1079,0,1033,12.1,42,91520
back,438,1079,1079,0,1033,12.1,42,91520
back,438,1079,1079,0,1033,12.1,42,91520
back,439,1079,1079,0,1033,12.1,42,91520
back,439,1079,1079,0,1033,12.1,42,91520
back,440,1079,1079,0,1033,12.1,42,91520
back,440,1079,1079,0,1033,12.1,42,91520
back,441,1079,1079,0,1033,12.1,42,91520
back,441,1079,1079,0,1033,12.1,42,91520
back,442,1079,1079,0,1033,12.1,42,91520
back,442,1079,1079,0,1033,12.1,42,91520
back,443,1079,1079,0,1033,12.1,42,91520
back,443,1079,1079,0,1033,12.1,42,91520
back,444,1079,1079,0,1033,12.1,42,91520
back,444,1079,1079,0,1033,12.1,42,91520
back,445,1079,1079,0,1033,12.1,42,91520
back,445,1079,1079,0,1033,12.1,42,91520
back,446,1079,1079,0,1033,12.1,42,91520
back,446,1079,1079,0,1033,12.1,42,91520
back,447,1079,1079,0,1033,12.1,42,91520
back,447,1079,1079,0,1033,12.1,42,91520
back,448,1079,1079,0,1033,12.1,42,91520
back,448,1079,1079,0,1033,12.1,42,91520
back,449,1079,1079,0,1033,12.1,42,91520
back,449,1079,1079,0,1033,12.1,42,91520
back,450,1079,1079,0,1033,12.1,42,91520
back,450,1079,1079,0,1033,12.1,42,91520
back,451,1079,1079,0,1033,12.1,42,91520
back,451,1079,1079,0,1033,12.1,42,91520
back,452,1079,1079,0,1033,12.1,42,91520
back,452,1079,1079,0,1033,12.1,42,91520
back,453,1079,1079,0,1033,12.1,42,91520
back,453,1079,1079,0,1033,12.1,42,91520
back,454,1079,1079,0,1033,12.1,42,91520
back,454,1079,1079,0,1033,12.1,42,91520
back,455,1079,1079,0,1033,12.1,42,91520
back,455,1079,1079,0,1033,12.1,42,91520
back,456,1079,1079,0,1033,12.1,42,91520
back,456,1079,1079,0,1033,12.1,42,91520
back,456,1079,1079,0,1033,12.1,42,91520
back,457,1079,1079,0,1033,12.1,42,91520
back,457,1079,1079,0,1033,12.2,42,91520
back,458,1079,1079,0,1033,12.2,42,91520
back,459,1079,1079,0,1033,12.1,42,91520
back,459,1079,1079,0,1033,12.1,42,91520
back,460,1079,1079,0,1033,12.1,42,91520
back,460,1079,1079,0,1033,12.1,42,91520
back,461,1079,1079,0,1033,12.1,42,91520
back,461,1079,1079,0,1033,12.1,42,91520
back,462,1079,1079,0,1033,12.1,42,91520
back,462,1079,1079,0,1033,12.1,42,91520
back,463,1079,1079,0,1033,12.1,42,91520
back,463,1079,1079,0,1033,12.1,42,91520
back,464,1079,1079,0,1033,12.1,42,91520
back,464,1079,1079,0,1033,12.1,42,91520
back,465,1079,1079,0,1033,12.1,42,91520
back,465,1079,1079,0,1033,12.1,42,91520
back,466,1079,1079,0,1033,12.1,42,91520
back,466,1079,1079,0,1033,12.1,42,91520
back,467,1079,1079,0,1033,12.2,42,91520
back,467,1079,1079,0,1033,12.2,42,91520
back,468,1079,1079,0,1033,12.1,42,91520
back,468,1079,1079,0,1033,12.1,42,91520
back,469,1079,1079,0,1033,12.1,42,91520
back,469,1079,1079,0,1033,12.1,42,91520
back,470,1079,1079,0,1033,12.1,42,91520
back,470,1079,1079,0,1033,12.1,42,91520
back,471,1079,1079,0,1033,12.1,42,91520
back,471,1079,1079,0,1033,12.1,42,91520
back,472,1079,1079,0,1033,12.1,42,91520
back,472,1079,1079,0,1033,12.1,42,91520
back,472,1079,1079,0,1033,12.1,42,91520
back,473,1079,1079,0,1033,12.1,42,91520
back,473,1079,1079,0,1033,12.1,42,91520
back,474,1079,1079,0,1033,12.1,42,91520
back,474,1079,1079,0,1033,12.1,42,91520
back,475,1079,1079,0,1033,12.1,42,91520
back,475,1079,1079,0,1033,12.1,42,91520
back,476,1079,1079,0,1033,12.1,42,91520
back,476,1079,1079,0,1033,12.1,42,91520
back,477,1079,1079,0,1033,12.1,42,91520
back,477,1079,1079,0,1033,12.1,42,91520
back,478,1079,1079,0,1033,12.1,42,91520
back,478,1079,1079,0,1033,12.1,42,91520
back,479,1079,1079,0,1033,12.1,42,91520
back,479,1079,1079,0,1033,12.1,42,91520
back,480,1079,1079,0,1033,12.1,42,91520
back,480,1079,1079,0,1033,12.1,42,91520
back,481,1079,1079,0,1033,12.1,42,91520
back,481,1079,1079,0,1033,12.1,42,91520
back,482,1079,1079,0,1033,12.1,42,91520
back,482,1079,1079,0,1033,12.1,42,91520
back,483,1079,1079,0,1033,12.1,42,91520
back,484,1079,1079,0,1033,12.1,42,91520
back,484,1079,1079,0,1033,12.1,42,91520
back,485,1079,1079,0,1033,12.1,42,91520
back,485,1079,1079,0,1033,12.1,42,91520
back,486,1079,1079,0,1033,12.1,42,91520
back,486,1079,1079,0,1033,12.1,42,91520
back,487,1079,1079,0,1033,12.1,42,91520
back,487,1079,1079,0,1033,12.1,42,91520
back,488,1079,1079,0,1033,12.2,42,91520
back,488,1079,1079,0,1033,12.2,42,91520
back,489,1079,1079,0,1033,12.1,42,91520
back,489,1079,1079,0,1033,12.1,42,91520
back,489,1079,1079,0,1033,12.1,42,91520
back,490,1079,1079,0,1033,12.1,42,91520
back,490,1079,1079,0,1033,12.1,42,91520
back,491,1079,1079,0,1033,12.1,42,91520
back,492,1079,1079,0,1033,12.1,42,91520
back,492,1079,1079,0,1033,12.1,42,91520
back,493,1079,1079,0,1033,12.1,42,91520
back,493,1079,1079,0,1033,12.1,42,91520
back,494,1079,1079,0,1033,12.1,42,91520
back,494,1079,1079,0,1033,12.1,42,91520
back,495,1079,1079,0,1033,12.1,42,91520
back,495,1079,1079,0,1033,12.1,42,91520
back,496,1079,1079,0,1033,12.1,42,91520
back,496,1079,1079,0,1033,12.1,42,91520
back,497,1079,1079,0,1033,12.1,42,91520
back,497,1079,1079,0,1033,12.1,42,91520
back,498,1079,1079,0,1033,12.1,42,91520
back,498,1079,1079,0,1033,12.1,42,91520
back,499,1079,1079,0,1033,12.1,42,91520
back,499,1079,1079,0,1033,12.1,42,91520
back,500,1079,1079,0,1033,12.1,42,91520
back,500,1079,1079,0,1033,12.1,42,91520
back,501,1079,1079,0,1033,12.1,42,91520
back,501,1079,1079,0,1033,12.1,42,91520
back,502,1079,1079,0,1033,12.1,42,91520
back,502,1079,1079,0,1033,12.1,42,91520
back,503,1079,1079,0,1033,12.1,42,91520
back,503,1079,1079,0,1033,12.1,42,91520
back,504,1079,1079,0,1033,12.1,42,91520
back,504,1079,1079,0,1033,12.1,42,91520
back,505,1079,1079,0,1033,12.1,42,91520
back,505,1079,1079,0,1033,12.1,42,91520
back,506,1079,1079,0,1033,12.1,42,91520
back,506,1079,1079,0,1033,12.1,42,91520
back,507,1079,1079,0,1033,12.1,42,91520
back,507,1079,1079,0,1033,12.1,42,91520
back,508,1079,1079,0,1033,12.1,42,91520
back,508,1079,1079,0,1033,12.1,42,91520
back,509,1079,1079,0,1033,12.1,42,91520
back,509,1079,1079,0,1033,12.1,42,91520
back,510,1079,1079,0,1033,12.1,42,91520
back,510,1079,1079,0,1033,12.1,42,91520
back,511,1079,1079,0,1033,12.1,42,91520
back,511,1079,1079,0,1033,12.1,42,91520
back,512,1079,1079,0,1033,12.1,42,91520
back,512,1079,1079,0,1033,12.1,42,91520
back,513,1079,1079,0,1033,12.1,42,91520
back,513,1079,1079,0,1033,12.1,42,91520
back,514,1079,1079,0,1033,12.1,42,91520
back,514,1079,1079,0,1033,12.1,42,91520
back,515,1079,1079,0,1033,12.1,42,91520
back,515,1079,1079,0,1033,12.1,42,91520
back,516,1079,1079,0,1033,12.1,42,91520
back,516,1079,1079,0,1033,12.2,42,91520
back,517,1079,1079,0,1033,12.2,42,91520
back,517,1079,1079,0,1033,12.1,42,91520
back,518,1079,1079,0,1033,12.1,42,91520
back,518,1079,1079,0,1033,12.1,42,91520
back,519,1079,1079,0,1033,12.1,42,91520
back,519,1079,1079,0,1033,12.1,42,91520
back,520,1079,1079,0,1033,12.1,42,91520
back,520,1079,1079,0,1033,12.1,42,91520
back,521,1079,1079,0,1033,12.1,42,91520
back,521,1079,1079,0,1033,12.2,42,91520
back,522,1079,1079,0,1033,12.2,42,91520
back,522,1079,1079,0,1033,12.2,42,91520
back,523,1079,1079,0,1033,12.1,42,91520
back,523,1079,1079,0,1033,12.1,42,91520
back,523,1079,1079,0,1033,12.1,42,91520
back,524,1079,1079,0,1033,12.1,42,91520
back,525,1079,1079,0,1033,12.1,42,91520
back,525,1079,1079,0,1033,12.1,42,91520
back,526,1079,1079,0,1033,12.1,42,91520
back,526,1079,1079,0,1033,12.1,42,91520
back,527,1079,1079,0,1033,12.1,42,91520
back,527,1079,1079,0,1033,12.1,42,91520
back,528,1079,1079,0,1033,12.1,42,91520
back,528,1079,1079,0,1033,12.1,42,91520
back,529,1079,1079,0,1033,12.1,42,91520
back,529,1079,1079,0,1033,12.1,42,91520
back,530,1079,1079,0,1033,12.1,42,91520
back,530,1079,1079,0,1033,12.1,42,91520
back,531,1079,1079,0,1033,12.1,42,91520
back,531,1079,1079,0,1033,12.1,42,91520
back,532,1079,1079,0,1033,12.1,42,91520
back,532,1079,1079,0,1033,12.1,42,91520
back,533,1079,1079,0,1033,12.1,42,91520
back,533,1079,1079,0,1033,12.1,42,91520
back,534,1079,1079,0,1033,12.1,42,91520
back,534,1079,1079,0,1033,12.1,42,91520
back,535,1079,1079,0,1033,12.1,42,91520
back,535,1079,1079,0,1033,12.2,42,91520
back,536,1079,1079,0,1033,12.2,42,91520
back,536,1079,1079,0,1033,12.1,42,91520
back,537,1079,1079,0,1033,12.1,42,91520
back,537,1079,1079,0,1033,12.1,42,91520
back,537,1079,1079,0,1033,12.1,42,91520
back,538,1079,1079,0,1033,12.1,42,91520
back,538,1079,1079,0,1033,12.1,42,91520
back,539,1079,1079,0,1033,12.1,42,91520
back,539,1079,1079,0,1033,12.1,42,91520
back,540,1079,1079,0,1033,12.1,42,91520
back,540,1079,1079,0,1033,12.1,42,91520
back,541,1079,1079,0,1033,12.1,42,91520
back,541,1079,1079,0,1033,12.1,42,91520
back,542,1079,1079,0,1033,12.1,42,91520
back,542,1079,1079,0,1033,12.1,42,91520
back,543,1079,1079,0,1033,12.1,42,91520
back,543,1079,1079,0,1033,12.1,42,91520
back,544,1079,1079,0,1033,12.1,42,91520
back,544,1079,1079,0,1033,12.1,42,91520
back,545,1079,1079,0,1033,12.1,42,91520
back,545,1079,1079,0,1033,12.1,42,91520
back,545,1079,1079,0,1033,12.1,42,91520
back,546,1079,1079,0,1033,12.1,42,91520
back,547,1079,1079,0,1033,12.1,42,91520
back,547,1079,1079,0,1033,12.1,42,91520
back,548,1079,1079,0,1033,12.1,42,91520
back,548,1079,1079,0,1033,12.1,42,91520
back,549,1079,1079,0,1033,12.1,42,91520
back,549,1079,1079,0,1033,12.1,42,91520
back,550,1079,1079,0,1033,12.1,42,91520
back,550,1079,1079,0,1033,12.1,42,91520
back,551,1079,1079,0,1033,12.1,42,91520
back,551,1079,1079,0,1033,12.1,42,91520
back,552,1079,1079,0,1033,12.1,42,91520
back,552,1079,1079,0,1033,12.1,42,91520
back,553,1079,1079,0,1033,12.1,42,91520
back,553,1079,1079,0,1033,12.2,42,91520
back,554,1079,1079,0,1033,12.2,42,91520
back,554,1079,1079,0,1033,12.1,42,91520
back,554,1079,1079,0,1033,12.1,42,91520
back,555,1079,1079,0,1033,12.1,42,91520
back,556,1079,1079,0,1033,12.1,42,91520
back,556,1079,1079,0,1033,12.1,42,91520
back,556,1079,1079,0,1033,12.1,42,91520
back,557,1079,1079,0,1033,12.1,42,91520
back,557,1079,1079,0,1033,12.1,42,91520
back,558,1079,1079,0,1033,12.1,42,91520
back,558,1079,1079,0,1033,12.1,42,91520
back,559,1079,1079,0,1033,12.1,42,91520
back,559,1079,1079,0,1033,12.1,42,91520
back,560,1079,1079,0,1033,12.1,42,91520
back,560,1079,1079,0,1033,12.1,42,91520
back,561,1079,1079,0,1033,12.1,42,91520
back,561,1079,1079,0,1033,12.1,42,91520
back,562,1079,1079,0,1033,12.1,42,91520
back,562,1079,1079,0,1033,12.1,42,91520
back,563,1079,1079,0,1033,12.1,42,91520
back,563,1079,1079,0,1033,12.1,42,91520
back,564,1079,1079,0,1033,12.1,42,91520
back,564,1079,1079,0,1033,12.1,42,91520
back,565,1079,1079,0,1033,12.1,42,91520
back,565,1079,1079,0,1033,12.1,42,91520
back,566,1079,1079,0,1033,12.1,42,91520
back,566,1079,1079,0,1033,12.1,42,91520
back,567,1079,1079,0,1033,12.1,42,91520
back,567,1079,1079,0,1033,12.1,42,91520
back,568,1079,1079,0,1033,12.1,42,91520
back,568,1079,1079,0,1033,12.1,42,91520
back,569,1079,1079,0,1033,12.1,42,91520
back,569,1079,1079,0,1033,12.1,42,91520
back,570,1079,1079,0,1033,12.1,42,91520
back,570,1079,1079,0,1033,12.1,42,91520
back,571,1079,1079,0,1033,12.1,42,91520
back,571,1079,1079,0,1033,12.1,42,91520
back,572,1079,1079,0,1033,12.1,42,91520
back,572,1079,1079,0,1033,12.1,42,91520
back,572,1079,1079,0,1033,12.1,42,91520
back,573,1079,1079,0,1033,12.1,42,91520
back,573,1079,1079,0,1033,12.1,42,91520
back,574,1079,1079,0,1033,12.1,42,91520
back,574,1079,1079,0,1033,12.1,42,91520
back,575,1079,1079,0,1033,12.1,42,91520
back,575,1079,1079,0,1033,12.1,42,91520
back,576,1079,1079,0,1033,12.1,42,91520
back,576,1079,1079,0,1033,12.1,42,91520
back,577,1079,1079,0,1033,12.1,42,91520
back,577,1079,1079,0,1033,12.1,42,91520
back,578,1079,1079,0,1033,12.1,42,91520
back,578,1079,1079,0,1033,12.1,42,91520
back,579,1079,1079,0,1033,12.1,42,91520
back,579,1079,1079,0,1033,12.1,42,91520
back,580,1079,1079,0,1033,12.1,42,91520
back,580,1079,1079,0,1033,12.1,42,91520
back,581,1079,1079,0,1033,12.1,42,91520
back,581,1079,1079,0,1033,12.1,42,91520
back,582,1079,1079,0,1033,12.1,42,91520
back,582,1079,1079,0,1033,12.1,42,91520
back,583,1079,1079,0,1033,12.1,42,91520
back,583,1079,1079,0,1033,12.1,42,91520
back,583,1079,1079,0,1033,12.1,42,91520
back,584,1079,1079,0,1033,12.1,42,91520
back,585,1079,1079,0,1033,12.1,42,91520
back,585,1079,1079,0,1033,12.1,42,91520
back,586,1079,1079,0,1033,12.1,42,91520
back,586,1079,1079,0,1033,12.1,42,91520
back,587,1079,1079,0,1033,12.1,42,91520
back,587,1079,1079,0,1033,12.1,42,91520
back,588,1079,1079,0,1033,12.1,42,91520
back,588,1079,1079,0,1033,12.1,42,91520
back,588,1079,1079,0,1033,12.1,42,91520
back,589,1079,1079,0,1033,12.1,42,91520
back,589,1079,1079,0,1033,12.1,42,91520
back,590,1079,1079,0,1033,12.1,42,91520
back,590,1079,1079,0,1033,12.1,42,91520
back,591,1079,1079,0,1033,12.1,42,91520
back,591,1079,1079,0,1033,12.1,42,91520
back,592,1079,1079,0,1033,12.1,42,91520
back,592,1079,1079,0,1033,12.1,42,91520
back,593,1079,1079,0,1033,12.1,42,91520
back,593,1079,1079,0,1033,12.1,42,91520
back,594,1079,1079,0,1033,12.1,42,91520
back,594,1079,1079,0,1033,12.1,42,91520
back,595,1079,1079,0,1033,12.1,42,91520
back,595,1079,1079,0,1033,12.1,42,91520
back,596,1079,1079,0,1033,12.1,42,91520
back,596,1079,1079,0,1033,12.2,42,91520
back,597,1079,1079,0,1033,12.2,42,91520
back,597,1079,1079,0,1033,12.1,42,91520
back,598,1079,1079,0,1033,12.1,42,91520
back,598,1079,1079,0,1033,12.1,42,91520
back,599,1079,1079,0,1033,12.1,42,91520
back,599,1079,1079,0,1033,12.1,42,91520
back,599,1079,1079,0,1033,12.1,42,91520
back,600,1079,1079,0,1033,12.2,42,91520
back,600,1079,1079,0,1033,12.2,42,91520
back,601,1079,1079,0,1033,12.1,42,91520
back,601,1079,1079,0,1033,12.1,42,91520
back,602,1079,1079,0,1033,12.1,42,91520
back,602,1079,1079,0,1033,12.1,42,91520
back,603,1079,1079,0,1033,12.1,42,91520
back,603,1079,1079,0,1033,12.1,42,91520
back,604,1079,1079,0,1033,12.1,42,91520
back,604,1079,1079,0,1033,12.1,42,91520
back,605,1079,1079,0,1033,12.1,42,91520
back,605,1079,1079,0,1033,12.1,42,91520
back,606,1079,1079,0,1033,12.1,42,91520
back,606,1079,1079,0,1033,12.1,42,91520
back,607,1079,1079,0,1033,12.1,42,91520
back,607,1079,1079,0,1033,12.1,42,91520
back,608,1079,1079,0,1033,12.1,42,91520
back,608,1079,1079,0,1033,12.1,42,91520
back,608,1079,1079,0,1033,12.1,42,91520
back,609,1079,1079,0,1033,12.1,42,91520
back,609,1079,1079,0,1033,12.1,42,91520
back,610,1079,1079,0,1033,12.1,42,91520
back,610,1079,1079,0,1033,12.1,42,91520
back,611,1079,1079,0,1033,12.1,42,91520
back,611,1079,1079,0,1033,12.1,42,91520
back,612,1079,1079,0,1033,12.1,42,91520
back,612,1079,1079,0,1033,12.1,42,91520
back,613,1079,1079,0,1033,12.1,42,91520
back,613,1079,1079,0,1033,12.1,42,91520
back,614,1079,1079,0,1033,12.1,42,91520
back,614,1079,1079,0,1033,12.1,42,91520
back,615,1079,1079,0,1033,12.1,42,91520
back,615,1079,1079,0,1033,12.1,42,91520
back,616,1079,1079,0,1033,12.1,42,91520
back,616,1079,1079,0,1033,12.1,42,91520
back,617,1079,1079,0,1033,12.1,42,91520
back,617,1079,1079,0,1033,12.1,42,91520
back,618,1079,1079,0,1033,12.1,42,91520
back,618,1079,1079,0,1033,12.1,42,91520
back,619,1079,1079,0,1033,12.1,42,91520
back,622,1079,1079,0,1033,12.1,42,91520
back,622,1079,1079,0,1033,12.1,42,91520
back,623,1079,1079,0,1033,12.1,42,91520
back,623,1079,1079,0,1033,12.1,42,91520
back,624,1079,1079,0,1033,12.1,42,91520
back,624,1079,1079,0,1033,12.1,42,91520
back,624,1079,1079,0,1033,12.1,42,91520
back,625,1079,1079,0,1033,12.1,42,91520
back,625,1079,1079,0,1033,12.1,42,91520
back,626,1079,1079,0,1033,12.1,42,91520
back,626,1079,1079,0,1033,12.1,42,91520
back,627,1079,1079,0,1033,12.1,42,91520
back,627,1079,1079,0,1033,12.1,42,91520
back,628,1079,1079,0,1033,12.1,42,91520
back,628,1079,1079,0,1033,12.1,42,91520
back,629,1079,1079,0,1033,12.1,42,91520
back,629,1079,1079,0,1033,12.1,42,91520
back,630,1079,1079,0,1033,12.1,42,91520
back,630,1079,1079,0,1033,12.1,42,91520
back,631,1079,1079,0,1033,12.1,42,91520
back,631,1079,1079,0,1033,12.1,42,91520
back,632,1079,1079,0,1033,12.1,42,91520
back,632,1079,1079,0,1033,12.1,42,91520
back,633,1079,1079,0,1033,12.1,42,91520
back,633,1079,1079,0,1033,12.1,42,91520
back,634,1079,1079,0,1033,12.1,42,91520
back,634,1079,1079,0,1033,12.1,42,91520
back,635,1079,1079,0,1033,12.1,42,91520
back,635,1079,1079,0,1033,12.1,42,91520
back,636,1079,1079,0,1033,12.1,42,91520
back,636,1079,1079,0,1033,12.1,42,91520
back,637,1079,1079,0,1033,12.1,42,91520
back,637,1079,1079,0,1033,12.1,42,91520
back,638,1079,1079,0,1033,12.1,42,91520
back,638,1079,1079,0,1033,12.1,42,91520
back,639,1079,1079,0,1033,12.1,42,91520
back,639,1079,1079,0,1033,12.1,42,91520
back,639,1079,1079,0,1033,12.1,42,91520
back,640,1079,1079,0,1033,12.1,42,91520
back,640,1079,1079,0,1033,12.1,42,91520
back,641,1079,1079,0,1033,12.1,42,91520
back,641,1079,1079,0,1033,12.1,42,91520
back,642,1079,1079,0,1033,12.1,42,91520
back,642,1079,1079,0,1033,12.1,42,91520
back,643,1079,1079,0,1033,12.1,42,91520
back,643,1079,1079,0,1033,12.1,42,91520
back,644,1079,1079,0,1033,12.1,42,91520
back,644,1079,1079,0,1033,12.1,42,91520
back,645,1079,1079,0,1033,12.1,42,91520
back,645,1079,1079,0,1033,12.1,42,91520
back,646,1079,1079,0,1033,12.1,42,91520
back,646,1079,1079,0,1033,12.1,42,91520
back,647,1079,1079,0,1033,12.1,42,91520
back,647,1079,1079,0,1033,12.1,42,91520
back,648,1079,1079,0,1033,12.1,42,91520
back,648,1079,1079,0,1033,12.1,42,91520
back,649,1079,1079,0,1033,12.1,42,91520
back,649,1079,1079,0,1033,12.1,42,91520
back,650,1079,1079,0,1033,12.1,42,91520
back,650,1079,1079,0,1033,12.1,42,91520
back,651,1079,1079,0,1033,12.1,42,91520
back,651,1079,1079,0,1033,12.1,42,91520
back,652,1079,1079,0,1033,12.1,42,91520
back,652,1079,1079,0,1033,12.1,42,91520
back,653,1079,1079,0,1033,12.1,42,91520
back,653,1079,1079,0,1033,12.1,42,91520
back,654,1079,1079,0,1033,12.1,42,91520
back,654,1079,1079,0,1033,12.1,42,91520
back,655,1079,1079,0,1033,12.1,42,91520
back,655,1079,1079,0,1033,12.1,42,91520
back,656,1079,1079,0,1033,12.1,42,91520
back,656,1079,1079,0,1033,12.1,42,91520
back,656,1079,1079,0,1033,12.1,42,91520
back,657,1079,1079,0,1033,12.1,42,91520
back,657,1079,1079,0,1033,12.1,42,91520
back,658,1079,1079,0,1033,12.1,42,91520
back,658,1079,1079,0,1033,12.1,42,91520
back,659,1079,1079,0,1033,12.1,42,91520
back,659,1079,1079,0,1033,12.1,42,91520
back,660,1079,1079,0,1033,12.1,42,91520
back,660,1079,1079,0,1033,12.1,42,91520
back,661,1079,1079,0,1033,12.1,42,91520
back,661,1079,1079,0,1033,12.1,42,91520
back,662,1079,1079,0,1033,12.1,42,91520
back,662,1079,1079,0,1033,12.1,42,91520
back,663,1079,1079,0,1033,12.1,42,91520
back,663,1079,1079,0,1033,12.1,42,91520
back,664,1079,1079,0,1033,12.1,42,91520
back,664,1079,1079,0,1033,12.1,42,91520
back,665,1079,1079,0,1033,12.1,42,91520
back,665,1079,1079,0,1033,12.1,42,91520
back,666,1079,1079,0,1033,12.1,42,91520
back,666,1079,1079,0,1033,12.1,42,91520
back,667,1079,1079,0,1033,12.1,42,91520
back,667,1079,1079,0,1033,12.1,42,91520
back,668,1079,1079,0,1033,12.1,42,91520
back,668,1079,1079,0,1033,12.1,42,91520
back,669,1079,1079,0,1033,12.1,42,91520
back,669,1079,1079,0,1033,12.1,42,91520
back,670,1079,1079,0,1033,12.1,42,91520
back,670,1079,1079,0,1033,12.1,42,91520
back,671,1079,1079,0,1033,12.1,42,91520
back,671,1079,1079,0,1033,12.1,42,91520
back,671,1079,1079,0,1033,12.1,42,91520
back,672,1079,1079,0,1033,12.1,42,91520
back,672,1079,1079,0,1033,12.1,42,91520
back,673,1079,1079,0,1033,12.1,42,91520
back,673,1079,1079,0,1033,12.1,42,91520
back,674,1079,1079,0,1033,12.1,42,91520
back,674,1079,1079,0,1033,12.1,42,91520
back,675,1079,1079,0,1033,12.1,42,91520
back,675,1079,1079,0,1033,12.1,42,91520
back,676,1079,1079,0,1033,12.1,42,91520
back,676,1079,1079,0,1033,12.1,42,91520
back,677,1079,1079,0,1033,12.1,42,91520
back,677,1079,1079,0,1033,12.1,42,91520
back,678,1079,1079,0,1033,12.1,42,91520
back,678,1079,1079,0,1033,12.1,42,91520
back,679,1079,1079,0,1033,12.1,42,91520
back,679,1079,1079,0,1033,12.1,42,91520
back,680,1079,1079,0,1033,12.1,42,91520
back,680,1079,1079,0,1033,12.1,42,91520
back,681,1079,1079,0,1033,12.1,42,91520
back,681,1079,1079,0,1033,12.1,42,91520
back,682,1079,1079,0,1033,12.1,42,91520
back,682,1079,1079,0,1033,12.1,42,91520
back,683,1079,1079,0,1033,12.1,42,91520
back,683,1079,1079,0,1033,12.1,42,91520
back,684,1079,1079,0,1033,12.1,42,91520
back,684,1079,1079,0,1033,12.1,42,91520
back,685,1079,1079,0,1033,12.1,42,91520
back,685,1079,1079,0,1033,12.1,42,91520
back,686,1079,1079,0,1033,12.2,42,91520
back,686,1079,1079,0,1033,12.2,42,91520
back,687,1079,1079,0,1033,12.1,42,91520
back,687,1079,1079,0,1033,12.1,42,91520
back,688,1079,1079,0,1033,12.1,42,91520
back,688,1079,1079,0,1033,12.1,42,91520
back,688,1079,1079,0,1033,12.1,42,91520
back,689,1079,1079,0,1033,12.1,42,91520
back,689,1079,1079,0,1033,12.1,42,91520
back,690,1079,1079,0,1033,12.1,42,91520
back,690,1079,1079,0,1033,12.1,42,91520
back,691,1079,1079,0,1033,12.1,42,91520
back,691,1079,1079,0,1033,12.1,42,91520
back,692,1079,1079,0,1033,12.1,42,91520
back,692,1079,1079,0,1033,12.1,42,91520
back,693,1079,1079,0,1033,12.1,42,91520
back,693,1079,1079,0,1033,12.1,42,91520
back,694,1079,1079,0,1033,12.1,42,91520
back,694,1079,1079,0,1033,12.1,42,91520
back,695,1079,1079,0,1033,12.1,42,91520
back,695,1079,1079,0,1033,12.1,42,91520
back,696,1079,1079,0,1033,12.1,42,91520
back,696,1079,1079,0,1033,12.1,42,91520
back,697,1079,1079,0,1033,12.1,42,91520
back,697,1079,1079,0,1033,12.1,42,91520
back,698,1079,1079,0,1033,12.1,42,91520
back,698,1079,1079,0,1033,12.1,42,91520
back,699,1079,1079,0,1033,12.1,42,91520
back,699,1079,1079,0,1033,12.1,42,91520
back,700,1079,1079,0,1033,12.1,42,91520
back,700,1079,1079,0,1033,12.1,42,91520
back,701,1079,1079,0,1033,12.1,42,91520
back,701,1079,1079,0,1033,12.1,42,91520
back,702,1079,1079,0,1033,12.1,42,91520
back,702,1079,1079,0,1033,12.1,42,91520
back,703,1079,1079,0,1033,12.1,42,91520
back,703,1079,1079,0,1033,12.1,42,91520
back,704,1079,1079,0,1033,12.1,42,91520
back,704,1079,1079,0,1033,12.1,42,91520
back,705,1079,1079,0,1033,12.1,42,91520
back,705,1079,1079,0,1033,12.1,42,91520
back,706,1079,1079,0,1033,12.1,42,91520
back,706,1079,1079,0,1033,12.1,42,91520
back,706,1079,1079,0,1033,12.1,42,91520
back,707,1079,1079,0,1033,12.1,42,91520
back,707,1079,1079,0,1033,12.1,42,91520
back,708,1079,1079,0,1033,12.1,42,91520
back,708,1079,1079,0,1033,12.1,42,91520
back,709,1079,1079,0,1033,12.1,42,91520
back,709,1079,1079,0,1033,12.1,42,91520
back,710,1079,1079,0,1033,12.1,42,91520
back,710,1079,1079,0,1033,12.1,42,91520
back,711,1079,1079,0,1033,12.1,42,91520
back,711,1079,1079,0,1033,12.1,42,91520
back,712,1079,1079,0,1033,12.1,42,91520
back,712,1079,1079,0,1033,12.1,42,91520
back,713,1079,1079,0,1033,12.1,42,91520
back,713,1079,1079,0,1033,12.1,42,91520
back,714,1079,1079,0,1033,12.1,42,91520
back,714,1079,1079,0,1033,12.1,42,91520
back,715,1079,1079,0,1033,12.1,42,91520
back,715,1079,1079,0,1033,12.1,42,91520
back,716,1079,1079,0,1033,12.1,42,91520
back,716,1079,1079,0,1033,12.1,42,91520
back,717,1079,1079,0,1033,12.1,42,91520
back,717,1079,1079,0,1033,12.1,42,91520
back,718,1079,1079,0,1033,12.1,42,91520
back,718,1079,1079,0,1033,12.1,42,91520
back,719,1079,1079,0,1033,12.1,42,91520
back,719,1079,1079,0,1033,12.1,42,91520
back,720,1079,1079,0,1033,12.1,42,91520
back,720,1079,1079,0,1033,12.1,42,91520
back,721,1079,1079,0,1033,12.1,42,91520
back,721,1079,1079,0,1033,12.1,42,91520
back,722,1079,1079,0,1033,12.1,42,91520
back,722,1079,1079,0,1033,12.1,42,91520
back,723,1079,1079,0,1033,12.1,42,91520
back,723,1079,1079,0,1033,12.1,42,91520
back,724,1079,1079,0,1033,12.1,42,91520
back,724,1079,1079,0,1033,12.1,42,91520
back,724,1079,1079,0,1033,12.1,42,91520
back,725,1079,1079,0,1033,12.1,42,91520
back,725,1079,1079,0,1033,12.1,42,91520
back,726,1079,1079,0,1033,12.1,42,91520
back,726,1079,1079,0,1033,12.1,42,91520
back,727,1079,1079,0,1033,12.1,42,91520
back,727,1079,1079,0,1033,12.1,42,91520
back,728,1079,1079,0,1033,12.1,42,91520
back,728,1079,1079,0,1033,12.1,42,91520
back,729,1079,1079,0,1033,12.1,42,91520
back,729,1079,1079,0,1033,12.1,42,91520
back,730,1079,1079,0,1033,12.1,42,91520
back,730,1079,1079,0,1033,12.1,42,91520
back,731,1079,1079,0,1033,12.1,42,91520
back,731,1079,1079,0,1033,12.1,42,91520
back,732,1079,1079,0,1033,12.1,42,91520
back,732,1079,1079,0,1033,12.1,42,91520
back,733,1079,1079,0,1033,12.1,42,91520
back,733,1079,1079,0,1033,12.1,42,91520
back,734,1079,1079,0,1033,12.1,42,91520
back,734,1079,1079,0,1033,12.1,42,91520
back,735,1079,1079,0,1033,12.1,42,91520
back,735,1079,1079,0,1033,12.1,42,91520
back,736,1079,1079,0,1033,12.1,42,91520
back,736,1079,1079,0,1033,12.1,42,91520
back,737,1079,1079,0,1033,12.1,42,91520
back,737,1079,1079,0,1033,12.1,42,91520
back,738,1079,1079,0,1033,12.1,42,91520
back,738,1079,1079,0,1033,12.2,42,91520
back,739,1079,1079,0,1033,12.2,42,91520
back,739,1079,1079,0,1033,12.1,42,91520
back,740,1079,1079,0,1033,12.1,42,91520
back,740,1079,1079,0,1033,12.1,42,91520
back,741,1079,1079,0,1033,12.1,42,91520
back,741,1079,1079,0,1033,12.1,42,91520
back,742,1079,1079,0,1033,12.1,42,91520
back,742,1079,1079,0,1033,12.1,42,91520
back,743,1079,1079,0,1033,12.1,42,91520
back,743,1079,1079,0,1033,12.1,42,91520
back,744,1079,1079,0,1033,12.1,42,91520
back,744,1079,1079,0,1033,12.1,42,91520
back,745,1079,1079,0,1033,12.1,42,91520
back,745,1079,1079,0,1033,12.1,42,91520
back,746,1079,1079,0,1033,12.1,42,91520
back,746,1079,1079,0,1033,12.1,42,91520
back,747,1079,1079,0,1033,12.1,42,91520
back,747,1079,1079,0,1033,12.1,42,91520
back,748,1079,1079,0,1033,12.1,42,91520
back,748,1079,1079,0,1033,12.1,42,91520
back,749,1079,1079,0,1033,12.1,42,91520
back,749,1079,1079,0,1033,12.1,42,91520
back,750,1079,1079,0,1033,12.1,42,91520
back,750,1079,1079,0,1033,12.1,42,91520
back,751,1079,1079,0,1033,12.1,42,91520
back,751,1079,1079,0,1033,12.1,42,91520
back,752,1079,1079,0,1033,12.1,42,91520
back,752,1079,1079,0,1033,12.1,42,91520
back,753,1079,1079,0,1033,12.1,42,91520
back,753,1079,1079,0,1033,12.1,42,91520
back,754,1079,1079,0,1033,12.1,42,91520
back,754,1079,1079,0,1033,12.1,42,91520
back,755,1079,1079,0,1033,12.1,42,91520
back,755,1079,1079,0,1033,12.1,42,91520
back,755,1079,1079,0,1033,12.1,42,91520
back,756,1079,1079,0,1033,12.1,42,91520
back,756,1079,1079,0,1033,12.1,42,91520
back,757,1079,1079,0,1033,12.1,42,91520
back,757,1079,1079,0,1033,12.1,42,91520
back,758,1079,1079,0,1033,12.1,42,91520
back,758,1079,1079,0,1033,12.1,42,91520
back,759,1079,1079,0,1033,12.1,42,91520
back,759,1079,1079,0,1033,12.1,42,91520
back,760,1079,1079,0,1033,12.1,42,91520
back,760,1079,1079,0,1033,12.1,42,91520
back,761,1079,1079,0,1033,12.1,42,91520
back,761,1079,1079,0,1033,12.1,42,91520
back,762,1079,1079,0,1033,12.1,42,91520
back,762,1079,1079,0,1033,12.1,42,91520
back,763,1079,1079,0,1033,12.1,42,91520
back,763,1079,1079,0,1033,12.1,42,91520
back,764,1079,1079,0,1033,12.1,42,91520
back,764,1079,1079,0,1033,12.1,42,91520
back,765,1079,1079,0,1033,12.1,42,91520
back,765,1079,1079,0,1033,12.1,42,91520
back,766,1079,1079,0,1033,12.1,42,91520
back,766,1079,1079,0,1033,12.1,42,91520
back,767,1079,1079,0,1033,12.1,42,91520
back,767,1079,1079,0,1033,12.1,42,91520
back,768,1079,1079,0,1033,12.1,42,91520
back,768,1079,1079,0,1033,12.1,42,91520
back,769,1079,1079,0,1033,12.1,42,91520
back,769,1079,1079,0,1033,12.1,42,91520
back,770,1079,1079,0,1033,12.1,42,91520
back,770,1079,1079,0,1033,12.1,42,91520
back,771,1079,1079,0,1033,12.1,42,91520
back,771,1079,1079,0,1033,12.1,42,91520
back,772,1079,1079,0,1033,12.1,42,91520
back,772,1079,1079,0,1033,12.1,42,91520
back,772,1079,1079,0,1033,12.1,42,91520
back,773,1079,1079,0,1033,12.1,42,91520
back,773,1079,1079,0,1033,12.1,42,91520
back,774,1079,1079,0,1033,12.1,42,91520
back,774,1079,1079,0,1033,12.1,42,91520
back,775,1079,1079,0,1033,12.1,42,91520
back,775,1079,1079,0,1033,12.1,42,91520
back,776,1079,1079,0,1033,12.1,42,91520
back,776,1079,1079,0,1033,12.1,42,91520
back,777,1079,1079,0,1033,12.1,42,91520
back,777,1079,1079,0,1033,12.1,42,91520
back,778,1079,1079,0,1033,12.1,42,91520
back,778,1079,1079,0,1033,12.1,42,91520
back,779,1079,1079,0,1033,12.1,42,91520
back,779,1079,1079,0,1033,12.1,42,91520
back,780,1079,1079,0,1033,12.1,42,91520
back,780,1079,1079,0,1033,12.1,42,91520
back,781,1079,1079,0,1033,12.1,42,91520
back,781,1079,1079,0,1033,12.2,42,91520
back,782,1079,1079,0,1033,12.2,42,91520
back,782,1079,1079,0,1033,12.1,42,91520
back,783,1079,1079,0,1033,12.1,42,91520
back,783,1079,1079,0,1033,12.1,42,91520
back,784,1079,1079,0,1033,12.1,42,91520
back,784,1079,1079,0,1033,12.1,42,91520
back,785,1079,1079,0,1033,12.1,42,91520
back,785,1079,1079,0,1033,12.2,42,91520
back,786,1079,1079,0,1033,12.2,42,91520
back,786,1079,1079,0,1033,12.1,42,91520
back,787,1079,1079,0,1033,12.1,42,91520
back,787,1079,1079,0,1033,12.1,42,91520
back,788,1079,1079,0,1033,12.1,42,91520
back,788,1079,1079,0,1033,12.1,42,91520
back,789,1079,1079,0,1033,12.1,42,91520
back,789,1079,1079,0,1033,12.1,42,91520
back,790,1079,1079,0,1033,12.1,42,91520
back,790,1079,1079,0,1033,12.1,42,91520
back,790,1079,1079,0,1033,12.1,42,91520
back,791,1079,1079,0,1033,12.1,42,91520
back,791,1079,1079,0,1033,12.1,42,91520
back,792,1079,1079,0,1033,12.1,42,91520
back,792,1079,1079,0,1033,12.1,42,91520
back,793,1079,1079,0,1033,12.1,42,91520
back,793,1079,1079,0,1033,12.1,42,91520
back,794,1079,1079,0,1033,12.1,42,91520
back,794,1079,1079,0,1033,12.1,42,91520
back,795,1079,1079,0,1033,12.1,42,91520
back,795,1079,1079,0,1033,12.1,42,91520
back,796,1079,1079,0,1033,12.1,42,91520
back,796,1079,1079,0,1033,12.1,42,91520
back,797,1079,1079,0,1033,12.1,42,91520
back,797,1079,1079,0,1033,12.2,42,91520
back,798,1079,1079,0,1033,12.2,42,91520
back,798,1079,1079,0,1033,12.1,42,91520
back,799,1079,1079,0,1033,12.1,42,91520
back,799,1079,1079,0,1033,12.1,42,91520
back,800,1079,1079,0,1033,12.1,42,91520
back,800,1079,1079,0,1033,12.1,42,91520
back,801,1079,1079,0,1033,12.1,42,91520
back,801,1079,1079,0,1033,12.1,42,91520
back,802,1079,1079,0,1033,12.1,42,91520
back,802,1079,1079,0,1033,12.1,42,91520
back,803,1079,1079,0,1033,12.1,42,91520
back,803,1079,1079,0,1033,12.1,42,91520
back,804,1079,1079,0,1033,12.1,42,91520
back,804,1079,1079,0,1033,12.1,42,91520
back,805,1079,1079,0,1033,12.1,42,91520
back,805,1079,1079,0,1033,12.1,42,91520
back,806,1079,1079,0,1033,12.1,42,91520
back,806,1079,1079,0,1033,12.1,42,91520
back,806,1079,1079,0,1033,12.1,42,91520
back,807,1079,1079,0,1033,12.1,42,91520
back,807,1079,1079,0,1033,12.1,42,91520
back,808,1079,1079,0,1033,12.1,42,91520
back,809,1079,1079,0,1033,12.1,42,91520
back,809,1079,1079,0,1033,12.1,42,91520
back,810,1079,1079,0,1033,12.1,42,91520
back,810,1079,1079,0,1033,12.1,42,91520
back,811,1079,1079,0,1033,12.1,42,91520
back,811,1079,1079,0,1033,12.2,42,91520
back,812,1079,1079,0,1033,12.2,42,91520
back,812,1079,1079,0,1033,12.1,42,91520
back,813,1079,1079,0,1033,12.1,42,91520
back,813,1079,1079,0,1033,12.1,42,91520
back,814,1079,1079,0,1033,12.1,42,91520
back,814,1079,1079,0,1033,12.1,42,91520
back,815,1079,1079,0,1033,12.1,42,91520
back,815,1079,1079,0,1033,12.1,42,91520
back,816,1079,1079,0,1033,12.1,42,91520
back,816,1079,1079,0,1033,12.1,42,91520
back,817,1079,1079,0,1033,12.1,42,91520
back,817,1079,1079,0,1033,12.1,42,91520
back,818,1079,1079,0,1033,12.1,42,91520
back,818,1079,1079,0,1033,12.1,42,91520
back,819,1079,1079,0,1033,12.1,42,91520
back,819,1079,1079,0,1033,12.1,42,91520
back,820,1079,1079,0,1033,12.1,42,91520
back,820,1079,1079,0,1033,12.1,42,91520
back,821,1079,1079,0,1033,12.1,42,91520
back,821,1079,1079,0,1033,12.1,42,91520
back,821,1079,1079,0,1033,12.1,42,91520
back,822,1079,1079,0,1033,12.1,42,91520
back,822,1079,1079,0,1033,12.1,42,91520
back,823,1079,1079,0,1033,12.1,42,91520
back,823,1079,1079,0,1033,12.1,42,91520
back,824,1079,1079,0,1033,12.1,42,91520
back,824,1079,1079,0,1033,12.1,42,91520
back,825,1079,1079,0,1033,12.1,42,91520
back,825,1079,1079,0,1033,12.1,42,91520
back,826,1079,1079,0,1033,12.1,42,91520
back,826,1079,1079,0,1033,12.1,42,91520
back,827,1079,1079,0,1033,12.1,42,91520
back,827,1079,1079,0,1033,12.1,42,91520
back,828,1079,1079,0,1033,12.1,42,91520
back,828,1079,1079,0,1033,12.1,42,91520
back,829,1079,1079,0,1033,12.1,42,91520
back,829,1079,1079,0,1033,12.1,42,91520
back,830,1079,1079,0,1033,12.1,42,91520
back,830,1079,1079,0,1033,12.1,42,91520
back,831,1079,1079,0,1033,12.1,42,91520
back,831,1079,1079,0,1033,12.1,42,91520
back,832,1079,1079,0,1033,12.1,42,91520
back,832,1079,1079,0,1033,12.1,42,91520
back,833,1079,1079,0,1033,12.1,42,91520
back,833,1079,1079,0,1033,12.1,42,91520
back,834,1079,1079,0,1033,12.1,42,91520
back,834,1079,1079,0,1033,12.1,42,91520
back,835,1079,1079,0,1033,12.1,42,91520
back,835,1079,1079,0,1033,12.1,42,91520
back,836,1079,1079,0,1033,12.1,42,91520
back,836,1079,1079,0,1033,12.1,42,91520
back,837,1079,1079,0,1033,12.1,42,91520
back,837,1079,1079,0,1033,12.1,42,91520
back,838,1079,1079,0,1033,12.1,42,91520
back,838,1079,1079,0,1033,12.1,42,91520
back,838,1079,1079,0,1033,12.1,42,91520
back,839,1079,1079,0,1033,12.1,42,91520
back,839,1079,1079,0,1033,12.1,42,91520
back,840,1079,1079,0,1033,12.1,42,91520
back,840,1079,1079,0,1033,12.1,42,91520
back,841,1079,1079,0,1033,12.1,42,91520
back,841,1079,1079,0,1033,12.1,42,91520
back,842,1079,1079,0,1033,12.1,42,91520
back,842,1079,1079,0,1033,12.1,42,91520
back,843,1079,1079,0,1033,12.1,42,91520
back,843,1079,1079,0,1033,12.1,42,91520
back,844,1079,1079,0,1033,12.1,42,91520
back,844,1079,1079,0,1033,12.1,42,91520
back,845,1079,1079,0,1033,12.1,42,91520
back,845,1079,1079,0,1033,12.1,42,91520
back,846,1079,1079,0,1033,12.1,42,91520
back,846,1079,1079,0,1033,12.1,42,91520
back,847,1079,1079,0,1033,12.1,42,91520
back,847,1079,1079,0,1033,12.1,42,91520
back,848,1079,1079,0,1033,12.1,42,91520
back,848,1079,1079,0,1033,12.1,42,91520
back,849,1079,1079,0,1033,12.1,42,91520
back,849,1079,1079,0,1033,12.1,42,91520
back,850,1079,1079,0,1033,12.1,42,91520
back,850,1079,1079,0,1033,12.1,42,91520
back,851,1079,1079,0,1033,12.1,42,91520
back,851,1079,1079,0,1033,12.1,42,91520
back,852,1079,1079,0,1033,12.1,42,91520
back,852,1079,1079,0,1033,12.1,42,91520
back,853,1079,1079,0,1033,12.1,42,91520
back,853,1079,1079,0,1033,12.1,42,91520
back,854,1079,1079,0,1033,12.1,42,91520
back,854,1079,1079,0,1033,12.1,42,91520
back,855,1079,1079,0,1033,12.1,42,91520
back,855,1079,1079,0,1033,12.1,42,91520
back,855,1079,1079,0,1033,12.1,42,91520
back,856,1079,1079,0,1033,12.2,42,91520
back,856,1079,1079,0,1033,12.2,42,91520
back,857,1079,1079,0,1033,12.1,42,91520
back,857,1079,1079,0,1033,12.1,42,91520
back,858,1079,1079,0,1033,12.1,42,91520
back,858,1079,1079,0,1033,12.1,42,91520
back,859,1079,1079,0,1033,12.1,42,91520
back,859,1079,1079,0,1033,12.1,42,91520
back,860,1079,1079,0,1033,12.1,42,91520
back,860,1079,1079,0,1033,12.1,42,91520
back,861,1079,1079,0,1033,12.1,42,91520
back,861,1079,1079,0,1033,12.1,42,91520
back,861,1079,1079,0,1033,12.1,42,91520
back,862,1079,1079,0,1033,12.1,42,91520
back,863,1079,1079,0,1033,12.1,42,91520
back,863,1079,1079,0,1033,12.1,42,91520
back,864,1079,1079,0,1033,12.1,42,91520
back,864,1079,1079,0,1033,12.1,42,91520
back,865,1079,1079,0,1033,12.1,42,91520
back,865,1079,1079,0,1033,12.1,42,91520
back,866,1079,1079,0,1033,12.1,42,91520
back,866,1079,1079,0,1033,12.2,42,91520
back,867,1079,1079,0,1033,12.2,42,91520
back,867,1079,1079,0,1033,12.1,42,91520
back,868,1079,1079,0,1033,12.1,42,91520
back,868,1079,1079,0,1033,12.1,42,91520
back,869,1079,1079,0,1033,12.1,42,91520
back,869,1079,1079,0,1033,12.1,42,91520
back,870,1079,1079,0,1033,12.1,42,91520
back,870,1079,1079,0,1033,12.1,42,91520
back,871,1079,1079,0,1033,12.1,42,91520
back,871,1079,1079,0,1033,12.1,42,91520
back,871,1079,1079,0,1033,12.1,42,91520
back,872,1079,1079,0,1033,12.1,42,91520
back,872,1079,1079,0,1033,12.1,42,91520
back,873,1079,1079,0,1033,12.1,42,91520
back,873,1079,1079,0,1033,12.1,42,91520
back,874,1079,1079,0,1033,12.1,42,91520
back,874,1079,1079,0,1033,12.1,42,91520
back,875,1079,1079,0,1033,12.1,42,91520
back,875,1079,1079,0,1033,12.1,42,91520
back,876,1079,1079,0,1033,12.1,42,91520
back,876,1079,1079,0,1033,12.1,42,91520
back,877,1079,1079,0,1033,12.1,42,91520
back,877,1079,1079,0,1033,12.1,42,91520
back,878,1079,1079,0,1033,12.1,42,91520
back,878,1079,1079,0,1033,12.1,42,91520
back,879,1079,1079,0,1033,12.1,42,91520
back,879,1079,1079,0,1033,12.1,42,91520
back,880,1079,1079,0,1033,12.1,42,91520
back,880,1079,1079,0,1033,12.1,42,91520
back,881,1079,1079,0,1033,12.1,42,91520
back,881,1079,1079,0,1033,12.2,42,91520
back,882,1079,1079,0,1033,12.2,42,91520
back,882,1079,1079,0,1033,12.1,42,91520
back,883,1079,1079,0,1033,12.1,42,91520
back,883,1079,1079,0,1033,12.1,42,91520
back,884,1079,1079,0,1033,12.1,42,91520
back,884,1079,1079,0,1033,12.1,42,91520
back,885,1079,1079,0,1033,12.1,42,91520
back,885,1079,1079,0,1033,12.1,42,91520
back,886,1079,1079,0,1033,12.1,42,91520
back,886,1079,1079,0,1033,12.1,42,91520
back,887,1079,1079,0,1033,12.1,42,91520
back,887,1079,1079,0,1033,12.1,42,91520
back,888,1079,1079,0,1033,12.1,42,91520
back,888,1079,1079,0,1033,12.1,42,91520
back,888,1079,1079,0,1033,12.1,42,91520
back,889,1079,1079,0,1033,12.1,42,91520
back,889,1079,1079,0,1033,12.1,42,91520
back,890,1079,1079,0,1033,12.1,42,91520
back,890,1079,1079,0,1033,12.1,42,91520
back,891,1079,1079,0,1033,12.1,42,91520
back,891,1079,1079,0,1033,12.1,42,91520
back,892,1079,1079,0,1033,12.1,42,91520
back,892,1079,1079,0,1033,12.1,42,91520
back,893,1079,1079,0,1033,12.1,42,91520
back,893,1079,1079,0,1033,12.1,42,91520
back,894,1079,1079,0,1033,12.1,42,91520
back,894,1079,1079,0,1033,12.1,42,91520
back,895,1079,1079,0,1033,12.1,42,91520
back,895,1079,1079,0,1033,12.1,42,91520
back,896,1079,1079,0,1033,12.1,42,91520
back,896,1079,1079,0,1033,12.1,42,91520
back,897,1079,1079,0,1033,12.1,42,91520
back,897,1079,1079,0,1033,12.1,42,91520
back,898,1079,1079,0,1033,12.1,42,91520
back,898,1079,1079,0,1033,12.1,42,91520
back,899,1079,1079,0,1033,12.1,42,91520
back,899,1079,1079,0,1033,12.1,42,91520
back,900,1079,1079,0,1033,12.1,42,91520
back,900,1079,1079,0,1033,12.1,42,91520
back,901,1079,1079,0,1033,12.1,42,91520
back,901,1079,1079,0,1033,12.1,42,91520
back,902,1079,1079,0,1033,12.1,42,91520
back,902,1079,1079,0,1033,12.1,42,91520
back,903,1079,1079,0,1033,12.1,42,91520
back,903,1079,1079,0,1033,12.1,42,91520
back,904,1079,1079,0,1033,12.1,42,91520
back,904,1079,1079,0,1033,12.1,42,91520
back,905,1079,1079,0,1033,12.1,42,91520
back,905,1079,1079,0,1033,12.1,42,91520
back,906,1079,1079,0,1033,12.1,42,91520
back,906,1079,1079,0,1033,12.1,42,91520
back,906,1079,1079,0,1033,12.1,42,91520
back,907,1079,1079,0,1033,12.1,42,91520
back,907,1079,1079,0,1033,12.1,42,91520
back,908,1079,1079,0,1033,12.1,42,91520
back,908,1079,1079,0,1033,12.1,42,91520
back,909,1079,1079,0,1033,12.1,42,91520
back,909,1079,1079,0,1033,12.1,42,91520
back,910,1079,1079,0,1033,12.1,42,91520
back,910,1079,1079,0,1033,12.1,42,91520
back,911,1079,1079,0,1033,12.1,42,91520
back,911,1079,1079,0,1033,12.1,42,91520
back,912,1079,1079,0,1033,12.1,42,91520
back,912,1079,1079,0,1033,12.1,42,91520
back,913,1079,1079,0,1033,12.1,42,91520
back,913,1079,1079,0,1033,12.1,42,91520
back,914,1079,1079,0,1033,12.1,42,91520
back,914,1079,1079,0,1033,12.1,42,91520
back,915,1079,1079,0,1033,12.1,42,91520
back,915,1079,1079,0,1033,12.1,42,91520
back,916,1079,1079,0,1033,12.1,42,91520
back,916,1079,1079,0,1033,12.1,42,91520
back,917,1079,1079,0,1033,12.1,42,91520
back,917,1079,1079,0,1033,12.1,42,91520
back,918,1079,1079,0,1033,12.1,42,91520
back,918,1079,1079,0,1033,12.1,42,91520
back,919,1079,1079,0,1033,12.1,42,91520
back,919,1079,1079,0,1033,12.1,42,91520
back,920,1079,1079,0,1033,12.1,42,91520
back,920,1079,1079,0,1033,12.1,42,91520
back,921,1079,1079,0,1033,12.1,42,91520
back,921,1079,1079,0,1033,12.1,42,91520
back,922,1079,1079,0,1033,12.1,42,91520
back,922,1079,1079,0,1033,12.1,42,91520
back,923,1079,1079,0,1033,12.1,42,91520
back,923,1079,1079,0,1033,12.1,42,91520
back,924,1079,1079,0,1033,12.1,42,91520
back,924,1079,1079,0,1033,12.1,42,91520
back,924,1079,1079,0,1033,12.1,42,91520
back,925,1079,1079,0,1033,12.1,42,91520
back,925,1079,1079,0,1033,12.1,42,91520
back,926,1079,1079,0,1033,12.1,42,91520
back,927,1079,1079,0,1033,12.1,42,91520
back,927,1079,1079,0,1033,12.1,42,91520
back,928,1079,1079,0,1033,12.1,42,91520
back,928,1079,1079,0,1033,12.1,42,91520
back,929,1079,1079,0,1033,12.1,42,91520
back,929,1079,1079,0,1033,12.1,42,91520
back,930,1079,1079,0,1033,12.1,42,91520
back,930,1079,1079,0,1033,12.1,42,91520
back,931,1079,1079,0,1033,12.1,42,91520
back,931,1079,1079,0,1033,12.1,42,91520
back,932,1079,1079,0,1033,12.1,42,91520
back,932,1079,1079,0,1033,12.1,42,91520
back,933,1079,1079,0,1033,12.1,42,91520
back,933,1079,1079,0,1033,12.1,42,91520
back,934,1079,1079,0,1033,12.1,42,91520
back,934,1079,1079,0,1033,12.1,42,91520
back,935,1079,1079,0,1033,12.1,42,91520
back,935,1079,1079,0,1033,12.1,42,91520
back,936,1079,1079,0,1033,12.1,42,91520
back,936,1079,1079,0,1033,12.1,42,91520
back,937,1079,1079,0,1033,12.1,42,91520
back,937,1079,1079,0,1033,12.1,42,91520
back,938,1079,1079,0,1033,12.1,42,91520
back,938,1079,1079,0,1033,12.1,42,91520
back,938,1079,1079,0,1033,12.1,42,91520
back,939,1079,1079,0,1033,12.1,42,91520
back,939,1079,1079,0,1033,12.1,42,91520
back,940,1079,1079,0,1033,12.1,42,91520
back,940,1079,1079,0,1033,12.1,42,91520
back,941,1079,1079,0,1033,12.1,42,91520
back,941,1079,1079,0,1033,12.1,42,91520
back,942,1079,1079,0,1033,12.1,42,91520
back,942,1079,1079,0,1033,12.1,42,91520
back,943,1079,1079,0,1033,12.1,42,91520
back,943,1079,1079,0,1033,12.1,42,91520
back,944,1079,1079,0,1033,12.1,42,91520
back,944,1079,1079,0,1033,12.1,42,91520
back,945,1079,1079,0,1033,12.1,42,91520
back,945,1079,1079,0,1033,12.1,42,91520
back,946,1079,1079,0,1033,12.1,42,91520
back,946,1079,1079,0,1033,12.1,42,91520
back,947,1079,1079,0,1033,12.1,42,91520
back,947,1079,1079,0,1033,12.1,42,91520
back,948,1079,1079,0,1033,12.2,42,91520
back,948,1079,1079,0,1033,12.2,42,91520
back,949,1079,1079,0,1033,12.1,42,91520
back,949,1079,1079,0,1033,12.1,42,91520
back,950,1079,1079,0,1033,12.1,42,91520
back,950,1079,1079,0,1033,12.1,42,91520
back,951,1079,1079,0,1033,12.1,42,91520
back,951,1079,1079,0,1033,12.1,42,91520
back,952,1079,1079,0,1033,12.1,42,91520
back,952,1079,1079,0,1033,12.1,42,91520
back,953,1079,1079,0,1033,12.1,42,91520
back,953,1079,1079,0,1033,12.1,42,91520
back,954,1079,1079,0,1033,12.1,42,91520
back,954,1079,1079,0,1033,12.1,42,91520
back,955,1079,1079,0,1033,12.1,42,91520
back,955,1079,1079,0,1033,12.1,42,91520
back,955,1079,1079,0,1033,12.1,42,91520
back,956,1079,1079,0,1033,12.1,42,91520
back,956,1079,1079,0,1033,12.1,42,91520
back,957,1079,1079,0,1033,12.1,42,91520
back,957,1079,1079,0,1033,12.1,42,91520
back,958,1079,1079,0,1033,12.1,42,91520
back,958,1079,1079,0,1033,12.1,42,91520
back,959,1079,1079,0,1033,12.1,42,91520
back,959,1079,1079,0,1033,12.1,42,91520
back,960,1079,1079,0,1033,12.1,42,91520
back,960,1079,1079,0,1033,12.1,42,91520
back,961,1079,1079,0,1033,12.1,42,91520
back,961,1079,1079,0,1033,12.1,42,91520
back,962,1079,1079,0,1033,12.1,42,91520
back,962,1079,1079,0,1033,12.1,42,91520
back,963,1079,1079,0,1033,12.1,42,91520
back,963,1079,1079,0,1033,12.1,42,91520
back,964,1079,1079,0,1033,12.1,42,91520
back,964,1079,1079,0,1033,12.1,42,91520
back,965,1079,1079,0,1033,12.1,42,91520
back,965,1079,1079,0,1033,12.1,42,91520
back,966,1079,1079,0,1033,12.1,42,91520
back,966,1079,1079,0,1033,12.1,42,91520
back,967,1079,1079,0,1033,12.1,42,91520
back,967,1079,1079,0,1033,12.1,42,91520
back,968,1079,1079,0,1033,12.1,42,91520
back,968,1079,1079,0,1033,12.1,42,91520
back,969,1079,1079,0,1033,12.1,42,91520
back,969,1079,1079,0,1033,12.1,42,91520
back,970,1079,1079,0,1033,12.2,42,91520
back,970,1079,1079,0,1033,12.2,42,91520
back,971,1079,1079,0,1033,12.1,42,91520
back,971,1079,1079,0,1033,12.1,42,91520
back,972,1079,1079,0,1033,12.1,42,91520
back,972,1079,1079,0,1033,12.1,42,91520
back,973,1079,1079,0,1033,12.1,42,91520
back,973,1079,1079,0,1033,12.1,42,91520
back,973,1079,1079,0,1033,12.1,42,91520
back,974,1079,1079,0,1033,12.1,42,91520
back,974,1079,1079,0,1033,12.1,42,91520
back,975,1079,1079,0,1033,12.1,42,91520
back,975,1079,1079,0,1033,12.1,42,91520
back,976,1079,1079,0,1033,12.1,42,91520
back,977,1079,1079,0,1033,12.1,42,91520
back,977,1079,1079,0,1033,12.1,42,91520
back,978,1079,1079,0,1033,12.1,42,91520
back,978,1079,1079,0,1033,12.1,42,91520
back,979,1079,1079,0,1033,12.1,42,91520
back,979,1079,1079,0,1033,12.1,42,91520
back,980,1079,1079,0,1033,12.1,42,91520
back,980,1079,1079,0,1033,12.1,42,91520
back,981,1079,1079,0,1033,12.1,42,91520
back,981,1079,1079,0,1033,12.1,42,91520
back,982,1079,1079,0,1033,12.1,42,91520
back,982,1079,1079,0,1033,12.1,42,91520
back,983,1079,1079,0,1033,12.1,42,91520
back,983,1079,1079,0,1033,12.1,42,91520
back,984,1079,1079,0,1033,12.1,42,91520
back,984,1079,1079,0,1033,12.1,42,91520
back,985,1079,1079,0,1033,12.1,42,91520
back,985,1079,1079,0,1033,12.1,42,91520
back,986,1079,1079,0,1033,12.1,42,91520
back,986,1079,1079,0,1033,12.1,42,91520
back,987,1079,1079,0,1033,12.1,42,91520
back,987,1079,1079,0,1033,12.1,42,91520
back,988,1079,1079,0,1033,12.2,42,91520
back,988,1079,1079,0,1033,12.2,42,91520
back,989,1079,1079,0,1033,12.2,42,91520
back,989,1079,1079,0,1033,12.2,42,91520
back,989,1079,1079,0,1033,12.1,42,91520
back,990,1079,1079,0,1033,12.1,42,91520
back,991,1079,1079,0,1033,12.1,42,91520
back,991,1079,1079,0,1033,12.1,42,91520
back,992,1079,1079,0,1033,12.1,42,91520
back,992,1079,1079,0,1033,12.1,42,91520
back,993,1079,1079,0,1033,12.1,42,91520
back,993,1079,1079,0,1033,12.1,42,91520
back,994,1079,1079,0,1033,12.1,42,91520
back,994,1079,1079,0,1033,12.1,42,91520
back,995,1079,1079,0,1033,12.1,42,91520
back,995,1079,1079,0,1033,12.1,42,91520
back,996,1079,1079,0,1033,12.1,42,91520
back,996,1079,1079,0,1033,12.1,42,91520
back,997,1079,1079,0,1033,12.1,42,91520
back,997,1079,1079,0,1033,12.1,42,91520
back,998,1079,1079,0,1033,12.1,42,91520
back,998,1079,1079,0,1033,12.1,42,91520
back,999,1079,1079,0,1033,12.1,42,91520
back,999,1079,1079,0,1033,12.1,42,91520
back,1000,1079,1079,0,1033,12.1,42,91520
back,1000,1079,1079,0,1033,12.1,42,91520
back,1001,1079,1079,0,1033,12.1,42,91520
back,1001,1079,1079,0,1033,12.1,42,91520
back,1002,1079,1079,0,1033,12.1,42,91520
back,1002,1079,1079,0,1033,12.1,42,91520
back,1003,1079,1079,0,1033,12.1,42,91520
back,1003,1079,1079,0,1033,12.1,42,91520
back,1004,1079,1079,0,1033,12.1,42,91520
back,1004,1079,1079,0,1033,12.1,42,91520
back,1005,1079,1079,0,1033,12.1,42,91520
back,1005,1079,1079,0,1033,12.1,42,91520
back,1006,1079,1079,0,1033,12.1,42,91520
back,1006,1079,1079,0,1033,12.1,42,91520
back,1007,1079,1079,0,1032,12.1,42,91520
back,1007,1079,1079,0,1032,12.1,42,91520
back,1008,1079,1079,0,1032,12.1,42,91520
back,1008,1079,1079,0,1032,12.1,42,91520
back,1009,1079,1079,0,1032,12.1,42,91520
back,1009,1079,1079,0,1032,12.1,42,91520
back,1010,1079,1079,0,1032,12.1,42,91520
back,1010,1079,1079,0,1032,12.1,42,91520
back,1011,1079,1079,0,1032,12.1,42,91520
back,1011,1079,1079,0,1032,12.1,42,91520
back,1012,1079,1079,0,1032,12.2,42,91520
back,1012,1079,1079,0,1032,12.2,42,91520
back,1013,1079,1079,0,1032,12.2,42,91520
back,1013,1079,1079,0,1032,12.2,42,91520
back,1014,1079,1079,0,1032,12.1,42,91520
back,1014,1079,1079,0,1032,12.1,42,91520
back,1015,1079,1079,0,1032,12.1,42,91520
back,1015,1079,1079,0,1032,12.1,42,91520
back,1016,1079,1079,0,1032,12.2,42,91520
back,1016,1079,1079,0,1032,12.2,42,91520
back,1017,1079,1079,0,1032,12.1,42,91520
back,1017,1079,1079,0,1032,12.1,42,91520
back,1018,1079,1079,0,1032,12.2,42,91520
back,1018,1079,1079,0,1032,12.2,42,91520
back,1019,1079,1079,0,1032,12.1,42,91520
back,1019,1079,1079,0,1032,12.1,42,91520
back,1020,1079,1079,0,1032,12.2,42,91520
back,1020,1079,1079,0,1032,12.2,42,91520
back,1021,1079,1079,0,1032,12.2,42,91520
back,1021,1079,1079,0,1032,12.2,42,91520
back,1022,1079,1079,0,1032,12.1,42,91520
back,1022,1079,1079,0,1032,12.1,42,91520
back,1023,1079,1079,0,1032,12.2,42,91520
back,1023,1079,1079,0,1032,12.2,42,91520
back,1024,1079,1079,0,1032,12.1,42,91520
back,1024,1079,1079,0,1032,12.1,42,91520
back,1025,1079,1079,0,1032,12.2,42,91520
back,1025,1079,1079,0,1032,12.2,42,91520
back,1026,1079,1079,0,1032,12.1,42,91520
back,1026,1079,1079,0,1032,12.1,42,91520
back,1027,1079,1079,0,1032,12.2,42,91520
back,1027,1079,1079,0,1032,12.2,42,91520
back,1028,1079,1079,0,1032,12.1,42,91520
back,1028,1079,1079,0,1032,12.1,42,91520
back,1029,1079,1079,0,1032,12.1,42,91520
back,1029,1079,1079,0,1032,12.1,42,91520
back,1030,1079,1079,0,1032,12.1,42,91520
back,1030,1079,1079,0,1032,12.1,42,91520
back,1031,1079,1079,0,1032,12.2,42,91520
back,1031,1079,1079,0,1032,12.2,42,91520
back,1032,1079,1079,0,1032,12.2,42,91520
back,1032,1079,1079,0,1032,12.2,42,91520
back,1033,1079,1079,0,1032,12.1,42,91520
back,1033,1079,1079,0,1032,12.1,42,91520
back,1034,1079,1079,0,1032,12.1,42,91520
back,1034,1079,1079,0,1032,12.1,42,91520
back,1035,1079,1079,0,1032,12.1,42,91520
back,1035,1079,1079,0,1032,12.1,42,91520
back,1036,1079,1079,0,1032,12.1,42,91520
back,1036,1079,1079,0,1032,12.1,42,91520
back,1037,1079,1079,0,1032,12.1,42,91520
back,1037,1079,1079,0,1032,12.1,42,91520
back,1038,1079,1079,0,1032,12.1,42,91520
back,1038,1079,1079,0,1032,12.1,42,91520
back,1039,1079,1079,0,1032,12.1,42,91520
back,1039,1079,1079,0,1032,12.1,42,91520
back,1039,1079,1079,0,1032,12.1,42,91520
back,1040,1079,1079,0,1032,12.1,42,91520
back,1040,1079,1079,0,1032,12.2,42,91520
back,1041,1079,1079,0,1032,12.2,42,91520
back,1042,1079,1079,0,1032,12.2,42,91520
back,1042,1079,1079,0,1032,12.2,42,91520
back,1043,1079,1079,0,1032,12.1,42,91520
back,1043,1079,1079,0,1032,12.1,42,91520
back,1044,1079,1079,0,1032,12.1,42,91520
back,1044,1079,1079,0,1032,12.1,42,91520
back,1045,1079,1079,0,1032,12.1,42,91520
back,1045,1079,1079,0,1032,12.1,42,91520
back,1046,1079,1079,0,1032,12.1,42,91520
back,1046,1079,1079,0,1032,12.1,42,91520
back,1047,1079,1079,0,1032,12.1,42,91520
back,1047,1079,1079,0,1032,12.1,42,91520
back,1048,1079,1079,0,1032,12.1,42,91520
back,1048,1079,1079,0,1032,12.1,42,91520
back,1049,1079,1079,0,1032,12.1,42,91520
back,1049,1079,1079,0,1032,12.1,42,91520
back,1050,1079,1079,0,1032,12.1,42,91520
back,1050,1079,1079,0,1032,12.1,42,91520
back,1051,1079,1079,0,1032,12.1,42,91520
back,1051,1079,1079,0,1032,12.1,42,91520
back,1052,1079,1079,0,1032,12.1,42,91520
back,1052,1079,1079,0,1032,12.1,42,91520
back,1053,1079,1079,0,1032,12.1,42,91520
back,1053,1079,1079,0,1032,12.1,42,91520
back,1054,1079,1079,0,1032,12.1,42,91520
back,1054,1079,1079,0,1032,12.2,42,91520
back,1055,1079,1079,0,1032,12.2,42,91520
back,1055,1079,1079,0,1032,12.2,42,91520
back,1055,1079,1079,0,1032,12.1,42,91520
back,1056,1079,1079,0,1032,12.1,42,91520
back,1056,1079,1079,0,1032,12.1,42,91520
back,1057,1079,1079,0,1032,12.1,42,91520
back,1058,1079,1079,0,1032,12.1,42,91520
back,1058,1079,1079,0,1032,12.1,42,91520
back,1059,1079,1079,0,1032,12.1,42,91520
back,1059,1079,1079,0,1032,12.1,42,91520
back,1060,1079,1079,0,1032,12.1,42,91520
back,1060,1079,1079,0,1032,12.1,42,91520
back,1061,1079,1079,0,1032,12.1,42,91520
back,1061,1079,1079,0,1032,12.1,42,91520
back,1062,1079,1079,0,1032,12.1,42,91520
back,1062,1079,1079,0,1032,12.1,42,91520
back,1063,1079,1079,0,1032,12.1,42,91520
back,1063,1079,1079,0,1032,12.1,42,91520
back,1064,1079,1079,0,1032,12.1,42,91520
back,1064,1079,1079,0,1032,12.1,42,91520
back,1065,1079,1079,0,1032,12.1,42,91520
back,1065,1079,1079,0,1032,12.1,42,91520
back,1066,1079,1079,0,1032,12.1,42,91520
back,1066,1079,1079,0,1032,12.1,42,91520
back,1067,1079,1079,0,1032,12.1,42,91520
back,1067,1079,1079,0,1032,12.1,42,91520
back,1068,1079,1079,0,1032,12.1,42,91520
back,1068,1079,1079,0,1032,12.1,42,91520
back,1069,1079,1079,0,1032,12.1,42,91520
back,1069,1079,1079,0,1032,12.1,42,91520
back,1070,1079,1079,0,1032,12.1,42,91520
back,1070,1079,1079,0,1032,12.1,42,91520
back,1071,1079,1079,0,1032,12.1,42,91520
back,1071,1079,1079,0,1032,12.1,42,91520
back,1072,1079,1079,0,1032,12.1,42,91520
back,1072,1079,1079,0,1032,12.1,42,91520
back,1073,1079,1079,0,1032,12.1,42,91520
back,1073,1079,1079,0,1032,12.1,42,91520
back,1074,1079,1079,0,1032,12.1,42,91520
back,1074,1079,1079,0,1032,12.1,42,91520
back,1075,1079,1079,0,1032,12.1,42,91520
back,1075,1079,1079,0,1032,12.1,42,91520
back,1076,1079,1079,0,1032,12.1,42,91520
back,1076,1079,1079,0,1032,12.1,42,91520
back,1077,1079,1079,0,1032,12.1,42,91520
back,1077,1079,1079,0,1032,12.1,42,91520
back,1078,1079,1079,0,1032,12.1,42,91520
back,1078,1079,1079,0,1032,12.1,42,91520
back,1079,1079,1079,0,1032,12.1,42,91520
back,1079,1079,1079,0,1032,12.1,42,91520
back,1080,1079,1079,0,1032,12.1,42,91520
back,1080,1079,1079,0,1032,12.2,42,91520
back,1081,1079,1079,0,1032,12.2,42,91520
back,1081,1079,1079,0,1032,12.1,42,91520
back,1082,1079,1079,0,1032,12.1,42,91520
back,1082,1079,1079,0,1032,12.1,42,91520
back,1083,1079,1079,0,1032,12.1,42,91520
back,1083,1079,1079,0,1032,12.1,42,91520
back,1084,1079,1079,0,1032,12.1,42,91520
back,1084,1079,1079,0,1032,12.1,42,91520
back,1085,1079,1079,0,1032,12.1,42,91520
back,1085,1079,1079,0,1032,12.1,42,91520
back,1086,1079,1079,0,1032,12.1,42,91520
back,1086,1079,1079,0,1032,12.1,42,91520
back,1087,1079,1079,0,1032,12.1,42,91520
back,1087,1079,1079,0,1032,12.1,42,91520
back,1088,1079,1079,0,1032,12.1,42,91520
back,1088,1079,1079,0,1032,12.1,42,91520
back,1089,1079,1079,0,1032,12.1,42,91520
back,1089,1079,1079,0,1032,12.1,42,91520
back,1090,1079,1079,0,1032,12.1,42,91520
back,1090,1079,1079,0,1032,12.1,42,91520
back,1091,1079,1079,0,1032,12.1,42,91520
back,1091,1079,1079,0,1032,12.1,42,91520
back,1092,1079,1079,0,1032,12.1,42,91520
back,1092,1079,1079,0,1032,12.1,42,91520
back,1093,1079,1079,0,1032,12.1,42,91520
back,1093,1079,1079,0,1032,12.1,42,91520
back,1094,1079,1079,0,1032,12.1,42,91520
back,1094,1079,1079,0,1032,12.1,42,91520
back,1095,1079,1079,0,1032,12.1,42,91520
back,1095,1079,1079,0,1032,12.1,42,91520
back,1096,1079,1079,0,1032,12.1,42,91520
back,1096,1079,1079,0,1032,12.1,42,91520
back,1097,1079,1079,0,1032,12.1,42,91520
back,1097,1079,1079,0,1032,12.1,42,91520
back,1098,1079,1079,0,1032,12.1,42,91520
back,1098,1079,1079,0,1032,12.1,42,91520
back,1099,1079,1079,0,1032,12.1,42,91520
back,1099,1079,1079,0,1032,12.2,42,91520
back,1100,1079,1079,0,1032,12.2,42,91520
back,1100,1079,1079,0,1032,12.1,42,91520
back,1101,1079,1079,0,1032,12.1,42,91520
back,1101,1079,1079,0,1032,12.1,42,91520
back,1102,1079,1079,0,1032,12.1,42,91520
back,1102,1079,1079,0,1032,12.1,42,91520
back,1103,1079,1079,0,1032,12.1,42,91520
back,1103,1079,1079,0,1032,12.1,42,91520
back,1104,1079,1079,0,1032,12.1,42,91520
back,1104,1079,1079,0,1032,12.1,42,91520
back,1105,1079,1079,0,1032,12.1,42,91520
back,1105,1079,1079,0,1032,12.1,42,91520
back,1105,1079,1079,0,1032,12.1,42,91520
back,1106,1079,1079,0,1032,12.1,42,91520
back,1107,1079,1079,0,1032,12.1,42,91520
back,1107,1079,1079,0,1032,12.1,42,91520
back,1107,1079,1079,0,1032,12.1,42,91520
back,1108,1079,1079,0,1032,12.1,42,91520
back,1109,1079,1079,0,1032,12.1,42,91520
back,1109,1079,1079,0,1032,12.1,42,91520
back,1110,1079,1079,0,1032,12.1,42,91520
back,1110,1079,1079,0,1032,12.1,42,91520
back,1111,1079,1079,0,1032,12.1,42,91520
back,1111,1079,1079,0,1032,12.1,42,91520
back,1112,1079,1079,0,1032,12.1,42,91520
back,1112,1079,1079,0,1032,12.1,42,91520
back,1113,1079,1079,0,1032,12.1,42,91520
back,1113,1079,1079,0,1032,12.1,42,91520
back,1114,1079,1079,0,1032,12.1,42,91520
back,1114,1079,1079,0,1032,12.1,42,91520
back,1115,1079,1079,0,1032,12.1,42,91520
back,1115,1079,1079,0,1032,12.1,42,91520
back,1116,1079,1079,0,1032,12.1,42,91520
back,1116,1079,1079,0,1032,12.1,42,91520
back,1117,1079,1079,0,1032,12.1,42,91520
back,1117,1079,1079,0,1032,12.1,42,91520
back,1118,1079,1079,0,1032,12.1,42,91520
back,1118,1079,1079,0,1032,12.1,42,91520
back,1119,1079,1079,0,1032,12.1,42,91520
back,1119,1079,1079,0,1032,12.1,42,91520
back,1120,1079,1079,0,1032,12.1,42,91520
back,1120,1079,1079,0,1032,12.1,42,91520
back,1121,1079,1079,0,1032,12.1,42,91520
back,1121,1079,1079,0,1032,12.1,42,91520
back,1122,1079,1079,0,1032,12.1,42,91520
back,1122,1079,1079,0,1032,12.1,42,91520
back,1123,1079,1079,0,1032,12.1,42,91520
back,1123,1079,1079,0,1032,12.1,42,91520
back,1124,1079,1079,0,1032,12.1,42,91520
back,1124,1079,1079,0,1032,12.1,42,91520
back,1125,1079,1079,0,1032,12.1,42,91520
back,1125,1079,1079,0,1032,12.1,42,91520
back,1126,1079,1079,0,1032,12.1,42,91520
back,1126,1079,1079,0,1032,12.1,42,91520
back,1127,1079,1079,0,1032,12.1,42,91520
back,1127,1079,1079,0,1032,12.1,42,91520
back,1128,1079,1079,0,1032,12.1,42,91520
back,1128,1079,1079,0,1032,12.1,42,91520
back,1129,1079,1079,0,1032,12.1,42,91520
back,1129,1079,1079,0,1032,12.1,42,91520
back,1130,1079,1079,0,1032,12.1,42,91520
back,1130,1079,1079,0,1032,12.1,42,91520
back,1131,1079,1079,0,1032,12.1,42,91520
back,1131,1079,1079,0,1032,12.1,42,91520
back,1132,1079,1079,0,1032,12.1,42,91520
back,1132,1079,1079,0,1032,12.1,42,91520
back,1133,1079,1079,0,1032,12.1,42,91520
back,1133,1079,1079,0,1032,12.1,42,91520
back,1134,1079,1079,0,1032,12.1,42,91520
back,1134,1079,1079,0,1032,12.1,42,91520
back,1135,1079,1079,0,1032,12.1,42,91520
back,1135,1079,1079,0,1032,12.1,42,91520
back,1136,1079,1079,0,1032,12.1,42,91520
back,1136,1079,1079,0,1032,12.1,42,91520
back,1137,1079,1079,0,1032,12.1,42,91520
back,1137,1079,1079,0,1032,12.1,42,91520
back,1138,1079,1079,0,1032,12.1,42,91520
back,1138,1079,1079,0,1032,12.1,42,91520
back,1139,1079,1079,0,1032,12.1,42,91520
back,1139,1079,1079,0,1032,12.1,42,91520
back,1140,1079,1079,0,1032,12.1,42,91520
back,1140,1079,1079,0,1032,12.1,42,91520
back,1141,1079,1079,0,1032,12.1,42,91520
back,1141,1079,1079,0,1032,12.1,42,91520
back,1142,1079,1079,0,1032,12.1,42,91520
back,1142,1079,1079,0,1032,12.1,42,91520
back,1142,1079,1079,0,1032,12.1,42,91520
back,1143,1079,1079,0,1032,12.1,42,91520
back,1143,1079,1079,0,1032,12.1,42,91520
back,1144,1079,1079,0,1032,12.1,42,91520
back,1144,1079,1079,0,1032,12.1,42,91520
back,1145,1079,1079,0,1032,12.1,42,91520
back,1145,1079,1079,0,1032,12.1,42,91520
back,1146,1079,1079,0,1032,12.1,42,91520
back,1146,1079,1079,0,1032,12.1,42,91520
back,1147,1079,1079,0,1032,12.1,42,91520
back,1147,1079,1079,0,1032,12.1,42,91520
back,1148,1079,1079,0,1032,12.1,42,91520
back,1148,1079,1079,0,1032,12.1,42,91520
back,1149,1079,1079,0,1032,12.1,42,91520
back,1150,1079,1079,0,1032,12.1,42,91520
back,1150,1079,1079,0,1032,12.1,42,91520
back,1151,1079,1079,0,1032,12.1,42,91520
back,1151,1079,1079,0,1032,12.1,42,91520
back,1152,1079,1079,0,1032,12.1,42,91520
back,1152,1079,1079,0,1032,12.1,42,91520
back,1153,1079,1079,0,1032,12.1,42,91520
back,1153,1079,1079,0,1032,12.1,42,91520
back,1154,1079,1079,0,1032,12.1,42,91520
back,1154,1079,1079,0,1032,12.1,42,91520
back,1155,1079,1079,0,1032,12.1,42,91520
back,1155,1079,1079,0,1032,12.1,42,91520
back,1156,1079,1079,0,1032,12.1,42,91520
back,1156,1079,1079,0,1032,12.1,42,91520
back,1157,1079,1079,0,1032,12.1,42,91520
back,1157,1079,1079,0,1032,12.1,42,91520
back,1158,1079,1079,0,1032,12.1,42,91520
back,1158,1079,1079,0,1032,12.2,42,91520
back,1159,1079,1079,0,1032,12.2,42,91520
back,1159,1079,1079,0,1032,12.1,42,91520
back,1160,1079,1079,0,1032,12.1,42,91520
back,1160,1079,1079,0,1032,12.1,42,91520
back,1161,1079,1079,0,1032,12.1,42,91520
back,1161,1079,1079,0,1032,12.1,42,91520
back,1162,1079,1079,0,1032,12.1,42,91520
back,1162,1079,1079,0,1032,12.1,42,91520
back,1163,1079,1079,0,1032,12.1,42,91520
back,1163,1079,1079,0,1032,12.1,42,91520
back,1164,1079,1079,0,1032,12.1,42,91520
back,1164,1079,1079,0,1032,12.1,42,91520
back,1165,1079,1079,0,1032,12.1,42,91520
back,1165,1079,1079,0,1032,12.1,42,91520
back,1166,1079,1079,0,1032,12.1,42,91520
back,1166,1079,1079,0,1032,12.1,42,91520
back,1167,1079,1079,0,1032,12.1,42,91520
back,1167,1079,1079,0,1032,12.1,42,91520
back,1168,1079,1079,0,1032,12.1,42,91520
back,1168,1079,1079,0,1032,12.1,42,91520
back,1169,1079,1079,0,1032,12.1,42,91520
back,1169,1079,1079,0,1032,12.1,42,91520
back,1170,1079,1079,0,1032,12.1,42,91520
back,1170,1079,1079,0,1032,12.1,42,91520
back,1171,1079,1079,0,1032,12.1,42,91520
back,1171,1079,1079,0,1032,12.1,42,91520
back,1172,1079,1079,0,1032,12.1,42,91520
back,1172,1079,1079,0,1032,12.1,42,91520
back,1173,1079,1079,0,1032,12.1,42,91520
back,1173,1079,1079,0,1032,12.1,42,91520
back,1174,1079,1079,0,1032,12.1,42,91520
back,1174,1079,1079,0,1032,12.1,42,91520
back,1175,1079,1079,0,1032,12.1,42,91520
back,1175,1079,1079,0,1032,12.1,42,91520
back,1176,1079,1079,0,1032,12.1,42,91520
back,1176,1079,1079,0,1032,12.1,42,91520
back,1177,1079,1079,0,1032,12.1,42,91520
back,1177,1079,1079,0,1032,12.1,42,91520
back,1178,1079,1079,0,1032,12.1,42,91520
back,1178,1079,1079,0,1032,12.1,42,91520
back,1179,1079,1079,0,1032,12.1,42,91520
back,1179,1079,1079,0,1032,12.1,42,91520
back,1180,1079,1079,0,1032,12.1,42,91520
back,1180,1079,1079,0,1032,12.1,42,91520
back,1181,1079,1079,0,1032,12.1,42,91520
back,1181,1079,1079,0,1032,12.1,42,91520
back,1182,1079,1079,0,1032,11.5,42,91520
back,1182,1079,1079,0,1032,11.5,42,91520
back,1183,1079,1079,0,1032,12.1,42,91520
back,1183,1079,1079,0,1032,12.1,42,91520
back,1184,1079,1079,0,1032,12.1,42,91520
back,1184,1079,1079,0,1032,12.1,42,91520
back,1185,1079,1079,0,1032,12.1,42,91520
back,1185,1079,1079,0,1032,12.1,42,91520
back,1186,1079,1079,0,1032,12.1,42,91520
back,1186,1079,1079,0,1032,12.1,42,91520
back,1187,1079,1079,0,1032,12.1,42,91520
back,1187,1079,1079,0,1032,12.1,42,91520
back,1188,1079,1079,0,1032,12.1,42,91520
back,1188,1079,1079,0,1032,12.1,42,91520
back,1189,1079,1079,0,1032,12.1,42,91520
back,1189,1079,1079,0,1032,12.1,42,91520
back,1190,1079,1079,0,1032,12.1,42,91520
back,1190,1079,1079,0,1032,12.1,42,91520
back,1191,1079,1079,0,1032,12.1,42,91520
back,1191,1079,1079,0,1032,12.1,42,91520
back,1192,1079,1079,0,1032,12.1,42,91520
back,1192,1079,1079,0,1032,12.1,42,91520
back,1193,1079,1079,0,1032,12.1,42,91520
back,1193,1079,1079,0,1032,12.1,42,91520
back,1194,1079,1079,0,1032,12.1,42,91520
back,1194,1079,1079,0,1032,12.1,42,91520
back,1195,1079,1079,0,1032,12.1,42,91520
back,1195,1079,1079,0,1032,12.1,42,91520
back,1196,1079,1079,0,1032,12.1,42,91520
back,1196,1079,1079,0,1032,12.1,42,91520
back,1197,1079,1079,0,1032,12.1,42,91520
back,1197,1079,1079,0,1032,12.1,42,91520
back,1198,1079,1079,0,1032,12.1,42,91520
back,1198,1079,1079,0,1032,12.1,42,91520
back,1199,1079,1079,0,1032,12.1,42,91520
back,1199,1079,1079,0,1032,12.1,42,91520
back,1200,1079,1079,0,1032,12.1,42,91520
back,1200,1079,1079,0,1032,12.1,42,91520
back,1201,1079,1079,0,1032,12.1,42,91520
back,1201,1079,1079,0,1032,12.1,42,91520
back,1202,1079,1079,0,1032,12.1,42,91520
back,1202,1079,1079,0,1032,12.1,42,91520
back,1203,1079,1079,0,1032,12.1,42,91520
back,1203,1079,1079,0,1032,12.1,42,91520
back,1204,1079,1079,0,1032,12.1,42,91520
back,1204,1079,1079,0,1032,12.1,42,91520
back,1204,1079,1079,0,1032,12.1,42,91520
back,1205,1079,1079,0,1032,12.1,42,91520
back,1205,1079,1079,0,1032,12.1,42,91520
back,1206,1079,1079,0,1032,12.1,42,91520
back,1206,1079,1079,0,1032,12.1,42,91520
back,1207,1079,1079,0,1032,12.1,42,91520
back,1207,1079,1079,0,1032,12.1,42,91520
back,1208,1079,1079,0,1032,12.1,42,91520
back,1208,1079,1079,0,1032,12.1,42,91520
back,1209,1079,1079,0,1032,12.1,42,91520
back,1209,1079,1079,0,1032,12.1,42,91520
back,1210,1079,1079,0,1032,12.1,42,91520
back,1210,1079,1079,0,1032,12.1,42,91520
back,1211,1079,1079,0,1032,12.1,42,91520
back,1211,1079,1079,0,1032,12.1,42,91520
back,1212,1079,1079,0,1032,12.1,42,91520
back,1212,1079,1079,0,1032,12.1,42,91520
back,1213,1079,1079,0,1032,12.1,42,91520
back,1213,1079,1079,0,1032,12.1,42,91520
back,1214,1079,1079,0,1032,12.1,42,91520
back,1214,1079,1079,0,1032,12.1,42,91520
back,1215,1079,1079,0,1032,12.1,42,91520
back,1215,1079,1079,0,1032,12.1,42,91520
back,1216,1079,1079,0,1032,12.1,42,91520
back,1216,1079,1079,0,1032,12.1,42,91520
back,1217,1079,1079,0,1032,12.1,42,91520
back,1217,1079,1079,0,1032,12.1,42,91520
back,1218,1079,1079,0,1032,12.1,42,91520
back,1218,1079,1079,0,1032,12.1,42,91520
back,1219,1079,1079,0,1032,12.1,42,91520
back,1219,1079,1079,0,1032,12.1,42,91520
back,1220,1079,1079,0,1032,12.1,42,91520
back,1220,1079,1079,0,1032,12.1,42,91520
back,1221,1079,1079,0,1032,12.1,42,91520
back,1221,1079,1079,0,1032,12.1,42,91520
back,1221,1079,1079,0,1032,12.1,42,91520
back,1222,1079,1079,0,1032,12.1,42,91520
back,1222,1079,1079,0,1032,12.1,42,91520
back,1223,1079,1079,0,1032,12.1,42,91520
back,1223,1079,1079,0,1032,12.1,42,91520
back,1224,1079,1079,0,1032,12.1,42,91520
back,1224,1079,1079,0,1032,12.1,42,91520
back,1225,1079,1079,0,1032,12.1,42,91520
back,1225,1079,1079,0,1032,12.1,42,91520
back,1226,1079,1079,0,1032,12.1,42,91520
back,1226,1079,1079,0,1032,12.1,42,91520
back,1227,1079,1079,0,1032,12.1,42,91520
back,1227,1079,1079,0,1032,12.1,42,91520
back,1228,1079,1079,0,1032,12.1,42,91520
back,1228,1079,1079,0,1032,12.1,42,91520
back,1229,1079,1079,0,1032,12.1,42,91520
back,1229,1079,1079,0,1032,12.1,42,91520
back,1230,1079,1079,0,1032,12.1,42,91520
back,1230,1079,1079,0,1032,12.1,42,91520
back,1231,1079,1079,0,1032,12.1,42,91520
back,1231,1079,1079,0,1032,12.1,42,91520
back,1232,1079,1079,0,1032,12.1,42,91520
back,1232,1079,1079,0,1032,12.1,42,91520
back,1233,1079,1079,0,1032,12.1,42,91520
back,1233,1079,1079,0,1032,12.1,42,91520
back,1234,1079,1079,0,1032,12.1,42,91520
back,1234,1079,1079,0,1032,12.1,42,91520
back,1235,1079,1079,0,1032,12.1,42,91520
back,1235,1079,1079,0,1032,12.1,42,91520
back,1236,1079,1079,0,1032,12.1,42,91520
back,1236,1079,1079,0,1032,12.1,42,91520
back,1237,1079,1079,0,1032,12.1,42,91520
back,1237,1079,1079,0,1032,12.1,42,91520
back,1238,1079,1079,0,1032,12.1,42,91520
back,1238,1079,1079,0,1032,12.1,42,91520
back,1238,1079,1079,0,1032,12.1,42,91520
back,1239,1079,1079,0,1032,12.1,42,91520
back,1239,1079,1079,0,1032,12.1,42,91520
back,1240,1079,1079,0,1032,12.1,42,91520
back,1240,1079,1079,0,1032,12.1,42,91520
back,1241,1079,1079,0,1032,12.1,42,91520
back,1241,1079,1079,0,1032,12.1,42,91520
back,1242,1079,1079,0,1032,12.1,42,91520
back,1242,1079,1079,0,1032,12.1,42,91520
back,1243,1079,1079,0,1032,12.1,42,91520
back,1243,1079,1079,0,1032,12.1,42,91520
back,1244,1079,1079,0,1032,12.1,42,91520
back,1244,1079,1079,0,1032,12.1,42,91520
back,1245,1079,1079,0,1032,12.1,42,91520
back,1245,1079,1079,0,1032,12.1,42,91520
back,1246,1079,1079,0,1032,12.1,42,91520
back,1246,1079,1079,0,1032,12.1,42,91520
back,1247,1079,1079,0,1032,12.1,42,91520
back,1247,1079,1079,0,1032,12.1,42,91520
back,1248,1079,1079,0,1032,12.1,42,91520
back,1248,1079,1079,0,1032,12.1,42,91520
back,1249,1079,1079,0,1032,12.1,42,91520
back,1249,1079,1079,0,1032,12.1,42,91520
back,1250,1079,1079,0,1032,12.1,42,91520
back,1250,1079,1079,0,1032,12.1,42,91520
back,1251,1079,1079,0,1032,12.2,42,91520
back,1251,1079,1079,0,1032,12.2,42,91520
back,1252,1079,1079,0,1032,12.1,42,91520
back,1252,1079,1079,0,1032,12.1,42,91520
back,1253,1079,1079,0,1032,12.1,42,91520
back,1253,1079,1079,0,1032,12.1,42,91520
back,1254,1079,1079,0,1032,12.1,42,91520
back,1254,1079,1079,0,1032,12.1,42,91520
back,1255,1079,1079,0,1032,12.1,42,91520
back,1255,1079,1079,0,1032,12.1,42,91520
back,1256,1079,1079,0,1032,12.1,42,91520
back,1256,1079,1079,0,1032,12.1,42,91520
back,1257,1079,1079,0,1032,12.1,42,91520
back,1257,1079,1079,0,1032,12.1,42,91520
back,1257,1079,1079,0,1032,12.1,42,91520
back,1258,1079,1079,0,1032,12.1,42,91520
back,1258,1079,1079,0,1032,12.1,42,91520
back,1259,1079,1079,0,1032,12.1,42,91520
back,1260,1079,1079,0,1032,12.1,42,91520
back,1260,1079,1079,0,1032,12.1,42,91520
back,1261,1079,1079,0,1032,12.1,42,91520
back,1261,1079,1079,0,1032,12.1,42,91520
back,1262,1079,1079,0,1032,12.1,42,91520
back,1262,1079,1079,0,1032,12.1,42,91520
back,1263,1079,1079,0,1032,12.1,42,91520
back,1263,1079,1079,0,1032,12.1,42,91520
back,1264,1079,1079,0,1032,12.1,42,91520
back,1264,1079,1079,0,1032,12.1,42,91520
back,1265,1079,1079,0,1032,12.1,42,91520
back,1265,1079,1079,0,1032,12.1,42,91520
back,1266,1079,1079,0,1032,12.1,42,91520
back,1266,1079,1079,0,1032,12.1,42,91520
back,1267,1079,1079,0,1032,12.1,42,91520
back,1267,1079,1079,0,1032,12.1,42,91520
back,1268,1079,1079,0,1032,12.1,42,91520
back,1268,1079,1079,0,1032,12.1,42,91520
back,1269,1079,1079,0,1032,12.1,42,91520
back,1269,1079,1079,0,1032,12.1,42,91520
back,1270,1079,1079,0,1032,12.1,42,91520
back,1270,1079,1079,0,1032,12.1,42,91520
back,1271,1079,1079,0,1032,12.2,42,91520
back,1271,1079,1079,0,1032,12.2,42,91520
back,1271,1079,1079,0,1032,12.1,42,91520
back,1272,1079,1079,0,1032,12.1,42,91520
back,1272,1079,1079,0,1032,12.1,42,91520
back,1273,1079,1079,0,1032,12.1,42,91520
back,1273,1079,1079,0,1032,12.1,42,91520
back,1274,1079,1079,0,1032,12.1,42,91520
back,1274,1079,1079,0,1032,12.1,42,91520
back,1275,1079,1079,0,1032,12.1,42,91520
back,1276,1079,1079,0,1032,12.1,42,91520
back,1276,1079,1079,0,1032,12.1,42,91520
back,1276,1079,1079,0,1032,12.1,42,91520
back,1277,1079,1079,0,1032,12.1,42,91520
back,1278,1079,1079,0,1032,12.1,42,91520
back,1278,1079,1079,0,1032,12.1,42,91520
back,1279,1079,1079,0,1032,12.1,42,91520
back,1279,1079,1079,0,1032,12.1,42,91520
back,1280,1079,1079,0,1032,12.1,42,91520
back,1280,1079,1079,0,1032,12.1,42,91520
back,1281,1079,1079,0,1032,12.1,42,91520
back,1281,1079,1079,0,1032,12.1,42,91520
back,1282,1079,1079,0,1032,12.1,42,91520
back,1282,1079,1079,0,1032,12.1,42,91520
back,1283,1079,1079,0,1032,12.1,42,91520
back,1283,1079,1079,0,1032,12.1,42,91520
back,1284,1079,1079,0,1032,12.1,42,91520
back,1284,1079,1079,0,1032,12.1,42,91520
back,1285,1079,1079,0,1032,12.1,42,91520
back,1285,1079,1079,0,1032,12.1,42,91520
back,1286,1079,1079,0,1032,12.1,42,91520
back,1286,1079,1079,0,1032,12.1,42,91520
back,1287,1079,1079,0,1032,12.1,42,91520
back,1287,1079,1079,0,1032,12.1,42,91520
back,1288,1079,1079,0,1032,12.1,42,91520
back,1288,1079,1079,0,1032,12.1,42,91520
back,1289,1079,1079,0,1032,12.1,42,91520
back,1289,1079,1079,0,1032,12.1,42,91520
back,1290,1079,1079,0,1032,12.1,42,91520
back,1290,1079,1079,0,1032,12.1,42,91520
back,1291,1079,1079,0,1032,12.1,42,91520
back,1291,1079,1079,0,1032,12.1,42,91520
back,1292,1079,1079,0,1032,12.1,42,91520
back,1292,1079,1079,0,1032,12.1,42,91520
back,1293,1079,1079,0,1032,12.1,42,91520
back,1293,1079,1079,0,1032,12.1,42,91520
back,1294,1079,1079,0,1032,12.1,42,91520
back,1294,1079,1079,0,1032,12.1,42,91520
back,1295,1079,1079,0,1032,12.1,42,91520
back,1295,1079,1079,0,1032,12.1,42,91520
back,1295,1079,1079,0,1032,12.1,42,91520
back,1296,1079,1079,0,1032,12.1,42,91520
back,1297,1079,1079,0,1032,12.1,42,91520
back,1297,1079,1079,0,1032,12.1,42,91520
back,1298,1079,1079,0,1032,12.1,42,91520
back,1298,1079,1079,0,1032,12.1,42,91520
back,1299,1079,1079,0,1032,12.1,42,91520
back,1299,1079,1079,0,1032,12.1,42,91520
back,1300,1079,1079,0,1032,12.1,42,91520
back,1300,1079,1079,0,1032,12.1,42,91520
back,1301,1079,1079,0,1032,12.1,42,91520
back,1301,1079,1079,0,1032,12.2,42,91520
back,1302,1079,1079,0,1032,12.2,42,91520
back,1302,1079,1079,0,1032,12.1,42,91520
back,1303,1079,1079,0,1032,12.1,42,91520
back,1303,1079,1079,0,1032,12.1,42,91520
back,1304,1079,1079,0,1032,12.1,42,91520
back,1304,1079,1079,0,1032,12.2,42,91520
back,1305,1079,1079,0,1032,12.2,42,91520
back,1305,1079,1079,0,1032,12.1,42,91520
back,1306,1079,1079,0,1032,12.1,42,91520
back,1306,1079,1079,0,1032,12.1,42,91520
back,1307,1079,1079,0,1032,12.1,42,91520
back,1307,1079,1079,0,1032,12.1,42,91520
back,1308,1079,1079,0,1032,12.1,42,91520
back,1308,1079,1079,0,1032,12.1,42,91520
back,1309,1079,1079,0,1032,12.1,42,91520
back,1309,1079,1079,0,1032,12.1,42,91520
back,1310,1079,1079,0,1032,12.1,42,91520
back,1310,1079,1079,0,1032,12.1,42,91520
back,1311,1079,1079,0,1032,12.1,42,91520
back,1311,1079,1079,0,1032,12.1,42,91520
back,1312,1079,1079,0,1032,12.1,42,91520
back,1312,1079,1079,0,1032,12.1,42,91520
back,1313,1079,1079,0,1032,12.1,42,91520
back,1313,1079,1079,0,1032,12.1,42,91520
back,1314,1079,1079,0,1032,12.1,42,91520
back,1314,1079,1079,0,1032,12.1,42,91520
back,1315,1079,1079,0,1032,12.1,42,91520
back,1315,1079,1079,0,1032,12.1,42,91520
back,1316,1079,1079,0,1032,12.1,42,91520
back,1316,1079,1079,0,1032,12.1,42,91520
back,1317,1079,1079,0,1032,12.1,42,91520
back,1317,1079,1079,0,1032,12.1,42,91520
back,1318,1079,1079,0,1032,12.1,42,91520
back,1318,1079,1079,0,1032,12.1,42,91520
back,1319,1079,1079,0,1032,12.1,42,91520
back,1319,1079,1079,0,1032,12.1,42,91520
back,1320,1079,1079,0,1032,12.1,42,91520
back,1320,1079,1079,0,1032,12.1,42,91520
back,1321,1079,1079,0,1032,12.1,42,91520
back,1321,1079,1079,0,1032,12.1,42,91520
back,1322,1079,1079,0,1032,12.1,42,91520
back,1322,1079,1079,0,1032,12.1,42,91520
back,1323,1079,1079,0,1032,12.1,42,91520
back,1323,1079,1079,0,1032,12.1,42,91520
back,1324,1079,1079,0,1032,12.1,42,91520
back,1324,1079,1079,0,1032,12.1,42,91520
back,1325,1079,1079,0,1032,12.1,42,91520
back,1325,1079,1079,0,1032,12.1,42,91520
back,1326,1079,1079,0,1032,12.1,42,91520
back,1326,1079,1079,0,1032,12.1,42,91520
back,1327,1079,1079,0,1032,12.1,42,91520
back,1327,1079,1079,0,1032,12.1,42,91520
back,1328,1079,1079,0,1032,12.1,42,91520
back,1328,1079,1079,0,1032,12.1,42,91520
back,1329,1079,1079,0,1032,12.1,42,91520
back,1329,1079,1079,0,1032,12.1,42,91520
back,1330,1079,1079,0,1032,12.1,42,91520
back,1330,1079,1079,0,1032,12.1,42,91520
back,1331,1079,1079,0,1032,12.1,42,91520
back,1331,1079,1079,0,1032,12.1,42,91520
back,1332,1079,1079,0,1032,12.1,42,91520
back,1332,1079,1079,0,1032,12.1,42,91520
back,1333,1079,1079,0,1032,12.1,42,91520
back,1334,1079,1079,0,1032,12.1,42,91520
back,1334,1079,1079,0,1032,12.2,42,91520
back,1335,1079,1079,0,1032,12.2,42,91520
back,1335,1079,1079,0,1032,12.1,42,91520
back,1336,1079,1079,0,1032,12.1,42,91520
back,1336,1079,1079,0,1032,12.1,42,91520
back,1337,1079,1079,0,1032,12.1,42,91520
back,1337,1079,1079,0,1032,12.1,42,91520
back,1338,1079,1079,0,1032,12.1,42,91520
back,1338,1079,1079,0,1032,12.1,42,91520
back,1338,1079,1079,0,1032,12.1,42,91520
back,1339,1079,1079,0,1032,12.1,42,91520
back,1339,1079,1079,0,1032,12.1,42,91520
back,1340,1079,1079,0,1032,12.1,42,91520
back,1340,1079,1079,0,1032,12.1,42,91520
back,1341,1079,1079,0,1032,12.1,42,91520
back,1342,1079,1079,0,1032,12.1,42,91520
back,1342,1079,1079,0,1032,12.1,42,91520
back,1343,1079,1079,0,1032,12.1,42,91520
back,1343,1079,1079,0,1032,12.1,42,91520
back,1344,1079,1079,0,1032,12.1,42,91520
back,1344,1079,1079,0,1032,12.1,42,91520
back,1345,1079,1079,0,1032,12.1,42,91520
back,1345,1079,1079,0,1032,12.1,42,91520
back,1346,1079,1079,0,1032,12.1,42,91520
back,1346,1079,1079,0,1032,12.1,42,91520
back,1347,1079,1079,0,1032,12.1,42,91520
back,1347,1079,1079,0,1032,12.1,42,91520
back,1348,1079,1079,0,1032,12.1,42,91520
back,1348,1079,1079,0,1032,12.1,42,91520
back,1349,1079,1079,0,1032,12.1,42,91520
back,1349,1079,1079,0,1032,12.1,42,91520
back,1350,1079,1079,0,1032,12.1,42,91520
back,1350,1079,1079,0,1032,12.1,42,91520
back,1351,1079,1079,0,1032,12.1,42,91520
back,1351,1079,1079,0,1032,12.1,42,91520
back,1352,1079,1079,0,1032,12.1,42,91520
back,1352,1079,1079,0,1032,12.1,42,91520
back,1353,1079,1079,0,1032,12.1,42,91520
back,1353,1079,1079,0,1032,12.1,42,91520
back,1354,1079,1079,0,1032,12.1,42,91520
back,1354,1079,1079,0,1032,12.1,42,91520
back,1355,1079,1079,0,1032,12.1,42,91520
back,1355,1079,1079,0,1032,12.1,42,91520
back,1355,1079,1079,0,1032,12.1,42,91520
back,1356,1079,1079,0,1032,12.1,42,91520
back,1356,1079,1079,0,1032,12.1,42,91520
back,1357,1079,1079,0,1032,12.1,42,91520
back,1358,1079,1079,0,1032,12.1,42,91520
back,1358,1079,1079,0,1032,12.1,42,91520
back,1359,1079,1079,0,1032,12.1,42,91520
back,1359,1079,1079,0,1032,12.1,42,91520
back,1360,1079,1079,0,1032,12.1,42,91520
back,1360,1079,1079,0,1032,12.1,42,91520
back,1361,1079,1079,0,1032,12.1,42,91520
back,1361,1079,1079,0,1032,12.1,42,91520
back,1362,1079,1079,0,1032,12.1,42,91520
back,1362,1079,1079,0,1032,12.1,42,91520
back,1363,1079,1079,0,1032,12.1,42,91520
back,1363,1079,1079,0,1032,12.1,42,91520
back,1364,1079,1079,0,1032,12.1,42,91520
back,1364,1079,1079,0,1032,12.1,42,91520
back,1365,1079,1079,0,1032,12.1,42,91520
back,1365,1079,1079,0,1032,12.1,42,91520
back,1366,1079,1079,0,1032,12.1,42,91520
back,1366,1079,1079,0,1032,12.1,42,91520
back,1367,1079,1079,0,1032,12.1,42,91520
back,1367,1079,1079,0,1032,12.1,42,91520
back,1368,1079,1079,0,1032,12.1,42,91520
back,1368,1079,1079,0,1032,12.1,42,91520
back,1369,1079,1079,0,1032,12.1,42,91520
back,1369,1079,1079,0,1032,12.1,42,91520
back,1370,1079,1079,0,1032,12.1,42,91520
back,1370,1079,1079,0,1032,12.1,42,91520
back,1371,1079,1079,0,1032,12.1,42,91520
back,1371,1079,1079,0,1032,12.1,42,91520
back,1371,1079,1079,0,1032,12.1,42,91520
back,1372,1079,1079,0,1032,12.1,42,91520
back,1372,1079,1079,0,1032,12.1,42,91520
back,1373,1079,1079,0,1032,12.1,42,91520
back,1373,1079,1079,0,1032,12.1,42,91520
back,1374,1079,1079,0,1032,12.1,42,91520
back,1374,1079,1079,0,1032,12.1,42,91520
back,1375,1079,1079,0,1032,12.1,42,91520
back,1375,1079,1079,0,1032,12.1,42,91520
back,1376,1079,1079,0,1032,12.1,42,91520
back,1376,1079,1079,0,1032,12.1,42,91520
back,1377,1079,1079,0,1032,12.1,42,91520
back,1377,1079,1079,0,1032,12.1,42,91520
back,1378,1079,1079,0,1032,12.1,42,91520
back,1378,1079,1079,0,1032,12.1,42,91520
back,1379,1079,1079,0,1032,12.1,42,91520
back,1379,1079,1079,0,1032,12.1,42,91520
back,1380,1079,1079,0,1032,12.1,42,91520
back,1380,1079,1079,0,1032,12.1,42,91520
back,1381,1079,1079,0,1032,12.1,42,91520
back,1381,1079,1079,0,1032,12.1,42,91520
back,1382,1079,1079,0,1032,12.1,42,91520
back,1382,1079,1079,0,1032,12.1,42,91520
back,1383,1079,1079,0,1032,12.1,42,91520
back,1383,1079,1079,0,1032,12.1,42,91520
back,1384,1079,1079,0,1032,12.1,42,91520
back,1384,1079,1079,0,1032,12.1,42,91520
back,1385,1079,1079,0,1032,12.1,42,91520
back,1385,1079,1079,0,1032,12.1,42,91520
back,1386,1079,1079,0,1032,12.1,42,91520
back,1386,1079,1079,0,1032,12.1,42,91520
back,1387,1079,1079,0,1032,12.1,42,91520
back,1387,1079,1079,0,1032,12.1,42,91520
back,1388,1079,1079,0,1032,12.1,42,91520
back,1388,1079,1079,0,1032,12.1,42,91520
back,1389,1079,1079,0,1032,12.1,42,91520
back,1389,1079,1079,0,1032,12.1,42,91520
back,1390,1079,1079,0,1032,12.1,42,91520
back,1390,1079,1079,0,1032,12.1,42,91520
back,1391,1079,1079,0,1032,12.1,42,91520
back,1391,1079,1079,0,1032,12.1,42,91520
back,1392,1079,1079,0,1032,12.1,42,91520
back,1392,1079,1079,0,1032,12.1,42,91520
back,1393,1079,1079,0,1032,12.1,42,91520
back,1393,1079,1079,0,1032,12.1,42,91520
back,1394,1079,1079,0,1032,12.1,42,91520
back,1394,1079,1079,0,1032,12.1,42,91520
back,1395,1079,1079,0,1032,12.1,42,91520
back,1395,1079,1079,0,1032,12.1,42,91520
back,1396,1079,1079,0,1032,12.1,42,91520
back,1396,1079,1079,0,1032,12.1,42,91520
back,1397,1079,1079,0,1032,12.1,42,91520
back,1397,1079,1079,0,1032,12.1,42,91520
back,1398,1079,1079,0,1032,12.1,42,91520
back,1398,1079,1079,0,1032,12.1,42,91520
back,1399,1079,1079,0,1032,12.1,42,91520
back,1399,1079,1079,0,1032,12.1,42,91520
back,1400,1079,1079,0,1032,12.1,42,91520
back,1400,1079,1079,0,1032,12.1,42,91520
back,1401,1079,1079,0,1032,12.1,42,91520
back,1401,1079,1079,0,1032,12.1,42,91520
back,1402,1079,1079,0,1032,12.1,42,91520
back,1402,1079,1079,0,1032,12.1,42,91520
back,1403,1079,1079,0,1032,12.1,42,91520
back,1403,1079,1079,0,1032,12.1,42,91520
back,1404,1079,1079,0,1032,12.1,42,91520
back,1404,1079,1079,0,1032,12.1,42,91520
back,1405,1079,1079,0,1032,12.1,42,91520
back,1405,1079,1079,0,1032,12.1,42,91520
back,1406,1079,1079,0,1032,12.1,42,91520
back,1406,1079,1079,0,1032,12.1,42,91520
back,1406,1079,1079,0,1032,12.1,42,91520
back,1407,1079,1079,0,1032,12.1,42,91520
back,1408,1079,1079,0,1032,12.1,42,91520
back,1408,1079,1079,0,1032,12.1,42,91520
back,1408,1079,1079,0,1032,12.1,42,91520
back,1409,1079,1079,0,1032,12.1,42,91520
back,1410,1079,1079,0,1032,12.1,42,91520
back,1410,1079,1079,0,1032,12.1,42,91520
back,1411,1079,1079,0,1032,12.1,42,91520
back,1411,1079,1079,0,1032,12.1,42,91520
back,1412,1079,1079,0,1032,12.1,42,91520
back,1412,1079,1079,0,1032,12.1,42,91520
back,1413,1079,1079,0,1032,12.1,42,91520
back,1413,1079,1079,0,1032,12.1,42,91520
back,1414,1079,1079,0,1032,12.1,42,91520
back,1414,1079,1079,0,1032,12.1,42,91520
back,1415,1079,1079,0,1032,12.1,42,91520
back,1415,1079,1079,0,1032,12.1,42,91520
back,1416,1079,1079,0,1032,12.1,42,91520
back,1416,1079,1079,0,1032,12.1,42,91520
back,1417,1079,1079,0,1032,12.1,42,91520
back,1417,1079,1079,0,1032,12.1,42,91520
back,1418,1079,1079,0,1032,12.1,42,91520
back,1418,1079,1079,0,1032,12.1,42,91520
back,1419,1079,1079,0,1032,12.1,42,91520
back,1419,1079,1079,0,1032,12.1,42,91520
back,1420,1079,1079,0,1032,12.1,42,91520
back,1420,1079,1079,0,1032,12.1,42,91520
back,1421,1079,1079,0,1032,12.1,42,91520
back,1421,1079,1079,0,1032,12.1,42,91520
back,1422,1079,1079,0,1032,12.1,42,91520
back,1422,1079,1079,0,1032,12.1,42,91520
back,1423,1079,1079,0,1032,12.1,42,91520
back,1423,1079,1079,0,1032,12.1,42,91520
back,1423,1079,1079,0,1032,12.1,42,91520
back,1424,1079,1079,0,1032,12.1,42,91520
back,1424,1079,1079,0,1032,12.1,42,91520
back,1425,1079,1079,0,1032,12.1,42,91520
back,1426,1079,1079,0,1032,12.1,42,91520
back,1426,1079,1079,0,1032,12.1,42,91520
back,1427,1079,1079,0,1032,12.1,42,91520
back,1427,1079,1079,0,1032,12.1,42,91520
back,1428,1079,1079,0,1032,12.1,42,91520
back,1428,1079,1079,0,1032,12.1,42,91520
back,1429,1079,1079,0,1032,12.1,42,91520
back,1429,1079,1079,0,1032,12.1,42,91520
back,1430,1079,1079,0,1032,12.1,42,91520
back,1430,1079,1079,0,1032,12.1,42,91520
back,1431,1079,1079,0,1032,12.1,42,91520
back,1432,1079,1079,0,1032,12.1,42,91520
back,1432,1079,1079,0,1032,12.1,42,91520
back,1433,1079,1079,0,1032,12.1,42,91520
back,1433,1079,1079,0,1032,12.1,42,91520
back,1434,1079,1079,0,1032,12.1,42,91520
back,1434,1079,1079,0,1032,12.1,42,91520
back,1435,1079,1079,0,1032,12.1,42,91520
back,1435,1079,1079,0,1032,12.1,42,91520
back,1436,1079,1079,0,1032,12.1,42,91520
back,1436,1079,1079,0,1032,12.1,42,91520
back,1437,1079,1079,0,1032,12.1,42,91520
back,1437,1079,1079,0,1032,12.1,42,91520
back,1438,1079,1079,0,1032,12.1,42,91520
back,1438,1079,1079,0,1032,12.1,42,91520
back,1439,1079,1079,0,1032,12.1,42,91520
back,1439,1079,1079,0,1032,12.1,42,91520
back,1440,1079,1079,0,1032,12.1,42,91520
back,1440,1079,1079,0,1032,12.1,42,91520
back,1440,1079,1079,0,1032,12.1,42,91520
back,1441,1079,1079,0,1032,12.1,42,91520
back,1441,1079,1079,0,1032,12.1,42,91520
back,1442,1079,1079,0,1032,12.1,42,91520
back,1443,1079,1079,0,1032,12.1,42,91520
back,1443,1079,1079,0,1032,12.1,42,91520
back,1444,1079,1079,0,1032,12.1,42,91520
back,1444,1079,1079,0,1032,12.1,42,91520
back,1445,1079,1079,0,1032,12.1,42,91520
back,1445,1079,1079,0,1032,12.1,42,91520
back,1446,1079,1079,0,1032,12.1,42,91520
back,1446,1079,1079,0,1032,12.1,42,91520
back,1447,1079,1079,0,1032,12.1,42,91520
back,1447,1079,1079,0,1032,12.1,42,91520
back,1448,1079,1079,0,1032,12.2,42,91520
back,1448,1079,1079,0,1032,12.2,42,91520
back,1449,1079,1079,0,1032,12.1,42,91520
back,1449,1079,1079,0,1032,12.1,42,91520
back,1450,1079,1079,0,1032,12.1,42,91520
back,1450,1079,1079,0,1032,12.1,42,91520
back,1451,1079,1079,0,1032,12.1,42,91520
back,1451,1079,1079,0,1032,12.1,42,91520
back,1452,1079,1079,0,1032,12.1,42,91520
back,1452,1079,1079,0,1032,12.1,42,91520
back,1453,1079,1079,0,1032,12.1,42,91520
back,1453,1079,1079,0,1032,12.1,42,91520
back,1454,1079,1079,0,1032,12.1,42,91520
back,1454,1079,1079,0,1032,12.1,42,91520
back,1455,1079,1079,0,1032,12.1,42,91520
back,1455,1079,1079,0,1032,12.1,42,91520
back,1456,1079,1079,0,1032,12.0,42,91520
back,1456,1079,1079,0,1032,12.0,42,91520
back,1457,1079,1079,0,1032,12.1,42,91520
back,1457,1079,1079,0,1032,12.1,42,91520
back,1458,1079,1079,0,1032,12.1,42,91520
back,1458,1079,1079,0,1032,12.1,42,91520
back,1459,1079,1079,0,1032,12.2,42,91520
back,1459,1079,1079,0,1032,12.2,42,91520
back,1460,1079,1079,0,1032,12.2,42,91520
back,1460,1079,1079,0,1032,12.2,42,91520
back,1461,1079,1079,0,1032,12.1,42,91520
back,1461,1079,1079,0,1032,12.1,42,91520
back,1462,1079,1079,0,1032,12.1,42,91520
back,1462,1079,1079,0,1032,12.1,42,91520
back,1463,1079,1079,0,1032,12.1,42,91520
back,1463,1079,1079,0,1032,12.1,42,91520
back,1464,1079,1079,0,1032,12.1,42,91520
back,1464,1079,1079,0,1032,12.1,42,91520
back,1465,1079,1079,0,1032,12.1,42,91520
back,1465,1079,1079,0,1032,12.1,42,91520
back,1466,1079,1079,0,1032,12.1,42,91520
back,1466,1079,1079,0,1032,12.1,42,91520
back,1467,1079,1079,0,1032,12.1,42,91520
back,1467,1079,1079,0,1032,12.1,42,91520
back,1468,1079,1079,0,1032,12.1,42,91520
back,1468,1079,1079,0,1032,12.1,42,91520
back,1469,1079,1079,0,1032,12.1,42,91520
back,1469,1079,1079,0,1032,12.1,42,91520
back,1470,1079,1079,0,1032,12.1,42,91520
back,1470,1079,1079,0,1032,12.1,42,91520
back,1471,1079,1079,0,1032,12.1,42,91520
back,1471,1079,1079,0,1032,12.1,42,91520
back,1472,1079,1079,0,1032,12.1,42,91520
back,1472,1079,1079,0,1032,12.1,42,91520
back,1473,1079,1079,0,1032,12.1,42,91520
back,1473,1079,1079,0,1032,12.1,42,91520
back,1474,1079,1079,0,1032,12.1,42,91520
back,1474,1079,1079,0,1032,12.1,42,91520
back,1475,1079,1079,0,1032,12.1,42,91520
back,1475,1079,1079,0,1032,12.1,42,91520
back,1476,1079,1079,0,1032,12.1,42,91520
back,1476,1079,1079,0,1032,12.1,42,91520
back,1477,1079,1079,0,1032,12.1,42,91520
back,1477,1079,1079,0,1032,12.1,42,91520
back,1478,1079,1079,0,1032,12.1,42,91520
back,1478,1079,1079,0,1032,12.1,42,91520
back,1479,1079,1079,0,1032,12.1,42,91520
back,1479,1079,1079,0,1032,12.1,42,91520
back,1480,1079,1079,0,1032,12.1,42,91520
back,1480,1079,1079,0,1032,12.1,42,91520
back,1481,1079,1079,0,1032,12.1,42,91520
back,1481,1079,1079,0,1032,12.1,42,91520
back,1482,1079,1079,0,1032,12.1,42,91520
back,1482,1079,1079,0,1032,12.1,42,91520
back,1483,1079,1079,0,1032,12.1,42,91520
back,1483,1079,1079,0,1032,12.1,42,91520
back,1484,1079,1079,0,1032,12.1,42,91520
back,1484,1079,1079,0,1032,12.1,42,91520
back,1485,1079,1079,0,1032,12.1,42,91520
back,1485,1079,1079,0,1032,12.1,42,91520
back,1486,1079,1079,0,1032,12.1,42,91520
back,1486,1079,1079,0,1032,12.1,42,91520
back,1487,1079,1079,0,1032,12.1,42,91520
back,1487,1079,1079,0,1032,12.1,42,91520
back,1488,1079,1079,0,1032,12.1,42,91520
back,1488,1079,1079,0,1032,12.1,42,91520
back,1488,1079,1079,0,1032,12.1,42,91520
back,1489,1079,1079,0,1032,12.1,42,91520
back,1489,1079,1079,0,1032,12.1,42,91520
back,1490,1079,1079,0,1032,12.1,42,91520
back,1490,1079,1079,0,1032,12.1,42,91520
back,1491,1079,1079,0,1032,12.1,42,91520
back,1492,1079,1079,0,1032,12.1,42,91520
back,1492,1079,1079,0,1032,12.1,42,91520
back,1493,1079,1079,0,1032,12.1,42,91520
back,1493,1079,1079,0,1032,12.1,42,91520
back,1494,1079,1079,0,1032,12.1,42,91520
back,1494,1079,1079,0,1032,12.1,42,91520
back,1495,1079,1079,0,1032,12.1,42,91520
back,1495,1079,1079,0,1032,12.1,42,91520
back,1496,1079,1079,0,1032,12.1,42,91520
back,1496,1079,1079,0,1032,12.1,42,91520
back,1497,1079,1079,0,1032,12.1,42,91520
back,1497,1079,1079,0,1032,12.1,42,91520
back,1498,1079,1079,0,1032,12.1,42,91520
back,1499,1079,1079,0,1032,12.1,42,91520
back,1499,1079,1079,0,1032,12.1,42,91520
back,1500,1079,1079,0,1032,12.1,42,91520
back,1500,1079,1079,0,1032,12.1,42,91520
back,1501,1079,1079,0,1032,12.1,42,91520
back,1501,1079,1079,0,1032,12.1,42,91520
back,1502,1079,1079,0,1032,12.1,42,91520
back,1502,1079,1079,0,1032,12.1,42,91520
back,1503,1079,1079,0,1032,12.1,42,91520
back,1503,1079,1079,0,1032,12.1,42,91520
back,1504,1079,1079,0,1032,12.1,42,91520
back,1504,1079,1079,0,1032,12.1,42,91520
back,1505,1079,1079,0,1032,12.1,42,91520
back,1505,1079,1079,0,1032,12.1,42,91520
back,1506,1079,1079,0,1032,12.1,42,91520
back,1506,1079,1079,0,1032,12.1,42,91520
back,1507,1079,1079,0,1032,12.1,42,91520
back,1507,1079,1079,0,1032,12.1,42,91520
back,1507,1079,1079,0,1032,12.1,42,91520
back,1508,1079,1079,0,1032,12.1,42,91520
back,1508,1079,1079,0,1032,12.1,42,91520
back,1509,1079,1079,0,1032,12.1,42,91520
back,1509,1079,1079,0,1032,12.1,42,91520
back,1510,1079,1079,0,1032,12.1,42,91520
back,1510,1079,1079,0,1032,12.1,42,91520
back,1511,1079,1079,0,1032,12.1,42,91520
back,1511,1079,1079,0,1032,12.1,42,91520
back,1512,1079,1079,0,1032,12.1,42,91520
back,1512,1079,1079,0,1032,12.1,42,91520
back,1513,1079,1079,0,1032,12.1,42,91520
back,1513,1079,1079,0,1032,12.1,42,91520
back,1514,1079,1079,0,1032,12.1,42,91520
back,1515,1079,1079,0,1032,12.1,42,91520
back,1515,1079,1079,0,1032,12.1,42,91520
back,1516,1079,1079,0,1032,12.1,42,91520
back,1516,1079,1079,0,1032,12.1,42,91520
back,1517,1079,1079,0,1032,12.1,42,91520
back,1517,1079,1079,0,1032,12.1,42,91520
back,1518,1079,1079,0,1032,12.1,42,91520
back,1518,1079,1079,0,1032,12.1,42,91520
back,1519,1079,1079,0,1032,12.1,42,91520
back,1519,1079,1079,0,1032,12.1,42,91520
back,1520,1079,1079,0,1032,12.1,42,91520
back,1520,1079,1079,0,1032,12.1,42,91520
back,1521,1079,1079,0,1032,12.1,42,91520
back,1521,1079,1079,0,1032,12.1,42,91520
back,1522,1079,1079,0,1032,12.1,42,91520
back,1522,1079,1079,0,1032,12.1,42,91520
back,1523,1079,1079,0,1032,12.1,42,91520
back,1523,1079,1079,0,1032,12.1,42,91520
back,1523,1079,1079,0,1032,12.1,42,91520
back,1524,1079,1079,0,1032,12.1,42,91520
back,1524,1079,1079,0,1032,12.1,42,91520
back,1525,1079,1079,0,1032,12.1,42,91520
back,1525,1079,1079,0,1032,12.1,42,91520
back,1526,1079,1079,0,1032,12.1,42,91520
back,1526,1079,1079,0,1032,12.1,42,91520
back,1527,1079,1079,0,1032,12.1,42,91520
back,1527,1079,1079,0,1032,12.1,42,91520
back,1528,1079,1079,0,1032,12.1,42,91520
back,1528,1079,1079,0,1032,12.1,42,91520
back,1529,1079,1079,0,1032,12.1,42,91520
back,1529,1079,1079,0,1032,12.1,42,91520
back,1530,1079,1079,0,1032,12.1,42,91520
back,1530,1079,1079,0,1032,12.1,42,91520
back,1531,1079,1079,0,1032,12.1,42,91520
back,1531,1079,1079,0,1032,12.1,42,91520
back,1532,1079,1079,0,1032,12.1,42,91520
back,1532,1079,1079,0,1032,12.1,42,91520
back,1533,1079,1079,0,1032,12.1,42,91520
back,1533,1079,1079,0,1032,12.1,42,91520
back,1534,1079,1079,0,1032,12.1,42,91520
back,1534,1079,1079,0,1032,12.1,42,91520
back,1535,1079,1079,0,1032,12.1,42,91520
back,1535,1079,1079,0,1032,12.1,42,91520
back,1536,1079,1079,0,1032,12.1,42,91520
back,1536,1079,1079,0,1032,12.1,42,91520
back,1537,1079,1079,0,1032,12.1,42,91520
back,1537,1079,1079,0,1032,12.1,42,91520
back,1538,1079,1079,0,1032,12.1,42,91520
back,1538,1079,1079,0,1032,12.1,42,91520
back,1539,1079,1079,0,1032,12.1,42,91520
back,1539,1079,1079,0,1032,12.1,42,91520
back,1540,1079,1079,0,1032,12.1,42,91520
back,1540,1079,1079,0,1032,12.1,42,91520
back,1541,1079,1079,0,1032,12.1,42,91520
back,1541,1079,1079,0,1032,12.1,42,91520
back,1542,1079,1079,0,1032,12.1,42,91520
back,1542,1079,1079,0,1032,12.1,42,91520
back,1542,1079,1079,0,1032,12.1,42,91520
back,1543,1079,1079,0,1032,12.1,42,91520
back,1544,1079,1079,0,1032,12.1,42,91520
back,1544,1079,1079,0,1032,12.1,42,91520
back,1544,1079,1079,0,1032,12.1,42,91520
back,1545,1079,1079,0,1032,12.1,42,91520
back,1545,1079,1079,0,1032,12.1,42,91520
back,1546,1079,1079,0,1032,12.1,42,91520
back,1546,1079,1079,0,1032,12.1,42,91520
back,1547,1079,1079,0,1032,12.1,42,91520
back,1547,1079,1079,0,1032,12.1,42,91520
back,1548,1079,1079,0,1032,12.1,42,91520
back,1548,1079,1079,0,1032,12.1,42,91520
back,1549,1079,1079,0,1032,12.1,42,91520
back,1549,1079,1079,0,1032,12.1,42,91520
back,1550,1079,1079,0,1032,12.1,42,91520
back,1550,1079,1079,0,1032,12.1,42,91520
back,1551,1079,1079,0,1032,12.1,42,91520
back,1551,1079,1079,0,1032,12.1,42,91520
back,1552,1079,1079,0,1032,12.1,42,91520
back,1552,1079,1079,0,1032,12.1,42,91520
back,1553,1079,1079,0,1032,12.1,42,91520
back,1553,1079,1079,0,1032,12.1,42,91520
back,1553,1079,1079,0,1032,12.1,42,91520
back,1554,1079,1079,0,1032,12.1,42,91520
back,1554,1079,1079,0,1032,12.1,42,91520
back,1555,1079,1079,0,1032,12.1,42,91520
back,1555,1079,1079,0,1032,12.1,42,91520
back,1556,1079,1079,0,1032,12.1,42,91520
back,1556,1079,1079,0,1032,12.1,42,91520
back,1557,1079,1079,0,1032,12.1,42,91520
back,1557,1079,1079,0,1032,12.1,42,91520
back,1558,1079,1079,0,1032,12.1,42,91520
back,1558,1079,1079,0,1032,12.1,42,91520
back,1559,1079,1079,0,1032,12.1,42,91520
back,1559,1079,1079,0,1032,12.1,42,91520
back,1559,1079,1079,0,1032,12.1,42,91520
back,1560,1079,1079,0,1032,12.1,42,91520
back,1560,1079,1079,0,1032,12.1,42,91520
back,1561,1079,1079,0,1032,12.1,42,91520
back,1561,1079,1079,0,1032,12.1,42,91520
back,1562,1079,1079,0,1032,12.1,42,91520
back,1563,1079,1079,0,1032,12.1,42,91520
back,1563,1079,1079,0,1032,12.1,42,91520
back,1563,1079,1079,0,1032,12.1,42,91520
back,1564,1079,1079,0,1032,12.1,42,91520
back,1565,1079,1079,0,1032,12.1,42,91520
back,1565,1079,1079,0,1032,12.1,42,91520
back,1565,1079,1079,0,1032,12.1,42,91520
back,1566,1079,1079,0,1032,12.1,42,91520
back,1566,1079,1079,0,1032,12.1,42,91520
back,1567,1079,1079,0,1032,12.1,42,91520
back,1567,1079,1079,0,1032,12.1,42,91520
back,1568,1079,1079,0,1032,12.1,42,91520
back,1568,1079,1079,0,1032,12.1,42,91520
back,1569,1079,1079,0,1032,12.1,42,91520
back,1569,1079,1079,0,1032,12.1,42,91520
back,1570,1079,1079,0,1032,12.1,42,91520
back,1570,1079,1079,0,1032,12.1,42,91520
back,1571,1079,1079,0,1032,12.1,42,91520
back,1571,1079,1079,0,1032,12.1,42,91520
back,1572,1079,1079,0,1032,12.1,42,91520
back,1572,1079,1079,0,1032,12.1,42,91520
back,1572,1079,1079,0,1032,12.1,42,91520
back,1573,1079,1079,0,1032,12.1,42,91520
back,1573,1079,1079,0,1032,12.1,42,91520
back,1574,1079,1079,0,1032,12.1,42,91520
back,1574,1079,1079,0,1032,12.1,42,91520
back,1575,1079,1079,0,1032,12.1,42,91520
back,1575,1079,1079,0,1032,12.1,42,91520
back,1576,1079,1079,0,1032,12.1,42,91520
back,1576,1079,1079,0,1032,12.1,42,91520
back,1577,1079,1079,0,1032,12.1,42,91520
back,1577,1079,1079,0,1032,12.1,42,91520
back,1578,1079,1079,0,1032,12.1,42,91520
back,1578,1079,1079,0,1032,12.1,42,91520
back,1578,1079,1079,0,1032,12.1,42,91520
back,1579,1079,1079,0,1032,12.1,42,91520
back,1579,1079,1079,0,1032,12.1,42,91520
back,1580,1079,1079,0,1032,12.1,42,91520
back,1580,1079,1079,0,1032,12.1,42,91520
back,1581,1079,1079,0,1032,12.1,42,91520
back,1581,1079,1079,0,1032,12.1,42,91520
back,1582,1079,1079,0,1032,12.1,42,91520
back,1582,1079,1079,0,1032,12.1,42,91520
back,1583,1079,1079,0,1032,12.1,42,91520
back,1583,1079,1079,0,1032,12.1,42,91520
back,1584,1079,1079,0,1032,12.1,42,91520
back,1584,1079,1079,0,1032,12.1,42,91520
back,1585,1079,1079,0,1032,12.1,42,91520
back,1585,1079,1079,0,1032,12.1,42,91520
back,1586,1079,1079,0,1032,12.1,42,91520
back,1586,1079,1079,0,1032,12.1,42,91520
back,1587,1079,1079,0,1032,12.1,42,91520
back,1587,1079,1079,0,1032,12.1,42,91520
back,1588,1079,1079,0,1032,12.1,42,91520
back,1588,1079,1079,0,1032,12.1,42,91520
back,1588,1079,1079,0,1032,12.1,42,91520
back,1589,1079,1079,0,1032,12.1,42,91520
back,1589,1079,1079,0,1032,12.1,42,91520
back,1590,1079,1079,0,1032,12.1,42,91520
back,1590,1079,1079,0,1032,12.1,42,91520
back,1591,1079,1079,0,1032,12.1,42,91520
back,1591,1079,1079,0,1032,12.1,42,91520
back,1592,1079,1079,0,1032,12.1,42,91520
back,1592,1079,1079,0,1032,12.1,42,91520
back,1593,1079,1079,0,1032,12.1,42,91520
back,1593,1079,1079,0,1032,12.2,42,91520
back,1594,1079,1079,0,1032,12.2,42,91520
back,1594,1079,1079,0,1032,12.1,42,91520
back,1595,1079,1079,0,1032,12.1,42,91520
back,1595,1079,1079,0,1032,12.2,42,91520
back,1596,1079,1079,0,1032,12.2,42,91520
back,1596,1079,1079,0,1032,12.1,42,91520
back,1597,1079,1079,0,1032,12.1,42,91520
back,1597,1079,1079,0,1032,12.1,42,91520
back,1598,1079,1079,0,1032,12.1,42,91520
back,1598,1079,1079,0,1032,12.1,42,91520
back,1599,1079,1079,0,1032,12.1,42,91520
back,1599,1079,1079,0,1032,12.1,42,91520
back,1600,1079,1079,0,1032,12.1,42,91520
back,1600,1079,1079,0,1032,12.1,42,91520
back,1601,1079,1079,0,1032,12.1,42,91520
back,1601,1079,1079,0,1032,12.1,42,91520
back,1601,1079,1079,0,1032,12.1,42,91520
back,1602,1079,1079,0,1032,12.1,42,91520
back,1603,1079,1079,0,1032,12.1,42,91520
back,1603,1079,1079,0,1032,12.1,42,91520
back,1604,1079,1079,0,1032,12.1,42,91520
back,1604,1079,1079,0,1032,12.2,42,91520
back,1605,1079,1079,0,1032,12.2,42,91520
back,1605,1079,1079,0,1032,12.1,42,91520
back,1606,1079,1079,0,1032,12.1,42,91520
back,1606,1079,1079,0,1032,12.1,42,91520
back,1606,1079,1079,0,1032,12.1,42,91520
back,1607,1079,1079,0,1032,12.1,42,91520
back,1607,1079,1079,0,1032,12.1,42,91520
back,1608,1079,1079,0,1032,12.1,42,91520
back,1608,1079,1079,0,1032,12.1,42,91520
back,1609,1079,1079,0,1032,12.1,42,91520
back,1609,1079,1079,0,1032,12.1,42,91520
back,1610,1079,1079,0,1032,12.1,42,91520
back,1610,1079,1079,0,1032,12.1,42,91520
back,1611,1079,1079,0,1032,12.1,42,91520
back,1611,1079,1079,0,1032,12.1,42,91520
back,1612,1079,1079,0,1032,12.1,42,91520
back,1612,1079,1079,0,1032,12.1,42,91520
back,1613,1079,1079,0,1032,12.1,42,91520
back,1613,1079,1079,0,1032,12.1,42,91520
back,1614,1079,1079,0,1032,12.1,42,91520
back,1614,1079,1079,0,1032,12.1,42,91520
back,1615,1079,1079,0,1032,12.1,42,91520
back,1615,1079,1079,0,1032,12.1,42,91520
back,1616,1079,1079,0,1032,12.1,42,91520
back,1616,1079,1079,0,1032,12.1,42,91520
back,1617,1079,1079,0,1032,12.1,42,91520
back,1617,1079,1079,0,1032,12.1,42,91520
back,1618,1079,1079,0,1032,12.1,42,91520
back,1618,1079,1079,0,1032,12.1,42,91520
back,1619,1079,1079,0,1032,12.1,42,91520
back,1619,1079,1079,0,1032,12.1,42,91520
back,1620,1079,1079,0,1032,12.1,42,91520
back,1620,1079,1079,0,1032,12.1,42,91520
back,1621,1079,1079,0,1032,12.1,42,91520
back,1621,1079,1079,0,1032,12.1,42,91520
back,1621,1079,1079,0,1032,12.1,42,91520
back,1622,1079,1079,0,1032,12.1,42,91520
back,1622,1079,1079,0,1032,12.1,42,91520
back,1623,1079,1079,0,1032,12.1,42,91520
back,1623,1079,1079,0,1032,12.1,42,91520
back,1624,1079,1079,0,1032,12.1,42,91520
back,1624,1079,1079,0,1032,12.1,42,91520
back,1625,1079,1079,0,1032,12.1,42,91520
back,1625,1079,1079,0,1032,12.1,42,91520
back,1626,1079,1079,0,1032,12.1,42,91520
back,1626,1079,1079,0,1032,12.1,42,91520
back,1627,1079,1079,0,1032,12.1,42,91520
back,1627,1079,1079,0,1032,12.1,42,91520
back,1628,1079,1079,0,1032,12.1,42,91520
back,1628,1079,1079,0,1032,12.1,42,91520
back,1629,1079,1079,0,1032,12.1,42,91520
back,1629,1079,1079,0,1032,12.1,42,91520
back,1630,1079,1079,0,1032,12.1,42,91520
back,1630,1079,1079,0,1032,12.1,42,91520
back,1631,1079,1079,0,1032,12.1,42,91520
back,1631,1079,1079,0,1032,12.1,42,91520
back,1632,1079,1079,0,1032,12.1,42,91520
back,1632,1079,1079,0,1032,12.1,42,91520
back,1633,1079,1079,0,1032,12.1,42,91520
back,1633,1079,1079,0,1032,12.1,42,91520
back,1634,1079,1079,0,1032,12.1,42,91520
back,1634,1079,1079,0,1032,12.1,42,91520
back,1635,1079,1079,0,1032,12.1,42,91520
back,1635,1079,1079,0,1032,12.1,42,91520
back,1636,1079,1079,0,1032,12.1,42,91520
back,1636,1079,1079,0,1032,12.1,42,91520
back,1637,1079,1079,0,1032,12.1,42,91520
back,1637,1079,1079,0,1032,12.1,42,91520
back,1638,1079,1079,0,1032,12.1,42,91520
back,1638,1079,1079,0,1032,12.1,42,91520
back,1639,1079,1079,0,1032,12.1,42,91520
back,1639,1079,1079,0,1032,12.1,42,91520
back,1639,1079,1079,0,1032,12.1,42,91520
back,1640,1079,1079,0,1032,12.1,42,91520
back,1640,1079,1079,0,1032,12.1,42,91520
back,1641,1079,1079,0,1032,12.1,42,91520
back,1641,1079,1079,0,1032,12.1,42,91520
back,1642,1079,1079,0,1032,12.1,42,91520
back,1642,1079,1079,0,1032,12.1,42,91520
back,1643,1079,1079,0,1032,12.1,42,91520
back,1643,1079,1079,0,1032,12.1,42,91520
back,1644,1079,1079,0,1032,12.1,42,91520
back,1644,1079,1079,0,1032,12.2,42,91520
back,1645,1079,1079,0,1032,12.2,42,91520
back,1645,1079,1079,0,1032,12.1,42,91520
back,1646,1079,1079,0,1032,12.1,42,91520
back,1646,1079,1079,0,1032,12.1,42,91520
back,1647,1079,1079,0,1032,12.1,42,91520
back,1647,1079,1079,0,1032,12.1,42,91520
back,1648,1079,1079,0,1032,12.1,42,91520
back,1648,1079,1079,0,1032,12.1,42,91520
back,1649,1079,1079,0,1032,12.1,42,91520
back,1649,1079,1079,0,1032,12.1,42,91520
back,1650,1079,1079,0,1032,12.1,42,91520
back,1650,1079,1079,0,1032,12.1,42,91520
back,1651,1079,1079,0,1032,12.1,42,91520
back,1651,1079,1079,0,1032,12.1,42,91520
back,1652,1079,1079,0,1032,12.1,42,91520
back,1652,1079,1079,0,1032,12.1,42,91520
back,1653,1079,1079,0,1032,12.1,42,91520
back,1653,1079,1079,0,1032,12.1,42,91520
back,1654,1079,1079,0,1032,12.1,42,91520
back,1654,1079,1079,0,1032,12.1,42,91520
back,1655,1079,1079,0,1032,12.1,42,91520
back,1655,1079,1079,0,1032,12.1,42,91520
back,1655,1079,1079,0,1032,12.1,42,91520
back,1656,1079,1079,0,1032,12.2,42,91520
back,1656,1079,1079,0,1032,12.2,42,91520
back,1657,1079,1079,0,1032,12.1,42,91520
back,1657,1079,1079,0,1032,12.1,42,91520
back,1658,1079,1079,0,1032,12.1,42,91520
back,1658,1079,1079,0,1032,12.1,42,91520
back,1659,1079,1079,0,1032,12.1,42,91520
back,1659,1079,1079,0,1032,12.1,42,91520
back,1660,1079,1079,0,1032,12.1,42,91520
back,1660,1079,1079,0,1032,12.1,42,91520
back,1661,1079,1079,0,1032,12.1,42,91520
back,1661,1079,1079,0,1032,12.1,42,91520
back,1662,1079,1079,0,1032,12.1,42,91520
back,1662,1079,1079,0,1032,12.1,42,91520
back,1663,1079,1079,0,1032,12.1,42,91520
back,1663,1079,1079,0,1032,12.1,42,91520
back,1664,1079,1079,0,1032,12.1,42,91520
back,1664,1079,1079,0,1032,12.1,42,91520
back,1665,1079,1079,0,1032,12.1,42,91520
back,1665,1079,1079,0,1032,12.1,42,91520
back,1666,1079,1079,0,1032,12.1,42,91520
back,1666,1079,1079,0,1032,12.1,42,91520
back,1667,1079,1079,0,1032,12.1,42,91520
back,1667,1079,1079,0,1032,12.1,42,91520
back,1668,1079,1079,0,1032,12.1,42,91520
back,1668,1079,1079,0,1032,12.1,42,91520
back,1669,1079,1079,0,1032,12.1,42,91520
back,1669,1079,1079,0,1032,12.1,42,91520
back,1670,1079,1079,0,1032,12.1,42,91520
back,1670,1079,1079,0,1032,12.1,42,91520
back,1671,1079,1079,0,1032,12.1,42,91520
back,1671,1079,1079,0,1032,12.1,42,91520
back,1671,1079,1079,0,1032,12.1,42,91520
back,1672,1079,1079,0,1032,12.1,42,91520
back,1672,1079,1079,0,1032,12.1,42,91520
back,1673,1079,1079,0,1032,12.1,42,91520
back,1673,1079,1079,0,1032,12.1,42,91520
back,1674,1079,1079,0,1032,12.1,42,91520
back,1674,1079,1079,0,1032,12.1,42,91520
back,1675,1079,1079,0,1032,12.1,42,91520
back,1675,1079,1079,0,1032,12.1,42,91520
back,1676,1079,1079,0,1032,12.1,42,91520
back,1676,1079,1079,0,1032,12.1,42,91520
back,1677,1079,1079,0,1032,12.1,42,91520
back,1677,1079,1079,0,1032,12.1,42,91520
back,1678,1079,1079,0,1032,12.1,42,91520
back,1678,1079,1079,0,1032,12.1,42,91520
back,1679,1079,1079,0,1032,12.1,42,91520
back,1679,1079,1079,0,1032,12.1,42,91520
back,1680,1079,1079,0,1032,12.1,42,91520
back,1680,1079,1079,0,1032,12.1,42,91520
back,1681,1079,1079,0,1032,12.1,42,91520
back,1681,1079,1079,0,1032,12.1,42,91520
back,1682,1079,1079,0,1032,12.1,42,91520
back,1682,1079,1079,0,1032,12.1,42,91520
back,1683,1079,1079,0,1032,12.1,42,91520
back,1683,1079,1079,0,1032,12.1,42,91520
back,1684,1079,1079,0,1032,12.1,42,91520
back,1684,1079,1079,0,1032,12.1,42,91520
back,1685,1079,1079,0,1032,12.1,42,91520
back,1685,1079,1079,0,1032,12.1,42,91520
back,1686,1079,1079,0,1032,12.1,42,91520
back,1686,1079,1079,0,1032,12.1,42,91520
back,1687,1079,1079,0,1032,12.1,42,91520
back,1687,1079,1079,0,1032,12.1,42,91520
back,1688,1079,1079,0,1032,12.1,42,91520
back,1688,1079,1079,0,1032,12.1,42,91520
back,1688,1079,1079,0,1032,12.1,42,91520
back,1689,1079,1079,0,1032,12.1,42,91520
back,1689,1079,1079,0,1032,12.1,42,91520
back,1690,1079,1079,0,1032,12.1,42,91520
back,1690,1079,1079,0,1032,12.1,42,91520
back,1691,1079,1079,0,1032,12.1,42,91520
back,1691,1079,1079,0,1032,12.1,42,91520
back,1692,1079,1079,0,1032,12.1,42,91520
back,1692,1079,1079,0,1032,12.1,42,91520
back,1693,1079,1079,0,1032,12.1,42,91520
back,1693,1079,1079,0,1032,12.1,42,91520
back,1694,1079,1079,0,1032,12.1,42,91520
back,1694,1079,1079,0,1032,12.1,42,91520
back,1695,1079,1079,0,1032,12.1,42,91520
back,1695,1079,1079,0,1032,12.1,42,91520
back,1696,1079,1079,0,1032,12.1,42,91520
back,1696,1079,1079,0,1032,12.1,42,91520
back,1697,1079,1079,0,1032,12.1,42,91520
back,1697,1079,1079,0,1032,12.1,42,91520
back,1698,1079,1079,0,1032,12.1,42,91520
back,1698,1079,1079,0,1032,12.1,42,91520
back,1699,1079,1079,0,1032,12.1,42,91520
back,1699,1079,1079,0,1032,12.1,42,91520
back,1700,1079,1079,0,1032,12.1,42,91520
back,1700,1079,1079,0,1032,12.1,42,91520
back,1701,1079,1079,0,1032,12.1,42,91520
back,1701,1079,1079,0,1032,12.1,42,91520
back,1702,1079,1079,0,1032,12.1,42,91520
back,1702,1079,1079,0,1032,12.1,42,91520
back,1703,1079,1079,0,1032,12.1,42,91520
back,1703,1079,1079,0,1032,12.1,42,91520
back,1704,1079,1079,0,1032,12.1,42,91520
back,1704,1079,1079,0,1032,12.1,42,91520
back,1705,1079,1079,0,1032,12.1,42,91520
back,1705,1079,1079,0,1032,12.1,42,91520
back,1706,1079,1079,0,1032,12.1,42,91520
back,1706,1079,1079,0,1032,12.1,42,91520
back,1706,1079,1079,0,1032,12.1,42,91520
back,1707,1079,1079,0,1032,12.1,42,91520
back,1707,1079,1079,0,1032,12.1,42,91520
back,1708,1079,1079,0,1032,12.1,42,91520
back,1708,1079,1079,0,1032,12.1,42,91520
back,1709,1079,1079,0,1032,12.1,42,91520
back,1709,1079,1079,0,1032,12.1,42,91520
back,1710,1079,1079,0,1032,12.1,42,91520
back,1710,1079,1079,0,1032,12.1,42,91520
back,1711,1079,1079,0,1032,12.1,42,91520
back,1711,1079,1079,0,1032,12.1,42,91520
back,1712,1079,1079,0,1032,12.1,42,91520
back,1712,1079,1079,0,1032,12.1,42,91520
back,1713,1079,1079,0,1032,12.1,42,91520
back,1713,1079,1079,0,1032,12.1,42,91520
back,1714,1079,1079,0,1032,12.1,42,91520
back,1714,1079,1079,0,1032,12.1,42,91520
back,1715,1079,1079,0,1032,12.1,42,91520
back,1715,1079,1079,0,1032,12.1,42,91520
back,1716,1079,1079,0,1032,12.1,42,91520
back,1716,1079,1079,0,1032,12.1,42,91520
back,1717,1079,1079,0,1032,12.1,42,91520
back,1717,1079,1079,0,1032,12.1,42,91520
back,1718,1079,1079,0,1032,12.1,42,91520
back,1718,1079,1079,0,1032,12.1,42,91520
back,1719,1079,1079,0,1032,12.1,42,91520
back,1719,1079,1079,0,1032,12.1,42,91520
back,1720,1079,1079,0,1032,12.1,42,91520
back,1720,1079,1079,0,1032,12.1,42,91520
back,1721,1079,1079,0,1032,12.1,42,91520
back,1721,1079,1079,0,1032,12.1,42,91520
back,1722,1079,1079,0,1032,12.1,42,91520
back,1722,1079,1079,0,1032,12.1,42,91520
back,1723,1079,1079,0,1032,12.1,42,91520
back,1723,1079,1079,0,1032,12.1,42,91520
back,1724,1079,1079,0,1032,12.1,42,91520
back,1724,1079,1079,0,1032,12.1,42,91520
back,1724,1079,1079,0,1032,12.1,42,91520
back,1725,1079,1079,0,1032,12.1,42,91520
back,1726,1079,1079,0,1032,12.1,42,91520
back,1726,1079,1079,0,1032,12.1,42,91520
back,1727,1079,1079,0,1032,12.1,42,91520
back,1727,1079,1079,0,1032,12.1,42,91520
back,1728,1079,1079,0,1032,12.1,42,91520
back,1728,1079,1079,0,1032,12.1,42,91520
back,1729,1079,1079,0,1032,12.1,42,91520
back,1729,1079,1079,0,1032,12.1,42,91520
back,1730,1079,1079,0,1032,12.1,42,91520
back,1730,1079,1079,0,1032,12.1,42,91520
back,1731,1079,1079,0,1032,12.1,42,91520
back,1731,1079,1079,0,1032,12.1,42,91520
back,1732,1079,1079,0,1032,12.1,42,91520
back,1732,1079,1079,0,1032,12.1,42,91520
back,1733,1079,1079,0,1032,12.1,42,91520
back,1733,1079,1079,0,1032,12.1,42,91520
back,1734,1079,1079,0,1032,12.1,42,91520
back,1734,1079,1079,0,1032,12.1,42,91520
back,1735,1079,1079,0,1032,12.1,42,91520
back,1735,1079,1079,0,1032,12.1,42,91520
back,1736,1079,1079,0,1032,12.1,42,91520
back,1736,1079,1079,0,1032,12.1,42,91520
back,1737,1079,1079,0,1032,12.1,42,91520
back,1737,1079,1079,0,1032,12.1,42,91520
back,1738,1079,1079,0,1032,12.1,42,91520
back,1738,1079,1079,0,1032,12.1,42,91520
back,1739,1079,1079,0,1032,12.1,42,91520
back,1739,1079,1079,0,1032,12.1,42,91520
back,1740,1079,1079,0,1032,12.1,42,91520
back,1740,1079,1079,0,1032,12.1,42,91520
back,1740,1079,1079,0,1032,12.1,42,91520
back,1741,1079,1079,0,1032,12.1,42,91520
back,1742,1079,1079,0,1032,12.1,42,91520
back,1742,1079,1079,0,1032,12.1,42,91520
back,1743,1079,1079,0,1032,12.1,42,91520
back,1743,1079,1079,0,1032,12.1,42,91520
back,1744,1079,1079,0,1032,12.1,42,91520
back,1744,1079,1079,0,1032,12.1,42,91520
back,1745,1079,1079,0,1032,12.1,42,91520
back,1745,1079,1079,0,1032,12.1,42,91520
back,1746,1079,1079,0,1032,12.1,42,91520
back,1746,1079,1079,0,1032,12.1,42,91520
back,1747,1079,1079,0,1032,12.1,42,91520
back,1747,1079,1079,0,1032,12.1,42,91520
back,1748,1079,1079,0,1032,12.1,42,91520
back,1748,1079,1079,0,1032,12.1,42,91520
back,1749,1079,1079,0,1032,12.1,42,91520
back,1749,1079,1079,0,1032,12.1,42,91520
back,1750,1079,1079,0,1032,12.1,42,91520
back,1750,1079,1079,0,1032,12.1,42,91520
back,1751,1079,1079,0,1032,12.1,42,91520
back,1751,1079,1079,0,1032,12.1,42,91520
back,1752,1079,1079,0,1032,12.1,42,91520
back,1752,1079,1079,0,1032,12.1,42,91520
back,1753,1079,1079,0,1032,12.2,42,91520
back,1753,1079,1079,0,1032,12.2,42,91520
back,1754,1079,1079,0,1032,12.1,42,91520
back,1754,1079,1079,0,1032,12.1,42,91520
back,1755,1079,1079,0,1032,12.1,42,91520
back,1755,1079,1079,0,1032,12.1,42,91520
back,1755,1079,1079,0,1032,12.1,42,91520
back,1756,1079,1079,0,1032,12.1,42,91520
back,1756,1079,1079,0,1032,12.1,42,91520
back,1757,1079,1079,0,1032,12.1,42,91520
back,1757,1079,1079,0,1032,12.1,42,91520
back,1758,1079,1079,0,1032,12.1,42,91520
back,1759,1079,1079,0,1032,12.1,42,91520
back,1759,1079,1079,0,1032,12.1,42,91520
back,1760,1079,1079,0,1032,12.1,42,91520
back,1760,1079,1079,0,1032,12.1,42,91520
back,1761,1079,1079,0,1032,12.1,42,91520
back,1761,1079,1079,0,1032,12.1,42,91520
back,1762,1079,1079,0,1032,12.1,42,91520
back,1762,1079,1079,0,1032,12.1,42,91520
back,1763,1079,1079,0,1032,12.1,42,91520
back,1763,1079,1079,0,1032,12.1,42,91520
back,1764,1079,1079,0,1032,12.1,42,91520
back,1764,1079,1079,0,1032,12.1,42,91520
back,1765,1079,1079,0,1032,12.1,42,91520
back,1765,1079,1079,0,1032,12.1,42,91520
back,1766,1079,1079,0,1032,12.1,42,91520
back,1766,1079,1079,0,1032,12.1,42,91520
back,1767,1079,1079,0,1032,12.1,42,91520
back,1767,1079,1079,0,1032,12.1,42,91520
back,1768,1079,1079,0,1032,12.1,42,91520
back,1768,1079,1079,0,1032,12.1,42,91520
back,1769,1079,1079,0,1032,12.1,42,91520
back,1769,1079,1079,0,1032,12.1,42,91520
back,1770,1079,1079,0,1032,12.1,42,91520
back,1770,1079,1079,0,1032,12.1,42,91520
back,1771,1079,1079,0,1032,12.1,42,91520
back,1771,1079,1079,0,1032,12.1,42,91520
back,1771,1079,1079,0,1032,12.1,42,91520
back,1772,1079,1079,0,1032,12.1,42,91520
back,1772,1079,1079,0,1032,12.1,42,91520
back,1773,1079,1079,0,1032,12.1,42,91520
back,1773,1079,1079,0,1032,12.2,42,91520
back,1774,1079,1079,0,1032,12.2,42,91520
back,1774,1079,1079,0,1032,12.1,42,91520
back,1775,1079,1079,0,1032,12.1,42,91520
back,1775,1079,1079,0,1032,12.1,42,91520
back,1776,1079,1079,0,1032,12.1,42,91520
back,1776,1079,1079,0,1032,12.1,42,91520
back,1777,1079,1079,0,1032,12.2,42,91520
back,1777,1079,1079,0,1032,12.2,42,91520
back,1778,1079,1079,0,1032,12.1,42,91520
back,1778,1079,1079,0,1032,12.1,42,91520
back,1779,1079,1079,0,1032,12.1,42,91520
back,1779,1079,1079,0,1032,12.1,42,91520
back,1780,1079,1079,0,1032,12.1,42,91520
back,1780,1079,1079,0,1032,12.1,42,91520
back,1781,1079,1079,0,1032,12.1,42,91520
back,1781,1079,1079,0,1032,12.1,42,91520
back,1782,1079,1079,0,1032,12.1,42,91520
back,1782,1079,1079,0,1032,12.1,42,91520
back,1783,1079,1079,0,1032,12.1,42,91520
back,1783,1079,1079,0,1032,12.1,42,91520
back,1784,1079,1079,0,1032,12.1,42,91520
back,1784,1079,1079,0,1032,12.1,42,91520
back,1785,1079,1079,0,1032,12.1,42,91520
back,1785,1079,1079,0,1032,12.1,42,91520
back,1786,1079,1079,0,1032,12.1,42,91520
back,1786,1079,1079,0,1032,12.1,42,91520
back,1787,1079,1079,0,1032,12.1,42,91520
back,1787,1079,1079,0,1032,12.1,42,91520
back,1788,1079,1079,0,1032,12.1,42,91520
back,1788,1079,1079,0,1032,12.1,42,91520
back,1789,1079,1079,0,1032,12.1,42,91520
back,1789,1079,1079,0,1032,12.1,42,91520
back,1790,1079,1079,0,1032,12.1,42,91520
back,1790,1079,1079,0,1032,12.1,42,91520
back,1791,1079,1079,0,1032,12.1,42,91520
back,1791,1079,1079,0,1032,12.1,42,91520
back,1792,1079,1079,0,1032,12.1,42,91520
back,1792,1079,1079,0,1032,12.1,42,91520
back,1793,1079,1079,0,1032,12.1,42,91520
back,1793,1079,1079,0,1032,12.1,42,91520
back,1794,1079,1079,0,1032,12.1,42,91520
back,1794,1079,1079,0,1032,12.1,42,91520
back,1795,1079,1079,0,1032,12.1,42,91520
back,1795,1079,1079,0,1032,12.1,42,91520
back,1796,1079,1079,0,1032,12.1,42,91520
back,1796,1079,1079,0,1032,12.1,42,91520
back,1797,1079,1079,0,1032,12.1,42,91520
back,1797,1079,1079,0,1032,12.1,42,91520
back,1798,1079,1079,0,1032,12.1,42,91520
back,1798,1079,1079,0,1032,12.1,42,91520
back,1799,1079,1079,0,1032,12.1,42,91520
back,1799,1079,1079,0,1032,12.1,42,91520
back,1800,1079,1079,0,1032,12.1,42,91520
back,1800,1079,1079,0,1032,12.1,42,91520
back,1801,1079,1079,0,1032,12.1,42,91520
back,1801,1079,1079,0,1032,12.1,42,91520
back,1802,1079,1079,0,1032,12.1,42,91520
back,1802,1079,1079,0,1032,12.1,42,91520
back,1803,1079,1079,0,1032,12.1,42,91520
back,1803,1079,1079,0,1032,12.1,42,91520
back,1804,1079,1079,0,1032,12.1,42,91520
back,1804,1079,1079,0,1032,12.1,42,91520
back,1805,1079,1079,0,1032,12.1,42,91520
back,1805,1079,1079,0,1032,12.1,42,91520
back,1805,1079,1079,0,1032,12.1,42,91520
back,1806,1079,1079,0,1032,12.1,42,91520
back,1806,1079,1079,0,1032,12.1,42,91520
back,1807,1079,1079,0,1032,12.1,42,91520
back,1807,1079,1079,0,1032,12.1,42,91520
back,1808,1079,1079,0,1032,12.1,42,91520
back,1808,1079,1079,0,1032,12.1,42,91520
back,1809,1079,1079,0,1032,12.1,42,91520
back,1809,1079,1079,0,1032,12.1,42,91520
back,1810,1079,1079,0,1032,12.1,42,91520
back,1810,1079,1079,0,1032,12.1,42,91520
back,1811,1079,1079,0,1032,12.1,42,91520
back,1811,1079,1079,0,1032,12.1,42,91520
back,1812,1079,1079,0,1032,12.1,42,91520
back,1812,1079,1079,0,1032,12.1,42,91520
back,1813,1079,1079,0,1032,12.1,42,91520
back,1813,1079,1079,0,1032,12.1,42,91520
back,1814,1079,1079,0,1032,12.1,42,91520
back,1814,1079,1079,0,1032,12.1,42,91520
back,1815,1079,1079,0,1032,12.1,42,91520
back,1815,1079,1079,0,1032,12.1,42,91520
back,1816,1079,1079,0,1032,12.1,42,91520
back,1816,1079,1079,0,1032,12.1,42,91520
back,1817,1079,1079,0,1032,12.1,42,91520
back,1817,1079,1079,0,1032,12.1,42,91520
back,1818,1079,1079,0,1032,12.1,42,91520
back,1818,1079,1079,0,1032,12.1,42,91520
back,1819,1079,1079,0,1032,12.1,42,91520
back,1820,1079,1079,0,1032,12.1,42,91520
back,1821,1079,1079,0,1032,12.1,42,91520
back,1821,1079,1079,0,1032,12.1,42,91520
back,1821,1079,1079,0,1032,12.1,42,91520
back,1822,1079,1079,0,1032,12.1,42,91520
back,1822,1079,1079,0,1032,12.1,42,91520
back,1823,1079,1079,0,1032,12.1,42,91520
back,1823,1079,1079,0,1032,12.1,42,91520
back,1824,1079,1079,0,1032,12.1,42,91520
back,1824,1079,1079,0,1032,12.1,42,91520
back,1825,1079,1079,0,1032,12.1,42,91520
back,1825,1079,1079,0,1032,12.1,42,91520
back,1826,1079,1079,0,1032,12.1,42,91520
back,1826,1079,1079,0,1032,12.1,42,91520
back,1827,1079,1079,0,1032,12.1,42,91520
back,1827,1079,1079,0,1032,12.1,42,91520
back,1828,1079,1079,0,1032,12.1,42,91520
back,1828,1079,1079,0,1032,12.1,42,91520
back,1829,1079,1079,0,1032,12.1,42,91520
back,1829,1079,1079,0,1032,12.1,42,91520
back,1830,1079,1079,0,1032,12.1,42,91520
back,1830,1079,1079,0,1032,12.1,42,91520
back,1831,1079,1079,0,1032,12.1,42,91520
back,1831,1079,1079,0,1032,12.1,42,91520
back,1832,1079,1079,0,1032,12.1,42,91520
back,1832,1079,1079,0,1032,12.1,42,91520
back,1833,1079,1079,0,1032,12.1,42,91520
back,1833,1079,1079,0,1032,12.1,42,91520
back,1834,1079,1079,0,1032,12.1,42,91520
back,1834,1079,1079,0,1032,12.1,42,91520
back,1835,1079,1079,0,1032,12.1,42,91520
back,1835,1079,1079,0,1032,12.1,42,91520
back,1836,1079,1079,0,1032,12.1,42,91520
back,1836,1079,1079,0,1032,12.1,42,91520
back,1837,1079,1079,0,1032,12.1,42,91520
back,1837,1079,1079,0,1032,12.1,42,91520
back,1838,1079,1079,0,1032,12.1,42,91520
back,1838,1079,1079,0,1032,12.1,42,91520
back,1838,1079,1079,0,1032,12.1,42,91520
back,1839,1079,1079,0,1032,12.1,42,91520
back,1839,1079,1079,0,1032,12.1,42,91520
back,1840,1079,1079,0,1032,12.1,42,91520
back,1840,1079,1079,0,1032,12.1,42,91520
back,1841,1079,1079,0,1032,12.1,42,91520
back,1841,1079,1079,0,1032,12.1,42,91520
back,1842,1079,1079,0,1032,12.1,42,91520
back,1842,1079,1079,0,1032,12.1,42,91520
back,1843,1079,1079,0,1032,12.1,42,91520
back,1843,1079,1079,0,1032,12.1,42,91520
back,1844,1079,1079,0,1032,12.1,42,91520
back,1844,1079,1079,0,1032,12.1,42,91520
back,1845,1079,1079,0,1032,12.1,42,91520
back,1845,1079,1079,0,1032,12.1,42,91520
back,1846,1079,1079,0,1032,12.1,42,91520
back,1846,1079,1079,0,1032,12.1,42,91520
back,1847,1079,1079,0,1032,12.1,42,91520
back,1847,1079,1079,0,1032,12.1,42,91520
back,1848,1079,1079,0,1032,12.1,42,91520
back,1848,1079,1079,0,1032,12.1,42,91520
back,1848,1079,1079,0,1032,12.1,42,91520
back,1849,1079,1079,0,1032,12.1,42,91520
back,1850,1079,1079,0,1032,12.1,42,91520
back,1850,1079,1079,0,1032,12.1,42,91520
back,1851,1079,1079,0,1032,12.1,42,91520
back,1851,1079,1079,0,1032,12.1,42,91520
back,1852,1079,1079,0,1032,12.1,42,91520
back,1852,1079,1079,0,1032,12.1,42,91520
back,1853,1079,1079,0,1032,12.1,42,91520
back,1853,1079,1079,0,1032,12.1,42,91520
back,1854,1079,1079,0,1032,12.1,42,91520
back,1854,1079,1079,0,1032,12.1,42,91520
back,1855,1079,1079,0,1032,12.1,42,91520
back,1855,1079,1079,0,1032,12.1,42,91520
back,1856,1079,1079,0,1032,12.1,42,91520
back,1856,1079,1079,0,1032,12.1,42,91520
back,1856,1079,1079,0,1032,12.1,42,91520
back,1857,1079,1079,0,1032,12.1,42,91520
back,1857,1079,1079,0,1032,12.1,42,91520
back,1858,1079,1079,0,1032,12.1,42,91520
back,1858,1079,1079,0,1032,12.1,42,91520
back,1859,1079,1079,0,1032,12.1,42,91520
back,1859,1079,1079,0,1032,12.1,42,91520
back,1860,1079,1079,0,1032,12.1,42,91520
back,1860,1079,1079,0,1032,12.1,42,91520
back,1861,1079,1079,0,1032,12.1,42,91520
back,1861,1079,1079,0,1032,12.1,42,91520
back,1861,1079,1079,0,1032,12.1,42,91520
back,1862,1079,1079,0,1032,12.1,42,91520
back,1863,1079,1079,0,1032,12.1,42,91520
back,1863,1079,1079,0,1032,12.1,42,91520
back,1864,1079,1079,0,1032,12.1,42,91520
back,1864,1079,1079,0,1032,12.1,42,91520
back,1865,1079,1079,0,1032,12.1,42,91520
back,1865,1079,1079,0,1032,12.1,42,91520
back,1866,1079,1079,0,1032,12.1,42,91520
back,1866,1079,1079,0,1032,12.1,42,91520
back,1867,1079,1079,0,1032,12.1,42,91520
back,1867,1079,1079,0,1032,12.1,42,91520
back,1868,1079,1079,0,1032,12.1,42,91520
back,1868,1079,1079,0,1032,12.1,42,91520
back,1869,1079,1079,0,1032,12.1,42,91520
back,1869,1079,1079,0,1032,12.1,42,91520
back,1870,1079,1079,0,1032,12.1,42,91520
back,1870,1079,1079,0,1032,12.1,42,91520
back,1871,1079,1079,0,1032,12.1,42,91520
back,1871,1079,1079,0,1032,12.1,42,91520
back,1871,1079,1079,0,1032,12.1,42,91520
back,1872,1079,1079,0,1032,12.1,42,91520
back,1872,1079,1079,0,1032,12.1,42,91520
back,1873,1079,1079,0,1032,12.1,42,91520
back,1873,1079,1079,0,1032,12.1,42,91520
back,1874,1079,1079,0,1032,12.1,42,91520
back,1874,1079,1079,0,1032,12.1,42,91520
back,1875,1079,1079,0,1032,12.1,42,91520
back,1875,1079,1079,0,1032,12.1,42,91520
back,1875,1079,1079,0,1032,12.1,42,91520
back,1876,1079,1079,0,1032,12.1,42,91520
back,1876,1079,1079,0,1032,12.1,42,91520
back,1877,1079,1079,0,1032,12.1,42,91520
back,1877,1079,1079,0,1032,12.1,42,91520
back,1878,1079,1079,0,1032,12.1,42,91520
back,1878,1079,1079,0,1032,12.1,42,91520
back,1879,1079,1079,0,1032,12.1,42,91520
back,1879,1079,1079,0,1032,12.1,42,91520
back,1880,1079,1079,0,1032,12.1,42,91520
back,1880,1079,1079,0,1032,12.1,42,91520
back,1881,1079,1079,0,1032,12.1,42,91520
back,1881,1079,1079,0,1032,12.1,42,91520
back,1882,1079,1079,0,1032,12.1,42,91520
back,1882,1079,1079,0,1032,12.1,42,91520
back,1883,1079,1079,0,1032,12.1,42,91520
back,1883,1079,1079,0,1032,12.1,42,91520
back,1884,1079,1079,0,1032,12.1,42,91520
back,1884,1079,1079,0,1032,12.1,42,91520
back,1885,1079,1079,0,1032,12.1,42,91520
back,1885,1079,1079,0,1032,12.1,42,91520
back,1886,1079,1079,0,1032,12.1,42,91520
back,1886,1079,1079,0,1032,12.1,42,91520
back,1887,1079,1079,0,1032,12.1,42,91520
back,1887,1079,1079,0,1032,12.1,42,91520
back,1888,1079,1079,0,1032,12.1,42,91520
back,1888,1079,1079,0,1032,12.1,42,91520
back,1888,1079,1079,0,1032,12.1,42,91520
back,1889,1079,1079,0,1032,12.1,42,91520
back,1889,1079,1079,0,1032,12.1,42,91520
back,1890,1079,1079,0,1032,12.1,42,91520
back,1890,1079,1079,0,1032,12.2,42,91520
back,1891,1079,1079,0,1032,12.2,42,91520
back,1891,1079,1079,0,1032,12.1,42,91520
back,1892,1079,1079,0,1032,12.1,42,91520
back,1892,1079,1079,0,1032,12.1,42,91520
back,1893,1079,1079,0,1032,12.1,42,91520
back,1893,1079,1079,0,1032,12.1,42,91520
back,1894,1079,1079,0,1032,12.1,42,91520
back,1894,1079,1079,0,1032,12.1,42,91520
back,1895,1079,1079,0,1032,12.1,42,91520
back,1895,1079,1079,0,1032,12.1,42,91520
back,1896,1079,1079,0,1032,12.1,42,91520
back,1896,1079,1079,0,1032,12.1,42,91520
back,1897,1079,1079,0,1032,12.1,42,91520
back,1897,1079,1079,0,1032,12.1,42,91520
back,1898,1079,1079,0,1032,12.1,42,91520
back,1898,1079,1079,0,1032,12.1,42,91520
back,1899,1079,1079,0,1032,12.1,42,91520
back,1899,1079,1079,0,1032,12.1,42,91520
back,1900,1079,1079,0,1032,12.1,42,91520
back,1900,1079,1079,0,1032,12.1,42,91520
back,1901,1079,1079,0,1032,12.1,42,91520
back,1901,1079,1079,0,1032,12.1,42,91520
back,1902,1079,1079,0,1032,12.1,42,91520
back,1902,1079,1079,0,1032,12.1,42,91520
back,1903,1079,1079,0,1032,12.1,42,91520
back,1903,1079,1079,0,1032,12.1,42,91520
back,1904,1079,1079,0,1032,12.1,42,91520
back,1904,1079,1079,0,1032,12.1,42,91520
back,1905,1079,1079,0,1032,12.1,42,91520
back,1905,1079,1079,0,1032,12.1,42,91520
back,1905,1079,1079,0,1032,12.1,42,91520
back,1906,1079,1079,0,1032,12.1,42,91520
back,1906,1079,1079,0,1032,12.1,42,91520
back,1907,1079,1079,0,1032,12.1,42,91520
back,1907,1079,1079,0,1032,12.1,42,91520
back,1908,1079,1079,0,1032,12.1,42,91520
back,1908,1079,1079,0,1032,12.1,42,91520
back,1909,1079,1079,0,1032,12.1,42,91520
back,1909,1079,1079,0,1032,12.1,42,91520
back,1910,1079,1079,0,1032,12.1,42,91520
back,1910,1079,1079,0,1032,12.1,42,91520
back,1911,1079,1079,0,1032,12.1,42,91520
back,1911,1079,1079,0,1032,12.1,42,91520
back,1912,1079,1079,0,1032,12.1,42,91520
back,1912,1079,1079,0,1032,12.1,42,91520
back,1913,1079,1079,0,1032,12.1,42,91520
back,1913,1079,1079,0,1032,12.1,42,91520
back,1914,1079,1079,0,1032,12.1,42,91520
back,1914,1079,1079,0,1032,12.1,42,91520
back,1915,1079,1079,0,1032,12.1,42,91520
back,1915,1079,1079,0,1032,12.1,42,91520
back,1916,1079,1079,0,1032,12.1,42,91520
back,1916,1079,1079,0,1032,12.1,42,91520
back,1917,1079,1079,0,1032,12.1,42,91520
back,1917,1079,1079,0,1032,12.1,42,91520
back,1918,1079,1079,0,1032,12.1,42,91520
back,1918,1079,1079,0,1032,12.1,42,91520
back,1919,1079,1079,0,1032,12.1,42,91520
back,1919,1079,1079,0,1032,12.1,42,91520
back,1920,1079,1079,0,1032,12.1,42,91520
back,1920,1079,1079,0,1032,12.1,42,91520
back,1921,1079,1079,0,1032,12.1,42,91520
back,1921,1079,1079,0,1032,12.1,42,91520
back,1922,1079,1079,0,1032,12.1,42,91520
back,1922,1079,1079,0,1032,12.1,42,91520
back,1922,1079,1079,0,1032,12.1,42,91520
back,1923,1079,1079,0,1032,12.1,42,91520
back,1923,1079,1079,0,1032,12.1,42,91520
back,1924,1079,1079,0,1032,12.1,42,91520
back,1924,1079,1079,0,1032,12.1,42,91520
back,1925,1079,1079,0,1032,12.2,42,91520
back,1925,1079,1079,0,1032,12.2,42,91520
back,1926,1079,1079,0,1032,12.1,42,91520
back,1926,1079,1079,0,1032,12.1,42,91520
back,1927,1079,1079,0,1032,12.1,42,91520
back,1927,1079,1079,0,1032,12.1,42,91520
back,1928,1079,1079,0,1032,12.1,42,91520
back,1928,1079,1079,0,1032,12.1,42,91520
back,1929,1079,1079,0,1032,12.1,42,91520
back,1929,1079,1079,0,1032,12.1,42,91520
back,1930,1079,1079,0,1032,12.1,42,91520
back,1930,1079,1079,0,1032,12.1,42,91520
back,1931,1079,1079,0,1032,12.1,42,91520
back,1932,1079,1079,0,1032,12.1,42,91520
back,1932,1079,1079,0,1032,12.1,42,91520
back,1933,1079,1079,0,1032,12.1,42,91520
back,1933,1079,1079,0,1032,12.1,42,91520
back,1934,1079,1079,0,1032,12.1,42,91520
back,1934,1079,1079,0,1032,12.1,42,91520
back,1935,1079,1079,0,1032,12.1,42,91520
back,1935,1079,1079,0,1032,12.1,42,91520
back,1936,1079,1079,0,1032,12.1,42,91520
back,1936,1079,1079,0,1032,12.1,42,91520
back,1937,1079,1079,0,1032,12.1,42,91520
back,1937,1079,1079,0,1032,12.1,42,91520
back,1938,1079,1079,0,1032,12.1,42,91520
back,1938,1079,1079,0,1032,12.1,42,91520
back,1939,1079,1079,0,1032,12.1,42,91520
back,1939,1079,1079,0,1032,12.1,42,91520
back,1940,1079,1079,0,1032,12.1,42,91520
back,1940,1079,1079,0,1032,12.1,42,91520
back,1941,1079,1079,0,1032,12.1,42,91520
back,1941,1079,1079,0,1032,12.1,42,91520
back,1942,1079,1079,0,1032,12.1,42,91520
back,1942,1079,1079,0,1032,12.1,42,91520
back,1943,1079,1079,0,1032,12.1,42,91520
back,1943,1079,1079,0,1032,12.1,42,91520
back,1944,1079,1079,0,1032,12.1,42,91520
back,1944,1079,1079,0,1032,12.1,42,91520
back,1945,1079,1079,0,1032,12.1,42,91520
back,1945,1079,1079,0,1032,12.1,42,91520
back,1946,1079,1079,0,1032,12.1,42,91520
back,1946,1079,1079,0,1032,12.1,42,91520
back,1947,1079,1079,0,1032,12.1,42,91520
back,1947,1079,1079,0,1032,12.1,42,91520
back,1948,1079,1079,0,1032,12.1,42,91520
back,1948,1079,1079,0,1032,12.1,42,91520
back,1949,1079,1079,0,1032,12.1,42,91520
back,1949,1079,1079,0,1032,12.1,42,91520
back,1950,1079,1079,0,1032,12.1,42,91520
back,1950,1079,1079,0,1032,12.1,42,91520
back,1951,1079,1079,0,1032,12.1,42,91520
back,1951,1079,1079,0,1032,12.1,42,91520
back,1952,1079,1079,0,1032,12.1,42,91520
back,1952,1079,1079,0,1032,12.1,42,91520
back,1953,1079,1079,0,1032,12.1,42,91520
back,1953,1079,1079,0,1032,12.1,42,91520
back,1954,1079,1079,0,1032,12.1,42,91520
back,1954,1079,1079,0,1032,12.1,42,91520
back,1955,1079,1079,0,1032,12.1,42,91520
back,1955,1079,1079,0,1032,12.1,42,91520
back,1956,1079,1079,0,1032,12.1,42,91520
back,1956,1079,1079,0,1032,12.1,42,91520
back,1957,1079,1079,0,1032,12.1,42,91520
back,1957,1079,1079,0,1032,12.1,42,91520
back,1958,1079,1079,0,1032,12.1,42,91520
back,1958,1079,1079,0,1032,12.1,42,91520
back,1959,1079,1079,0,1032,12.1,42,91520
back,1959,1079,1079,0,1032,12.1,42,91520
back,1960,1079,1079,0,1032,12.1,42,91520
back,1960,1079,1079,0,1032,12.1,42,91520
back,1961,1079,1079,0,1032,12.1,42,91520
back,1961,1079,1079,0,1032,12.1,42,91520
back,1962,1079,1079,0,1032,12.1,42,91520
back,1962,1079,1079,0,1032,12.1,42,91520
back,1963,1079,1079,0,1032,12.1,42,91520
back,1963,1079,1079,0,1032,12.1,42,91520
back,1964,1079,1079,0,1032,12.1,42,91520
back,1964,1079,1079,0,1032,12.1,42,91520
back,1965,1079,1079,0,1032,12.1,42,91520
back,1965,1079,1079,0,1032,12.1,42,91520
back,1966,1079,1079,0,1032,12.1,42,91520
back,1966,1079,1079,0,1032,12.1,42,91520
back,1967,1079,1079,0,1032,12.1,42,91520
back,1967,1079,1079,0,1032,12.1,42,91520
back,1968,1079,1079,0,1032,12.1,42,91520
back,1968,1079,1079,0,1032,12.1,42,91520
back,1969,1079,1079,0,1032,12.1,42,91520
back,1969,1079,1079,0,1032,12.1,42,91520
back,1970,1079,1079,0,1032,12.1,42,91520
back,1970,1079,1079,0,1032,12.1,42,91520
back,1971,1079,1079,0,1032,12.1,42,91520
back,1971,1079,1079,0,1032,12.1,42,91520
back,1972,1079,1079,0,1032,12.1,42,91520
back,1972,1079,1079,0,1032,12.1,42,91520
back,1973,1079,1079,0,1032,12.1,42,91520
back,1973,1079,1079,0,1032,12.1,42,91520
back,1974,1079,1079,0,1032,12.1,42,91520
back,1974,1079,1079,0,1032,12.1,42,91520
back,1975,1079,1079,0,1032,12.1,42,91520
back,1975,1079,1079,0,1032,12.1,42,91520
back,1976,1079,1079,0,1032,12.1,42,91520
back,1976,1079,1079,0,1032,12.1,42,91520
back,1977,1079,1079,0,1032,12.1,42,91520
back,1977,1079,1079,0,1032,12.1,42,91520
back,1978,1079,1079,0,1032,12.1,42,91520
back,1978,1079,1079,0,1032,12.1,42,91520
back,1979,1079,1079,0,1032,12.1,42,91520
back,1979,1079,1079,0,1032,12.1,42,91520
back,1980,1079,1079,0,1032,12.1,42,91520
back,1980,1079,1079,0,1032,12.1,42,91520
back,1981,1079,1079,0,1032,12.1,42,91520
back,1981,1079,1079,0,1032,12.1,42,91520
back,1982,1079,1079,0,1032,12.1,42,91520
back,1982,1079,1079,0,1032,12.1,42,91520
back,1983,1079,1079,0,1032,12.1,42,91520
back,1983,1079,1079,0,1032,12.1,42,91520
back,1984,1079,1079,0,1032,12.1,42,91520
back,1984,1079,1079,0,1032,12.1,42,91520
back,1985,1079,1079,0,1032,12.1,42,91520
back,1985,1079,1079,0,1032,12.1,42,91520
back,1986,1079,1079,0,1032,12.1,42,91520
back,1986,1079,1079,0,1032,12.1,42,91520
back,1987,1079,1079,0,1032,12.1,42,91520
back,1987,1079,1079,0,1032,12.1,42,91520
back,1988,1079,1079,0,1032,12.1,42,91520
back,1988,1079,1079,0,1032,12.1,42,91520
back,1988,1079,1079,0,1032,12.1,42,91520
back,1989,1079,1079,0,1032,12.1,42,91520
back,1990,1079,1079,0,1032,12.1,42,91520
back,1990,1079,1079,0,1032,12.1,42,91520
back,1991,1079,1079,0,1032,12.1,42,91520
back,1991,1079,1079,0,1032,12.1,42,91520
back,1992,1079,1079,0,1032,12.1,42,91520
back,1992,1079,1079,0,1032,12.1,42,91520
back,1993,1079,1079,0,1032,12.1,42,91520
back,1993,1079,1079,0,1032,12.1,42,91520
back,1994,1079,1079,0,1032,12.1,42,91520
back,1994,1079,1079,0,1032,12.1,42,91520
back,1995,1079,1079,0,1032,12.1,42,91520
back,1995,1079,1079,0,1032,12.1,42,91520
back,1996,1079,1079,0,1032,12.1,42,91520
back,1996,1079,1079,0,1032,12.1,42,91520
back,1997,1079,1079,0,1032,12.2,42,91520
back,1997,1079,1079,0,1032,12.2,42,91520
back,1998,1079,1079,0,1032,12.1,42,91520
back,1998,1079,1079,0,1032,12.1,42,91520
back,1999,1079,1079,0,1032,12.1,42,91520
back,1999,1079,1079,0,1032,12.1,42,91520
back,2000,1079,1079,0,1032,12.1,42,91520
