phase,t_ms,target,pos,speed,load,volt,temp_c,current_ma
pre,0,1537,1537,0,0,12.1,39,1664
pre,23,1537,1537,0,0,12.1,39,1664
pre,24,1537,1537,0,0,12.1,39,1664
pre,24,1537,1537,0,0,12.1,39,1664
pre,24,1537,1537,0,0,12.1,39,1664
pre,25,1537,1537,0,0,12.1,39,1664
pre,25,1537,1537,0,0,12.1,39,1664
pre,26,1537,1537,0,0,12.1,39,1664
pre,26,1537,1537,0,0,12.1,39,1664
pre,27,1537,1537,0,0,12.1,39,1664
pre,27,1537,1537,0,0,12.1,39,1664
pre,28,1537,1537,0,0,12.1,39,1664
pre,28,1537,1537,0,0,12.1,39,1664
pre,29,1537,1537,0,0,12.1,39,1664
pre,29,1537,1537,0,0,12.1,39,1664
pre,30,1537,1537,0,0,12.1,39,1664
pre,30,1537,1537,0,0,12.1,39,1664
pre,31,1537,1537,0,0,12.1,39,1664
pre,31,1537,1537,0,0,12.1,39,1664
pre,31,1537,1537,0,0,12.1,39,1664
pre,32,1537,1537,0,0,12.1,39,1664
pre,32,1537,1537,0,0,12.1,39,1664
pre,33,1537,1537,0,0,12.1,39,1664
pre,33,1537,1537,0,0,12.1,39,1664
pre,34,1537,1537,0,0,12.1,39,1664
pre,34,1537,1537,0,0,12.1,39,1664
pre,35,1537,1537,0,0,12.1,39,1664
pre,35,1537,1537,0,0,12.1,39,1664
pre,36,1537,1537,0,0,12.1,39,1664
pre,36,1537,1537,0,0,12.1,39,1664
pre,37,1537,1537,0,0,12.1,39,1664
pre,37,1537,1537,0,0,12.1,39,1664
pre,38,1537,1537,0,0,12.1,39,1664
pre,38,1537,1537,0,0,12.1,39,1664
pre,39,1537,1537,0,0,12.1,39,1664
pre,39,1537,1537,0,0,12.1,39,1664
pre,40,1537,1537,0,0,12.1,39,1664
pre,40,1537,1537,0,0,12.1,39,1664
pre,41,1537,1537,0,0,12.1,39,1664
pre,41,1537,1537,0,0,12.1,39,1664
pre,42,1537,1537,0,0,12.1,39,1664
pre,42,1537,1537,0,0,12.1,39,1664
pre,43,1537,1537,0,0,12.1,39,1664
pre,43,1537,1537,0,0,12.1,39,1664
pre,44,1537,1537,0,0,12.1,39,1664
pre,44,1537,1537,0,0,12.1,39,1664
pre,45,1537,1537,0,0,12.1,39,1664
pre,45,1537,1537,0,0,12.1,39,1664
pre,45,1537,1537,0,0,12.1,39,1664
pre,46,1537,1537,0,0,12.1,39,1664
pre,46,1537,1537,0,0,12.1,39,1664
pre,47,1537,1537,0,0,12.1,39,1664
pre,47,1537,1537,0,0,12.1,39,1664
pre,48,1537,1537,0,0,12.1,39,1664
pre,48,1537,1537,0,0,12.1,39,1664
pre,49,1537,1537,0,0,12.1,39,1664
pre,49,1537,1537,0,0,12.1,39,1664
pre,50,1537,1537,0,0,12.1,39,1664
pre,50,1537,1537,0,0,12.1,39,1664
pre,50,1537,1537,0,0,12.1,39,1664
pre,51,1537,1537,0,0,12.1,39,1664
pre,52,1537,1537,0,0,12.1,39,1664
pre,52,1537,1537,0,0,12.1,39,1664
pre,53,1537,1537,0,0,12.1,39,1664
pre,53,1537,1537,0,0,12.1,39,1664
pre,54,1537,1537,0,0,12.1,39,1664
pre,54,1537,1537,0,0,12.1,39,1664
pre,55,1537,1537,0,0,12.1,39,1664
pre,55,1537,1537,0,0,12.1,39,1664
pre,56,1537,1537,0,0,12.1,39,1664
pre,56,1537,1537,0,0,12.1,39,1664
pre,57,1537,1537,0,0,12.1,39,1664
pre,57,1537,1537,0,0,12.1,39,1664
pre,57,1537,1537,0,0,12.1,39,1664
pre,58,1537,1537,0,0,12.1,39,1664
pre,58,1537,1537,0,0,12.1,39,1664
pre,59,1537,1537,0,0,12.1,39,1664
pre,59,1537,1537,0,0,12.1,39,1664
pre,60,1537,1537,0,0,12.1,39,1664
pre,60,1537,1537,0,0,12.1,39,1664
pre,61,1537,1537,0,0,12.1,39,1664
pre,61,1537,1537,0,0,12.1,39,1664
pre,62,1537,1537,0,0,12.1,39,1664
pre,62,1537,1537,0,0,12.1,39,1664
pre,63,1537,1537,0,0,12.1,39,1664
pre,63,1537,1537,0,0,12.1,39,1664
pre,64,1537,1537,0,0,12.1,39,1664
pre,64,1537,1537,0,0,12.1,39,1664
pre,64,1537,1537,0,0,12.1,39,1664
pre,65,1537,1537,0,0,12.1,39,1664
pre,65,1537,1537,0,0,12.1,39,1664
pre,66,1537,1537,0,0,12.1,39,1664
pre,66,1537,1537,0,0,12.1,39,1664
pre,67,1537,1537,0,0,12.1,39,1664
pre,67,1537,1537,0,0,12.1,39,1664
pre,68,1537,1537,0,0,12.1,39,1664
pre,68,1537,1537,0,0,12.1,39,1664
pre,69,1537,1537,0,0,12.1,39,1664
pre,69,1537,1537,0,0,12.1,39,1664
pre,70,1537,1537,0,0,12.1,39,1664
pre,70,1537,1537,0,0,12.1,39,1664
pre,71,1537,1537,0,0,12.1,39,1664
pre,71,1537,1537,0,0,12.1,39,1664
pre,72,1537,1537,0,0,12.1,39,1664
pre,72,1537,1537,0,0,12.1,39,1664
pre,73,1537,1537,0,0,12.1,39,1664
pre,73,1537,1537,0,0,12.1,39,1664
pre,74,1537,1537,0,0,12.1,39,1664
pre,74,1537,1537,0,0,12.1,39,1664
pre,75,1537,1537,0,0,12.1,39,1664
pre,75,1537,1537,0,0,12.1,39,1664
pre,76,1537,1537,0,0,12.1,39,1664
pre,76,1537,1537,0,0,12.1,39,1664
pre,77,1537,1537,0,0,12.1,39,1664
pre,77,1537,1537,0,0,12.1,39,1664
pre,78,1537,1537,0,0,12.1,39,1664
pre,78,1537,1537,0,0,12.1,39,1664
pre,79,1537,1537,0,0,12.1,39,1664
pre,79,1537,1537,0,0,12.1,39,1664
pre,80,1537,1537,0,0,12.1,39,1664
pre,80,1537,1537,0,0,12.1,39,1664
pre,80,1537,1537,0,0,12.1,39,1664
pre,81,1537,1537,0,0,12.1,39,1664
pre,81,1537,1537,0,0,12.1,39,1664
pre,82,1537,1537,0,0,12.1,39,1664
pre,82,1537,1537,0,0,12.1,39,1664
pre,83,1537,1537,0,0,12.1,39,1664
pre,83,1537,1537,0,0,12.1,39,1664
pre,84,1537,1537,0,0,12.1,39,1664
pre,84,1537,1537,0,0,12.1,39,1664
pre,85,1537,1537,0,0,12.1,39,1664
pre,85,1537,1537,0,0,12.1,39,1664
pre,86,1537,1537,0,0,12.1,39,1664
pre,86,1537,1537,0,0,12.1,39,1664
pre,87,1537,1537,0,0,12.1,39,1664
pre,87,1537,1537,0,0,12.1,39,1664
pre,88,1537,1537,0,0,12.1,39,1664
pre,88,1537,1537,0,0,12.1,39,1664
pre,88,1537,1537,0,0,12.1,39,1664
pre,89,1537,1537,0,0,12.1,39,1664
pre,89,1537,1537,0,0,12.1,39,1664
pre,90,1537,1537,0,0,12.1,39,1664
pre,90,1537,1537,0,0,12.1,39,1664
pre,91,1537,1537,0,0,12.1,39,1664
pre,91,1537,1537,0,0,12.1,39,1664
pre,92,1537,1537,0,0,12.1,39,1664
pre,92,1537,1537,0,0,12.1,39,1664
pre,93,1537,1537,0,0,12.1,39,1664
pre,93,1537,1537,0,0,12.1,39,1664
pre,94,1537,1537,0,0,12.1,39,1664
pre,94,1537,1537,0,0,12.1,39,1664
pre,95,1537,1537,0,0,12.1,39,1664
pre,95,1537,1537,0,0,12.1,39,1664
pre,96,1537,1537,0,0,12.1,39,1664
pre,96,1537,1537,0,0,12.1,39,1664
pre,97,1537,1537,0,0,12.1,39,1664
pre,97,1537,1537,0,0,12.1,39,1664
pre,98,1537,1537,0,0,12.1,39,1664
pre,98,1537,1537,0,0,12.1,39,1664
pre,99,1537,1537,0,0,12.1,39,1664
pre,99,1537,1537,0,0,12.1,39,1664
pre,100,1537,1537,0,0,12.1,39,1664
pre,100,1537,1537,0,0,12.1,39,1664
pre,100,1537,1537,0,0,12.1,39,1664
pre,101,1537,1537,0,0,12.1,39,1664
pre,101,1537,1537,0,0,12.1,39,1664
pre,102,1537,1537,0,0,12.1,39,1664
pre,102,1537,1537,0,0,12.1,39,1664
pre,103,1537,1537,0,0,12.1,39,1664
pre,103,1537,1537,0,0,12.1,39,1664
pre,104,1537,1537,0,0,12.1,39,1664
pre,104,1537,1537,0,0,12.1,39,1664
pre,105,1537,1537,0,0,12.1,39,1664
pre,105,1537,1537,0,0,12.1,39,1664
pre,106,1537,1537,0,0,12.1,39,1664
pre,106,1537,1537,0,0,12.1,39,1664
pre,107,1537,1537,0,0,12.1,39,1664
pre,107,1537,1537,0,0,12.1,39,1664
pre,107,1537,1537,0,0,12.1,39,1664
pre,108,1537,1537,0,0,12.1,39,1664
pre,108,1537,1537,0,0,12.1,39,1664
pre,109,1537,1537,0,0,12.1,39,1664
pre,109,1537,1537,0,0,12.1,39,1664
pre,110,1537,1537,0,0,12.1,39,1664
pre,110,1537,1537,0,0,12.1,39,1664
pre,111,1537,1537,0,0,12.1,39,1664
pre,111,1537,1537,0,0,12.1,39,1664
pre,112,1537,1537,0,0,12.1,39,1664
pre,112,1537,1537,0,0,12.1,39,1664
pre,113,1537,1537,0,0,12.1,39,1664
pre,113,1537,1537,0,0,12.1,39,1664
pre,114,1537,1537,0,0,12.1,39,1664
pre,114,1537,1537,0,0,12.1,39,1664
pre,114,1537,1537,0,0,12.1,39,1664
pre,115,1537,1537,0,0,12.1,39,1664
pre,115,1537,1537,0,0,12.1,39,1664
pre,116,1537,1537,0,0,12.1,39,1664
pre,116,1537,1537,0,0,12.1,39,1664
pre,117,1537,1537,0,0,12.1,39,1664
pre,117,1537,1537,0,0,12.1,39,1664
pre,118,1537,1537,0,0,12.1,39,1664
pre,118,1537,1537,0,0,12.1,39,1664
pre,119,1537,1537,0,0,12.1,39,1664
pre,119,1537,1537,0,0,12.1,39,1664
pre,120,1537,1537,0,0,12.1,39,1664
pre,120,1537,1537,0,0,12.1,39,1664
pre,121,1537,1537,0,0,12.1,39,1664
pre,121,1537,1537,0,0,12.1,39,1664
pre,122,1537,1537,0,0,12.1,39,1664
pre,122,1537,1537,0,0,12.1,39,1664
pre,123,1537,1537,0,0,12.1,39,1664
pre,123,1537,1537,0,0,12.1,39,1664
pre,124,1537,1537,0,0,12.1,39,1664
pre,124,1537,1537,0,0,12.1,39,1664
pre,125,1537,1537,0,0,12.1,39,1664
pre,125,1537,1537,0,0,12.1,39,1664
pre,126,1537,1537,0,0,12.1,39,1664
pre,126,1537,1537,0,0,12.1,39,1664
pre,127,1537,1537,0,0,12.1,39,1664
pre,127,1537,1537,0,0,12.1,39,1664
pre,128,1537,1537,0,0,12.1,39,1664
pre,128,1537,1537,0,0,12.1,39,1664
pre,128,1537,1537,0,0,12.1,39,1664
pre,129,1537,1537,0,0,12.1,39,1664
pre,129,1537,1537,0,0,12.1,39,1664
pre,130,1537,1537,0,0,12.1,39,1664
pre,130,1537,1537,0,0,12.1,39,1664
pre,131,1537,1537,0,0,12.1,39,1664
pre,131,1537,1537,0,0,12.1,39,1664
pre,132,1537,1537,0,0,12.1,39,1664
pre,132,1537,1537,0,0,12.1,39,1664
pre,133,1537,1537,0,0,12.1,39,1664
pre,133,1537,1537,0,0,12.1,39,1664
pre,134,1537,1537,0,0,12.1,39,1664
pre,134,1537,1537,0,0,12.1,39,1664
pre,135,1537,1537,0,0,12.1,39,1664
pre,135,1537,1537,0,0,12.1,39,1664
pre,136,1537,1537,0,0,12.1,39,1664
pre,136,1537,1537,0,0,12.1,39,1664
pre,137,1537,1537,0,0,12.1,39,1664
pre,137,1537,1537,0,0,12.1,39,1664
pre,138,1537,1537,0,0,12.1,39,1664
pre,138,1537,1537,0,0,12.1,39,1664
pre,139,1537,1537,0,0,12.1,39,1664
pre,139,1537,1537,0,0,12.1,39,1664
pre,140,1537,1537,0,0,12.1,39,1664
pre,140,1537,1537,0,0,12.1,39,1664
pre,141,1537,1537,0,0,12.1,39,1664
pre,141,1537,1537,0,0,12.1,39,1664
pre,142,1537,1537,0,0,12.1,39,1664
pre,142,1537,1537,0,0,12.1,39,1664
pre,143,1537,1537,0,0,12.1,39,1664
pre,143,1537,1537,0,0,12.1,39,1664
pre,144,1537,1537,0,0,12.1,39,1664
pre,144,1537,1537,0,0,12.1,39,1664
pre,145,1537,1537,0,0,12.1,39,1664
pre,145,1537,1537,0,0,12.1,39,1664
pre,146,1537,1537,0,0,12.1,39,1664
pre,146,1537,1537,0,0,12.1,39,1664
pre,147,1537,1537,0,0,12.1,39,1664
pre,147,1537,1537,0,0,12.1,39,1664
pre,148,1537,1537,0,0,12.1,39,1664
pre,148,1537,1537,0,0,12.1,39,1664
pre,149,1537,1537,0,0,12.1,39,1664
pre,149,1537,1537,0,0,12.1,39,1664
pre,150,1537,1537,0,0,12.1,39,1664
pre,150,1537,1537,0,0,12.1,39,1664
pre,151,1537,1537,0,0,12.1,39,1664
pre,151,1537,1537,0,0,12.1,39,1664
pre,152,1537,1537,0,0,12.1,39,1664
pre,152,1537,1537,0,0,12.1,39,1664
pre,153,1537,1537,0,0,12.1,39,1664
pre,153,1537,1537,0,0,12.1,39,1664
pre,154,1537,1537,0,0,12.1,39,1664
pre,154,1537,1537,0,0,12.1,39,1664
pre,155,1537,1537,0,0,12.1,39,1664
pre,155,1537,1537,0,0,12.1,39,1664
pre,155,1537,1537,0,0,12.1,39,1664
pre,156,1537,1537,0,0,12.1,39,1664
pre,156,1537,1537,0,0,12.1,39,1664
pre,157,1537,1537,0,0,12.1,39,1664
pre,157,1537,1537,0,0,12.1,39,1664
pre,158,1537,1537,0,0,12.1,39,1664
pre,158,1537,1537,0,0,12.1,39,1664
pre,159,1537,1537,0,0,12.1,39,1664
pre,159,1537,1537,0,0,12.1,39,1664
pre,160,1537,1537,0,0,12.1,39,1664
pre,160,1537,1537,0,0,12.1,39,1664
pre,161,1537,1537,0,0,12.1,39,1664
pre,161,1537,1537,0,0,12.1,39,1664
pre,162,1537,1537,0,0,12.1,39,1664
pre,162,1537,1537,0,0,12.1,39,1664
pre,163,1537,1537,0,0,12.1,39,1664
pre,163,1537,1537,0,0,12.1,39,1664
pre,164,1537,1537,0,0,12.1,39,1664
pre,164,1537,1537,0,0,12.1,39,1664
pre,165,1537,1537,0,0,12.1,39,1664
pre,165,1537,1537,0,0,12.1,39,1664
pre,166,1537,1537,0,0,12.1,39,1664
pre,166,1537,1537,0,0,12.1,39,1664
pre,166,1537,1537,0,0,12.1,39,1664
pre,167,1537,1537,0,0,12.1,39,1664
pre,167,1537,1537,0,0,12.1,39,1664
pre,168,1537,1537,0,0,12.1,39,1664
pre,168,1537,1537,0,0,12.1,39,1664
pre,169,1537,1537,0,0,12.1,39,1664
pre,169,1537,1537,0,0,12.1,39,1664
pre,170,1537,1537,0,0,12.1,39,1664
pre,170,1537,1537,0,0,12.1,39,1664
pre,171,1537,1537,0,0,12.1,39,1664
pre,171,1537,1537,0,0,12.1,39,1664
pre,172,1537,1537,0,0,12.1,39,1664
pre,172,1537,1537,0,0,12.1,39,1664
pre,173,1537,1537,0,0,12.1,39,1664
pre,173,1537,1537,0,0,12.1,39,1664
pre,173,1537,1537,0,0,12.1,39,1664
pre,174,1537,1537,0,0,12.1,39,1664
pre,174,1537,1537,0,0,12.1,39,1664
pre,175,1537,1537,0,0,12.1,39,1664
pre,176,1537,1537,0,0,12.1,39,1664
pre,176,1537,1537,0,0,12.1,39,1664
pre,177,1537,1537,0,0,12.1,39,1664
pre,177,1537,1537,0,0,12.1,39,1664
pre,178,1537,1537,0,0,12.1,39,1664
pre,178,1537,1537,0,0,12.1,39,1664
pre,179,1537,1537,0,0,12.1,39,1664
pre,179,1537,1537,0,0,12.1,39,1664
pre,179,1537,1537,0,0,12.1,39,1664
pre,180,1537,1537,0,0,12.1,39,1664
pre,180,1537,1537,0,0,12.1,39,1664
pre,181,1537,1537,0,0,12.1,39,1664
pre,181,1537,1537,0,0,12.1,39,1664
pre,182,1537,1537,0,0,12.1,39,1664
pre,182,1537,1537,0,0,12.1,39,1664
pre,183,1537,1537,0,0,12.1,39,1664
pre,183,1537,1537,0,0,12.1,39,1664
pre,184,1537,1537,0,0,12.1,39,1664
pre,184,1537,1537,0,0,12.1,39,1664
pre,184,1537,1537,0,0,12.1,39,1664
pre,185,1537,1537,0,0,12.1,39,1664
pre,185,1537,1537,0,0,12.1,39,1664
pre,186,1537,1537,0,0,12.1,39,1664
pre,186,1537,1537,0,0,12.1,39,1664
pre,187,1537,1537,0,0,12.1,39,1664
pre,187,1537,1537,0,0,12.1,39,1664
pre,188,1537,1537,0,0,12.1,39,1664
pre,188,1537,1537,0,0,12.1,39,1664
pre,189,1537,1537,0,0,12.1,39,1664
pre,189,1537,1537,0,0,12.1,39,1664
pre,190,1537,1537,0,0,12.1,39,1664
pre,190,1537,1537,0,0,12.1,39,1664
pre,191,1537,1537,0,0,12.1,39,1664
pre,191,1537,1537,0,0,12.1,39,1664
pre,192,1537,1537,0,0,12.1,39,1664
pre,192,1537,1537,0,0,12.1,39,1664
pre,192,1537,1537,0,0,12.1,39,1664
pre,193,1537,1537,0,0,12.1,39,1664
pre,193,1537,1537,0,0,12.1,39,1664
pre,194,1537,1537,0,0,12.1,39,1664
pre,194,1537,1537,0,0,12.1,39,1664
pre,195,1537,1537,0,0,12.1,39,1664
pre,195,1537,1537,0,0,12.1,39,1664
pre,196,1537,1537,0,0,12.1,39,1664
pre,196,1537,1537,0,0,12.1,39,1664
pre,197,1537,1537,0,0,12.1,39,1664
pre,197,1537,1537,0,0,12.1,39,1664
pre,198,1537,1537,0,0,12.1,39,1664
pre,198,1537,1537,0,0,12.1,39,1664
pre,199,1537,1537,0,0,12.1,39,1664
pre,199,1537,1537,0,0,12.1,39,1664
pre,200,1537,1537,0,0,12.1,39,1664
pre,200,1537,1537,0,0,12.1,39,1664
pre,200,1537,1537,0,0,12.1,39,1664
pre,201,1537,1537,0,0,12.1,39,1664
pre,201,1537,1537,0,0,12.1,39,1664
pre,202,1537,1537,0,0,12.1,39,1664
pre,202,1537,1537,0,0,12.1,39,1664
pre,203,1537,1537,0,0,12.1,39,1664
pre,203,1537,1537,0,0,12.1,39,1664
pre,204,1537,1537,0,0,12.1,39,1664
pre,204,1537,1537,0,0,12.1,39,1664
pre,205,1537,1537,0,0,12.1,39,1664
pre,205,1537,1537,0,0,12.1,39,1664
pre,206,1537,1537,0,0,12.1,39,1664
pre,206,1537,1537,0,0,12.1,39,1664
pre,207,1537,1537,0,0,12.1,39,1664
pre,207,1537,1537,0,0,12.1,39,1664
pre,207,1537,1537,0,0,12.1,39,1664
pre,208,1537,1537,0,0,12.1,39,1664
pre,208,1537,1537,0,0,12.1,39,1664
pre,209,1537,1537,0,0,12.1,39,1664
pre,209,1537,1537,0,0,12.1,39,1664
pre,210,1537,1537,0,0,12.1,39,1664
pre,210,1537,1537,0,0,12.1,39,1664
pre,211,1537,1537,0,0,12.1,39,1664
pre,211,1537,1537,0,0,12.1,39,1664
pre,212,1537,1537,0,0,12.1,39,1664
pre,212,1537,1537,0,0,12.1,39,1664
pre,212,1537,1537,0,0,12.1,39,1664
pre,213,1537,1537,0,0,12.1,39,1664
pre,213,1537,1537,0,0,12.1,39,1664
pre,214,1537,1537,0,0,12.1,39,1664
pre,214,1537,1537,0,0,12.1,39,1664
pre,215,1537,1537,0,0,12.1,39,1664
pre,215,1537,1537,0,0,12.1,39,1664
pre,216,1537,1537,0,0,12.1,39,1664
pre,216,1537,1537,0,0,12.1,39,1664
pre,217,1537,1537,0,0,12.1,39,1664
pre,217,1537,1537,0,0,12.1,39,1664
pre,217,1537,1537,0,0,12.1,39,1664
pre,218,1537,1537,0,0,12.1,39,1664
pre,218,1537,1537,0,0,12.1,39,1664
pre,219,1537,1537,0,0,12.1,39,1664
pre,219,1537,1537,0,0,12.1,39,1664
pre,220,1537,1537,0,0,12.1,39,1664
pre,220,1537,1537,0,0,12.1,39,1664
pre,221,1537,1537,0,0,12.1,39,1664
pre,221,1537,1537,0,0,12.1,39,1664
pre,222,1537,1537,0,0,12.1,39,1664
pre,222,1537,1537,0,0,12.1,39,1664
pre,222,1537,1537,0,0,12.1,39,1664
pre,223,1537,1537,0,0,12.1,39,1664
pre,223,1537,1537,0,0,12.1,39,1664
pre,224,1537,1537,0,0,12.1,39,1664
pre,224,1537,1537,0,0,12.1,39,1664
pre,225,1537,1537,0,0,12.1,39,1664
pre,225,1537,1537,0,0,12.1,39,1664
pre,226,1537,1537,0,0,12.1,39,1664
pre,226,1537,1537,0,0,12.1,39,1664
pre,227,1537,1537,0,0,12.1,39,1664
pre,227,1537,1537,0,0,12.1,39,1664
pre,227,1537,1537,0,0,12.1,39,1664
pre,228,1537,1537,0,0,12.1,39,1664
pre,228,1537,1537,0,0,12.1,39,1664
pre,229,1537,1537,0,0,12.1,39,1664
pre,229,1537,1537,0,0,12.1,39,1664
pre,230,1537,1537,0,0,12.1,39,1664
pre,230,1537,1537,0,0,12.1,39,1664
pre,231,1537,1537,0,0,12.1,39,1664
pre,231,1537,1537,0,0,12.1,39,1664
pre,232,1537,1537,0,0,12.1,39,1664
pre,232,1537,1537,0,0,12.1,39,1664
pre,232,1537,1537,0,0,12.1,39,1664
pre,233,1537,1537,0,0,12.1,39,1664
pre,233,1537,1537,0,0,12.1,39,1664
pre,234,1537,1537,0,0,12.1,39,1664
pre,234,1537,1537,0,0,12.1,39,1664
pre,235,1537,1537,0,0,12.1,39,1664
pre,235,1537,1537,0,0,12.1,39,1664
pre,236,1537,1537,0,0,12.1,39,1664
pre,236,1537,1537,0,0,12.1,39,1664
pre,237,1537,1537,0,0,12.1,39,1664
pre,237,1537,1537,0,0,12.1,39,1664
pre,238,1537,1537,0,0,12.1,39,1664
pre,238,1537,1537,0,0,12.1,39,1664
pre,239,1537,1537,0,0,12.1,39,1664
pre,239,1537,1537,0,0,12.1,39,1664
pre,240,1537,1537,0,0,12.1,39,1664
pre,240,1537,1537,0,0,12.1,39,1664
pre,241,1537,1537,0,0,12.1,39,1664
pre,241,1537,1537,0,0,12.1,39,1664
pre,242,1537,1537,0,0,12.1,39,1664
pre,242,1537,1537,0,0,12.1,39,1664
pre,242,1537,1537,0,0,12.1,39,1664
pre,243,1537,1537,0,0,12.1,39,1664
pre,243,1537,1537,0,0,12.1,39,1664
pre,244,1537,1537,0,0,12.1,39,1664
pre,244,1537,1537,0,0,12.1,39,1664
pre,245,1537,1537,0,0,12.1,39,1664
pre,245,1537,1537,0,0,12.1,39,1664
pre,246,1537,1537,0,0,12.1,39,1664
pre,246,1537,1537,0,0,12.1,39,1664
pre,247,1537,1537,0,0,12.1,39,1664
pre,247,1537,1537,0,0,12.1,39,1664
pre,248,1537,1537,0,0,12.1,39,1664
pre,248,1537,1537,0,0,12.1,39,1664
pre,248,1537,1537,0,0,12.1,39,1664
pre,249,1537,1537,0,0,12.1,39,1664
pre,249,1537,1537,0,0,12.1,39,1664
pre,250,1537,1537,0,0,12.1,39,1664
pre,250,1537,1537,0,0,12.1,39,1664
pre,251,1537,1537,0,0,12.1,39,1664
pre,251,1537,1537,0,0,12.1,39,1664
pre,252,1537,1537,0,0,12.1,39,1664
pre,252,1537,1537,0,0,12.1,39,1664
pre,252,1537,1537,0,0,12.1,39,1664
pre,253,1537,1537,0,0,12.1,39,1664
pre,253,1537,1537,0,0,12.1,39,1664
pre,254,1537,1537,0,0,12.1,39,1664
pre,254,1537,1537,0,0,12.1,39,1664
pre,255,1537,1537,0,0,12.1,39,1664
pre,255,1537,1537,0,0,12.1,39,1664
pre,256,1537,1537,0,0,12.1,39,1664
pre,256,1537,1537,0,0,12.1,39,1664
pre,257,1537,1537,0,0,12.1,39,1664
pre,257,1537,1537,0,0,12.1,39,1664
pre,258,1537,1537,0,0,12.1,39,1664
pre,258,1537,1537,0,0,12.1,39,1664
pre,259,1537,1537,0,0,12.1,39,1664
pre,259,1537,1537,0,0,12.1,39,1664
pre,259,1537,1537,0,0,12.1,39,1664
pre,260,1537,1537,0,0,12.1,39,1664
pre,260,1537,1537,0,0,12.1,39,1664
pre,261,1537,1537,0,0,12.1,39,1664
pre,261,1537,1537,0,0,12.1,39,1664
pre,262,1537,1537,0,0,12.1,39,1664
pre,262,1537,1537,0,0,12.1,39,1664
pre,263,1537,1537,0,0,12.1,39,1664
pre,263,1537,1537,0,0,12.1,39,1664
pre,264,1537,1537,0,0,12.1,39,1664
pre,264,1537,1537,0,0,12.1,39,1664
pre,264,1537,1537,0,0,12.1,39,1664
pre,265,1537,1537,0,0,12.1,39,1664
pre,265,1537,1537,0,0,12.1,39,1664
pre,266,1537,1537,0,0,12.1,39,1664
pre,266,1537,1537,0,0,12.1,39,1664
pre,267,1537,1537,0,0,12.1,39,1664
pre,267,1537,1537,0,0,12.1,39,1664
pre,268,1537,1537,0,0,12.1,39,1664
pre,268,1537,1537,0,0,12.1,39,1664
pre,269,1537,1537,0,0,12.1,39,1664
pre,269,1537,1537,0,0,12.1,39,1664
pre,269,1537,1537,0,0,12.1,39,1664
pre,270,1537,1537,0,0,12.1,39,1664
pre,270,1537,1537,0,0,12.1,39,1664
pre,271,1537,1537,0,0,12.1,39,1664
pre,271,1537,1537,0,0,12.1,39,1664
pre,272,1537,1537,0,0,12.1,39,1664
pre,272,1537,1537,0,0,12.1,39,1664
pre,273,1537,1537,0,0,12.1,39,1664
pre,273,1537,1537,0,0,12.1,39,1664
pre,274,1537,1537,0,0,12.1,39,1664
pre,274,1537,1537,0,0,12.1,39,1664
pre,275,1537,1537,0,0,12.1,39,1664
pre,275,1537,1537,0,0,12.1,39,1664
pre,276,1537,1537,0,0,12.1,39,1664
pre,276,1537,1537,0,0,12.1,39,1664
pre,277,1537,1537,0,0,12.1,39,1664
pre,277,1537,1537,0,0,12.1,39,1664
pre,277,1537,1537,0,0,12.1,39,1664
pre,278,1537,1537,0,0,12.1,39,1664
pre,278,1537,1537,0,0,12.1,39,1664
pre,279,1537,1537,0,0,12.1,39,1664
pre,279,1537,1537,0,0,12.1,39,1664
pre,280,1537,1537,0,0,12.1,39,1664
pre,280,1537,1537,0,0,12.1,39,1664
pre,281,1537,1537,0,0,12.1,39,1664
pre,281,1537,1537,0,0,12.1,39,1664
pre,282,1537,1537,0,0,12.1,39,1664
pre,282,1537,1537,0,0,12.1,39,1664
pre,282,1537,1537,0,0,12.1,39,1664
pre,283,1537,1537,0,0,12.1,39,1664
pre,283,1537,1537,0,0,12.1,39,1664
pre,284,1537,1537,0,0,12.1,39,1664
pre,285,1537,1537,0,0,12.1,39,1664
pre,285,1537,1537,0,0,12.1,39,1664
pre,286,1537,1537,0,0,12.1,39,1664
pre,286,1537,1537,0,0,12.1,39,1664
pre,287,1537,1537,0,0,12.1,39,1664
pre,287,1537,1537,0,0,12.1,39,1664
pre,288,1537,1537,0,0,12.1,39,1664
pre,288,1537,1537,0,0,12.1,39,1664
pre,288,1537,1537,0,0,12.1,39,1664
pre,289,1537,1537,0,0,12.1,39,1664
pre,289,1537,1537,0,0,12.1,39,1664
pre,290,1537,1537,0,0,12.1,39,1664
pre,290,1537,1537,0,0,12.1,39,1664
pre,291,1537,1537,0,0,12.1,39,1664
pre,291,1537,1537,0,0,12.1,39,1664
pre,292,1537,1537,0,0,12.1,39,1664
pre,292,1537,1537,0,0,12.1,39,1664
pre,293,1537,1537,0,0,12.1,39,1664
pre,293,1537,1537,0,0,12.1,39,1664
pre,293,1537,1537,0,0,12.1,39,1664
pre,294,1537,1537,0,0,12.1,39,1664
pre,294,1537,1537,0,0,12.1,39,1664
pre,295,1537,1537,0,0,12.1,39,1664
pre,295,1537,1537,0,0,12.1,39,1664
pre,296,1537,1537,0,0,12.1,39,1664
pre,296,1537,1537,0,0,12.1,39,1664
pre,297,1537,1537,0,0,12.1,39,1664
pre,297,1537,1537,0,0,12.1,39,1664
pre,298,1537,1537,0,0,12.1,39,1664
pre,298,1537,1537,0,0,12.1,39,1664
pre,299,1537,1537,0,0,12.1,39,1664
pre,299,1537,1537,0,0,12.1,39,1664
pre,299,1537,1537,0,0,12.1,39,1664
pre,300,1537,1537,0,0,12.1,39,1664
pre,300,1537,1537,0,0,12.1,39,1664
pre,301,1537,1537,0,0,12.1,39,1664
pre,301,1537,1537,0,0,12.1,39,1664
pre,302,1537,1537,0,0,12.1,39,1664
pre,302,1537,1537,0,0,12.1,39,1664
pre,303,1537,1537,0,0,12.1,39,1664
pre,303,1537,1537,0,0,12.1,39,1664
pre,304,1537,1537,0,0,12.1,39,1664
pre,304,1537,1537,0,0,12.1,39,1664
pre,305,1537,1537,0,0,12.1,39,1664
pre,305,1537,1537,0,0,12.1,39,1664
pre,306,1537,1537,0,0,12.1,39,1664
pre,306,1537,1537,0,0,12.1,39,1664
pre,306,1537,1537,0,0,12.1,39,1664
pre,307,1537,1537,0,0,12.1,39,1664
pre,307,1537,1537,0,0,12.1,39,1664
pre,308,1537,1537,0,0,12.1,39,1664
pre,308,1537,1537,0,0,12.1,39,1664
pre,309,1537,1537,0,0,12.1,39,1664
pre,309,1537,1537,0,0,12.1,39,1664
pre,310,1537,1537,0,0,12.1,39,1664
pre,310,1537,1537,0,0,12.1,39,1664
pre,311,1537,1537,0,0,12.1,39,1664
pre,311,1537,1537,0,0,12.1,39,1664
pre,312,1537,1537,0,0,12.1,39,1664
pre,312,1537,1537,0,0,12.1,39,1664
pre,313,1537,1537,0,0,12.1,39,1664
pre,313,1537,1537,0,0,12.1,39,1664
pre,313,1537,1537,0,0,12.1,39,1664
pre,314,1537,1537,0,0,12.1,39,1664
pre,314,1537,1537,0,0,12.1,39,1664
pre,315,1537,1537,0,0,12.1,39,1664
pre,315,1537,1537,0,0,12.1,39,1664
pre,316,1537,1537,0,0,12.1,39,1664
pre,316,1537,1537,0,0,12.1,39,1664
pre,317,1537,1537,0,0,12.1,39,1664
pre,317,1537,1537,0,0,12.1,39,1664
pre,317,1537,1537,0,0,12.1,39,1664
pre,318,1537,1537,0,0,12.1,39,1664
pre,318,1537,1537,0,0,12.1,39,1664
pre,319,1537,1537,0,0,12.1,39,1664
pre,319,1537,1537,0,0,12.1,39,1664
pre,320,1537,1537,0,0,12.1,39,1664
pre,320,1537,1537,0,0,12.1,39,1664
pre,321,1537,1537,0,0,12.1,39,1664
pre,321,1537,1537,0,0,12.1,39,1664
pre,322,1537,1537,0,0,12.1,39,1664
pre,322,1537,1537,0,0,12.1,39,1664
pre,323,1537,1537,0,0,12.1,39,1664
pre,323,1537,1537,0,0,12.1,39,1664
pre,323,1537,1537,0,0,12.1,39,1664
pre,324,1537,1537,0,0,12.1,39,1664
pre,324,1537,1537,0,0,12.1,39,1664
pre,325,1537,1537,0,0,12.1,39,1664
pre,325,1537,1537,0,0,12.1,39,1664
pre,326,1537,1537,0,0,12.1,39,1664
pre,326,1537,1537,0,0,12.1,39,1664
pre,327,1537,1537,0,0,12.1,39,1664
pre,327,1537,1537,0,0,12.1,39,1664
pre,328,1537,1537,0,0,12.1,39,1664
pre,328,1537,1537,0,0,12.1,39,1664
pre,328,1537,1537,0,0,12.1,39,1664
pre,329,1537,1537,0,0,12.1,39,1664
pre,329,1537,1537,0,0,12.1,39,1664
pre,330,1537,1537,0,0,12.1,39,1664
pre,330,1537,1537,0,0,12.1,39,1664
pre,331,1537,1537,0,0,12.1,39,1664
pre,331,1537,1537,0,0,12.1,39,1664
pre,332,1537,1537,0,0,12.1,39,1664
pre,332,1537,1537,0,0,12.1,39,1664
pre,333,1537,1537,0,0,12.1,39,1664
pre,333,1537,1537,0,0,12.1,39,1664
pre,333,1537,1537,0,0,12.1,39,1664
pre,334,1537,1537,0,0,12.1,39,1664
pre,334,1537,1537,0,0,12.1,39,1664
pre,335,1537,1537,0,0,12.1,39,1664
pre,335,1537,1537,0,0,12.1,39,1664
pre,336,1537,1537,0,0,12.1,39,1664
pre,336,1537,1537,0,0,12.1,39,1664
pre,337,1537,1537,0,0,12.1,39,1664
pre,337,1537,1537,0,0,12.1,39,1664
pre,338,1537,1537,0,0,12.1,39,1664
pre,338,1537,1537,0,0,12.1,39,1664
pre,338,1537,1537,0,0,12.1,39,1664
pre,339,1537,1537,0,0,12.1,39,1664
pre,339,1537,1537,0,0,12.1,39,1664
pre,340,1537,1537,0,0,12.1,39,1664
pre,340,1537,1537,0,0,12.1,39,1664
pre,341,1537,1537,0,0,12.1,39,1664
pre,341,1537,1537,0,0,12.1,39,1664
pre,342,1537,1537,0,0,12.1,39,1664
pre,342,1537,1537,0,0,12.1,39,1664
pre,343,1537,1537,0,0,12.1,39,1664
pre,343,1537,1537,0,0,12.1,39,1664
pre,343,1537,1537,0,0,12.1,39,1664
pre,344,1537,1537,0,0,12.1,39,1664
pre,344,1537,1537,0,0,12.1,39,1664
pre,345,1537,1537,0,0,12.1,39,1664
pre,345,1537,1537,0,0,12.1,39,1664
pre,346,1537,1537,0,0,12.1,39,1664
pre,346,1537,1537,0,0,12.1,39,1664
pre,347,1537,1537,0,0,12.1,39,1664
pre,347,1537,1537,0,0,12.1,39,1664
pre,348,1537,1537,0,0,12.1,39,1664
pre,348,1537,1537,0,0,12.1,39,1664
pre,349,1537,1537,0,0,12.1,39,1664
pre,349,1537,1537,0,0,12.1,39,1664
pre,350,1537,1537,0,0,12.1,39,1664
pre,350,1537,1537,0,0,12.1,39,1664
pre,351,1537,1537,0,0,12.1,39,1664
pre,351,1537,1537,0,0,12.1,39,1664
pre,352,1537,1537,0,0,12.1,39,1664
pre,352,1537,1537,0,0,12.1,39,1664
pre,353,1537,1537,0,0,12.1,39,1664
pre,353,1537,1537,0,0,12.1,39,1664
pre,354,1537,1537,0,0,12.1,39,1664
pre,354,1537,1537,0,0,12.1,39,1664
pre,354,1537,1537,0,0,12.1,39,1664
pre,355,1537,1537,0,0,12.1,39,1664
pre,355,1537,1537,0,0,12.1,39,1664
pre,356,1537,1537,0,0,12.1,39,1664
pre,356,1537,1537,0,0,12.1,39,1664
pre,357,1537,1537,0,0,12.1,39,1664
pre,357,1537,1537,0,0,12.1,39,1664
pre,358,1537,1537,0,0,12.1,39,1664
pre,358,1537,1537,0,0,12.1,39,1664
pre,359,1537,1537,0,0,12.1,39,1664
pre,359,1537,1537,0,0,12.1,39,1664
pre,360,1537,1537,0,0,12.1,39,1664
pre,360,1537,1537,0,0,12.1,39,1664
pre,361,1537,1537,0,0,12.1,39,1664
pre,361,1537,1537,0,0,12.1,39,1664
pre,361,1537,1537,0,0,12.1,39,1664
pre,362,1537,1537,0,0,12.1,39,1664
pre,362,1537,1537,0,0,12.1,39,1664
pre,363,1537,1537,0,0,12.1,39,1664
pre,363,1537,1537,0,0,12.1,39,1664
pre,364,1537,1537,0,0,12.1,39,1664
pre,364,1537,1537,0,0,12.1,39,1664
pre,365,1537,1537,0,0,12.1,39,1664
pre,365,1537,1537,0,0,12.1,39,1664
pre,366,1537,1537,0,0,12.1,39,1664
pre,366,1537,1537,0,0,12.1,39,1664
pre,367,1537,1537,0,0,12.1,39,1664
pre,367,1537,1537,0,0,12.1,39,1664
pre,368,1537,1537,0,0,12.1,39,1664
pre,368,1537,1537,0,0,12.1,39,1664
pre,369,1537,1537,0,0,12.1,39,1664
pre,369,1537,1537,0,0,12.1,39,1664
pre,370,1537,1537,0,0,12.1,39,1664
pre,370,1537,1537,0,0,12.1,39,1664
pre,371,1537,1537,0,0,12.1,39,1664
pre,371,1537,1537,0,0,12.1,39,1664
pre,372,1537,1537,0,0,12.1,39,1664
pre,372,1537,1537,0,0,12.1,39,1664
pre,373,1537,1537,0,0,12.1,39,1664
pre,373,1537,1537,0,0,12.1,39,1664
pre,374,1537,1537,0,0,12.1,39,1664
pre,374,1537,1537,0,0,12.1,39,1664
pre,375,1537,1537,0,0,12.1,39,1664
pre,375,1537,1537,0,0,12.1,39,1664
pre,375,1537,1537,0,0,12.1,39,1664
pre,376,1537,1537,0,0,12.1,39,1664
pre,376,1537,1537,0,0,12.1,39,1664
pre,377,1537,1537,0,0,12.1,39,1664
pre,377,1537,1537,0,0,12.1,39,1664
pre,378,1537,1537,0,0,12.1,39,1664
pre,378,1537,1537,0,0,12.1,39,1664
pre,379,1537,1537,0,0,12.1,39,1664
pre,379,1537,1537,0,0,12.1,39,1664
pre,380,1537,1537,0,0,12.1,39,1664
pre,380,1537,1537,0,0,12.1,39,1664
pre,381,1537,1537,0,0,12.1,39,1664
pre,381,1537,1537,0,0,12.1,39,1664
pre,382,1537,1537,0,0,12.1,39,1664
pre,382,1537,1537,0,0,12.1,39,1664
pre,382,1537,1537,0,0,12.1,39,1664
pre,383,1537,1537,0,0,12.1,39,1664
pre,383,1537,1537,0,0,12.1,39,1664
pre,384,1537,1537,0,0,12.1,39,1664
pre,384,1537,1537,0,0,12.1,39,1664
pre,385,1537,1537,0,0,12.1,39,1664
pre,385,1537,1537,0,0,12.1,39,1664
pre,386,1537,1537,0,0,12.1,39,1664
pre,386,1537,1537,0,0,12.1,39,1664
pre,387,1537,1537,0,0,12.1,39,1664
pre,387,1537,1537,0,0,12.1,39,1664
pre,387,1537,1537,0,0,12.1,39,1664
pre,388,1537,1537,0,0,12.1,39,1664
pre,388,1537,1537,0,0,12.1,39,1664
pre,389,1537,1537,0,0,12.1,39,1664
pre,389,1537,1537,0,0,12.1,39,1664
pre,390,1537,1537,0,0,12.1,39,1664
pre,390,1537,1537,0,0,12.1,39,1664
pre,391,1537,1537,0,0,12.1,39,1664
pre,391,1537,1537,0,0,12.1,39,1664
pre,392,1537,1537,0,0,12.1,39,1664
pre,392,1537,1537,0,0,12.1,39,1664
pre,393,1537,1537,0,0,12.1,39,1664
pre,393,1537,1537,0,0,12.1,39,1664
pre,393,1537,1537,0,0,12.1,39,1664
pre,394,1537,1537,0,0,12.1,39,1664
pre,394,1537,1537,0,0,12.1,39,1664
pre,395,1537,1537,0,0,12.1,39,1664
pre,395,1537,1537,0,0,12.1,39,1664
pre,396,1537,1537,0,0,12.1,39,1664
pre,397,1537,1537,0,0,12.1,39,1664
pre,397,1537,1537,0,0,12.1,39,1664
pre,398,1537,1537,0,0,12.1,39,1664
pre,398,1537,1537,0,0,12.1,39,1664
pre,399,1537,1537,0,0,12.1,39,1664
pre,399,1537,1537,0,0,12.1,39,1664
pre,400,1537,1537,0,0,12.1,39,1664
pre,400,1537,1537,0,0,12.1,39,1664
pre,401,1537,1537,0,0,12.1,39,1664
pre,401,1537,1537,0,0,12.1,39,1664
pre,402,1537,1537,0,0,12.1,39,1664
pre,402,1537,1537,0,0,12.1,39,1664
pre,403,1537,1537,0,0,12.1,39,1664
pre,403,1537,1537,0,0,12.1,39,1664
pre,404,1537,1537,0,0,12.1,39,1664
pre,404,1537,1537,0,0,12.1,39,1664
pre,405,1537,1537,0,0,12.1,39,1664
pre,405,1537,1537,0,0,12.1,39,1664
pre,406,1537,1537,0,0,12.1,39,1664
pre,406,1537,1537,0,0,12.1,39,1664
pre,407,1537,1537,0,0,12.1,39,1664
pre,407,1537,1537,0,0,12.1,39,1664
pre,407,1537,1537,0,0,12.1,39,1664
pre,408,1537,1537,0,0,12.1,39,1664
pre,408,1537,1537,0,0,12.1,39,1664
pre,409,1537,1537,0,0,12.1,39,1664
pre,409,1537,1537,0,0,12.1,39,1664
pre,410,1537,1537,0,0,12.1,39,1664
pre,410,1537,1537,0,0,12.1,39,1664
pre,411,1537,1537,0,0,12.1,39,1664
pre,411,1537,1537,0,0,12.1,39,1664
pre,412,1537,1537,0,0,12.1,39,1664
pre,412,1537,1537,0,0,12.1,39,1664
pre,413,1537,1537,0,0,12.1,39,1664
pre,413,1537,1537,0,0,12.1,39,1664
pre,414,1537,1537,0,0,12.1,39,1664
pre,414,1537,1537,0,0,12.1,39,1664
pre,415,1537,1537,0,0,12.1,39,1664
pre,415,1537,1537,0,0,12.1,39,1664
pre,416,1537,1537,0,0,12.1,39,1664
pre,416,1537,1537,0,0,12.1,39,1664
pre,417,1537,1537,0,0,12.1,39,1664
pre,417,1537,1537,0,0,12.1,39,1664
pre,418,1537,1537,0,0,12.1,39,1664
pre,418,1537,1537,0,0,12.1,39,1664
pre,418,1537,1537,0,0,12.1,39,1664
pre,419,1537,1537,0,0,12.1,39,1664
pre,419,1537,1537,0,0,12.1,39,1664
pre,420,1537,1537,0,0,12.1,39,1664
pre,421,1537,1537,0,0,12.1,39,1664
pre,421,1537,1537,0,0,12.1,39,1664
pre,421,1537,1537,0,0,12.1,39,1664
pre,422,1537,1537,0,0,12.1,39,1664
pre,422,1537,1537,0,0,12.1,39,1664
pre,423,1537,1537,0,0,12.1,39,1664
pre,423,1537,1537,0,0,12.1,39,1664
pre,424,1537,1537,0,0,12.1,39,1664
pre,424,1537,1537,0,0,12.1,39,1664
pre,425,1537,1537,0,0,12.1,39,1664
pre,425,1537,1537,0,0,12.1,39,1664
pre,426,1537,1537,0,0,12.1,39,1664
pre,426,1537,1537,0,0,12.1,39,1664
pre,427,1537,1537,0,0,12.1,39,1664
pre,427,1537,1537,0,0,12.1,39,1664
pre,428,1537,1537,0,0,12.1,39,1664
pre,428,1537,1537,0,0,12.1,39,1664
pre,429,1537,1537,0,0,12.1,39,1664
pre,429,1537,1537,0,0,12.1,39,1664
pre,430,1537,1537,0,0,12.1,39,1664
pre,430,1537,1537,0,0,12.1,39,1664
pre,431,1537,1537,0,0,12.1,39,1664
pre,431,1537,1537,0,0,12.1,39,1664
pre,432,1537,1537,0,0,12.1,39,1664
pre,432,1537,1537,0,0,12.1,39,1664
pre,433,1537,1537,0,0,12.1,39,1664
pre,433,1537,1537,0,0,12.1,39,1664
pre,434,1537,1537,0,0,12.1,39,1664
pre,434,1537,1537,0,0,12.1,39,1664
pre,435,1537,1537,0,0,12.1,39,1664
pre,435,1537,1537,0,0,12.1,39,1664
pre,436,1537,1537,0,0,12.1,39,1664
pre,437,1537,1537,0,0,12.1,39,1664
pre,437,1537,1537,0,0,12.1,39,1664
pre,438,1537,1537,0,0,12.1,39,1664
pre,438,1537,1537,0,0,12.1,39,1664
pre,439,1537,1537,0,0,12.1,39,1664
pre,439,1537,1537,0,0,12.1,39,1664
pre,440,1537,1537,0,0,12.1,39,1664
pre,440,1537,1537,0,0,12.1,39,1664
pre,441,1537,1537,0,0,12.1,39,1664
pre,441,1537,1537,0,0,12.1,39,1664
pre,441,1537,1537,0,0,12.1,39,1664
pre,442,1537,1537,0,0,12.1,39,1664
pre,442,1537,1537,0,0,12.1,39,1664
pre,443,1537,1537,0,0,12.1,39,1664
pre,443,1537,1537,0,0,12.1,39,1664
pre,444,1537,1537,0,0,12.1,39,1664
pre,444,1537,1537,0,0,12.1,39,1664
pre,445,1537,1537,0,0,12.1,39,1664
pre,445,1537,1537,0,0,12.1,39,1664
pre,445,1537,1537,0,0,12.1,39,1664
pre,446,1537,1537,0,0,12.1,39,1664
pre,446,1537,1537,0,0,12.1,39,1664
pre,447,1537,1537,0,0,12.1,39,1664
pre,447,1537,1537,0,0,12.1,39,1664
pre,448,1537,1537,0,0,12.1,39,1664
pre,448,1537,1537,0,0,12.1,39,1664
pre,449,1537,1537,0,0,12.1,39,1664
pre,449,1537,1537,0,0,12.1,39,1664
pre,450,1537,1537,0,0,12.1,39,1664
pre,450,1537,1537,0,0,12.1,39,1664
pre,451,1537,1537,0,0,12.1,39,1664
pre,451,1537,1537,0,0,12.1,39,1664
pre,452,1537,1537,0,0,12.1,39,1664
pre,452,1537,1537,0,0,12.1,39,1664
pre,453,1537,1537,0,0,12.1,39,1664
pre,453,1537,1537,0,0,12.1,39,1664
pre,454,1537,1537,0,0,12.1,39,1664
pre,454,1537,1537,0,0,12.1,39,1664
pre,455,1537,1537,0,0,12.1,39,1664
pre,455,1537,1537,0,0,12.1,39,1664
pre,456,1537,1537,0,0,12.1,39,1664
pre,456,1537,1537,0,0,12.1,39,1664
pre,457,1537,1537,0,0,12.1,39,1664
pre,457,1537,1537,0,0,12.1,39,1664
pre,458,1537,1537,0,0,12.1,39,1664
pre,458,1537,1537,0,0,12.1,39,1664
pre,459,1537,1537,0,0,12.1,39,1664
pre,459,1537,1537,0,0,12.1,39,1664
pre,460,1537,1537,0,0,12.1,39,1664
pre,460,1537,1537,0,0,12.1,39,1664
pre,461,1537,1537,0,0,12.1,39,1664
pre,461,1537,1537,0,0,12.1,39,1664
pre,462,1537,1537,0,0,12.1,39,1664
pre,462,1537,1537,0,0,12.1,39,1664
pre,462,1537,1537,0,0,12.1,39,1664
pre,463,1537,1537,0,0,12.1,39,1664
pre,463,1537,1537,0,0,12.1,39,1664
pre,464,1537,1537,0,0,12.1,39,1664
pre,464,1537,1537,0,0,12.1,39,1664
pre,465,1537,1537,0,0,12.1,39,1664
pre,465,1537,1537,0,0,12.1,39,1664
pre,466,1537,1537,0,0,12.1,39,1664
pre,466,1537,1537,0,0,12.1,39,1664
pre,467,1537,1537,0,0,12.1,39,1664
pre,467,1537,1537,0,0,12.1,39,1664
pre,468,1537,1537,0,0,12.1,39,1664
pre,468,1537,1537,0,0,12.1,39,1664
pre,469,1537,1537,0,0,12.1,39,1664
pre,469,1537,1537,0,0,12.1,39,1664
pre,470,1537,1537,0,0,12.1,39,1664
pre,470,1537,1537,0,0,12.1,39,1664
pre,471,1537,1537,0,0,12.1,39,1664
pre,471,1537,1537,0,0,12.1,39,1664
pre,471,1537,1537,0,0,12.1,39,1664
pre,472,1537,1537,0,0,12.1,39,1664
pre,473,1537,1537,0,0,12.1,39,1664
pre,473,1537,1537,0,0,12.1,39,1664
pre,474,1537,1537,0,0,12.1,39,1664
pre,474,1537,1537,0,0,12.1,39,1664
pre,475,1537,1537,0,0,12.1,39,1664
pre,475,1537,1537,0,0,12.1,39,1664
pre,476,1537,1537,0,0,12.1,39,1664
pre,476,1537,1537,0,0,12.1,39,1664
pre,477,1537,1537,0,0,12.1,39,1664
pre,477,1537,1537,0,0,12.1,39,1664
pre,477,1537,1537,0,0,12.1,39,1664
pre,478,1537,1537,0,0,12.1,39,1664
pre,478,1537,1537,0,0,12.1,39,1664
pre,479,1537,1537,0,0,12.1,39,1664
pre,479,1537,1537,0,0,12.1,39,1664
pre,480,1537,1537,0,0,12.1,39,1664
pre,480,1537,1537,0,0,12.1,39,1664
pre,481,1537,1537,0,0,12.1,39,1664
pre,482,1537,1537,0,0,12.1,39,1664
pre,482,1537,1537,0,0,12.1,39,1664
pre,483,1537,1537,0,0,12.1,39,1664
pre,483,1537,1537,0,0,12.1,39,1664
pre,483,1537,1537,0,0,12.1,39,1664
pre,484,1537,1537,0,0,12.1,39,1664
pre,484,1537,1537,0,0,12.1,39,1664
pre,485,1537,1537,0,0,12.1,39,1664
pre,485,1537,1537,0,0,12.1,39,1664
pre,486,1537,1537,0,0,12.1,39,1664
pre,486,1537,1537,0,0,12.1,39,1664
pre,487,1537,1537,0,0,12.1,39,1664
pre,487,1537,1537,0,0,12.1,39,1664
pre,488,1537,1537,0,0,12.1,39,1664
pre,488,1537,1537,0,0,12.1,39,1664
pre,489,1537,1537,0,0,12.1,39,1664
pre,489,1537,1537,0,0,12.1,39,1664
pre,490,1537,1537,0,0,12.1,39,1664
pre,490,1537,1537,0,0,12.1,39,1664
pre,491,1537,1537,0,0,12.1,39,1664
pre,491,1537,1537,0,0,12.1,39,1664
pre,492,1537,1537,0,0,12.1,39,1664
pre,492,1537,1537,0,0,12.1,39,1664
pre,493,1537,1537,0,0,12.1,39,1664
pre,493,1537,1537,0,0,12.1,39,1664
pre,494,1537,1537,0,0,12.1,39,1664
pre,494,1537,1537,0,0,12.1,39,1664
pre,495,1537,1537,0,0,12.1,39,1664
pre,495,1537,1537,0,0,12.1,39,1664
pre,496,1537,1537,0,0,12.1,39,1664
pre,496,1537,1537,0,0,12.1,39,1664
pre,497,1537,1537,0,0,12.1,39,1664
pre,497,1537,1537,0,0,12.1,39,1664
pre,498,1537,1537,0,0,12.1,39,1664
pre,498,1537,1537,0,0,12.1,39,1664
pre,499,1537,1537,0,0,12.1,39,1664
pre,499,1537,1537,0,0,12.1,39,1664
pre,500,1537,1537,0,0,12.1,39,1664
up,0,1737,1537,0,0,12.1,39,1664
up,23,1737,1537,0,0,12.1,39,3341
up,24,1737,1537,0,0,12.1,39,3341
up,24,1737,1537,0,0,12.1,39,3341
up,25,1737,1537,0,0,12.1,39,3341
up,25,1737,1537,0,0,12.1,39,3341
up,26,1737,1537,0,0,12.1,39,3341
up,26,1737,1537,0,0,12.1,39,3341
up,27,1737,1537,0,0,12.1,39,3341
up,27,1737,1537,0,0,12.1,39,3341
up,28,1737,1537,0,0,12.1,39,3341
up,28,1737,1537,0,0,12.1,39,3341
up,28,1737,1537,0,0,12.1,39,3341
up,29,1737,1537,0,0,12.1,39,3341
up,29,1737,1537,0,0,12.1,39,3341
up,30,1737,1537,0,0,12.1,39,3341
up,30,1737,1537,0,0,12.1,39,3341
up,31,1737,1537,0,0,12.1,39,3341
up,31,1737,1537,0,0,12.1,39,3341
up,32,1737,1537,0,0,12.1,39,3341
up,32,1737,1537,0,0,12.1,39,3341
up,33,1737,1537,0,0,12.1,39,3341
up,33,1737,1537,0,0,12.1,39,3341
up,34,1737,1537,0,0,12.1,39,3341
up,34,1737,1537,0,0,12.1,39,3341
up,35,1737,1537,0,0,12.1,39,3341
up,36,1737,1537,0,0,12.1,39,3341
up,36,1737,1537,0,0,12.1,39,3341
up,37,1737,1537,0,0,12.1,39,3341
up,37,1737,1537,0,0,12.1,39,3341
up,38,1737,1537,0,0,12.1,39,3341
up,38,1737,1537,0,0,12.1,39,3341
up,38,1737,1537,0,0,12.1,39,3341
up,39,1737,1537,0,0,12.1,39,3341
up,39,1737,1537,0,0,12.1,39,3341
up,40,1737,1537,0,0,12.1,39,3341
up,40,1737,1537,0,0,12.1,39,3341
up,41,1737,1537,0,0,12.1,39,3341
up,41,1737,1537,0,0,12.1,39,3341
up,42,1737,1537,0,0,12.1,39,3341
up,42,1737,1537,0,0,12.1,39,3341
up,43,1737,1537,0,0,12.1,39,3341
up,43,1737,1537,0,0,12.1,39,3341
up,44,1737,1537,0,0,12.1,39,3341
up,44,1737,1537,0,0,12.1,39,3341
up,45,1737,1537,0,0,12.1,39,3341
up,45,1737,1537,0,0,12.1,39,3341
up,46,1737,1537,0,0,12.1,39,3341
up,46,1737,1537,0,0,12.1,39,3341
up,47,1737,1537,0,0,12.1,39,3341
up,47,1737,1537,0,0,12.1,39,3341
up,48,1737,1537,0,0,12.1,39,3341
up,48,1737,1537,0,0,12.1,39,3341
up,49,1737,1537,0,0,12.1,39,3341
up,49,1737,1537,0,0,12.1,39,3341
up,50,1737,1537,0,0,12.1,39,3341
up,50,1737,1537,0,0,12.1,39,3341
up,51,1737,1537,0,0,12.1,39,3341
up,52,1737,1537,0,0,12.1,39,3341
up,52,1737,1537,0,0,12.1,39,3341
up,53,1737,1537,0,0,12.1,39,3341
up,53,1737,1537,0,0,12.1,39,3341
up,54,1737,1537,0,0,12.1,39,3341
up,54,1737,1537,0,0,12.1,39,3341
up,55,1737,1537,0,0,12.1,39,3341
up,55,1737,1537,0,0,12.1,39,3341
up,56,1737,1537,0,0,12.1,39,3341
up,56,1737,1537,0,0,12.1,39,3341
up,57,1737,1537,0,0,12.1,39,3341
up,57,1737,1537,0,0,12.1,39,3341
up,58,1737,1537,0,0,12.1,39,3341
up,58,1737,1537,0,0,12.1,39,3341
up,58,1737,1537,0,0,12.1,39,3341
up,59,1737,1537,0,0,12.1,39,3341
up,60,1737,1537,0,0,12.1,39,3341
up,60,1737,1537,0,0,12.1,39,3341
up,61,1737,1537,0,0,12.1,39,3341
up,61,1737,1537,0,0,12.1,39,3341
up,61,1737,1537,0,0,12.1,39,3341
up,62,1737,1537,0,0,12.1,39,3341
up,62,1737,1537,0,0,12.1,39,3341
up,63,1737,1537,0,0,12.1,39,3341
up,63,1737,1537,0,0,12.1,39,3341
up,64,1737,1537,0,0,12.1,39,3341
up,64,1737,1537,0,0,12.1,39,3341
up,65,1737,1537,0,0,12.1,39,3341
up,65,1737,1537,0,0,12.1,39,3341
up,69,1737,1537,0,0,12.1,39,3341
up,70,1737,1537,0,0,12.1,39,3341
up,71,1737,1537,0,0,12.1,39,3341
up,71,1737,1537,0,0,12.1,39,3341
up,72,1737,1537,0,0,12.1,39,3341
up,72,1737,1537,0,0,12.1,39,3341
up,73,1737,1537,0,0,12.1,39,3341
up,73,1737,1537,0,0,12.1,39,3341
up,74,1737,1537,0,0,12.1,39,3341
up,74,1737,1537,0,0,12.1,39,3341
up,75,1737,1537,0,0,12.1,39,3341
up,75,1737,1537,0,0,12.1,39,3341
up,76,1737,1537,0,0,12.1,39,3341
up,76,1737,1537,0,0,12.1,39,3341
up,77,1737,1537,0,0,12.1,39,3341
up,77,1737,1537,0,0,12.1,39,3341
up,78,1737,1537,0,0,12.1,39,3341
up,78,1737,1537,0,0,12.1,39,3341
up,79,1737,1537,0,0,12.1,39,3341
up,79,1737,1537,0,0,12.1,39,3341
up,80,1737,1537,0,0,12.1,39,3341
up,80,1737,1537,0,0,12.1,39,3341
up,81,1737,1537,0,0,12.1,39,3341
up,81,1737,1537,0,0,12.1,39,3341
up,82,1737,1537,0,0,12.1,39,3341
up,82,1737,1537,0,0,12.1,39,3341
up,83,1737,1537,0,0,12.1,39,3341
up,83,1737,1537,0,0,12.1,39,3341
up,84,1737,1537,0,0,12.1,39,3341
up,84,1737,1537,0,0,12.1,39,3341
up,85,1737,1537,0,0,12.1,39,3341
up,85,1737,1537,0,0,12.1,39,3341
up,86,1737,1537,0,0,12.1,39,3341
up,86,1737,1537,0,0,12.1,39,3341
up,87,1737,1537,0,0,12.1,39,3341
up,88,1737,1537,0,0,12.1,39,3341
up,88,1737,1537,0,0,12.1,39,3341
up,89,1737,1537,0,0,12.1,39,3341
up,89,1737,1537,0,0,12.1,39,3341
up,90,1737,1537,0,0,12.1,39,3341
up,90,1737,1537,0,0,12.1,39,3341
up,91,1737,1537,0,0,12.1,39,3341
up,91,1737,1537,0,0,12.1,39,3341
up,92,1737,1537,0,0,12.1,39,3341
up,92,1737,1537,0,0,12.1,39,3341
up,92,1737,1537,0,0,12.1,39,3341
up,93,1737,1537,0,0,12.1,39,3341
up,93,1737,1537,0,0,12.1,39,3341
up,94,1737,1537,0,0,12.1,39,3341
up,94,1737,1537,0,0,12.1,39,3341
up,95,1737,1537,0,0,12.1,39,3341
up,95,1737,1537,0,0,12.1,39,3341
up,96,1737,1537,0,0,12.1,39,3341
up,96,1737,1537,0,0,12.1,39,3341
up,97,1737,1537,0,0,12.1,39,3341
up,97,1737,1537,0,0,12.1,39,3341
up,98,1737,1537,0,0,12.1,39,3341
up,98,1737,1537,0,0,12.1,39,3341
up,99,1737,1537,0,0,12.1,39,3341
up,99,1737,1537,0,0,12.1,39,3341
up,99,1737,1537,0,0,12.1,39,3341
up,100,1737,1537,0,0,12.1,39,3341
up,100,1737,1537,0,0,12.1,39,3341
up,101,1737,1537,0,0,12.1,39,3341
up,101,1737,1537,0,0,12.1,39,3341
up,102,1737,1537,0,0,12.1,39,3341
up,102,1737,1537,0,0,12.1,39,3341
up,103,1737,1537,0,0,12.1,39,3341
up,103,1737,1537,0,0,12.1,39,3341
up,104,1737,1537,0,0,12.1,39,3341
up,104,1737,1537,0,0,12.1,39,3341
up,105,1737,1537,0,0,12.1,39,3341
up,105,1737,1537,0,0,12.1,39,3341
up,106,1737,1537,0,0,12.1,39,3341
up,106,1737,1537,0,0,12.1,39,3341
up,107,1737,1537,0,0,12.1,39,3341
up,107,1737,1537,0,0,12.1,39,3341
up,108,1737,1537,0,0,12.1,39,3341
up,108,1737,1537,0,0,12.1,39,3341
up,109,1737,1537,0,0,12.1,39,3341
up,109,1737,1537,0,0,12.1,39,3341
up,109,1737,1537,0,0,12.1,39,3341
up,110,1737,1537,0,0,12.1,39,3341
up,110,1737,1537,0,0,12.1,39,3341
up,111,1737,1537,0,0,12.1,39,3341
up,111,1737,1537,0,0,12.1,39,3341
up,112,1737,1537,0,0,12.1,39,3341
up,112,1737,1537,0,0,12.1,39,3341
up,113,1737,1537,0,0,12.1,39,3341
up,113,1737,1537,0,0,12.1,39,3341
up,114,1737,1537,0,0,12.1,39,3341
up,114,1737,1537,0,0,12.1,39,3341
up,115,1737,1537,0,0,12.1,39,3341
up,115,1737,1537,0,0,12.1,39,3341
up,116,1737,1537,0,0,12.1,39,3341
up,116,1737,1537,0,0,12.1,39,3341
up,117,1737,1537,0,0,12.1,39,3341
up,117,1737,1537,0,0,12.1,39,3341
up,118,1737,1537,0,0,12.1,39,3341
up,118,1737,1537,0,0,12.1,39,3341
up,118,1737,1537,0,0,12.1,39,3341
up,119,1737,1537,0,0,12.1,39,3341
up,119,1737,1537,0,0,12.1,39,3341
up,120,1737,1537,0,0,12.1,39,3341
up,120,1737,1537,0,0,12.1,39,3341
up,121,1737,1537,0,0,12.1,39,3341
up,121,1737,1537,0,0,12.1,39,3341
up,122,1737,1537,0,0,12.1,39,3341
up,122,1737,1537,0,0,12.1,39,3341
up,123,1737,1537,0,0,12.1,39,3341
up,123,1737,1537,0,0,12.1,39,3341
up,124,1737,1537,0,0,12.1,39,3341
up,124,1737,1537,0,0,12.1,39,3341
up,125,1737,1537,0,0,12.1,39,3341
up,125,1737,1537,0,0,12.1,39,3341
up,126,1737,1537,0,0,12.1,39,3341
up,126,1737,1537,0,0,12.1,39,3341
up,126,1737,1537,0,0,12.1,39,3341
up,127,1737,1537,0,0,12.1,39,3341
up,127,1737,1537,0,0,12.1,39,3341
up,128,1737,1537,0,0,12.1,39,3341
up,128,1737,1537,0,0,12.1,39,3341
up,129,1737,1537,0,0,12.1,39,3341
up,129,1737,1537,0,0,12.1,39,3341
up,130,1737,1537,0,0,12.1,39,3341
up,130,1737,1537,0,0,12.1,39,3341
up,131,1737,1537,0,0,12.1,39,3341
up,131,1737,1537,0,0,12.1,39,3341
up,132,1737,1537,0,0,12.1,39,3341
up,132,1737,1537,0,0,12.1,39,3341
up,133,1737,1537,0,0,12.1,39,3341
up,134,1737,1537,0,0,12.1,39,3341
up,134,1737,1537,0,0,12.1,39,3341
up,135,1737,1537,0,0,12.1,39,3341
up,135,1737,1537,0,0,12.1,39,3341
up,136,1737,1537,0,0,12.1,39,3341
up,136,1737,1537,0,0,12.1,39,3341
up,137,1737,1537,0,0,12.1,39,3341
up,137,1737,1537,0,0,12.1,39,3341
up,138,1737,1537,0,0,12.1,39,3341
up,138,1737,1537,0,0,12.1,39,3341
up,138,1737,1537,0,0,12.1,39,3341
up,139,1737,1537,0,0,12.1,39,3341
up,139,1737,1537,0,0,12.1,39,3341
up,140,1737,1537,0,0,12.1,39,3341
up,140,1737,1537,0,0,12.1,39,3341
up,141,1737,1537,0,0,12.1,39,3341
up,141,1737,1537,0,0,12.1,39,3341
up,142,1737,1537,0,0,12.1,39,3341
up,142,1737,1537,0,0,12.1,39,3341
up,143,1737,1537,0,0,12.1,39,3341
up,143,1737,1537,0,0,12.1,39,3341
up,144,1737,1537,0,0,12.1,39,3341
up,144,1737,1537,0,0,12.1,39,3341
up,144,1737,1537,0,0,12.1,39,3341
up,145,1737,1537,0,0,12.1,39,3341
up,146,1737,1537,0,0,12.1,39,3341
up,146,1737,1537,0,0,12.1,39,3341
up,146,1737,1537,0,0,12.1,39,3341
up,147,1737,1537,0,0,12.1,39,3341
up,148,1737,1537,0,0,12.1,39,3341
up,148,1737,1537,0,0,12.1,39,3341
up,149,1737,1537,0,0,12.1,39,3341
up,149,1737,1537,0,0,12.1,39,3341
up,150,1737,1537,0,0,12.1,39,3341
up,150,1737,1537,0,0,12.1,39,3341
up,151,1737,1537,0,0,12.1,39,3341
up,151,1737,1537,0,0,12.1,39,3341
up,152,1737,1537,0,0,12.1,39,3341
up,152,1737,1537,0,0,12.1,39,3341
up,153,1737,1537,0,0,12.1,39,3341
up,154,1737,1537,0,0,12.1,39,3341
up,154,1737,1537,0,0,12.1,39,3341
up,155,1737,1537,0,0,12.1,39,3341
up,155,1737,1537,0,0,12.1,39,3341
up,155,1737,1537,0,0,12.1,39,3341
up,156,1737,1537,0,0,12.1,39,3341
up,156,1737,1537,0,0,12.1,39,3341
up,157,1737,1537,0,0,12.1,39,3341
up,157,1737,1537,0,0,12.1,39,3341
up,158,1737,1537,0,0,12.1,39,3341
up,158,1737,1537,0,0,12.1,39,3341
up,159,1737,1537,0,0,12.1,39,3341
up,159,1737,1537,0,0,12.1,39,3341
up,160,1737,1537,0,0,12.1,39,3341
up,160,1737,1537,0,0,12.1,39,3341
up,160,1737,1537,0,0,12.1,39,3341
up,161,1737,1537,0,0,12.1,39,3341
up,161,1737,1537,0,0,12.1,39,3341
up,162,1737,1537,0,0,12.1,39,3341
up,162,1737,1537,0,0,12.1,39,3341
up,163,1737,1537,0,0,12.1,39,3341
up,163,1737,1537,0,0,12.1,39,3341
up,164,1737,1537,0,0,12.1,39,3341
up,164,1737,1537,0,0,12.1,39,3341
up,165,1737,1537,0,0,12.1,39,3341
up,165,1737,1537,0,0,12.1,39,3341
up,166,1737,1537,0,0,12.1,39,3341
up,166,1737,1537,0,0,12.1,39,3341
up,167,1737,1537,0,0,12.1,39,3341
up,168,1737,1537,0,0,12.1,39,3341
up,168,1737,1537,0,0,12.1,39,3341
up,169,1737,1537,0,0,12.1,39,3341
up,169,1737,1537,0,0,12.1,39,3341
up,170,1737,1537,0,0,12.1,39,3341
up,170,1737,1537,0,0,12.1,39,3341
up,171,1737,1537,0,0,12.1,39,3341
up,171,1737,1537,0,0,12.1,39,3341
up,172,1737,1537,0,0,12.1,39,3341
up,172,1737,1537,0,0,12.1,39,3341
up,173,1737,1537,0,0,12.1,39,3341
up,173,1737,1537,0,0,12.1,39,3341
up,173,1737,1537,0,0,12.1,39,3341
up,174,1737,1537,0,0,12.1,39,3341
up,174,1737,1537,0,0,12.1,39,3341
up,175,1737,1537,0,0,12.1,39,3341
up,175,1737,1537,0,0,12.1,39,3341
up,176,1737,1537,0,0,12.1,39,3341
up,176,1737,1537,0,0,12.1,39,3341
up,177,1737,1537,0,0,12.1,39,3341
up,177,1737,1537,0,0,12.1,39,3341
up,177,1737,1537,0,0,12.1,39,3341
up,178,1737,1537,0,0,12.1,39,3341
up,178,1737,1537,0,0,12.1,39,3341
up,179,1737,1537,0,0,12.1,39,3341
up,179,1737,1537,0,0,12.1,39,3341
up,180,1737,1537,0,0,12.1,39,3341
up,181,1737,1537,0,0,12.1,39,3341
up,181,1737,1537,0,0,12.1,39,3341
up,182,1737,1537,0,0,12.1,39,3341
up,182,1737,1537,0,0,12.1,39,3341
up,183,1737,1537,0,0,12.1,39,3341
up,183,1737,1537,0,0,12.1,39,3341
up,184,1737,1537,0,0,12.1,39,3341
up,185,1737,1537,0,0,12.1,39,3341
up,185,1737,1537,0,0,12.1,39,3341
up,186,1737,1537,0,0,12.1,39,3341
up,186,1737,1537,0,0,12.1,39,3341
up,187,1737,1537,0,0,12.1,39,3341
up,187,1737,1537,0,0,12.1,39,3341
up,187,1737,1537,0,0,12.1,39,3341
up,188,1737,1537,0,0,12.1,39,3341
up,188,1737,1537,0,0,12.1,39,3341
up,189,1737,1537,0,0,12.1,39,3341
up,190,1737,1537,0,0,12.1,39,3341
up,190,1737,1537,0,0,12.1,39,3341
up,190,1737,1537,0,0,12.1,39,3341
up,191,1737,1537,0,0,12.1,39,3341
up,192,1737,1537,0,0,12.1,39,3341
up,192,1737,1537,0,0,12.1,39,3341
up,193,1737,1537,0,0,12.1,39,3341
up,193,1737,1537,0,0,12.1,39,3341
up,194,1737,1537,0,0,12.1,39,3341
up,194,1737,1537,0,0,12.1,39,3341
up,195,1737,1537,0,0,12.1,39,3341
up,195,1737,1537,0,0,12.1,39,3341
up,196,1737,1537,0,0,12.1,39,3341
up,196,1737,1537,0,0,12.1,39,3341
up,197,1737,1537,0,0,12.1,39,3341
up,197,1737,1537,0,0,12.1,39,3341
up,198,1737,1537,0,0,12.1,39,3341
up,198,1737,1537,0,0,12.1,39,3341
up,199,1737,1537,0,0,12.1,39,3341
up,199,1737,1537,0,0,12.1,39,3341
up,200,1737,1537,0,0,12.1,39,3341
up,200,1737,1537,0,0,12.1,39,3341
up,201,1737,1537,0,0,12.1,39,3341
up,201,1737,1537,0,0,12.1,39,3341
up,202,1737,1537,0,0,12.1,39,3341
up,202,1737,1537,0,0,12.1,39,3341
up,203,1737,1537,0,0,12.1,39,3341
up,203,1737,1537,0,0,12.1,39,3341
up,204,1737,1537,0,0,12.1,39,3341
up,204,1737,1537,0,0,12.1,39,3341
up,205,1737,1537,0,0,12.1,39,3341
up,205,1737,1537,0,0,12.1,39,3341
up,206,1737,1537,0,0,12.1,39,3341
up,206,1737,1537,0,0,12.1,39,3341
up,207,1737,1537,0,0,12.1,39,3341
up,207,1737,1537,0,0,12.1,39,3341
up,208,1737,1537,0,0,12.1,39,3341
up,208,1737,1537,0,0,12.1,39,3341
up,209,1737,1537,0,0,12.1,39,3341
up,210,1737,1537,0,0,12.1,39,3341
up,210,1737,1537,0,0,12.1,39,3341
up,211,1737,1537,0,0,12.1,39,3341
up,211,1737,1537,0,0,12.1,39,3341
up,212,1737,1537,0,0,12.1,39,3341
up,212,1737,1537,0,0,12.1,39,3341
up,213,1737,1537,0,0,12.1,39,3341
up,213,1737,1537,0,0,12.1,39,3341
up,214,1737,1537,0,0,12.1,39,3341
up,214,1737,1537,0,0,12.1,39,3341
up,215,1737,1537,0,0,12.1,39,3341
up,215,1737,1537,0,0,12.1,39,3341
up,216,1737,1537,0,0,12.1,39,3341
up,216,1737,1537,0,0,12.1,39,3341
up,217,1737,1537,0,0,12.1,39,3341
up,217,1737,1537,0,0,12.1,39,3341
up,218,1737,1537,0,0,12.1,39,3341
up,218,1737,1537,0,0,12.1,39,3341
up,219,1737,1537,0,0,12.1,39,3341
up,219,1737,1537,0,0,12.1,39,3341
up,220,1737,1537,0,0,12.1,39,3341
up,220,1737,1537,0,0,12.1,39,3341
up,221,1737,1537,0,0,12.1,39,3341
up,221,1737,1537,0,0,12.1,39,3341
up,222,1737,1537,0,0,12.1,39,3341
up,222,1737,1537,0,0,12.1,39,3341
up,223,1737,1537,0,0,12.1,39,3341
up,223,1737,1537,0,0,12.1,39,3341
up,224,1737,1537,0,0,12.1,39,3341
up,224,1737,1537,0,0,12.1,39,3341
up,225,1737,1537,0,0,12.1,39,3341
up,225,1737,1537,0,0,12.1,39,3341
up,226,1737,1537,0,0,12.1,39,3341
up,226,1737,1537,0,0,12.1,39,3341
up,227,1737,1537,0,0,12.1,39,3341
up,227,1737,1537,0,0,12.1,39,3341
up,228,1737,1537,0,0,12.1,39,3341
up,228,1737,1537,0,0,12.1,39,3341
up,229,1737,1537,0,0,12.1,39,3341
up,229,1737,1537,0,0,12.1,39,3341
up,230,1737,1537,0,0,12.1,39,3341
up,230,1737,1537,0,0,12.1,39,3341
up,231,1737,1537,0,0,12.1,39,3341
up,231,1737,1537,0,0,12.1,39,3341
up,232,1737,1537,0,0,12.1,39,3341
up,232,1737,1537,0,0,12.1,39,3341
up,232,1737,1537,0,0,12.1,39,3341
up,233,1737,1537,0,0,12.1,39,3341
up,233,1737,1537,0,0,12.1,39,3341
up,234,1737,1537,0,0,12.1,39,3341
up,234,1737,1537,0,0,12.1,39,3341
up,235,1737,1537,0,0,12.1,39,3341
up,235,1737,1537,0,0,12.1,39,3341
up,236,1737,1537,0,0,12.1,39,3341
up,236,1737,1537,0,0,12.1,39,3341
up,237,1737,1537,0,0,12.1,39,3341
up,237,1737,1537,0,0,12.1,39,3341
up,238,1737,1537,0,0,12.1,39,3341
up,238,1737,1537,0,0,12.1,39,3341
up,239,1737,1537,0,0,12.1,39,3341
up,239,1737,1537,0,0,12.1,39,3341
up,240,1737,1537,0,0,12.1,39,3341
up,240,1737,1537,0,0,12.1,39,3341
up,241,1737,1537,0,0,12.1,39,3341
up,241,1737,1537,0,0,12.1,39,3341
up,242,1737,1537,0,0,12.1,39,3341
up,242,1737,1537,0,0,12.1,39,3341
up,243,1737,1537,0,0,12.1,39,3341
up,243,1737,1537,0,0,12.1,39,3341
up,244,1737,1537,0,0,12.1,39,3341
up,244,1737,1537,0,0,12.1,39,3341
up,245,1737,1537,0,0,12.1,39,3341
up,245,1737,1537,0,0,12.1,39,3341
up,246,1737,1537,0,0,12.1,39,3341
up,246,1737,1537,0,0,12.1,39,3341
up,247,1737,1537,0,0,12.1,39,3341
up,247,1737,1537,0,0,12.1,39,3341
up,248,1737,1537,0,0,12.1,39,3341
up,248,1737,1537,0,0,12.1,39,3341
up,249,1737,1537,0,0,12.1,39,3341
up,249,1737,1537,0,0,12.1,39,3341
up,250,1737,1537,0,0,12.1,39,3341
up,250,1737,1537,0,0,12.1,39,3341
up,251,1737,1537,0,0,12.1,39,3341
up,251,1737,1537,0,0,12.1,39,3341
up,252,1737,1537,0,0,12.1,39,3341
up,252,1737,1537,0,0,12.1,39,3341
up,253,1737,1537,0,0,12.1,39,3341
up,253,1737,1537,0,0,12.1,39,3341
up,254,1737,1537,0,0,12.1,39,3341
up,254,1737,1537,0,0,12.1,39,3341
up,255,1737,1537,0,0,12.1,39,3341
up,255,1737,1537,0,0,12.1,39,3341
up,256,1737,1537,0,0,12.1,39,3341
up,256,1737,1537,0,0,12.1,39,3341
up,257,1737,1537,0,0,12.1,39,3341
up,257,1737,1537,0,0,12.1,39,3341
up,258,1737,1537,0,0,12.1,39,3341
up,258,1737,1537,0,0,12.1,39,3341
up,259,1737,1537,0,0,12.1,39,3341
up,259,1737,1537,0,0,12.1,39,3341
up,260,1737,1537,0,0,12.1,39,3341
up,260,1737,1537,0,0,12.1,39,3341
up,261,1737,1537,0,0,12.1,39,3341
up,261,1737,1537,0,0,12.1,39,3341
up,262,1737,1537,0,0,12.1,39,3341
up,262,1737,1537,0,0,12.1,39,3341
up,263,1737,1537,0,0,12.1,39,3341
up,263,1737,1537,0,0,12.1,39,3341
up,264,1737,1537,0,0,12.1,39,3341
up,264,1737,1537,0,0,12.1,39,3341
up,265,1737,1537,0,0,12.1,39,3341
up,265,1737,1537,0,0,12.1,39,3341
up,266,1737,1537,0,0,12.1,39,3341
up,266,1737,1537,0,0,12.1,39,3341
up,267,1737,1537,0,0,12.1,40,3341
up,267,1737,1537,0,0,12.1,40,3341
up,268,1737,1537,0,0,12.1,39,3341
up,268,1737,1537,0,0,12.1,39,3341
up,269,1737,1537,0,0,12.1,39,3341
up,269,1737,1537,0,0,12.1,39,3341
up,270,1737,1537,0,0,12.1,39,3341
up,270,1737,1537,0,0,12.1,39,3341
up,271,1737,1537,0,0,12.1,39,3341
up,271,1737,1537,0,0,12.1,39,3341
up,272,1737,1537,0,0,12.1,39,3341
up,272,1737,1537,0,0,12.1,39,3341
up,273,1737,1537,0,0,12.1,39,3341
up,273,1737,1537,0,0,12.1,39,3341
up,274,1737,1537,0,0,12.1,39,3341
up,274,1737,1537,0,0,12.1,39,3341
up,275,1737,1537,0,0,12.1,39,3341
up,275,1737,1537,0,0,12.1,39,3341
up,276,1737,1537,0,0,12.1,39,3341
up,276,1737,1537,0,0,12.1,39,3341
up,277,1737,1537,0,0,12.1,39,3341
up,277,1737,1537,0,0,12.1,39,3341
up,278,1737,1537,0,0,12.1,39,3341
up,278,1737,1537,0,0,12.1,39,3341
up,279,1737,1537,0,0,12.1,39,3341
up,279,1737,1537,0,0,12.1,39,3341
up,280,1737,1537,0,0,12.1,39,3341
up,280,1737,1537,0,0,12.1,39,3341
up,281,1737,1537,0,0,12.1,39,3341
up,281,1737,1537,0,0,12.1,39,3341
up,282,1737,1537,0,0,12.1,39,3341
up,282,1737,1537,0,0,12.1,39,3341
up,283,1737,1537,0,0,12.1,39,3341
up,283,1737,1537,0,0,12.1,39,3341
up,284,1737,1537,0,0,12.1,39,3341
up,284,1737,1537,0,0,12.1,39,3341
up,285,1737,1537,0,0,12.1,39,3341
up,285,1737,1537,0,0,12.1,39,3341
up,286,1737,1537,0,0,12.1,39,3341
up,286,1737,1537,0,0,12.1,39,3341
up,287,1737,1537,0,0,12.1,39,3341
up,287,1737,1537,0,0,12.1,39,3341
up,288,1737,1537,0,0,12.1,39,3341
up,288,1737,1537,0,0,12.1,39,3341
up,289,1737,1537,0,0,12.1,39,3341
up,289,1737,1537,0,0,12.1,39,3341
up,290,1737,1537,0,0,12.1,39,3341
up,290,1737,1537,0,0,12.1,39,3341
up,291,1737,1537,0,0,12.1,39,3341
up,291,1737,1537,0,0,12.1,39,3341
up,292,1737,1537,0,0,12.1,39,3341
up,292,1737,1537,0,0,12.1,39,3341
up,293,1737,1537,0,0,12.1,39,3341
up,293,1737,1537,0,0,12.1,39,3341
up,294,1737,1537,0,0,12.1,39,3341
up,294,1737,1537,0,0,12.1,39,3341
up,295,1737,1537,0,0,12.1,39,3341
up,295,1737,1537,0,0,12.1,39,3341
up,296,1737,1537,0,0,12.1,39,3341
up,296,1737,1537,0,0,12.1,39,3341
up,297,1737,1537,0,0,12.1,39,3341
up,297,1737,1537,0,0,12.1,39,3341
up,298,1737,1537,0,0,12.1,39,3341
up,298,1737,1537,0,0,12.1,39,3341
up,299,1737,1537,0,0,12.1,39,3341
up,299,1737,1537,0,0,12.1,39,3341
up,300,1737,1537,0,0,12.1,39,3341
up,300,1737,1537,0,0,12.1,39,3341
up,301,1737,1537,0,0,12.1,39,3341
up,301,1737,1537,0,0,12.1,39,3341
up,302,1737,1537,0,0,12.1,39,3341
up,302,1737,1537,0,0,12.1,39,3341
up,303,1737,1537,0,0,12.1,39,3341
up,303,1737,1537,0,0,12.1,39,3341
up,304,1737,1537,0,0,12.1,39,3341
up,304,1737,1537,0,0,12.1,39,3341
up,305,1737,1537,0,0,12.1,39,3341
up,305,1737,1537,0,0,12.1,39,3341
up,306,1737,1537,0,0,12.1,39,3341
up,306,1737,1537,0,0,12.1,39,3341
up,307,1737,1537,0,0,12.1,39,3341
up,307,1737,1537,0,0,12.1,39,3341
up,308,1737,1537,0,0,12.1,39,3341
up,308,1737,1537,0,0,12.1,39,3341
up,309,1737,1537,0,0,12.1,39,3341
up,309,1737,1537,0,0,12.1,39,3341
up,310,1737,1537,0,0,12.1,39,3341
up,310,1737,1537,0,0,12.1,39,3341
up,311,1737,1537,0,0,12.1,39,3341
up,311,1737,1537,0,0,12.1,39,3341
up,312,1737,1537,0,0,12.1,39,3341
up,312,1737,1537,0,0,12.1,39,3341
up,313,1737,1537,0,0,12.1,39,3341
up,313,1737,1537,0,0,12.1,39,3341
up,314,1737,1537,0,0,12.1,39,3341
up,314,1737,1537,0,0,12.1,39,3341
up,315,1737,1537,0,0,12.1,39,3341
up,315,1737,1537,0,0,12.1,39,3341
up,316,1737,1537,0,0,12.1,39,3341
up,316,1737,1537,0,0,12.1,39,3341
up,317,1737,1537,0,0,12.1,39,3341
up,317,1737,1537,0,0,12.1,39,3341
up,318,1737,1537,0,0,12.1,39,3341
up,318,1737,1537,0,0,12.1,39,3341
up,319,1737,1537,0,0,12.1,39,3341
up,319,1737,1537,0,0,12.1,39,3341
up,320,1737,1537,0,0,12.1,39,3341
up,320,1737,1537,0,0,12.1,39,3341
up,321,1737,1537,0,0,12.1,39,3341
up,322,1737,1537,0,0,12.1,39,3341
up,322,1737,1537,0,0,12.1,39,3341
up,323,1737,1537,0,0,12.1,39,3341
up,323,1737,1537,0,0,12.1,39,3341
up,324,1737,1537,0,0,12.1,39,3341
up,324,1737,1537,0,0,12.1,39,3341
up,325,1737,1537,0,0,12.1,39,3341
up,325,1737,1537,0,0,12.1,39,3341
up,325,1737,1537,0,0,12.1,39,3341
up,326,1737,1537,0,0,12.1,39,3341
up,326,1737,1537,0,0,12.1,39,3341
up,327,1737,1537,0,0,12.1,39,3341
up,327,1737,1537,0,0,12.1,39,3341
up,328,1737,1537,0,0,12.1,39,3341
up,328,1737,1537,0,0,12.1,39,3341
up,329,1737,1537,0,0,12.1,39,3341
up,329,1737,1537,0,0,12.1,39,3341
up,330,1737,1537,0,0,12.1,39,3341
up,331,1737,1537,0,0,12.1,39,3341
up,331,1737,1537,0,0,12.1,39,3341
up,332,1737,1537,0,0,12.1,39,3341
up,332,1737,1537,0,0,12.1,39,3341
up,332,1737,1537,0,0,12.1,39,3341
up,333,1737,1537,0,0,12.1,39,3341
up,333,1737,1537,0,0,12.1,39,3341
up,334,1737,1537,0,0,12.1,39,3341
up,334,1737,1537,0,0,12.1,39,3341
up,335,1737,1537,0,0,12.1,39,3341
up,335,1737,1537,0,0,12.1,39,3341
up,336,1737,1537,0,0,12.1,39,3341
up,336,1737,1537,0,0,12.1,39,3341
up,337,1737,1537,0,0,12.1,39,3341
up,337,1737,1537,0,0,12.1,39,3341
up,338,1737,1537,0,0,12.1,39,3341
up,338,1737,1537,0,0,12.1,39,3341
up,339,1737,1537,0,0,12.1,39,3341
up,339,1737,1537,0,0,12.1,39,3341
up,340,1737,1537,0,0,12.1,39,3341
up,340,1737,1537,0,0,12.1,39,3341
up,341,1737,1537,0,0,12.1,39,3341
up,341,1737,1537,0,0,12.1,39,3341
up,342,1737,1537,0,0,12.1,39,3341
up,342,1737,1537,0,0,12.1,39,3341
up,343,1737,1537,0,0,12.1,39,3341
up,343,1737,1537,0,0,12.1,39,3341
up,344,1737,1537,0,0,12.1,39,3341
up,344,1737,1537,0,0,12.1,39,3341
up,345,1737,1537,0,0,12.1,39,3341
up,345,1737,1537,0,0,12.1,39,3341
up,346,1737,1537,0,0,12.1,39,3341
up,346,1737,1537,0,0,12.1,39,3341
up,347,1737,1537,0,0,12.1,39,3341
up,347,1737,1537,0,0,12.1,39,3341
up,348,1737,1537,0,0,12.1,39,3341
up,348,1737,1537,0,0,12.1,39,3341
up,349,1737,1537,0,0,12.1,39,3341
up,349,1737,1537,0,0,12.1,39,3341
up,350,1737,1537,0,0,12.1,39,3341
up,350,1737,1537,0,0,12.1,39,3341
up,351,1737,1537,0,0,12.1,39,3341
up,351,1737,1537,0,0,12.1,39,3341
up,352,1737,1537,0,0,12.1,39,3341
up,352,1737,1537,0,0,12.1,39,3341
up,353,1737,1537,0,0,12.1,39,3341
up,353,1737,1537,0,0,12.1,39,3341
up,354,1737,1537,0,0,12.1,39,3341
up,354,1737,1537,0,0,12.1,39,3341
up,355,1737,1537,0,0,12.1,39,3341
up,355,1737,1537,0,0,12.1,39,3341
up,356,1737,1537,0,0,12.1,39,3341
up,356,1737,1537,0,0,12.1,39,3341
up,357,1737,1537,0,0,12.1,39,3341
up,357,1737,1537,0,0,12.1,39,3341
up,358,1737,1537,0,0,12.1,39,3341
up,358,1737,1537,0,0,12.1,39,3341
up,359,1737,1537,0,0,12.1,39,3341
up,359,1737,1537,0,0,12.1,39,3341
up,360,1737,1537,0,0,12.1,39,3341
up,360,1737,1537,0,0,12.1,39,3341
up,361,1737,1537,0,0,12.1,39,3341
up,361,1737,1537,0,0,12.1,39,3341
up,362,1737,1537,0,0,12.1,39,3341
up,362,1737,1537,0,0,12.1,39,3341
up,363,1737,1537,0,0,12.1,39,3341
up,363,1737,1537,0,0,12.1,39,3341
up,364,1737,1537,0,0,12.1,39,3341
up,364,1737,1537,0,0,12.1,39,3341
up,365,1737,1537,0,0,12.1,39,3341
up,365,1737,1537,0,0,12.1,39,3341
up,366,1737,1537,0,0,12.1,39,3341
up,366,1737,1537,0,0,12.1,39,3341
up,367,1737,1537,0,0,12.1,39,3341
up,367,1737,1537,0,0,12.1,39,3341
up,368,1737,1537,0,0,12.1,39,3341
up,368,1737,1537,0,0,12.1,39,3341
up,369,1737,1537,0,0,12.1,39,3341
up,369,1737,1537,0,0,12.1,39,3341
up,370,1737,1537,0,0,12.1,39,3341
up,370,1737,1537,0,0,12.1,39,3341
up,371,1737,1537,0,0,12.1,39,3341
up,371,1737,1537,0,0,12.1,39,3341
up,372,1737,1537,0,0,12.1,39,3341
up,372,1737,1537,0,0,12.1,39,3341
up,373,1737,1537,0,0,12.1,39,3341
up,373,1737,1537,0,0,12.1,39,3341
up,374,1737,1537,0,0,12.1,39,3341
up,374,1737,1537,0,0,12.1,39,3341
up,375,1737,1537,0,0,12.1,39,3341
up,375,1737,1537,0,0,12.1,39,3341
up,376,1737,1537,0,0,12.1,39,3341
up,376,1737,1537,0,0,12.1,39,3341
up,377,1737,1537,0,0,12.1,39,3341
up,377,1737,1537,0,0,12.1,39,3341
up,378,1737,1537,0,0,12.1,39,3341
up,378,1737,1537,0,0,12.1,39,3341
up,379,1737,1537,0,0,12.1,39,3341
up,379,1737,1537,0,0,12.1,39,3341
up,380,1737,1537,0,0,12.1,39,3341
up,380,1737,1537,0,0,12.1,39,3341
up,381,1737,1537,0,0,12.1,39,3341
up,381,1737,1537,0,0,12.1,39,3341
up,382,1737,1537,0,0,12.1,39,3341
up,382,1737,1537,0,0,12.1,39,3341
up,383,1737,1537,0,0,12.1,39,3341
up,383,1737,1537,0,0,12.1,39,3341
up,384,1737,1537,0,0,12.1,39,3341
up,384,1737,1537,0,0,12.1,39,3341
up,385,1737,1537,0,0,12.1,39,3341
up,385,1737,1537,0,0,12.1,39,3341
up,386,1737,1537,0,0,12.1,39,3341
up,386,1737,1537,0,0,12.1,39,3341
up,387,1737,1537,0,0,12.1,39,3341
up,387,1737,1537,0,0,12.1,39,3341
up,388,1737,1537,0,0,12.1,39,3341
up,388,1737,1537,0,0,12.1,39,3341
up,389,1737,1537,0,0,12.1,39,3341
up,389,1737,1537,0,0,12.1,39,3341
up,390,1737,1537,0,0,12.1,39,3341
up,390,1737,1537,0,0,12.1,39,3341
up,391,1737,1537,0,0,12.1,39,3341
up,391,1737,1537,0,0,12.1,39,3341
up,392,1737,1537,0,0,12.1,39,3341
up,392,1737,1537,0,0,12.1,39,3341
up,393,1737,1537,0,0,12.1,39,3341
up,393,1737,1537,0,0,12.1,39,3341
up,394,1737,1537,0,0,12.1,39,3341
up,394,1737,1537,0,0,12.1,39,3341
up,395,1737,1537,0,0,12.1,39,3341
up,395,1737,1537,0,0,12.1,39,3341
up,396,1737,1537,0,0,12.1,39,3341
up,396,1737,1537,0,0,12.1,39,3341
up,397,1737,1537,0,0,12.1,39,3341
up,397,1737,1537,0,0,12.1,39,3341
up,398,1737,1537,0,0,12.1,39,3341
up,398,1737,1537,0,0,12.1,39,3341
up,399,1737,1537,0,0,12.1,39,3341
up,399,1737,1537,0,0,12.1,39,3341
up,400,1737,1537,0,0,12.1,39,3341
up,400,1737,1537,0,0,12.1,39,3341
up,401,1737,1537,0,0,12.1,39,3341
up,401,1737,1537,0,0,12.1,39,3341
up,402,1737,1537,0,0,12.1,39,3341
up,402,1737,1537,0,0,12.1,39,3341
up,403,1737,1537,0,0,12.1,39,3341
up,403,1737,1537,0,0,12.1,39,3341
up,404,1737,1537,0,0,12.1,39,3341
up,404,1737,1537,0,0,12.1,39,3341
up,405,1737,1537,0,0,12.1,39,3341
up,405,1737,1537,0,0,12.1,39,3341
up,406,1737,1537,0,0,12.1,39,3341
up,406,1737,1537,0,0,12.1,39,3341
up,407,1737,1537,0,0,12.1,39,3341
up,407,1737,1537,0,0,12.1,39,3341
up,408,1737,1537,0,0,12.1,39,3341
up,408,1737,1537,0,0,12.1,39,3341
up,409,1737,1537,0,0,12.1,39,3341
up,409,1737,1537,0,0,12.1,39,3341
up,410,1737,1537,0,0,12.1,39,3341
up,410,1737,1537,0,0,12.1,39,3341
up,411,1737,1537,0,0,12.1,39,3341
up,411,1737,1537,0,0,12.1,39,3341
up,412,1737,1537,0,0,12.1,39,3341
up,412,1737,1537,0,0,12.1,39,3341
up,413,1737,1537,0,0,12.1,39,3341
up,413,1737,1537,0,0,12.1,39,3341
up,414,1737,1537,0,0,12.1,39,3341
up,414,1737,1537,0,0,12.1,39,3341
up,415,1737,1537,0,0,12.1,39,3341
up,415,1737,1537,0,0,12.1,39,3341
up,416,1737,1537,0,0,12.1,39,3341
up,416,1737,1537,0,0,12.1,39,3341
up,417,1737,1537,0,0,12.1,39,3341
up,417,1737,1537,0,0,12.1,39,3341
up,418,1737,1537,0,0,12.1,39,3341
up,418,1737,1537,0,0,12.1,39,3341
up,419,1737,1537,0,0,12.1,39,3341
up,419,1737,1537,0,0,12.1,39,3341
up,420,1737,1537,0,0,12.1,39,3341
up,420,1737,1537,0,0,12.1,39,3341
up,421,1737,1537,0,0,12.1,39,3341
up,421,1737,1537,0,0,12.1,39,3341
up,422,1737,1537,0,0,12.1,39,3341
up,422,1737,1537,0,0,12.1,39,3341
up,423,1737,1537,0,0,12.1,39,3341
up,423,1737,1537,0,0,12.1,39,3341
up,424,1737,1537,0,0,12.1,39,3341
up,424,1737,1537,0,0,12.1,39,3341
up,425,1737,1537,0,0,12.1,39,3341
up,425,1737,1537,0,0,12.1,39,3341
up,426,1737,1537,0,0,12.1,39,3341
up,426,1737,1537,0,0,12.1,39,3341
up,427,1737,1537,0,0,12.1,39,3341
up,427,1737,1537,0,0,12.1,39,3341
up,428,1737,1537,0,0,12.1,39,3341
up,428,1737,1537,0,0,12.1,39,3341
up,429,1737,1537,0,0,12.1,39,3341
up,429,1737,1537,0,0,12.1,39,3341
up,430,1737,1537,0,0,12.1,39,3341
up,430,1737,1537,0,0,12.1,39,3341
up,431,1737,1537,0,0,12.1,39,3341
up,431,1737,1537,0,0,12.1,39,3341
up,432,1737,1537,0,0,12.1,39,3341
up,432,1737,1537,0,0,12.1,39,3341
up,433,1737,1537,0,0,12.1,39,3341
up,433,1737,1537,0,0,12.1,39,3341
up,434,1737,1537,0,0,12.1,39,3341
up,434,1737,1537,0,0,12.1,39,3341
up,435,1737,1537,0,0,12.1,39,3341
up,435,1737,1537,0,0,12.1,39,3341
up,436,1737,1537,0,0,12.1,39,3341
up,436,1737,1537,0,0,12.1,39,3341
up,437,1737,1537,0,0,12.1,39,3341
up,437,1737,1537,0,0,12.1,39,3341
up,438,1737,1537,0,0,12.1,39,3341
up,438,1737,1537,0,0,12.1,39,3341
up,439,1737,1537,0,0,12.1,39,3341
up,439,1737,1537,0,0,12.1,39,3341
up,440,1737,1537,0,0,12.1,39,3341
up,440,1737,1537,0,0,12.1,39,3341
up,441,1737,1537,0,0,12.1,39,3341
up,441,1737,1537,0,0,12.1,39,3341
up,442,1737,1537,0,0,12.1,39,3341
up,442,1737,1537,0,0,12.1,39,3341
up,443,1737,1537,0,0,12.1,39,3341
up,443,1737,1537,0,0,12.1,39,3341
up,444,1737,1537,0,0,12.1,39,3341
up,444,1737,1537,0,0,12.1,39,3341
up,445,1737,1537,0,0,12.1,39,3341
up,445,1737,1537,0,0,12.1,39,3341
up,446,1737,1537,0,0,12.1,39,3341
up,446,1737,1537,0,0,12.1,39,3341
up,447,1737,1537,0,0,12.1,39,3341
up,447,1737,1537,0,0,12.1,39,3341
up,448,1737,1537,0,0,12.1,39,3341
up,448,1737,1537,0,0,12.1,39,3341
up,449,1737,1537,0,0,12.1,39,3341
up,449,1737,1537,0,0,12.1,39,3341
up,450,1737,1537,0,0,12.1,39,3341
up,450,1737,1537,0,0,12.1,39,3341
up,451,1737,1537,0,0,12.1,39,3341
up,451,1737,1537,0,0,12.1,39,3341
up,452,1737,1537,0,0,12.1,39,3341
up,452,1737,1537,0,0,12.1,39,3341
up,453,1737,1537,0,0,12.1,39,3341
up,453,1737,1537,0,0,12.1,39,3341
up,454,1737,1537,0,0,12.1,39,3341
up,454,1737,1537,0,0,12.1,39,3341
up,455,1737,1537,0,0,12.1,39,3341
up,455,1737,1537,0,0,12.1,39,3341
up,456,1737,1537,0,0,12.1,39,3341
up,456,1737,1537,0,0,12.1,39,3341
up,457,1737,1537,0,0,12.1,39,3341
up,457,1737,1537,0,0,12.1,39,3341
up,458,1737,1537,0,0,12.1,39,3341
up,458,1737,1537,0,0,12.1,39,3341
up,459,1737,1537,0,0,12.1,39,3341
up,459,1737,1537,0,0,12.1,39,3341
up,460,1737,1537,0,0,12.1,39,3341
up,460,1737,1537,0,0,12.1,39,3341
up,461,1737,1537,0,0,12.1,39,3341
up,461,1737,1537,0,0,12.1,39,3341
up,462,1737,1537,0,0,12.1,39,3341
up,462,1737,1537,0,0,12.1,39,3341
up,463,1737,1537,0,0,12.1,39,3341
up,463,1737,1537,0,0,12.1,39,3341
up,464,1737,1537,0,0,12.1,39,3341
up,464,1737,1537,0,0,12.1,39,3341
up,465,1737,1537,0,0,12.1,39,3341
up,465,1737,1537,0,0,12.1,39,3341
up,465,1737,1537,0,0,12.1,39,3341
up,466,1737,1537,0,0,12.1,39,3341
up,466,1737,1537,0,0,12.1,39,3341
up,467,1737,1537,0,0,12.1,39,3341
up,467,1737,1537,0,0,12.1,39,3341
up,468,1737,1537,0,0,12.1,39,3341
up,468,1737,1537,0,0,12.1,39,3341
up,469,1737,1537,0,0,12.1,39,3341
up,469,1737,1537,0,0,12.1,39,3341
up,470,1737,1537,0,0,12.1,39,3341
up,470,1737,1537,0,0,12.1,39,3341
up,471,1737,1537,0,0,12.1,39,3341
up,471,1737,1537,0,0,12.1,39,3341
up,471,1737,1537,0,0,12.1,39,3341
up,472,1737,1537,0,0,12.1,39,3341
up,472,1737,1537,0,0,12.1,39,3341
up,473,1737,1537,0,0,12.1,39,3341
up,473,1737,1537,0,0,12.1,39,3341
up,474,1737,1537,0,0,12.1,39,3341
up,474,1737,1537,0,0,12.1,39,3341
up,475,1737,1537,0,0,12.1,39,3341
up,475,1737,1537,0,0,12.1,39,3341
up,476,1737,1537,0,0,12.1,39,3341
up,476,1737,1537,0,0,12.1,39,3341
up,477,1737,1537,0,0,12.1,39,3341
up,477,1737,1537,0,0,12.1,39,3341
up,478,1737,1537,0,0,12.1,39,3341
up,478,1737,1537,0,0,12.1,39,3341
up,479,1737,1537,0,0,12.1,39,3341
up,479,1737,1537,0,0,12.1,39,3341
up,479,1737,1537,0,0,12.1,39,3341
up,480,1737,1537,0,0,12.1,39,3341
up,480,1737,1537,0,0,12.1,39,3341
up,481,1737,1537,0,0,12.1,39,3341
up,481,1737,1537,0,0,12.1,39,3341
up,482,1737,1537,0,0,12.0,39,3341
up,482,1737,1537,0,0,12.0,39,3341
up,483,1737,1537,0,0,12.1,39,3341
up,483,1737,1537,0,0,12.1,39,3341
up,484,1737,1537,0,0,12.1,39,3341
up,484,1737,1537,0,0,12.1,39,3341
up,485,1737,1537,0,0,12.1,39,3341
up,485,1737,1537,0,0,12.1,39,3341
up,486,1737,1537,0,0,12.1,39,3341
up,486,1737,1537,0,0,12.1,39,3341
up,487,1737,1537,0,0,12.1,39,3341
up,487,1737,1537,0,0,12.1,39,3341
up,488,1737,1537,0,0,12.1,39,3341
up,488,1737,1537,0,0,12.1,39,3341
up,489,1737,1537,0,0,12.1,39,3341
up,489,1737,1537,0,0,12.1,39,3341
up,490,1737,1537,0,0,12.1,39,3341
up,490,1737,1537,0,0,12.1,39,3341
up,491,1737,1537,0,0,12.1,39,3341
up,491,1737,1537,0,0,12.1,39,3341
up,492,1737,1537,0,0,12.1,39,3341
up,492,1737,1537,0,0,12.1,39,3341
up,493,1737,1537,0,0,12.1,39,3341
up,493,1737,1537,0,0,12.1,39,3341
up,494,1737,1537,0,0,12.1,39,3341
up,494,1737,1537,0,0,12.1,39,3341
up,495,1737,1537,0,0,12.1,39,3341
up,495,1737,1537,0,0,12.1,39,3341
up,496,1737,1537,0,0,12.1,39,3341
up,496,1737,1537,0,0,12.1,39,3341
up,497,1737,1537,0,0,12.1,39,3341
up,497,1737,1537,0,0,12.1,39,3341
up,498,1737,1537,0,0,12.1,39,3341
up,498,1737,1537,0,0,12.1,39,3341
up,499,1737,1537,0,0,12.1,39,3341
up,499,1737,1537,0,0,12.1,39,3341
up,500,1737,1537,0,0,12.1,39,3341
up,500,1737,1537,0,0,12.1,39,3341
up,501,1737,1537,0,0,12.1,39,3341
up,501,1737,1537,0,0,12.1,39,3341
up,502,1737,1537,0,0,12.1,40,3341
up,502,1737,1537,0,0,12.1,40,3341
up,503,1737,1537,0,0,12.1,39,3341
up,503,1737,1537,0,0,12.1,39,3341
up,504,1737,1537,0,0,12.1,39,3341
up,504,1737,1537,0,0,12.1,39,3341
up,505,1737,1537,0,0,12.1,39,3341
up,505,1737,1537,0,0,12.1,39,3341
up,506,1737,1537,0,0,12.1,39,3341
up,506,1737,1537,0,0,12.1,39,3341
up,507,1737,1537,0,0,12.1,39,3341
up,507,1737,1537,0,0,12.1,39,3341
up,508,1737,1537,0,0,12.1,39,3341
up,508,1737,1537,0,0,12.1,39,3341
up,509,1737,1537,0,0,12.1,39,3341
up,509,1737,1537,0,0,12.1,39,3341
up,510,1737,1537,0,0,12.1,39,3341
up,510,1737,1537,0,0,12.1,39,3341
up,511,1737,1537,0,0,12.1,39,3341
up,511,1737,1537,0,0,12.1,39,3341
up,512,1737,1537,0,0,12.1,39,3341
up,512,1737,1537,0,0,12.1,39,3341
up,513,1737,1537,0,0,12.1,39,3341
up,513,1737,1537,0,0,12.1,39,3341
up,513,1737,1537,0,0,12.1,39,3341
up,514,1737,1537,0,0,12.1,39,3341
up,514,1737,1537,0,0,12.1,39,3341
up,515,1737,1537,0,0,12.1,39,3341
up,515,1737,1537,0,0,12.1,39,3341
up,516,1737,1537,0,0,12.1,39,3341
up,516,1737,1537,0,0,12.1,39,3341
up,517,1737,1537,0,0,12.1,39,3341
up,517,1737,1537,0,0,12.1,39,3341
up,518,1737,1537,0,0,12.1,39,3341
up,518,1737,1537,0,0,12.1,39,3341
up,519,1737,1537,0,0,12.1,39,3341
up,519,1737,1537,0,0,12.1,39,3341
up,520,1737,1537,0,0,12.1,39,3341
up,520,1737,1537,0,0,12.1,39,3341
up,521,1737,1537,0,0,12.1,39,3341
up,521,1737,1537,0,0,12.1,39,3341
up,522,1737,1537,0,0,12.1,39,3341
up,522,1737,1537,0,0,12.1,39,3341
up,523,1737,1537,0,0,12.1,39,3341
up,523,1737,1537,0,0,12.1,39,3341
up,524,1737,1537,0,0,12.1,39,3341
up,524,1737,1537,0,0,12.1,39,3341
up,525,1737,1537,0,0,12.1,39,3341
up,525,1737,1537,0,0,12.1,39,3341
up,526,1737,1537,0,0,12.1,39,3341
up,526,1737,1537,0,0,12.1,39,3341
up,527,1737,1537,0,0,12.1,39,3341
up,527,1737,1537,0,0,12.1,39,3341
up,528,1737,1537,0,0,12.1,39,3341
up,528,1737,1537,0,0,12.1,39,3341
up,529,1737,1537,0,0,12.1,39,3341
up,529,1737,1537,0,0,12.1,39,3341
up,530,1737,1537,0,0,12.1,39,3341
up,530,1737,1537,0,0,12.1,39,3341
up,531,1737,1537,0,0,12.1,39,3341
up,531,1737,1537,0,0,12.1,39,3341
up,532,1737,1537,0,0,12.1,39,3341
up,532,1737,1537,0,0,12.1,39,3341
up,533,1737,1537,0,0,12.1,39,3341
up,533,1737,1537,0,0,12.1,39,3341
up,534,1737,1537,0,0,12.1,39,3341
up,534,1737,1537,0,0,12.1,39,3341
up,535,1737,1537,0,0,12.1,39,3341
up,535,1737,1537,0,0,12.1,39,3341
up,536,1737,1537,0,0,12.1,39,3341
up,536,1737,1537,0,0,12.1,39,3341
up,537,1737,1537,0,0,12.1,39,3341
up,537,1737,1537,0,0,12.1,39,3341
up,538,1737,1537,0,0,12.1,39,3341
up,538,1737,1537,0,0,12.1,39,3341
up,539,1737,1537,0,0,12.1,39,3341
up,539,1737,1537,0,0,12.1,39,3341
up,540,1737,1537,0,0,12.1,39,3341
up,540,1737,1537,0,0,12.1,40,3341
up,541,1737,1537,0,0,12.1,40,3341
up,541,1737,1537,0,0,12.1,39,3341
up,542,1737,1537,0,0,12.1,39,3341
up,542,1737,1537,0,0,12.1,39,3341
up,543,1737,1537,0,0,12.1,39,3341
up,543,1737,1537,0,0,12.1,39,3341
up,544,1737,1537,0,0,12.1,39,3341
up,544,1737,1537,0,0,12.1,39,3341
up,545,1737,1537,0,0,12.1,39,3341
up,545,1737,1537,0,0,12.1,39,3341
up,546,1737,1537,0,0,12.1,39,3341
up,546,1737,1537,0,0,12.1,39,3341
up,547,1737,1537,0,0,12.1,39,3341
up,547,1737,1537,0,0,12.1,39,3341
up,548,1737,1537,0,0,12.1,39,3341
up,548,1737,1537,0,0,12.1,39,3341
up,549,1737,1537,0,0,12.1,39,3341
up,549,1737,1537,0,0,12.1,39,3341
up,550,1737,1537,0,0,12.1,39,3341
up,550,1737,1537,0,0,12.1,39,3341
up,551,1737,1537,0,0,12.1,39,3341
up,551,1737,1537,0,0,12.1,39,3341
up,552,1737,1537,0,0,12.1,39,3341
up,552,1737,1537,0,0,12.1,39,3341
up,553,1737,1537,0,0,12.1,39,3341
up,553,1737,1537,0,0,12.1,39,3341
up,554,1737,1537,0,0,12.1,39,3341
up,554,1737,1537,0,0,12.1,39,3341
up,555,1737,1537,0,0,12.1,39,3341
up,555,1737,1537,0,0,12.1,39,3341
up,556,1737,1537,0,0,12.1,39,3341
up,556,1737,1537,0,0,12.1,39,3341
up,557,1737,1537,0,0,12.1,39,3341
up,557,1737,1537,0,0,12.1,39,3341
up,558,1737,1537,0,0,12.1,39,3341
up,558,1737,1537,0,0,12.1,39,3341
up,559,1737,1537,0,0,12.1,39,3341
up,559,1737,1537,0,0,12.1,39,3341
up,560,1737,1537,0,0,12.1,39,3341
up,560,1737,1537,0,0,12.1,39,3341
up,561,1737,1537,0,0,12.1,39,3341
up,561,1737,1537,0,0,12.1,39,3341
up,562,1737,1537,0,0,12.1,39,3341
up,562,1737,1537,0,0,12.1,39,3341
up,563,1737,1537,0,0,12.1,39,3341
up,563,1737,1537,0,0,12.1,39,3341
up,564,1737,1537,0,0,12.1,39,3341
up,564,1737,1537,0,0,12.1,39,3341
up,565,1737,1537,0,0,12.1,39,3341
up,565,1737,1537,0,0,12.1,39,3341
up,566,1737,1537,0,0,12.1,39,3341
up,566,1737,1537,0,0,12.1,39,3341
up,567,1737,1537,0,0,12.1,39,3341
up,567,1737,1537,0,0,12.1,39,3341
up,568,1737,1537,0,0,12.1,39,3341
up,568,1737,1537,0,0,12.1,39,3341
up,569,1737,1537,0,0,12.1,39,3341
up,569,1737,1537,0,0,12.1,39,3341
up,570,1737,1537,0,0,12.1,39,3341
up,570,1737,1537,0,0,12.1,39,3341
up,571,1737,1537,0,0,12.1,39,3341
up,571,1737,1537,0,0,12.1,39,3341
up,572,1737,1537,0,0,12.1,39,3341
up,572,1737,1537,0,0,12.1,39,3341
up,573,1737,1537,0,0,12.1,39,3341
up,573,1737,1537,0,0,12.1,39,3341
up,574,1737,1537,0,0,12.1,39,3341
up,574,1737,1537,0,0,12.1,39,3341
up,575,1737,1537,0,0,12.1,39,3341
up,575,1737,1537,0,0,12.1,39,3341
up,576,1737,1537,0,0,12.1,39,3341
up,576,1737,1537,0,0,12.1,39,3341
up,577,1737,1537,0,0,12.1,39,3341
up,577,1737,1537,0,0,12.1,39,3341
up,578,1737,1537,0,0,12.1,39,3341
up,578,1737,1537,0,0,12.1,39,3341
up,579,1737,1537,0,0,12.1,39,3341
up,579,1737,1537,0,0,12.1,39,3341
up,580,1737,1537,0,0,12.1,39,3341
up,580,1737,1537,0,0,12.1,39,3341
up,581,1737,1537,0,0,12.1,39,3341
up,581,1737,1537,0,0,12.1,39,3341
up,582,1737,1537,0,0,12.1,39,3341
up,582,1737,1537,0,0,12.1,39,3341
up,583,1737,1537,0,0,12.1,39,3341
up,583,1737,1537,0,0,12.1,39,3341
up,584,1737,1537,0,0,12.1,39,3341
up,584,1737,1537,0,0,12.1,39,3341
up,585,1737,1537,0,0,12.1,39,3341
up,585,1737,1537,0,0,12.1,39,3341
up,586,1737,1537,0,0,12.1,39,3341
up,586,1737,1537,0,0,12.1,39,3341
up,587,1737,1537,0,0,12.1,39,3341
up,587,1737,1537,0,0,12.1,39,3341
up,588,1737,1537,0,0,12.1,39,3341
up,589,1737,1537,0,0,12.1,39,3341
up,589,1737,1537,0,0,12.1,39,3341
up,590,1737,1537,0,0,12.1,39,3341
up,590,1737,1537,0,0,12.1,39,3341
up,591,1737,1537,0,0,12.1,39,3341
up,591,1737,1537,0,0,12.1,39,3341
up,591,1737,1537,0,0,12.1,39,3341
up,592,1737,1537,0,0,12.1,39,3341
up,592,1737,1537,0,0,12.1,39,3341
up,593,1737,1537,0,0,12.1,39,3341
up,593,1737,1537,0,0,12.1,39,3341
up,594,1737,1537,0,0,12.1,39,3341
up,594,1737,1537,0,0,12.1,39,3341
up,595,1737,1537,0,0,12.1,39,3341
up,595,1737,1537,0,0,12.1,39,3341
up,596,1737,1537,0,0,12.1,39,3341
up,596,1737,1537,0,0,12.1,39,3341
up,597,1737,1537,0,0,12.1,39,3341
up,597,1737,1537,0,0,12.1,39,3341
up,598,1737,1537,0,0,12.1,39,3341
up,598,1737,1537,0,0,12.1,39,3341
up,599,1737,1537,0,0,12.1,39,3341
up,599,1737,1537,0,0,12.1,39,3341
up,600,1737,1537,0,0,12.1,39,3341
up,600,1737,1537,0,0,12.1,39,3341
up,601,1737,1537,0,0,12.1,39,3341
up,601,1737,1537,0,0,12.1,39,3341
up,602,1737,1537,0,0,12.1,39,3341
up,602,1737,1537,0,0,12.1,39,3341
up,603,1737,1537,0,0,12.1,39,3341
up,603,1737,1537,0,0,12.1,39,3341
up,604,1737,1537,0,0,12.1,39,3341
up,604,1737,1537,0,0,12.1,39,3341
up,605,1737,1537,0,0,12.1,39,3341
up,605,1737,1537,0,0,12.1,39,3341
up,606,1737,1537,0,0,12.1,39,3341
up,606,1737,1537,0,0,12.1,39,3341
up,607,1737,1537,0,0,12.1,39,3341
up,607,1737,1537,0,0,12.1,39,3341
up,608,1737,1537,0,0,12.1,39,3341
up,608,1737,1537,0,0,12.1,39,3341
up,609,1737,1537,0,0,12.1,39,3341
up,609,1737,1537,0,0,12.1,39,3341
up,610,1737,1537,0,0,12.1,39,3341
up,610,1737,1537,0,0,12.1,39,3341
up,611,1737,1537,0,0,12.1,39,3341
up,611,1737,1537,0,0,12.1,39,3341
up,612,1737,1537,0,0,12.1,39,3341
up,612,1737,1537,0,0,12.1,39,3341
up,613,1737,1537,0,0,12.1,39,3341
up,613,1737,1537,0,0,12.1,39,3341
up,614,1737,1537,0,0,12.1,39,3341
up,614,1737,1537,0,0,12.1,39,3341
up,615,1737,1537,0,0,12.1,39,3341
up,615,1737,1537,0,0,12.1,39,3341
up,616,1737,1537,0,0,12.1,39,3341
up,616,1737,1537,0,0,12.1,39,3341
up,617,1737,1537,0,0,12.1,39,3341
up,617,1737,1537,0,0,12.1,39,3341
up,618,1737,1537,0,0,12.1,39,3341
up,618,1737,1537,0,0,12.1,39,3341
up,619,1737,1537,0,0,12.1,39,3341
up,619,1737,1537,0,0,12.1,39,3341
up,620,1737,1537,0,0,12.1,39,3341
up,620,1737,1537,0,0,12.1,39,3341
up,621,1737,1537,0,0,12.1,39,3341
up,621,1737,1537,0,0,12.1,39,3341
up,622,1737,1537,0,0,12.1,39,3341
up,622,1737,1537,0,0,12.1,39,3341
up,623,1737,1537,0,0,12.1,39,3341
up,623,1737,1537,0,0,12.1,39,3341
up,624,1737,1537,0,0,12.1,39,3341
up,624,1737,1537,0,0,12.1,39,3341
up,625,1737,1537,0,0,12.1,39,3341
up,625,1737,1537,0,0,12.1,39,3341
up,626,1737,1537,0,0,12.1,39,3341
up,626,1737,1537,0,0,12.1,39,3341
up,627,1737,1537,0,0,12.1,39,3341
up,627,1737,1537,0,0,12.1,39,3341
up,628,1737,1537,0,0,12.1,39,3341
up,628,1737,1537,0,0,12.1,39,3341
up,629,1737,1537,0,0,12.1,39,3341
up,629,1737,1537,0,0,12.1,39,3341
up,630,1737,1537,0,0,12.1,39,3341
up,630,1737,1537,0,0,12.1,39,3341
up,631,1737,1537,0,0,12.1,39,3341
up,631,1737,1537,0,0,12.1,39,3341
up,632,1737,1537,0,0,12.1,39,3341
up,632,1737,1537,0,0,12.1,39,3341
up,633,1737,1537,0,0,12.1,39,3341
up,633,1737,1537,0,0,12.1,39,3341
up,634,1737,1537,0,0,12.1,39,3341
up,634,1737,1537,0,0,12.1,39,3341
up,635,1737,1537,0,0,12.1,39,3341
up,635,1737,1537,0,0,12.1,39,3341
up,636,1737,1537,0,0,12.1,39,3341
up,636,1737,1537,0,0,12.1,39,3341
up,637,1737,1537,0,0,12.1,39,3341
up,637,1737,1537,0,0,12.1,39,3341
up,638,1737,1537,0,0,12.1,39,3341
up,638,1737,1537,0,0,12.1,39,3341
up,639,1737,1537,0,0,12.1,39,3341
up,639,1737,1537,0,0,12.1,39,3341
up,640,1737,1537,0,0,12.1,39,3341
up,640,1737,1537,0,0,12.1,39,3341
up,641,1737,1537,0,0,12.1,39,3341
up,641,1737,1537,0,0,12.1,39,3341
up,642,1737,1537,0,0,12.1,39,3341
up,642,1737,1537,0,0,12.1,39,3341
up,643,1737,1537,0,0,12.1,39,3341
up,643,1737,1537,0,0,12.1,39,3341
up,644,1737,1537,0,0,12.1,39,3341
up,644,1737,1537,0,0,12.1,39,3341
up,645,1737,1537,0,0,12.1,39,3341
up,645,1737,1537,0,0,12.1,39,3341
up,646,1737,1537,0,0,12.1,39,3341
up,646,1737,1537,0,0,12.1,39,3341
up,647,1737,1537,0,0,12.1,39,3341
up,647,1737,1537,0,0,12.1,39,3341
up,648,1737,1537,0,0,12.1,39,3341
up,648,1737,1537,0,0,12.1,39,3341
up,649,1737,1537,0,0,12.1,39,3341
up,649,1737,1537,0,0,12.1,39,3341
up,650,1737,1537,0,0,12.1,39,3341
up,650,1737,1537,0,0,12.1,39,3341
up,651,1737,1537,0,0,12.1,39,3341
up,651,1737,1537,0,0,12.1,39,3341
up,652,1737,1537,0,0,12.1,39,3341
up,652,1737,1537,0,0,12.1,39,3341
up,653,1737,1537,0,0,12.1,39,3341
up,653,1737,1537,0,0,12.1,39,3341
up,654,1737,1537,0,0,12.1,39,3341
up,654,1737,1537,0,0,12.1,39,3341
up,655,1737,1537,0,0,12.1,39,3341
up,655,1737,1537,0,0,12.1,39,3341
up,656,1737,1537,0,0,12.1,39,3341
up,656,1737,1537,0,0,12.1,39,3341
up,657,1737,1537,0,0,12.1,39,3341
up,657,1737,1537,0,0,12.1,39,3341
up,658,1737,1537,0,0,12.1,39,3341
up,658,1737,1537,0,0,12.1,39,3341
up,659,1737,1537,0,0,12.1,39,3341
up,659,1737,1537,0,0,12.1,39,3341
up,660,1737,1537,0,0,12.1,39,3341
up,660,1737,1537,0,0,12.1,39,3341
up,661,1737,1537,0,0,12.1,39,3341
up,661,1737,1537,0,0,12.1,39,3341
up,662,1737,1537,0,0,12.1,39,3341
up,662,1737,1537,0,0,12.1,39,3341
up,663,1737,1537,0,0,12.1,39,3341
up,663,1737,1537,0,0,12.1,39,3341
up,664,1737,1537,0,0,12.1,39,3341
up,664,1737,1537,0,0,12.1,39,3341
up,665,1737,1537,0,0,12.1,39,3341
up,665,1737,1537,0,0,12.1,39,3341
up,666,1737,1537,0,0,12.1,39,3341
up,666,1737,1537,0,0,12.1,39,3341
up,667,1737,1537,0,0,12.1,39,3341
up,667,1737,1537,0,0,12.1,39,3341
up,668,1737,1537,0,0,12.1,39,3341
up,668,1737,1537,0,0,12.1,39,3341
up,669,1737,1537,0,0,12.1,39,3341
up,669,1737,1537,0,0,12.1,39,3341
up,670,1737,1537,0,0,12.1,39,3341
up,670,1737,1537,0,0,12.1,39,3341
up,671,1737,1537,0,0,12.1,39,3341
up,671,1737,1537,0,0,12.1,39,3341
up,672,1737,1537,0,0,12.1,39,3341
up,672,1737,1537,0,0,12.1,39,3341
up,673,1737,1537,0,0,12.1,39,3341
up,673,1737,1537,0,0,12.1,39,3341
up,674,1737,1537,0,0,12.1,39,3341
up,674,1737,1537,0,0,12.1,39,3341
up,675,1737,1537,0,0,12.1,39,3341
up,675,1737,1537,0,0,12.1,39,3341
up,676,1737,1537,0,0,12.1,39,3341
up,676,1737,1537,0,0,12.1,39,3341
up,677,1737,1537,0,0,12.1,39,3341
up,677,1737,1537,0,0,12.1,39,3341
up,678,1737,1537,0,0,12.1,39,3341
up,678,1737,1537,0,0,12.1,39,3341
up,679,1737,1537,0,0,12.1,39,3341
up,679,1737,1537,0,0,12.1,39,3341
up,680,1737,1537,0,0,12.1,39,3341
up,680,1737,1537,0,0,12.1,39,3341
up,681,1737,1537,0,0,12.1,39,3341
up,681,1737,1537,0,0,12.1,39,3341
up,682,1737,1537,0,0,12.1,39,3341
up,682,1737,1537,0,0,12.1,39,3341
up,683,1737,1537,0,0,12.1,39,3341
up,683,1737,1537,0,0,12.1,39,3341
up,684,1737,1537,0,0,12.1,39,3341
up,684,1737,1537,0,0,12.1,39,3341
up,685,1737,1537,0,0,12.1,39,3341
up,685,1737,1537,0,0,12.1,39,3341
up,686,1737,1537,0,0,12.1,39,3341
up,686,1737,1537,0,0,12.1,39,3341
up,687,1737,1537,0,0,12.1,39,3341
up,687,1737,1537,0,0,12.1,39,3341
up,688,1737,1537,0,0,12.1,39,3341
up,688,1737,1537,0,0,12.1,39,3341
up,689,1737,1537,0,0,12.1,39,3341
up,689,1737,1537,0,0,12.1,39,3341
up,690,1737,1537,0,0,12.1,39,3341
up,690,1737,1537,0,0,12.1,39,3341
up,691,1737,1537,0,0,12.1,39,3341
up,691,1737,1537,0,0,12.1,39,3341
up,692,1737,1537,0,0,12.1,39,3341
up,692,1737,1537,0,0,12.1,39,3341
up,693,1737,1537,0,0,12.1,39,3341
up,693,1737,1537,0,0,12.1,39,3341
up,694,1737,1537,0,0,12.1,39,3341
up,694,1737,1537,0,0,12.1,39,3341
up,695,1737,1537,0,0,12.1,39,3341
up,695,1737,1537,0,0,12.1,39,3341
up,696,1737,1537,0,0,12.1,39,3341
up,696,1737,1537,0,0,12.1,39,3341
up,697,1737,1537,0,0,12.1,39,3341
up,697,1737,1537,0,0,12.1,39,3341
up,698,1737,1537,0,0,12.1,39,3341
up,698,1737,1537,0,0,12.1,39,3341
up,699,1737,1537,0,0,12.1,39,3341
up,699,1737,1537,0,0,12.1,39,3341
up,700,1737,1537,0,0,12.1,39,3341
up,700,1737,1537,0,0,12.1,39,3341
up,701,1737,1537,0,0,12.1,39,3341
up,701,1737,1537,0,0,12.1,39,3341
up,702,1737,1537,0,0,12.1,39,3341
up,702,1737,1537,0,0,12.1,39,3341
up,703,1737,1537,0,0,12.1,39,3341
up,703,1737,1537,0,0,12.1,39,3341
up,704,1737,1537,0,0,12.1,39,3341
up,704,1737,1537,0,0,12.1,39,3341
up,705,1737,1537,0,0,12.1,39,3341
up,705,1737,1537,0,0,12.1,39,3341
up,706,1737,1537,0,0,12.1,39,3341
up,706,1737,1537,0,0,12.1,39,3341
up,707,1737,1537,0,0,12.1,39,3341
up,707,1737,1537,0,0,12.1,39,3341
up,708,1737,1537,0,0,12.1,39,3341
up,708,1737,1537,0,0,12.1,39,3341
up,709,1737,1537,0,0,12.1,39,3341
up,709,1737,1537,0,0,12.1,39,3341
up,710,1737,1537,0,0,12.1,39,3341
up,710,1737,1537,0,0,12.1,39,3341
up,711,1737,1537,0,0,12.1,39,3341
up,711,1737,1537,0,0,12.1,39,3341
up,712,1737,1537,0,0,12.1,39,3341
up,712,1737,1537,0,0,12.1,39,3341
up,713,1737,1537,0,0,12.1,39,3341
up,713,1737,1537,0,0,12.1,39,3341
up,714,1737,1537,0,0,12.1,39,3341
up,714,1737,1537,0,0,12.1,39,3341
up,715,1737,1537,0,0,12.1,39,3341
up,715,1737,1537,0,0,12.1,39,3341
up,716,1737,1537,0,0,12.1,39,3341
up,716,1737,1537,0,0,12.1,39,3341
up,717,1737,1537,0,0,12.1,39,3341
up,717,1737,1537,0,0,12.1,39,3341
up,718,1737,1537,0,0,12.1,39,3341
up,718,1737,1537,0,0,12.1,39,3341
up,719,1737,1537,0,0,12.1,39,3341
up,719,1737,1537,0,0,12.1,39,3341
up,720,1737,1537,0,0,12.1,39,3341
up,720,1737,1537,0,0,12.1,39,3341
up,721,1737,1537,0,0,12.1,39,3341
up,721,1737,1537,0,0,12.1,39,3341
up,722,1737,1537,0,0,12.1,39,3341
up,722,1737,1537,0,0,12.1,39,3341
up,723,1737,1537,0,0,12.1,39,3341
up,723,1737,1537,0,0,12.1,39,3341
up,724,1737,1537,0,0,12.1,39,3341
up,724,1737,1537,0,0,12.1,39,3341
up,725,1737,1537,0,0,12.1,39,3341
up,725,1737,1537,0,0,12.1,39,3341
up,726,1737,1537,0,0,12.1,39,3341
up,726,1737,1537,0,0,12.1,39,3341
up,727,1737,1537,0,0,12.1,39,3341
up,727,1737,1537,0,0,12.1,39,3341
up,728,1737,1537,0,0,12.1,39,3341
up,728,1737,1537,0,0,12.1,39,3341
up,729,1737,1537,0,0,12.1,39,3341
up,729,1737,1537,0,0,12.1,39,3341
up,730,1737,1537,0,0,12.1,39,3341
up,730,1737,1537,0,0,12.1,39,3341
up,731,1737,1537,0,0,12.1,39,3341
up,731,1737,1537,0,0,12.1,39,3341
up,732,1737,1537,0,0,12.1,39,3341
up,732,1737,1537,0,0,12.1,39,3341
up,733,1737,1537,0,0,12.1,39,3341
up,733,1737,1537,0,0,12.1,39,3341
up,734,1737,1537,0,0,12.1,39,3341
up,734,1737,1537,0,0,12.1,39,3341
up,735,1737,1537,0,0,12.1,39,3341
up,735,1737,1537,0,0,12.1,39,3341
up,736,1737,1537,0,0,12.1,39,3341
up,736,1737,1537,0,0,12.1,39,3341
up,737,1737,1537,0,0,12.1,39,3341
up,737,1737,1537,0,0,12.1,39,3341
up,738,1737,1537,0,0,12.1,39,3341
up,739,1737,1537,0,0,12.1,39,3341
up,739,1737,1537,0,0,12.1,39,3341
up,740,1737,1537,0,0,12.1,39,3341
up,740,1737,1537,0,0,12.1,39,3341
up,741,1737,1537,0,0,12.1,39,3341
up,741,1737,1537,0,0,12.1,39,3341
up,742,1737,1537,0,0,12.1,39,3341
up,742,1737,1537,0,0,12.1,39,3341
up,743,1737,1537,0,0,12.1,39,3341
up,743,1737,1537,0,0,12.1,39,3341
up,744,1737,1537,0,0,12.1,39,3341
up,744,1737,1537,0,0,12.1,39,3341
up,745,1737,1537,0,0,12.1,39,3341
up,745,1737,1537,0,0,12.1,39,3341
up,746,1737,1537,0,0,12.1,39,3341
up,746,1737,1537,0,0,12.1,39,3341
up,747,1737,1537,0,0,12.1,39,3341
up,747,1737,1537,0,0,12.1,39,3341
up,748,1737,1537,0,0,12.1,39,3341
up,748,1737,1537,0,0,12.1,39,3341
up,749,1737,1537,0,0,12.1,39,3341
up,749,1737,1537,0,0,12.1,39,3341
up,750,1737,1537,0,0,12.1,39,3341
up,750,1737,1537,0,0,12.1,39,3341
up,751,1737,1537,0,0,12.1,39,3341
up,751,1737,1537,0,0,12.1,39,3341
up,752,1737,1537,0,0,12.1,39,3341
up,752,1737,1537,0,0,12.1,39,3341
up,753,1737,1537,0,0,12.1,39,3341
up,753,1737,1537,0,0,12.1,39,3341
up,754,1737,1537,0,0,12.1,39,3341
up,754,1737,1537,0,0,12.1,39,3341
up,755,1737,1537,0,0,12.1,39,3341
up,755,1737,1537,0,0,12.1,39,3341
up,756,1737,1537,0,0,12.1,39,3341
up,756,1737,1537,0,0,12.1,39,3341
up,757,1737,1537,0,0,12.1,39,3341
up,757,1737,1537,0,0,12.1,39,3341
up,758,1737,1537,0,0,12.1,39,3341
up,758,1737,1537,0,0,12.1,39,3341
up,759,1737,1537,0,0,12.1,39,3341
up,759,1737,1537,0,0,12.1,39,3341
up,760,1737,1537,0,0,12.1,39,3341
up,760,1737,1537,0,0,12.1,39,3341
up,761,1737,1537,0,0,12.1,39,3341
up,761,1737,1537,0,0,12.1,39,3341
up,762,1737,1537,0,0,12.1,39,3341
up,762,1737,1537,0,0,12.1,39,3341
up,763,1737,1537,0,0,12.1,39,3341
up,763,1737,1537,0,0,12.1,39,3341
up,764,1737,1537,0,0,12.1,39,3341
up,764,1737,1537,0,0,12.1,39,3341
up,765,1737,1537,0,0,12.1,39,3341
up,765,1737,1537,0,0,12.1,39,3341
up,766,1737,1537,0,0,12.1,39,3341
up,766,1737,1537,0,0,12.1,39,3341
up,767,1737,1537,0,0,12.1,39,3341
up,767,1737,1537,0,0,12.1,39,3341
up,768,1737,1537,0,0,12.1,39,3341
up,768,1737,1537,0,0,12.1,39,3341
up,769,1737,1537,0,0,12.1,39,3341
up,769,1737,1537,0,0,12.1,39,3341
up,770,1737,1537,0,0,12.1,39,3341
up,770,1737,1537,0,0,12.1,39,3341
up,771,1737,1537,0,0,12.1,39,3341
up,771,1737,1537,0,0,12.1,39,3341
up,772,1737,1537,0,0,12.1,39,3341
up,772,1737,1537,0,0,12.1,39,3341
up,773,1737,1537,0,0,12.1,39,3341
up,773,1737,1537,0,0,12.1,39,3341
up,774,1737,1537,0,0,12.1,39,3341
up,774,1737,1537,0,0,12.1,39,3341
up,775,1737,1537,0,0,12.1,39,3341
up,775,1737,1537,0,0,12.1,39,3341
up,776,1737,1537,0,0,12.1,39,3341
up,776,1737,1537,0,0,12.1,39,3341
up,777,1737,1537,0,0,12.1,39,3341
up,777,1737,1537,0,0,12.1,39,3341
up,777,1737,1537,0,0,12.1,39,3341
up,778,1737,1537,0,0,12.1,39,3341
up,778,1737,1537,0,0,12.1,39,3341
up,779,1737,1537,0,0,12.1,39,3341
up,779,1737,1537,0,0,12.1,39,3341
up,780,1737,1537,0,0,12.1,39,3341
up,780,1737,1537,0,0,12.1,39,3341
up,781,1737,1537,0,0,12.1,39,3341
up,781,1737,1537,0,0,12.1,39,3341
up,782,1737,1537,0,0,12.1,39,3341
up,782,1737,1537,0,0,12.1,39,3341
up,783,1737,1537,0,0,12.1,39,3341
up,783,1737,1537,0,0,12.1,39,3341
up,784,1737,1537,0,0,12.1,39,3341
up,784,1737,1537,0,0,12.1,39,3341
up,785,1737,1537,0,0,12.1,39,3341
up,785,1737,1537,0,0,12.1,39,3341
up,786,1737,1537,0,0,12.1,39,3341
up,786,1737,1537,0,0,12.1,39,3341
up,787,1737,1537,0,0,12.1,39,3341
up,787,1737,1537,0,0,12.1,39,3341
up,788,1737,1537,0,0,12.1,39,3341
up,788,1737,1537,0,0,12.1,39,3341
up,789,1737,1537,0,0,12.1,39,3341
up,789,1737,1537,0,0,12.1,39,3341
up,790,1737,1537,0,0,12.1,39,3341
up,790,1737,1537,0,0,12.1,39,3341
up,791,1737,1537,0,0,12.1,39,3341
up,791,1737,1537,0,0,12.1,39,3341
up,792,1737,1537,0,0,12.1,39,3341
up,792,1737,1537,0,0,12.1,39,3341
up,793,1737,1537,0,0,12.1,39,3341
up,793,1737,1537,0,0,12.1,39,3341
up,794,1737,1537,0,0,12.1,39,3341
up,794,1737,1537,0,0,12.1,39,3341
up,795,1737,1537,0,0,12.1,39,3341
up,795,1737,1537,0,0,12.1,39,3341
up,796,1737,1537,0,0,12.1,39,3341
up,797,1737,1537,0,0,12.1,39,3341
up,797,1737,1537,0,0,12.1,39,3341
up,798,1737,1537,0,0,12.1,39,3341
up,798,1737,1537,0,0,12.1,39,3341
up,799,1737,1537,0,0,12.1,39,3341
up,799,1737,1537,0,0,12.1,39,3341
up,800,1737,1537,0,0,12.1,39,3341
up,800,1737,1537,0,0,12.1,39,3341
up,801,1737,1537,0,0,12.1,39,3341
up,801,1737,1537,0,0,12.1,39,3341
up,802,1737,1537,0,0,12.1,39,3341
up,802,1737,1537,0,0,12.1,39,3341
up,803,1737,1537,0,0,12.1,39,3341
up,803,1737,1537,0,0,12.1,39,3341
up,804,1737,1537,0,0,12.1,39,3341
up,804,1737,1537,0,0,12.1,39,3341
up,805,1737,1537,0,0,12.1,39,3341
up,805,1737,1537,0,0,12.1,39,3341
up,806,1737,1537,0,0,12.1,39,3341
up,806,1737,1537,0,0,12.1,39,3341
up,807,1737,1537,0,0,12.1,39,3341
up,807,1737,1537,0,0,12.1,39,3341
up,808,1737,1537,0,0,12.1,39,3341
up,808,1737,1537,0,0,12.1,39,3341
up,809,1737,1537,0,0,12.1,39,3341
up,809,1737,1537,0,0,12.1,39,3341
up,809,1737,1537,0,0,12.1,39,3341
up,810,1737,1537,0,0,12.1,39,3341
up,810,1737,1537,0,0,12.1,39,3341
up,811,1737,1537,0,0,12.1,39,3341
up,811,1737,1537,0,0,12.1,39,3341
up,812,1737,1537,0,0,12.1,39,3341
up,812,1737,1537,0,0,12.1,39,3341
up,813,1737,1537,0,0,12.1,39,3341
up,813,1737,1537,0,0,12.1,39,3341
up,814,1737,1537,0,0,12.1,39,3341
up,814,1737,1537,0,0,12.1,39,3341
up,815,1737,1537,0,0,12.1,39,3341
up,815,1737,1537,0,0,12.1,39,3341
up,816,1737,1537,0,0,12.1,39,3341
up,816,1737,1537,0,0,12.1,39,3341
up,817,1737,1537,0,0,12.1,39,3341
up,817,1737,1537,0,0,12.1,39,3341
up,818,1737,1537,0,0,12.1,39,3341
up,818,1737,1537,0,0,12.1,39,3341
up,819,1737,1537,0,0,12.1,39,3341
up,819,1737,1537,0,0,12.1,39,3341
up,820,1737,1537,0,0,12.1,39,3341
up,820,1737,1537,0,0,12.1,39,3341
up,821,1737,1537,0,0,12.1,39,3341
up,821,1737,1537,0,0,12.1,39,3341
up,822,1737,1537,0,0,12.1,39,3341
up,822,1737,1537,0,0,12.1,39,3341
up,823,1737,1537,0,0,12.1,39,3341
up,823,1737,1537,0,0,12.1,39,3341
up,824,1737,1537,0,0,12.1,39,3341
up,824,1737,1537,0,0,12.1,39,3341
up,825,1737,1537,0,0,12.1,39,3341
up,825,1737,1537,0,0,12.1,39,3341
up,826,1737,1537,0,0,12.1,39,3341
up,826,1737,1537,0,0,12.1,39,3341
up,827,1737,1537,0,0,12.1,39,3341
up,827,1737,1537,0,0,12.1,39,3341
up,828,1737,1537,0,0,12.1,39,3341
up,828,1737,1537,0,0,12.1,39,3341
up,829,1737,1537,0,0,12.1,39,3341
up,829,1737,1537,0,0,12.1,39,3341
up,830,1737,1537,0,0,12.1,39,3341
up,830,1737,1537,0,0,12.1,39,3341
up,830,1737,1537,0,0,12.1,39,3341
up,831,1737,1537,0,0,12.1,39,3341
up,831,1737,1537,0,0,12.1,39,3341
up,832,1737,1537,0,0,12.1,39,3341
up,832,1737,1537,0,0,12.1,39,3341
up,833,1737,1537,0,0,12.1,39,3341
up,833,1737,1537,0,0,12.1,39,3341
up,834,1737,1537,0,0,12.1,39,3341
up,834,1737,1537,0,0,12.1,39,3341
up,835,1737,1537,0,0,12.1,39,3341
up,835,1737,1537,0,0,12.1,39,3341
up,836,1737,1537,0,0,12.1,39,3341
up,836,1737,1537,0,0,12.1,39,3341
up,837,1737,1537,0,0,12.1,39,3341
up,837,1737,1537,0,0,12.1,39,3341
up,838,1737,1537,0,0,12.1,39,3341
up,838,1737,1537,0,0,12.1,39,3341
up,839,1737,1537,0,0,12.1,39,3341
up,839,1737,1537,0,0,12.1,39,3341
up,840,1737,1537,0,0,12.1,39,3341
up,840,1737,1537,0,0,12.1,39,3341
up,841,1737,1537,0,0,12.1,39,3341
up,841,1737,1537,0,0,12.1,39,3341
up,842,1737,1537,0,0,12.1,39,3341
up,842,1737,1537,0,0,12.1,39,3341
up,843,1737,1537,0,0,12.1,39,3341
up,843,1737,1537,0,0,12.1,39,3341
up,844,1737,1537,0,0,12.1,39,3341
up,844,1737,1537,0,0,12.1,39,3341
up,845,1737,1537,0,0,12.1,39,3341
up,845,1737,1537,0,0,12.1,39,3341
up,846,1737,1537,0,0,12.1,39,3341
up,846,1737,1537,0,0,12.1,39,3341
up,847,1737,1537,0,0,12.1,39,3341
up,847,1737,1537,0,0,12.1,39,3341
up,848,1737,1537,0,0,12.1,39,3341
up,848,1737,1537,0,0,12.1,39,3341
up,849,1737,1537,0,0,12.1,39,3341
up,849,1737,1537,0,0,12.1,39,3341
up,850,1737,1537,0,0,12.1,39,3341
up,850,1737,1537,0,0,12.1,39,3341
up,851,1737,1537,0,0,12.1,39,3341
up,851,1737,1537,0,0,12.1,39,3341
up,852,1737,1537,0,0,12.1,39,3341
up,852,1737,1537,0,0,12.1,39,3341
up,853,1737,1537,0,0,12.1,39,3341
up,853,1737,1537,0,0,12.1,39,3341
up,854,1737,1537,0,0,12.1,39,3341
up,854,1737,1537,0,0,12.1,39,3341
up,855,1737,1537,0,0,12.1,39,3341
up,855,1737,1537,0,0,12.1,39,3341
up,856,1737,1537,0,0,12.1,39,3341
up,856,1737,1537,0,0,12.1,39,3341
up,857,1737,1537,0,0,12.1,39,3341
up,857,1737,1537,0,0,12.1,39,3341
up,858,1737,1537,0,0,12.1,39,3341
up,858,1737,1537,0,0,12.1,39,3341
up,859,1737,1537,0,0,12.1,39,3341
up,859,1737,1537,0,0,12.1,39,3341
up,860,1737,1537,0,0,12.1,39,3341
up,860,1737,1537,0,0,12.1,39,3341
up,861,1737,1537,0,0,12.1,39,3341
up,861,1737,1537,0,0,12.1,39,3341
up,862,1737,1537,0,0,12.1,39,3341
up,862,1737,1537,0,0,12.1,39,3341
up,863,1737,1537,0,0,12.1,39,3341
up,863,1737,1537,0,0,12.1,39,3341
up,864,1737,1537,0,0,12.1,39,3341
up,864,1737,1537,0,0,12.1,39,3341
up,865,1737,1537,0,0,12.1,39,3341
up,865,1737,1537,0,0,12.1,39,3341
up,866,1737,1537,0,0,12.1,39,3341
up,866,1737,1537,0,0,12.1,39,3341
up,867,1737,1537,0,0,12.1,39,3341
up,867,1737,1537,0,0,12.1,39,3341
up,868,1737,1537,0,0,12.1,39,3341
up,869,1737,1537,0,0,12.1,39,3341
up,869,1737,1537,0,0,12.1,39,3341
up,870,1737,1537,0,0,12.1,39,3341
up,870,1737,1537,0,0,12.1,39,3341
up,871,1737,1537,0,0,12.1,39,3341
up,871,1737,1537,0,0,12.1,39,3341
up,872,1737,1537,0,0,12.1,39,3341
up,872,1737,1537,0,0,12.1,39,3341
up,873,1737,1537,0,0,12.1,39,3341
up,873,1737,1537,0,0,12.1,39,3341
up,874,1737,1537,0,0,12.1,39,3341
up,874,1737,1537,0,0,12.1,39,3341
up,875,1737,1537,0,0,12.1,39,3341
up,875,1737,1537,0,0,12.1,39,3341
up,876,1737,1537,0,0,12.1,39,3341
up,876,1737,1537,0,0,12.1,39,3341
up,876,1737,1537,0,0,12.1,39,3341
up,877,1737,1537,0,0,12.1,39,3341
up,877,1737,1537,0,0,12.1,39,3341
up,878,1737,1537,0,0,12.1,39,3341
up,878,1737,1537,0,0,12.1,39,3341
up,879,1737,1537,0,0,12.1,39,3341
up,879,1737,1537,0,0,12.1,39,3341
up,880,1737,1537,0,0,12.1,39,3341
up,880,1737,1537,0,0,12.1,39,3341
up,881,1737,1537,0,0,12.1,39,3341
up,881,1737,1537,0,0,12.1,39,3341
up,882,1737,1537,0,0,12.1,39,3341
up,882,1737,1537,0,0,12.1,39,3341
up,883,1737,1537,0,0,12.1,39,3341
up,883,1737,1537,0,0,12.1,39,3341
up,884,1737,1537,0,0,12.1,39,3341
up,884,1737,1537,0,0,12.1,39,3341
up,885,1737,1537,0,0,12.1,39,3341
up,885,1737,1537,0,0,12.1,39,3341
up,886,1737,1537,0,0,12.1,39,3341
up,886,1737,1537,0,0,12.1,39,3341
up,887,1737,1537,0,0,12.1,39,3341
up,887,1737,1537,0,0,12.1,39,3341
up,888,1737,1537,0,0,12.1,39,3341
up,888,1737,1537,0,0,12.1,39,3341
up,889,1737,1537,0,0,12.1,39,3341
up,889,1737,1537,0,0,12.1,39,3341
up,890,1737,1537,0,0,12.1,39,3341
up,890,1737,1537,0,0,12.1,39,3341
up,891,1737,1537,0,0,12.1,39,3341
up,891,1737,1537,0,0,12.1,39,3341
up,892,1737,1537,0,0,12.1,39,3341
up,892,1737,1537,0,0,12.1,39,3341
up,893,1737,1537,0,0,12.1,39,3341
up,893,1737,1537,0,0,12.1,39,3341
up,894,1737,1537,0,0,12.1,39,3341
up,894,1737,1537,0,0,12.1,39,3341
up,895,1737,1537,0,0,12.1,39,3341
up,895,1737,1537,0,0,12.1,39,3341
up,896,1737,1537,0,0,12.1,39,3341
up,896,1737,1537,0,0,12.1,39,3341
up,897,1737,1537,0,0,12.1,39,3341
up,897,1737,1537,0,0,12.1,39,3341
up,898,1737,1537,0,0,12.1,39,3341
up,898,1737,1537,0,0,12.1,39,3341
up,899,1737,1537,0,0,12.1,39,3341
up,899,1737,1537,0,0,12.1,39,3341
up,900,1737,1537,0,0,12.1,39,3341
up,900,1737,1537,0,0,12.1,39,3341
up,901,1737,1537,0,0,12.1,39,3341
up,901,1737,1537,0,0,12.1,39,3341
up,902,1737,1537,0,0,12.1,39,3341
up,902,1737,1537,0,0,12.1,39,3341
up,903,1737,1537,0,0,12.1,39,3341
up,903,1737,1537,0,0,12.1,39,3341
up,904,1737,1537,0,0,12.1,39,3341
up,904,1737,1537,0,0,12.1,39,3341
up,905,1737,1537,0,0,12.1,39,3341
up,906,1737,1537,0,0,12.1,39,3341
up,906,1737,1537,0,0,12.1,39,3341
up,907,1737,1537,0,0,12.1,39,3341
up,907,1737,1537,0,0,12.1,39,3341
up,908,1737,1537,0,0,12.1,39,3341
up,908,1737,1537,0,0,12.1,39,3341
up,908,1737,1537,0,0,12.1,39,3341
up,909,1737,1537,0,0,12.1,39,3341
up,909,1737,1537,0,0,12.1,39,3341
up,910,1737,1537,0,0,12.1,39,3341
up,910,1737,1537,0,0,12.1,39,3341
up,911,1737,1537,0,0,12.1,39,3341
up,911,1737,1537,0,0,12.1,39,3341
up,912,1737,1537,0,0,12.1,39,3341
up,912,1737,1537,0,0,12.1,39,3341
up,913,1737,1537,0,0,12.1,39,3341
up,913,1737,1537,0,0,12.1,39,3341
up,914,1737,1537,0,0,12.1,39,3341
up,914,1737,1537,0,0,12.1,39,3341
up,915,1737,1537,0,0,12.1,39,3341
up,915,1737,1537,0,0,12.1,39,3341
up,916,1737,1537,0,0,12.1,39,3341
up,916,1737,1537,0,0,12.1,39,3341
up,917,1737,1537,0,0,12.1,39,3341
up,917,1737,1537,0,0,12.1,39,3341
up,918,1737,1537,0,0,12.1,39,3341
up,918,1737,1537,0,0,12.1,39,3341
up,919,1737,1537,0,0,12.1,39,3341
up,919,1737,1537,0,0,12.1,39,3341
up,920,1737,1537,0,0,12.1,39,3341
up,920,1737,1537,0,0,12.1,39,3341
up,921,1737,1537,0,0,12.1,39,3341
up,921,1737,1537,0,0,12.1,39,3341
up,922,1737,1537,0,0,12.1,39,3341
up,922,1737,1537,0,0,12.1,39,3341
up,923,1737,1537,0,0,12.1,39,3341
up,923,1737,1537,0,0,12.1,39,3341
up,924,1737,1537,0,0,12.1,39,3341
up,924,1737,1537,0,0,12.1,39,3341
up,925,1737,1537,0,0,12.1,39,3341
up,925,1737,1537,0,0,12.1,39,3341
up,926,1737,1537,0,0,12.1,39,3341
up,926,1737,1537,0,0,12.1,39,3341
up,927,1737,1537,0,0,12.1,39,3341
up,927,1737,1537,0,0,12.1,39,3341
up,928,1737,1537,0,0,12.1,39,3341
up,928,1737,1537,0,0,12.1,39,3341
up,929,1737,1537,0,0,12.1,39,3341
up,929,1737,1537,0,0,12.1,39,3341
up,930,1737,1537,0,0,12.1,39,3341
up,930,1737,1537,0,0,12.1,39,3341
up,931,1737,1537,0,0,12.1,39,3341
up,931,1737,1537,0,0,12.1,39,3341
up,932,1737,1537,0,0,12.1,39,3341
up,932,1737,1537,0,0,12.1,39,3341
up,933,1737,1537,0,0,12.1,39,3341
up,933,1737,1537,0,0,12.1,39,3341
up,934,1737,1537,0,0,12.1,39,3341
up,934,1737,1537,0,0,12.1,39,3341
up,935,1737,1537,0,0,12.1,39,3341
up,935,1737,1537,0,0,12.1,39,3341
up,936,1737,1537,0,0,12.1,39,3341
up,936,1737,1537,0,0,12.1,39,3341
up,937,1737,1537,0,0,12.1,39,3341
up,937,1737,1537,0,0,12.1,39,3341
up,938,1737,1537,0,0,12.1,39,3341
up,938,1737,1537,0,0,12.1,39,3341
up,939,1737,1537,0,0,12.1,39,3341
up,939,1737,1537,0,0,12.1,39,3341
up,940,1737,1537,0,0,12.1,39,3341
up,940,1737,1537,0,0,12.1,39,3341
up,941,1737,1537,0,0,12.1,39,3341
up,941,1737,1537,0,0,12.1,39,3341
up,942,1737,1537,0,0,12.1,39,3341
up,942,1737,1537,0,0,12.1,39,3341
up,943,1737,1537,0,0,12.1,39,3341
up,943,1737,1537,0,0,12.1,39,3341
up,944,1737,1537,0,0,12.1,39,3341
up,944,1737,1537,0,0,12.1,39,3341
up,945,1737,1537,0,0,12.1,39,3341
up,945,1737,1537,0,0,12.1,39,3341
up,946,1737,1537,0,0,12.1,39,3341
up,946,1737,1537,0,0,12.1,39,3341
up,947,1737,1537,0,0,12.1,39,3341
up,947,1737,1537,0,0,12.1,39,3341
up,948,1737,1537,0,0,12.1,39,3341
up,948,1737,1537,0,0,12.1,39,3341
up,949,1737,1537,0,0,12.1,39,3341
up,949,1737,1537,0,0,12.1,39,3341
up,950,1737,1537,0,0,12.1,39,3341
up,950,1737,1537,0,0,12.1,39,3341
up,951,1737,1537,0,0,12.1,39,3341
up,951,1737,1537,0,0,12.1,39,3341
up,952,1737,1537,0,0,12.1,39,3341
up,952,1737,1537,0,0,12.1,39,3341
up,953,1737,1537,0,0,12.1,39,3341
up,953,1737,1537,0,0,12.1,39,3341
up,954,1737,1537,0,0,12.1,39,3341
up,954,1737,1537,0,0,12.1,39,3341
up,955,1737,1537,0,0,12.1,39,3341
up,955,1737,1537,0,0,12.1,39,3341
up,956,1737,1537,0,0,12.1,39,3341
up,956,1737,1537,0,0,12.1,39,3341
up,957,1737,1537,0,0,12.1,39,3341
up,957,1737,1537,0,0,12.1,39,3341
up,958,1737,1537,0,0,12.1,39,3341
up,958,1737,1537,0,0,12.1,39,3341
up,959,1737,1537,0,0,12.1,39,3341
up,959,1737,1537,0,0,12.1,39,3341
up,960,1737,1537,0,0,12.1,39,3341
up,960,1737,1537,0,0,12.1,39,3341
up,961,1737,1537,0,0,12.1,39,3341
up,961,1737,1537,0,0,12.1,39,3341
up,962,1737,1537,0,0,12.1,39,3341
up,962,1737,1537,0,0,12.1,39,3341
up,963,1737,1537,0,0,12.1,39,3341
up,963,1737,1537,0,0,12.1,39,3341
up,964,1737,1537,0,0,12.1,39,3341
up,964,1737,1537,0,0,12.1,39,3341
up,965,1737,1537,0,0,12.1,39,3341
up,965,1737,1537,0,0,12.1,39,3341
up,966,1737,1537,0,0,12.1,39,3341
up,966,1737,1537,0,0,12.1,39,3341
up,967,1737,1537,0,0,12.1,39,3341
up,967,1737,1537,0,0,12.1,39,3341
up,968,1737,1537,0,0,12.1,39,3341
up,968,1737,1537,0,0,12.1,39,3341
up,969,1737,1537,0,0,12.1,39,3341
up,969,1737,1537,0,0,12.1,39,3341
up,970,1737,1537,0,0,12.1,39,3341
up,970,1737,1537,0,0,12.1,39,3341
up,971,1737,1537,0,0,12.1,39,3341
up,971,1737,1537,0,0,12.1,39,3341
up,972,1737,1537,0,0,12.1,39,3341
up,972,1737,1537,0,0,12.1,39,3341
up,973,1737,1537,0,0,12.1,39,3341
up,973,1737,1537,0,0,12.1,39,3341
up,974,1737,1537,0,0,12.1,39,3341
up,974,1737,1537,0,0,12.1,39,3341
up,975,1737,1537,0,0,12.1,39,3341
up,975,1737,1537,0,0,12.1,39,3341
up,976,1737,1537,0,0,12.1,39,3341
up,976,1737,1537,0,0,12.1,39,3341
up,977,1737,1537,0,0,12.1,39,3341
up,977,1737,1537,0,0,12.1,39,3341
up,978,1737,1537,0,0,12.1,39,3341
up,978,1737,1537,0,0,12.1,39,3341
up,979,1737,1537,0,0,12.1,39,3341
up,979,1737,1537,0,0,12.1,39,3341
up,980,1737,1537,0,0,12.1,39,3341
up,980,1737,1537,0,0,12.1,39,3341
up,981,1737,1537,0,0,12.1,39,3341
up,981,1737,1537,0,0,12.1,39,3341
up,982,1737,1537,0,0,12.1,39,3341
up,982,1737,1537,0,0,12.1,39,3341
up,983,1737,1537,0,0,12.1,39,3341
up,983,1737,1537,0,0,12.1,39,3341
up,984,1737,1537,0,0,12.1,39,3341
up,984,1737,1537,0,0,12.1,39,3341
up,985,1737,1537,0,0,12.1,39,3341
up,985,1737,1537,0,0,12.1,39,3341
up,986,1737,1537,0,0,12.1,39,3341
up,986,1737,1537,0,0,12.1,39,3341
up,987,1737,1537,0,0,12.1,39,3341
up,987,1737,1537,0,0,12.1,39,3341
up,988,1737,1537,0,0,12.1,39,3341
up,988,1737,1537,0,0,12.1,39,3341
up,989,1737,1537,0,0,12.1,39,3341
up,989,1737,1537,0,0,12.1,39,3341
up,990,1737,1537,0,0,12.1,39,3341
up,990,1737,1537,0,0,12.1,39,3341
up,991,1737,1537,0,0,12.1,39,3341
up,991,1737,1537,0,0,12.1,39,3341
up,992,1737,1537,0,0,12.1,39,3341
up,992,1737,1537,0,0,12.1,39,3341
up,993,1737,1537,0,0,12.1,39,3341
up,993,1737,1537,0,0,12.1,39,3341
up,994,1737,1537,0,0,12.1,39,3341
up,994,1737,1537,0,0,12.1,39,3341
up,995,1737,1537,0,0,12.1,39,3341
up,995,1737,1537,0,0,12.1,39,3341
up,996,1737,1537,0,0,12.1,39,3341
up,996,1737,1537,0,0,12.1,39,3341
up,997,1737,1537,0,0,12.1,39,3341
up,998,1737,1537,0,0,12.1,39,3341
up,998,1737,1537,0,0,12.1,39,3341
up,998,1737,1537,0,0,12.1,39,3341
up,999,1737,1537,0,0,12.1,39,3341
up,999,1737,1537,0,0,12.1,39,3341
up,1000,1737,1537,0,0,12.1,39,3341
up,1000,1737,1537,0,0,12.1,39,3341
up,1001,1737,1537,0,0,12.1,39,3341
up,1001,1737,1537,0,0,12.1,39,3341
up,1002,1737,1537,0,0,12.1,39,3341
up,1002,1737,1537,0,0,12.1,39,3341
up,1003,1737,1537,0,0,12.1,39,3341
up,1003,1737,1537,0,0,12.1,39,3341
up,1004,1737,1537,0,0,12.1,39,3341
up,1004,1737,1537,0,0,12.1,39,3341
up,1005,1737,1537,0,0,12.1,39,3341
up,1005,1737,1537,0,0,12.1,39,3341
up,1006,1737,1537,0,0,12.1,39,3341
up,1006,1737,1537,0,0,12.1,39,3341
up,1007,1737,1537,0,0,12.1,39,3341
up,1007,1737,1537,0,0,12.1,39,3341
up,1008,1737,1537,0,0,12.1,39,3341
up,1008,1737,1537,0,0,12.1,39,3341
up,1009,1737,1537,0,0,12.1,39,3341
up,1009,1737,1537,0,0,12.1,39,3341
up,1010,1737,1537,0,0,12.1,39,3341
up,1010,1737,1537,0,0,12.1,39,3341
up,1011,1737,1537,0,0,12.1,39,3341
up,1011,1737,1537,0,0,12.1,39,3341
up,1012,1737,1537,0,0,12.1,39,3341
up,1012,1737,1537,0,0,12.1,39,3341
up,1013,1737,1537,0,0,12.1,39,3341
up,1013,1737,1537,0,0,12.1,39,3341
up,1014,1737,1537,0,0,12.1,39,3341
up,1014,1737,1537,0,0,12.1,39,3341
up,1015,1737,1537,0,0,12.1,39,3341
up,1015,1737,1537,0,0,12.1,39,3341
up,1016,1737,1537,0,0,12.1,39,3341
up,1016,1737,1537,0,0,12.1,39,3341
up,1017,1737,1537,0,0,12.1,39,3341
up,1017,1737,1537,0,0,12.1,39,3341
up,1018,1737,1537,0,0,12.1,39,3341
up,1018,1737,1537,0,0,12.1,39,3341
up,1019,1737,1537,0,0,12.1,39,3341
up,1019,1737,1537,0,0,12.1,39,3341
up,1020,1737,1537,0,0,12.1,39,3341
up,1020,1737,1537,0,0,12.1,39,3341
up,1021,1737,1537,0,0,12.1,39,3341
up,1021,1737,1537,0,0,12.1,39,3341
up,1022,1737,1537,0,0,12.1,39,3341
up,1022,1737,1537,0,0,12.1,39,3341
up,1023,1737,1537,0,0,12.1,39,3341
up,1023,1737,1537,0,0,12.1,39,3341
up,1024,1737,1537,0,0,12.1,39,3341
up,1024,1737,1537,0,0,12.1,39,3341
up,1025,1737,1537,0,0,12.1,39,3341
up,1025,1737,1537,0,0,12.1,39,3341
up,1026,1737,1537,0,0,12.1,39,3341
up,1026,1737,1537,0,0,12.1,39,3341
up,1027,1737,1537,0,0,12.1,39,3341
up,1027,1737,1537,0,0,12.1,39,3341
up,1028,1737,1537,0,0,12.1,39,3341
up,1028,1737,1537,0,0,12.1,39,3341
up,1029,1737,1537,0,0,12.1,39,3341
up,1029,1737,1537,0,0,12.1,39,3341
up,1030,1737,1537,0,0,12.1,39,3341
up,1030,1737,1537,0,0,12.1,39,3341
up,1031,1737,1537,0,0,12.1,39,3341
up,1031,1737,1537,0,0,12.1,39,3341
up,1032,1737,1537,0,0,12.1,39,3341
up,1032,1737,1537,0,0,12.1,39,3341
up,1033,1737,1537,0,0,12.1,39,3341
up,1033,1737,1537,0,0,12.1,39,3341
up,1034,1737,1537,0,0,12.1,39,3341
up,1034,1737,1537,0,0,12.1,39,3341
up,1035,1737,1537,0,0,12.1,39,3341
up,1035,1737,1537,0,0,12.1,39,3341
up,1036,1737,1537,0,0,12.1,39,3341
up,1036,1737,1537,0,0,12.1,39,3341
up,1037,1737,1537,0,0,12.1,39,3341
up,1037,1737,1537,0,0,12.1,39,3341
up,1038,1737,1537,0,0,12.1,39,3341
up,1038,1737,1537,0,0,12.1,39,3341
up,1039,1737,1537,0,0,12.1,39,3341
up,1039,1737,1537,0,0,12.1,39,3341
up,1040,1737,1537,0,0,12.1,39,3341
up,1040,1737,1537,0,0,12.1,39,3341
up,1041,1737,1537,0,0,12.1,39,3341
up,1041,1737,1537,0,0,12.1,39,3341
up,1042,1737,1537,0,0,12.1,39,3341
up,1042,1737,1537,0,0,12.1,39,3341
up,1043,1737,1537,0,0,12.1,39,3341
up,1043,1737,1537,0,0,12.1,39,3341
up,1044,1737,1537,0,0,12.1,39,3341
up,1044,1737,1537,0,0,12.1,39,3341
up,1045,1737,1537,0,0,12.1,39,3341
up,1045,1737,1537,0,0,12.1,39,3341
up,1046,1737,1537,0,0,12.1,39,3341
up,1046,1737,1537,0,0,12.1,39,3341
up,1047,1737,1537,0,0,12.1,39,3341
up,1047,1737,1537,0,0,12.1,39,3341
up,1048,1737,1537,0,0,12.1,39,3341
up,1048,1737,1537,0,0,12.1,39,3341
up,1049,1737,1537,0,0,12.1,39,3341
up,1049,1737,1537,0,0,12.1,39,3341
up,1050,1737,1537,0,0,12.1,39,3341
up,1050,1737,1537,0,0,12.1,39,3341
up,1051,1737,1537,0,0,12.1,39,3341
up,1051,1737,1537,0,0,12.1,39,3341
up,1052,1737,1537,0,0,12.1,39,3341
up,1052,1737,1537,0,0,12.1,39,3341
up,1053,1737,1537,0,0,12.1,39,3341
up,1053,1737,1537,0,0,12.1,39,3341
up,1054,1737,1537,0,0,12.1,39,3341
up,1054,1737,1537,0,0,12.1,39,3341
up,1055,1737,1537,0,0,12.1,39,3341
up,1055,1737,1537,0,0,12.1,39,3341
up,1056,1737,1537,0,0,12.1,39,3341
up,1056,1737,1537,0,0,12.1,39,3341
up,1057,1737,1537,0,0,12.1,39,3341
up,1057,1737,1537,0,0,12.1,39,3341
up,1058,1737,1537,0,0,12.1,39,3341
up,1058,1737,1537,0,0,12.1,39,3341
up,1059,1737,1537,0,0,12.1,39,3341
up,1059,1737,1537,0,0,12.1,39,3341
up,1060,1737,1537,0,0,12.1,39,3341
up,1060,1737,1537,0,0,12.1,39,3341
up,1061,1737,1537,0,0,12.1,39,3341
up,1061,1737,1537,0,0,12.1,39,3341
up,1062,1737,1537,0,0,12.1,39,3341
up,1062,1737,1537,0,0,12.1,39,3341
up,1063,1737,1537,0,0,12.1,39,3341
up,1063,1737,1537,0,0,12.1,39,3341
up,1064,1737,1537,0,0,12.1,39,3341
up,1064,1737,1537,0,0,12.1,39,3341
up,1065,1737,1537,0,0,12.1,39,3341
up,1065,1737,1537,0,0,12.1,39,3341
up,1065,1737,1537,0,0,12.1,39,3341
up,1066,1737,1537,0,0,12.1,39,3341
up,1066,1737,1537,0,0,12.1,39,3341
up,1067,1737,1537,0,0,12.1,39,3341
up,1067,1737,1537,0,0,12.1,39,3341
up,1068,1737,1537,0,0,12.1,39,3341
up,1068,1737,1537,0,0,12.1,39,3341
up,1069,1737,1537,0,0,12.1,39,3341
up,1069,1737,1537,0,0,12.1,39,3341
up,1070,1737,1537,0,0,12.1,39,3341
up,1070,1737,1537,0,0,12.1,39,3341
up,1071,1737,1537,0,0,12.1,39,3341
up,1071,1737,1537,0,0,12.1,39,3341
up,1072,1737,1537,0,0,12.1,39,3341
up,1072,1737,1537,0,0,12.1,39,3341
up,1073,1737,1537,0,0,12.1,39,3341
up,1073,1737,1537,0,0,12.1,39,3341
up,1074,1737,1537,0,0,12.1,39,3341
up,1074,1737,1537,0,0,12.1,39,3341
up,1075,1737,1537,0,0,12.1,39,3341
up,1075,1737,1537,0,0,12.1,39,3341
up,1076,1737,1537,0,0,12.1,39,3341
up,1076,1737,1537,0,0,12.1,39,3341
up,1077,1737,1537,0,0,12.1,39,3341
up,1077,1737,1537,0,0,12.1,39,3341
up,1078,1737,1537,0,0,12.1,39,3341
up,1078,1737,1537,0,0,12.1,39,3341
up,1079,1737,1537,0,0,12.1,39,3341
up,1079,1737,1537,0,0,12.1,39,3341
up,1080,1737,1537,0,0,12.1,39,3341
up,1080,1737,1537,0,0,12.1,39,3341
up,1081,1737,1537,0,0,12.1,39,3341
up,1081,1737,1537,0,0,12.1,39,3341
up,1082,1737,1537,0,0,12.1,39,3341
up,1082,1737,1537,0,0,12.1,39,3341
up,1083,1737,1537,0,0,12.1,39,3341
up,1083,1737,1537,0,0,12.1,39,3341
up,1084,1737,1537,0,0,12.1,39,3341
up,1084,1737,1537,0,0,12.1,39,3341
up,1085,1737,1537,0,0,12.1,39,3341
up,1085,1737,1537,0,0,12.1,39,3341
up,1086,1737,1537,0,0,12.1,39,3341
up,1086,1737,1537,0,0,12.1,39,3341
up,1087,1737,1537,0,0,12.1,39,3341
up,1087,1737,1537,0,0,12.1,39,3341
up,1088,1737,1537,0,0,12.1,39,3341
up,1088,1737,1537,0,0,12.1,39,3341
up,1089,1737,1537,0,0,12.1,39,3341
up,1089,1737,1537,0,0,12.1,39,3341
up,1090,1737,1537,0,0,12.1,39,3341
up,1090,1737,1537,0,0,12.1,39,3341
up,1091,1737,1537,0,0,12.1,39,3341
up,1091,1737,1537,0,0,12.1,39,3341
up,1092,1737,1537,0,0,12.1,39,3341
up,1092,1737,1537,0,0,12.1,39,3341
up,1093,1737,1537,0,0,12.1,39,3341
up,1093,1737,1537,0,0,12.1,39,3341
up,1094,1737,1537,0,0,12.1,39,3341
up,1094,1737,1537,0,0,12.1,39,3341
up,1095,1737,1537,0,0,12.1,39,3341
up,1095,1737,1537,0,0,12.1,39,3341
up,1096,1737,1537,0,0,12.1,39,3341
up,1096,1737,1537,0,0,12.1,39,3341
up,1097,1737,1537,0,0,12.1,39,3341
up,1097,1737,1537,0,0,12.1,39,3341
up,1098,1737,1537,0,0,12.1,39,3341
up,1098,1737,1537,0,0,12.1,39,3341
up,1099,1737,1537,0,0,12.1,39,3341
up,1099,1737,1537,0,0,12.1,39,3341
up,1100,1737,1537,0,0,12.1,39,3341
up,1100,1737,1537,0,0,12.1,39,3341
up,1101,1737,1537,0,0,12.1,39,3341
up,1101,1737,1537,0,0,12.1,39,3341
up,1102,1737,1537,0,0,12.1,39,3341
up,1102,1737,1537,0,0,12.1,39,3341
up,1103,1737,1537,0,0,12.1,39,3341
up,1103,1737,1537,0,0,12.1,39,3341
up,1104,1737,1537,0,0,12.1,39,3341
up,1104,1737,1537,0,0,12.1,39,3341
up,1105,1737,1537,0,0,12.1,39,3341
up,1105,1737,1537,0,0,12.1,39,3341
up,1106,1737,1537,0,0,12.1,39,3341
up,1106,1737,1537,0,0,12.1,39,3341
up,1107,1737,1537,0,0,12.1,39,3341
up,1107,1737,1537,0,0,12.1,39,3341
up,1108,1737,1537,0,0,12.1,39,3341
up,1108,1737,1537,0,0,12.1,39,3341
up,1109,1737,1537,0,0,12.1,39,3341
up,1109,1737,1537,0,0,12.1,39,3341
up,1110,1737,1537,0,0,12.1,39,3341
up,1110,1737,1537,0,0,12.1,39,3341
up,1111,1737,1537,0,0,12.1,39,3341
up,1111,1737,1537,0,0,12.1,39,3341
up,1112,1737,1537,0,0,12.1,39,3341
up,1112,1737,1537,0,0,12.1,39,3341
up,1113,1737,1537,0,0,12.1,39,3341
up,1113,1737,1537,0,0,12.1,39,3341
up,1114,1737,1537,0,0,12.1,39,3341
up,1114,1737,1537,0,0,12.1,39,3341
up,1115,1737,1537,0,0,12.1,39,3341
up,1115,1737,1537,0,0,12.1,39,3341
up,1116,1737,1537,0,0,12.1,39,3341
up,1116,1737,1537,0,0,12.1,39,3341
up,1117,1737,1537,0,0,12.1,39,3341
up,1117,1737,1537,0,0,12.1,39,3341
up,1118,1737,1537,0,0,12.1,39,3341
up,1118,1737,1537,0,0,12.1,39,3341
up,1119,1737,1537,0,0,12.1,39,3341
up,1119,1737,1537,0,0,12.1,39,3341
up,1120,1737,1537,0,0,12.1,39,3341
up,1120,1737,1537,0,0,12.1,39,3341
up,1121,1737,1537,0,0,12.1,39,3341
up,1121,1737,1537,0,0,12.1,39,3341
up,1122,1737,1537,0,0,12.1,39,3341
up,1122,1737,1537,0,0,12.1,39,3341
up,1123,1737,1537,0,0,12.1,39,3341
up,1123,1737,1537,0,0,12.1,39,3341
up,1124,1737,1537,0,0,12.1,39,3341
up,1124,1737,1537,0,0,12.1,39,3341
up,1125,1737,1537,0,0,12.1,39,3341
up,1125,1737,1537,0,0,12.1,39,3341
up,1126,1737,1537,0,0,12.1,39,3341
up,1126,1737,1537,0,0,12.1,39,3341
up,1127,1737,1537,0,0,12.1,39,3341
up,1127,1737,1537,0,0,12.1,39,3341
up,1128,1737,1537,0,0,12.1,39,3341
up,1128,1737,1537,0,0,12.1,39,3341
up,1129,1737,1537,0,0,12.1,39,3341
up,1129,1737,1537,0,0,12.1,39,3341
up,1130,1737,1537,0,0,12.1,39,3341
up,1130,1737,1537,0,0,12.1,39,3341
up,1131,1737,1537,0,0,12.1,39,3341
up,1131,1737,1537,0,0,12.1,39,3341
up,1132,1737,1537,0,0,12.1,39,3341
up,1132,1737,1537,0,0,12.1,39,3341
up,1133,1737,1537,0,0,12.1,39,3341
up,1133,1737,1537,0,0,12.1,39,3341
up,1134,1737,1537,0,0,12.1,39,3341
up,1134,1737,1537,0,0,12.1,39,3341
up,1135,1737,1537,0,0,12.1,39,3341
up,1135,1737,1537,0,0,12.1,39,3341
up,1136,1737,1537,0,0,12.1,39,3341
up,1136,1737,1537,0,0,12.1,39,3341
up,1137,1737,1537,0,0,12.1,39,3341
up,1137,1737,1537,0,0,12.1,39,3341
up,1138,1737,1537,0,0,12.1,39,3341
up,1138,1737,1537,0,0,12.1,39,3341
up,1139,1737,1537,0,0,12.1,39,3341
up,1139,1737,1537,0,0,12.1,39,3341
up,1140,1737,1537,0,0,12.1,39,3341
up,1140,1737,1537,0,0,12.1,39,3341
up,1141,1737,1537,0,0,12.1,39,3341
up,1141,1737,1537,0,0,12.1,39,3341
up,1142,1737,1537,0,0,12.1,39,3341
up,1142,1737,1537,0,0,12.1,39,3341
up,1143,1737,1537,0,0,12.1,39,3341
up,1143,1737,1537,0,0,12.1,39,3341
up,1144,1737,1537,0,0,12.1,39,3341
up,1144,1737,1537,0,0,12.1,39,3341
up,1145,1737,1537,0,0,12.1,39,3341
up,1145,1737,1537,0,0,12.1,39,3341
up,1146,1737,1537,0,0,12.1,39,3341
up,1146,1737,1537,0,0,12.1,39,3341
up,1147,1737,1537,0,0,12.1,39,3341
up,1147,1737,1537,0,0,12.1,39,3341
up,1148,1737,1537,0,0,12.1,39,3341
up,1148,1737,1537,0,0,12.1,39,3341
up,1149,1737,1537,0,0,12.1,39,3341
up,1149,1737,1537,0,0,12.1,39,3341
up,1150,1737,1537,0,0,12.1,39,3341
up,1150,1737,1537,0,0,12.1,39,3341
up,1151,1737,1537,0,0,12.1,39,3341
up,1151,1737,1537,0,0,12.1,39,3341
up,1152,1737,1537,0,0,12.1,39,3341
up,1152,1737,1537,0,0,12.1,39,3341
up,1153,1737,1537,0,0,12.1,39,3341
up,1153,1737,1537,0,0,12.1,39,3341
up,1154,1737,1537,0,0,12.1,39,3341
up,1154,1737,1537,0,0,12.1,39,3341
up,1155,1737,1537,0,0,12.1,39,3341
up,1155,1737,1537,0,0,12.1,39,3341
up,1156,1737,1537,0,0,12.1,39,3341
up,1156,1737,1537,0,0,12.1,39,3341
up,1157,1737,1537,0,0,12.1,39,3341
up,1157,1737,1537,0,0,12.1,39,3341
up,1158,1737,1537,0,0,12.1,39,3341
up,1158,1737,1537,0,0,12.1,39,3341
up,1159,1737,1537,0,0,12.1,39,3341
up,1159,1737,1537,0,0,12.1,39,3341
up,1159,1737,1537,0,0,12.1,39,3341
up,1160,1737,1537,0,0,12.1,39,3341
up,1160,1737,1537,0,0,12.1,39,3341
up,1161,1737,1537,0,0,12.1,39,3341
up,1161,1737,1537,0,0,12.1,39,3341
up,1162,1737,1537,0,0,12.1,39,3341
up,1162,1737,1537,0,0,12.1,39,3341
up,1163,1737,1537,0,0,12.1,39,3341
up,1163,1737,1537,0,0,12.1,39,3341
up,1164,1737,1537,0,0,12.1,39,3341
up,1164,1737,1537,0,0,12.1,39,3341
up,1165,1737,1537,0,0,12.1,39,3341
up,1165,1737,1537,0,0,12.1,39,3341
up,1166,1737,1537,0,0,12.1,39,3341
up,1166,1737,1537,0,0,12.1,39,3341
up,1167,1737,1537,0,0,12.1,39,3341
up,1167,1737,1537,0,0,12.1,39,3341
up,1168,1737,1537,0,0,12.1,39,3341
up,1168,1737,1537,0,0,12.1,39,3341
up,1169,1737,1537,0,0,12.1,39,3341
up,1169,1737,1537,0,0,12.1,39,3341
up,1170,1737,1537,0,0,12.1,39,3341
up,1170,1737,1537,0,0,12.1,39,3341
up,1171,1737,1537,0,0,12.1,39,3341
up,1171,1737,1537,0,0,12.1,39,3341
up,1172,1737,1537,0,0,12.1,39,3341
up,1172,1737,1537,0,0,12.1,39,3341
up,1173,1737,1537,0,0,12.1,39,3341
up,1173,1737,1537,0,0,12.1,39,3341
up,1174,1737,1537,0,0,12.1,39,3341
up,1174,1737,1537,0,0,12.1,39,3341
up,1175,1737,1537,0,0,12.1,39,3341
up,1175,1737,1537,0,0,12.1,39,3341
up,1176,1737,1537,0,0,12.1,39,3341
up,1176,1737,1537,0,0,12.1,39,3341
up,1177,1737,1537,0,0,12.1,39,3341
up,1177,1737,1537,0,0,12.1,39,3341
up,1178,1737,1537,0,0,12.1,39,3341
up,1178,1737,1537,0,0,12.1,39,3341
up,1179,1737,1537,0,0,12.1,39,3341
up,1179,1737,1537,0,0,12.1,40,3341
up,1180,1737,1537,0,0,12.1,40,3341
up,1180,1737,1537,0,0,12.1,39,3341
up,1181,1737,1537,0,0,12.1,39,3341
up,1181,1737,1537,0,0,12.1,39,3341
up,1182,1737,1537,0,0,12.1,39,3341
up,1182,1737,1537,0,0,12.1,39,3341
up,1183,1737,1537,0,0,12.1,39,3341
up,1183,1737,1537,0,0,12.1,39,3341
up,1184,1737,1537,0,0,12.1,39,3341
up,1184,1737,1537,0,0,12.1,39,3341
up,1185,1737,1537,0,0,12.1,39,3341
up,1185,1737,1537,0,0,12.1,39,3341
up,1186,1737,1537,0,0,12.1,39,3341
up,1186,1737,1537,0,0,12.1,39,3341
up,1187,1737,1537,0,0,12.1,39,3341
up,1187,1737,1537,0,0,11.8,39,3341
up,1188,1737,1537,0,0,11.8,39,3341
up,1188,1737,1537,0,0,12.1,39,3341
up,1189,1737,1537,0,0,12.1,39,3341
up,1189,1737,1537,0,0,12.1,39,3341
up,1190,1737,1537,0,0,12.1,39,3341
up,1190,1737,1537,0,0,12.1,39,3341
up,1191,1737,1537,0,0,12.1,39,3341
up,1191,1737,1537,0,0,12.1,39,3341
up,1192,1737,1537,0,0,12.1,39,3341
up,1192,1737,1537,0,0,12.1,39,3341
up,1193,1737,1537,0,0,12.1,39,3341
up,1193,1737,1537,0,0,12.1,39,3341
up,1194,1737,1537,0,0,12.1,39,3341
up,1194,1737,1537,0,0,12.1,39,3341
up,1195,1737,1537,0,0,12.1,39,3341
up,1195,1737,1537,0,0,12.1,39,3341
up,1196,1737,1537,0,0,12.1,39,3341
up,1196,1737,1537,0,0,12.1,39,3341
up,1197,1737,1537,0,0,12.1,39,3341
up,1197,1737,1537,0,0,12.1,39,3341
up,1198,1737,1537,0,0,12.1,39,3341
up,1198,1737,1537,0,0,12.1,39,3341
up,1199,1737,1537,0,0,12.1,39,3341
up,1199,1737,1537,0,0,12.1,39,3341
up,1200,1737,1537,0,0,12.1,39,3341
up,1200,1737,1537,0,0,12.1,39,3341
up,1201,1737,1537,0,0,12.1,39,3341
up,1201,1737,1537,0,0,12.1,39,3341
up,1202,1737,1537,0,0,12.1,39,3341
up,1202,1737,1537,0,0,12.1,39,3341
up,1203,1737,1537,0,0,12.1,39,3341
up,1203,1737,1537,0,0,12.1,39,3341
up,1204,1737,1537,0,0,12.1,39,3341
up,1204,1737,1537,0,0,12.1,39,3341
up,1205,1737,1537,0,0,12.1,39,3341
up,1205,1737,1537,0,0,12.1,39,3341
up,1206,1737,1537,0,0,12.1,39,3341
up,1206,1737,1537,0,0,12.1,39,3341
up,1207,1737,1537,0,0,12.1,39,3341
up,1207,1737,1537,0,0,12.1,39,3341
up,1208,1737,1537,0,0,12.1,39,3341
up,1208,1737,1537,0,0,12.1,39,3341
up,1209,1737,1537,0,0,12.1,39,3341
up,1209,1737,1537,0,0,12.1,39,3341
up,1210,1737,1537,0,0,12.1,39,3341
up,1210,1737,1537,0,0,12.1,39,3341
up,1211,1737,1537,0,0,12.1,39,3341
up,1211,1737,1537,0,0,12.1,39,3341
up,1212,1737,1537,0,0,12.1,39,3341
up,1212,1737,1537,0,0,12.1,39,3341
up,1213,1737,1537,0,0,12.1,39,3341
up,1213,1737,1537,0,0,12.1,39,3341
up,1214,1737,1537,0,0,12.1,39,3341
up,1214,1737,1537,0,0,12.1,39,3341
up,1215,1737,1537,0,0,12.1,39,3341
up,1215,1737,1537,0,0,12.1,39,3341
up,1216,1737,1537,0,0,12.1,39,3341
up,1216,1737,1537,0,0,12.1,39,3341
up,1217,1737,1537,0,0,12.1,39,3341
up,1217,1737,1537,0,0,12.1,39,3341
up,1218,1737,1537,0,0,12.1,39,3341
up,1218,1737,1537,0,0,12.1,39,3341
up,1219,1737,1537,0,0,12.1,39,3341
up,1219,1737,1537,0,0,12.1,39,3341
up,1220,1737,1537,0,0,12.1,39,3341
up,1220,1737,1537,0,0,12.1,39,3341
up,1221,1737,1537,0,0,12.1,39,3341
up,1221,1737,1537,0,0,12.1,39,3341
up,1222,1737,1537,0,0,12.1,39,3341
up,1222,1737,1537,0,0,12.1,39,3341
up,1223,1737,1537,0,0,12.1,39,3341
up,1223,1737,1537,0,0,12.1,39,3341
up,1224,1737,1537,0,0,12.1,39,3341
up,1224,1737,1537,0,0,12.1,39,3341
up,1225,1737,1537,0,0,12.1,39,3341
up,1225,1737,1537,0,0,12.1,39,3341
up,1226,1737,1537,0,0,12.1,39,3341
up,1226,1737,1537,0,0,12.1,39,3341
up,1227,1737,1537,0,0,12.1,39,3341
up,1227,1737,1537,0,0,12.1,39,3341
up,1228,1737,1537,0,0,12.1,39,3341
up,1228,1737,1537,0,0,12.1,39,3341
up,1229,1737,1537,0,0,12.1,39,3341
up,1229,1737,1537,0,0,12.1,39,3341
up,1230,1737,1537,0,0,12.1,39,3341
up,1230,1737,1537,0,0,12.1,39,3341
up,1231,1737,1537,0,0,12.1,39,3341
up,1231,1737,1537,0,0,12.1,39,3341
up,1232,1737,1537,0,0,12.1,39,3341
up,1232,1737,1537,0,0,12.1,39,3341
up,1233,1737,1537,0,0,12.1,39,3341
up,1233,1737,1537,0,0,12.1,39,3341
up,1234,1737,1537,0,0,12.1,39,3341
up,1234,1737,1537,0,0,12.1,39,3341
up,1234,1737,1537,0,0,12.1,39,3341
up,1235,1737,1537,0,0,12.1,39,3341
up,1235,1737,1537,0,0,12.1,39,3341
up,1236,1737,1537,0,0,12.1,39,3341
up,1236,1737,1537,0,0,12.1,39,3341
up,1237,1737,1537,0,0,12.1,39,3341
up,1237,1737,1537,0,0,12.1,39,3341
up,1238,1737,1537,0,0,12.1,39,3341
up,1238,1737,1537,0,0,12.1,39,3341
up,1239,1737,1537,0,0,12.1,39,3341
up,1239,1737,1537,0,0,12.1,39,3341
up,1240,1737,1537,0,0,12.1,39,3341
up,1240,1737,1537,0,0,12.1,39,3341
up,1241,1737,1537,0,0,12.1,39,3341
up,1241,1737,1537,0,0,12.1,39,3341
up,1242,1737,1537,0,0,12.1,39,3341
up,1242,1737,1537,0,0,12.1,39,3341
up,1243,1737,1537,0,0,12.1,39,3341
up,1243,1737,1537,0,0,12.1,39,3341
up,1243,1737,1537,0,0,12.1,39,3341
up,1244,1737,1537,0,0,12.1,39,3341
up,1245,1737,1537,0,0,12.1,39,3341
up,1245,1737,1537,0,0,12.1,39,3341
up,1245,1737,1537,0,0,12.1,39,3341
up,1246,1737,1537,0,0,12.1,39,3341
up,1246,1737,1537,0,0,12.1,39,3341
up,1247,1737,1537,0,0,12.1,39,3341
up,1247,1737,1537,0,0,12.1,39,3341
up,1248,1737,1537,0,0,12.1,39,3341
up,1248,1737,1537,0,0,12.1,39,3341
up,1249,1737,1537,0,0,12.1,39,3341
up,1249,1737,1537,0,0,12.1,39,3341
up,1250,1737,1537,0,0,12.1,39,3341
up,1250,1737,1537,0,0,12.1,39,3341
up,1251,1737,1537,0,0,12.1,39,3341
up,1251,1737,1537,0,0,12.1,39,3341
up,1252,1737,1537,0,0,12.1,39,3341
up,1252,1737,1537,0,0,12.1,39,3341
up,1253,1737,1537,0,0,12.1,39,3341
up,1253,1737,1537,0,0,12.1,39,3341
up,1254,1737,1537,0,0,12.1,39,3341
up,1254,1737,1537,0,0,12.1,39,3341
up,1255,1737,1537,0,0,12.1,39,3341
up,1255,1737,1537,0,0,12.1,39,3341
up,1256,1737,1537,0,0,12.1,39,3341
up,1256,1737,1537,0,0,12.1,39,3341
up,1257,1737,1537,0,0,12.1,39,3341
up,1257,1737,1537,0,0,12.1,39,3341
up,1258,1737,1537,0,0,12.1,39,3341
up,1258,1737,1537,0,0,12.1,39,3341
up,1259,1737,1537,0,0,12.1,39,3341
up,1259,1737,1537,0,0,12.1,39,3341
up,1260,1737,1537,0,0,12.1,39,3341
up,1260,1737,1537,0,0,12.1,39,3341
up,1261,1737,1537,0,0,12.1,39,3341
up,1261,1737,1537,0,0,12.1,39,3341
up,1262,1737,1537,0,0,12.1,39,3341
up,1262,1737,1537,0,0,12.1,39,3341
up,1263,1737,1537,0,0,12.1,39,3341
up,1263,1737,1537,0,0,12.1,39,3341
up,1264,1737,1537,0,0,12.1,39,3341
up,1264,1737,1537,0,0,12.1,39,3341
up,1265,1737,1537,0,0,12.1,39,3341
up,1265,1737,1537,0,0,12.1,39,3341
up,1266,1737,1537,0,0,12.1,39,3341
up,1266,1737,1537,0,0,12.1,39,3341
up,1267,1737,1537,0,0,12.1,39,3341
up,1267,1737,1537,0,0,12.1,39,3341
up,1268,1737,1537,0,0,12.1,39,3341
up,1268,1737,1537,0,0,12.1,39,3341
up,1269,1737,1537,0,0,12.1,39,3341
up,1269,1737,1537,0,0,12.1,39,3341
up,1270,1737,1537,0,0,12.1,39,3341
up,1270,1737,1537,0,0,12.1,39,3341
up,1271,1737,1537,0,0,12.1,39,3341
up,1271,1737,1537,0,0,12.1,39,3341
up,1272,1737,1537,0,0,12.1,39,3341
up,1272,1737,1537,0,0,12.1,39,3341
up,1273,1737,1537,0,0,12.1,39,3341
up,1273,1737,1537,0,0,12.1,39,3341
up,1274,1737,1537,0,0,12.1,39,3341
up,1274,1737,1537,0,0,12.1,39,3341
up,1275,1737,1537,0,0,12.1,39,3341
up,1275,1737,1537,0,0,12.1,39,3341
up,1276,1737,1537,0,0,12.1,39,3341
up,1276,1737,1537,0,0,12.1,39,3341
up,1277,1737,1537,0,0,12.1,39,3341
up,1277,1737,1537,0,0,12.1,39,3341
up,1278,1737,1537,0,0,12.1,39,3341
up,1278,1737,1537,0,0,12.1,39,3341
up,1279,1737,1537,0,0,12.1,39,3341
up,1279,1737,1537,0,0,12.1,39,3341
up,1280,1737,1537,0,0,12.1,39,3341
up,1280,1737,1537,0,0,12.1,39,3341
up,1281,1737,1537,0,0,12.1,39,3341
up,1281,1737,1537,0,0,12.1,39,3341
up,1282,1737,1537,0,0,12.1,39,3341
up,1282,1737,1537,0,0,12.1,39,3341
up,1283,1737,1537,0,0,12.1,39,3341
up,1283,1737,1537,0,0,12.1,39,3341
up,1284,1737,1537,0,0,12.1,39,3341
up,1284,1737,1537,0,0,12.1,39,3341
up,1285,1737,1537,0,0,12.1,39,3341
up,1285,1737,1537,0,0,12.1,39,3341
up,1286,1737,1537,0,0,12.1,39,3341
up,1286,1737,1537,0,0,12.1,39,3341
up,1287,1737,1537,0,0,12.1,39,3341
up,1287,1737,1537,0,0,12.1,39,3341
up,1288,1737,1537,0,0,12.1,39,3341
up,1289,1737,1537,0,0,12.1,39,3341
up,1289,1737,1537,0,0,12.1,39,3341
up,1290,1737,1537,0,0,12.1,39,3341
up,1290,1737,1537,0,0,12.1,39,3341
up,1290,1737,1537,0,0,12.1,39,3341
up,1291,1737,1537,0,0,12.1,39,3341
up,1291,1737,1537,0,0,12.1,39,3341
up,1292,1737,1537,0,0,12.1,39,3341
up,1292,1737,1537,0,0,12.1,39,3341
up,1293,1737,1537,0,0,12.1,39,3341
up,1293,1737,1537,0,0,12.1,39,3341
up,1294,1737,1537,0,0,12.1,39,3341
up,1294,1737,1537,0,0,12.1,39,3341
up,1295,1737,1537,0,0,12.1,39,3341
up,1295,1737,1537,0,0,12.1,39,3341
up,1296,1737,1537,0,0,12.1,39,3341
up,1296,1737,1537,0,0,12.1,39,3341
up,1297,1737,1537,0,0,12.1,39,3341
up,1297,1737,1537,0,0,12.1,39,3341
up,1298,1737,1537,0,0,12.1,39,3341
up,1298,1737,1537,0,0,12.1,39,3341
up,1299,1737,1537,0,0,12.1,39,3341
up,1299,1737,1537,0,0,12.1,39,3341
up,1300,1737,1537,0,0,12.1,39,3341
up,1300,1737,1537,0,0,12.1,39,3341
up,1301,1737,1537,0,0,12.1,39,3341
up,1301,1737,1537,0,0,12.1,39,3341
up,1301,1737,1537,0,0,12.1,39,3341
up,1302,1737,1537,0,0,12.1,39,3341
up,1302,1737,1537,0,0,12.1,39,3341
up,1303,1737,1537,0,0,12.1,39,3341
up,1303,1737,1537,0,0,12.1,39,3341
up,1304,1737,1537,0,0,12.1,39,3341
up,1304,1737,1537,0,0,12.1,39,3341
up,1305,1737,1537,0,0,12.1,39,3341
up,1305,1737,1537,0,0,12.1,39,3341
up,1306,1737,1537,0,0,12.1,39,3341
up,1306,1737,1537,0,0,12.1,39,3341
up,1307,1737,1537,0,0,12.1,39,3341
up,1307,1737,1537,0,0,12.1,39,3341
up,1308,1737,1537,0,0,12.1,39,3341
up,1308,1737,1537,0,0,12.1,39,3341
up,1309,1737,1537,0,0,12.1,39,3341
up,1309,1737,1537,0,0,12.1,39,3341
up,1310,1737,1537,0,0,12.1,39,3341
up,1310,1737,1537,0,0,12.1,39,3341
up,1311,1737,1537,0,0,12.1,39,3341
up,1311,1737,1537,0,0,12.1,39,3341
up,1312,1737,1537,0,0,12.1,39,3341
up,1312,1737,1537,0,0,12.1,39,3341
up,1313,1737,1537,0,0,12.1,39,3341
up,1313,1737,1537,0,0,12.1,39,3341
up,1314,1737,1537,0,0,12.1,39,3341
up,1314,1737,1537,0,0,12.1,39,3341
up,1314,1737,1537,0,0,12.1,39,3341
up,1315,1737,1537,0,0,12.1,39,3341
up,1315,1737,1537,0,0,12.1,39,3341
up,1316,1737,1537,0,0,12.1,39,3341
up,1316,1737,1537,0,0,12.1,39,3341
up,1317,1737,1537,0,0,12.1,39,3341
up,1317,1737,1537,0,0,12.1,39,3341
up,1318,1737,1537,0,0,12.1,39,3341
up,1318,1737,1537,0,0,12.1,39,3341
up,1319,1737,1537,0,0,12.1,39,3341
up,1319,1737,1537,0,0,12.1,39,3341
up,1320,1737,1537,0,0,12.1,39,3341
up,1320,1737,1537,0,0,12.1,39,3341
up,1321,1737,1537,0,0,12.1,39,3341
up,1321,1737,1537,0,0,12.1,39,3341
up,1322,1737,1537,0,0,12.1,39,3341
up,1322,1737,1537,0,0,12.1,39,3341
up,1323,1737,1537,0,0,12.1,39,3341
up,1323,1737,1537,0,0,12.1,39,3341
up,1324,1737,1537,0,0,12.1,39,3341
up,1324,1737,1537,0,0,12.1,39,3341
up,1325,1737,1537,0,0,12.1,39,3341
up,1325,1737,1537,0,0,12.1,39,3341
up,1326,1737,1537,0,0,12.1,39,3341
up,1326,1737,1537,0,0,12.1,39,3341
up,1326,1737,1537,0,0,12.1,39,3341
up,1327,1737,1537,0,0,12.1,39,3341
up,1327,1737,1537,0,0,12.1,39,3341
up,1328,1737,1537,0,0,12.1,39,3341
up,1328,1737,1537,0,0,12.1,39,3341
up,1329,1737,1537,0,0,12.1,39,3341
up,1329,1737,1537,0,0,12.1,39,3341
up,1330,1737,1537,0,0,12.1,39,3341
up,1330,1737,1537,0,0,12.1,39,3341
up,1331,1737,1537,0,0,12.1,39,3341
up,1331,1737,1537,0,0,12.1,39,3341
up,1332,1737,1537,0,0,12.1,39,3341
up,1332,1737,1537,0,0,12.1,39,3341
up,1333,1737,1537,0,0,12.1,39,3341
up,1333,1737,1537,0,0,12.1,39,3341
up,1334,1737,1537,0,0,12.1,39,3341
up,1334,1737,1537,0,0,12.1,39,3341
up,1335,1737,1537,0,0,12.1,39,3341
up,1335,1737,1537,0,0,12.1,39,3341
up,1336,1737,1537,0,0,12.1,39,3341
up,1336,1737,1537,0,0,12.1,39,3341
up,1337,1737,1537,0,0,12.1,39,3341
up,1337,1737,1537,0,0,12.1,39,3341
up,1338,1737,1537,0,0,12.1,39,3341
up,1338,1737,1537,0,0,12.1,39,3341
up,1339,1737,1537,0,0,12.1,39,3341
up,1339,1737,1537,0,0,12.1,39,3341
up,1340,1737,1537,0,0,12.1,39,3341
up,1340,1737,1537,0,0,12.1,39,3341
up,1341,1737,1537,0,0,12.1,39,3341
up,1341,1737,1537,0,0,12.1,39,3341
up,1342,1737,1537,0,0,12.1,39,3341
up,1342,1737,1537,0,0,12.1,39,3341
up,1343,1737,1537,0,0,12.1,39,3341
up,1343,1737,1537,0,0,12.1,39,3341
up,1344,1737,1537,0,0,12.1,39,3341
up,1344,1737,1537,0,0,12.1,39,3341
up,1345,1737,1537,0,0,12.1,39,3341
up,1345,1737,1537,0,0,12.1,39,3341
up,1346,1737,1537,0,0,12.1,39,3341
up,1347,1737,1537,0,0,12.1,39,3341
up,1347,1737,1537,0,0,12.1,39,3341
up,1347,1737,1537,0,0,12.1,39,3341
up,1348,1737,1537,0,0,12.1,39,3341
up,1348,1737,1537,0,0,12.1,39,3341
up,1349,1737,1537,0,0,12.1,39,3341
up,1349,1737,1537,0,0,12.1,39,3341
up,1350,1737,1537,0,0,12.1,39,3341
up,1350,1737,1537,0,0,12.1,39,3341
up,1351,1737,1537,0,0,12.1,39,3341
up,1352,1737,1537,0,0,12.1,39,3341
up,1352,1737,1537,0,0,12.1,39,3341
up,1353,1737,1537,0,0,12.1,39,3341
up,1353,1737,1537,0,0,12.1,39,3341
up,1354,1737,1537,0,0,12.1,39,3341
up,1354,1737,1537,0,0,12.1,39,3341
up,1355,1737,1537,0,0,12.1,39,3341
up,1355,1737,1537,0,0,12.1,39,3341
up,1356,1737,1537,0,0,12.1,39,3341
up,1356,1737,1537,0,0,12.1,39,3341
up,1356,1737,1537,0,0,12.1,39,3341
up,1357,1737,1537,0,0,12.1,39,3341
up,1357,1737,1537,0,0,12.1,39,3341
up,1358,1737,1537,0,0,12.1,39,3341
up,1359,1737,1537,0,0,12.1,39,3341
up,1359,1737,1537,0,0,12.1,39,3341
up,1360,1737,1537,0,0,12.1,39,3341
up,1361,1737,1537,0,0,12.1,39,3341
up,1362,1737,1537,0,0,12.1,39,3341
up,1362,1737,1537,0,0,12.1,39,3341
up,1363,1737,1537,0,0,12.1,39,3341
up,1364,1737,1537,0,0,12.1,39,3341
up,1365,1737,1537,0,0,12.1,39,3341
up,1365,1737,1537,0,0,12.1,39,3341
up,1366,1737,1537,0,0,12.1,39,3341
up,1366,1737,1537,0,0,12.1,39,3341
up,1367,1737,1537,0,0,12.1,39,3341
up,1367,1737,1537,0,0,12.1,39,3341
up,1368,1737,1537,0,0,12.1,39,3341
up,1368,1737,1537,0,0,12.1,39,3341
up,1369,1737,1537,0,0,12.1,39,3341
up,1370,1737,1537,0,0,12.1,39,3341
up,1370,1737,1537,0,0,12.1,39,3341
up,1371,1737,1537,0,0,12.1,39,3341
up,1371,1737,1537,0,0,12.1,39,3341
up,1372,1737,1537,0,0,12.1,39,3341
up,1372,1737,1537,0,0,12.1,39,3341
up,1373,1737,1537,0,0,12.1,39,3341
up,1373,1737,1537,0,0,12.1,39,3341
up,1374,1737,1537,0,0,12.1,39,3341
up,1374,1737,1537,0,0,12.1,39,3341
up,1375,1737,1537,0,0,12.1,39,3341
up,1375,1737,1537,0,0,12.1,39,3341
up,1376,1737,1537,0,0,12.1,39,3341
up,1376,1737,1537,0,0,12.1,39,3341
up,1376,1737,1537,0,0,12.1,39,3341
up,1377,1737,1537,0,0,12.1,39,3341
up,1377,1737,1537,0,0,12.1,39,3341
up,1378,1737,1537,0,0,12.1,39,3341
up,1378,1737,1537,0,0,12.1,39,3341
up,1379,1737,1537,0,0,12.1,39,3341
up,1379,1737,1537,0,0,12.1,39,3341
up,1380,1737,1537,0,0,12.1,39,3341
up,1380,1737,1537,0,0,12.1,39,3341
up,1381,1737,1537,0,0,12.1,39,3341
up,1381,1737,1537,0,0,12.1,39,3341
up,1381,1737,1537,0,0,12.1,39,3341
up,1382,1737,1537,0,0,12.1,39,3341
up,1382,1737,1537,0,0,12.1,39,3341
up,1383,1737,1537,0,0,12.1,39,3341
up,1383,1737,1537,0,0,12.1,39,3341
up,1384,1737,1537,0,0,12.1,39,3341
up,1384,1737,1537,0,0,12.1,39,3341
up,1385,1737,1537,0,0,12.1,39,3341
up,1385,1737,1537,0,0,12.1,39,3341
up,1386,1737,1537,0,0,12.1,39,3341
up,1386,1737,1537,0,0,12.1,39,3341
up,1387,1737,1537,0,0,12.1,39,3341
up,1387,1737,1537,0,0,12.1,39,3341
up,1387,1737,1537,0,0,12.1,39,3341
up,1388,1737,1537,0,0,12.1,39,3341
up,1388,1737,1537,0,0,12.1,39,3341
up,1389,1737,1537,0,0,12.1,39,3341
up,1389,1737,1537,0,0,12.1,39,3341
up,1390,1737,1537,0,0,12.1,39,3341
up,1390,1737,1537,0,0,12.1,39,3341
up,1391,1737,1537,0,0,12.1,39,3341
up,1391,1737,1537,0,0,12.1,39,3341
up,1392,1737,1537,0,0,12.1,39,3341
up,1392,1737,1537,0,0,12.1,39,3341
up,1393,1737,1537,0,0,12.1,39,3341
up,1393,1737,1537,0,0,12.1,39,3341
up,1394,1737,1537,0,0,12.1,39,3341
up,1394,1737,1537,0,0,12.1,39,3341
up,1395,1737,1537,0,0,12.1,39,3341
up,1395,1737,1537,0,0,12.1,39,3341
up,1396,1737,1537,0,0,12.1,39,3341
up,1396,1737,1537,0,0,12.1,39,3341
up,1397,1737,1537,0,0,12.1,39,3341
up,1397,1737,1537,0,0,12.1,39,3341
up,1398,1737,1537,0,0,12.1,39,3341
up,1398,1737,1537,0,0,12.1,39,3341
up,1399,1737,1537,0,0,12.1,39,3341
up,1399,1737,1537,0,0,12.1,39,3341
up,1400,1737,1537,0,0,12.1,39,3341
up,1400,1737,1537,0,0,12.1,39,3341
up,1401,1737,1537,0,0,12.1,39,3341
up,1401,1737,1537,0,0,12.1,39,3341
up,1402,1737,1537,0,0,12.1,39,3341
up,1402,1737,1537,0,0,12.1,39,3341
up,1403,1737,1537,0,0,12.1,39,3341
up,1403,1737,1537,0,0,12.1,39,3341
up,1404,1737,1537,0,0,12.1,39,3341
up,1404,1737,1537,0,0,12.1,39,3341
up,1405,1737,1537,0,0,12.1,39,3341
up,1405,1737,1537,0,0,12.1,39,3341
up,1406,1737,1537,0,0,12.1,39,3341
up,1406,1737,1537,0,0,12.1,39,3341
up,1406,1737,1537,0,0,12.1,39,3341
up,1407,1737,1537,0,0,12.1,39,3341
up,1409,1737,1537,0,0,12.1,39,3341
up,1410,1737,1537,0,0,12.1,39,3341
up,1411,1737,1537,0,0,12.1,39,3341
up,1412,1737,1537,0,0,12.1,39,3341
up,1413,1737,1537,0,0,12.1,39,3341
up,1414,1737,1537,0,0,12.1,39,3341
up,1414,1737,1537,0,0,12.1,39,3341
up,1415,1737,1537,0,0,12.1,39,3341
up,1415,1737,1537,0,0,12.1,39,3341
up,1416,1737,1537,0,0,12.1,39,3341
up,1416,1737,1537,0,0,12.1,39,3341
up,1416,1737,1537,0,0,12.1,39,3341
up,1417,1737,1537,0,0,12.1,39,3341
up,1417,1737,1537,0,0,12.1,39,3341
up,1418,1737,1537,0,0,12.1,39,3341
up,1418,1737,1537,0,0,12.1,39,3341
up,1419,1737,1537,0,0,12.1,39,3341
up,1420,1737,1537,0,0,12.1,39,3341
up,1420,1737,1537,0,0,12.1,39,3341
up,1420,1737,1537,0,0,12.1,39,3341
up,1421,1737,1537,0,0,12.1,39,3341
up,1421,1737,1537,0,0,12.1,39,3341
up,1422,1737,1537,0,0,12.1,39,3341
up,1422,1737,1537,0,0,12.1,39,3341
up,1423,1737,1537,0,0,12.1,39,3341
up,1424,1737,1537,0,0,12.1,39,3341
up,1424,1737,1537,0,0,12.1,39,3341
up,1424,1737,1537,0,0,12.1,39,3341
up,1425,1737,1537,0,0,12.1,39,3341
up,1425,1737,1537,0,0,12.1,39,3341
up,1426,1737,1537,0,0,12.1,39,3341
up,1426,1737,1537,0,0,12.1,39,3341
up,1427,1737,1537,0,0,12.1,39,3341
up,1427,1737,1537,0,0,12.1,39,3341
up,1428,1737,1537,0,0,12.1,39,3341
up,1428,1737,1537,0,0,12.1,39,3341
up,1429,1737,1537,0,0,12.1,39,3341
up,1429,1737,1537,0,0,12.1,39,3341
up,1429,1737,1537,0,0,12.1,39,3341
up,1430,1737,1537,0,0,12.1,39,3341
up,1430,1737,1537,0,0,12.1,39,3341
up,1431,1737,1537,0,0,12.1,39,3341
up,1431,1737,1537,0,0,12.1,39,3341
up,1432,1737,1537,0,0,12.1,39,3341
up,1432,1737,1537,0,0,12.1,39,3341
up,1433,1737,1537,0,0,12.1,39,3341
up,1433,1737,1537,0,0,12.1,39,3341
up,1434,1737,1537,0,0,12.1,39,3341
up,1434,1737,1537,0,0,12.1,39,3341
up,1435,1737,1537,0,0,12.1,39,3341
up,1435,1737,1537,0,0,12.1,39,3341
up,1436,1737,1537,0,0,12.1,39,3341
up,1436,1737,1537,0,0,12.1,39,3341
up,1437,1737,1537,0,0,12.1,39,3341
up,1438,1737,1537,0,0,12.1,39,3341
up,1438,1737,1537,0,0,12.1,39,3341
up,1439,1737,1537,0,0,12.1,39,3341
up,1439,1737,1537,0,0,12.1,39,3341
up,1440,1737,1537,0,0,12.1,39,3341
up,1440,1737,1537,0,0,12.1,39,3341
up,1441,1737,1537,0,0,12.1,39,3341
up,1441,1737,1537,0,0,12.1,39,3341
up,1441,1737,1537,0,0,12.1,39,3341
up,1442,1737,1537,0,0,12.1,39,3341
up,1442,1737,1537,0,0,12.1,39,3341
up,1443,1737,1537,0,0,12.1,39,3341
up,1443,1737,1537,0,0,12.1,39,3341
up,1444,1737,1537,0,0,12.1,39,3341
up,1444,1737,1537,0,0,12.1,39,3341
up,1445,1737,1537,0,0,12.1,39,3341
up,1445,1737,1537,0,0,12.1,39,3341
up,1446,1737,1537,0,0,12.1,39,3341
up,1446,1737,1537,0,0,12.1,39,3341
up,1447,1737,1537,0,0,12.1,39,3341
up,1447,1737,1537,0,0,12.1,39,3341
up,1448,1737,1537,0,0,12.1,39,3341
up,1448,1737,1537,0,0,12.1,39,3341
up,1449,1737,1537,0,0,12.1,39,3341
up,1449,1737,1537,0,0,12.1,39,3341
up,1449,1737,1537,0,0,12.1,39,3341
up,1450,1737,1537,0,0,12.1,39,3341
up,1450,1737,1537,0,0,12.1,39,3341
up,1451,1737,1537,0,0,12.1,39,3341
up,1451,1737,1537,0,0,12.1,39,3341
up,1452,1737,1537,0,0,12.1,39,3341
up,1452,1737,1537,0,0,12.1,39,3341
up,1453,1737,1537,0,0,12.1,39,3341
up,1453,1737,1537,0,0,12.1,39,3341
up,1454,1737,1537,0,0,12.1,39,3341
up,1454,1737,1537,0,0,12.1,39,3341
up,1455,1737,1537,0,0,12.1,39,3341
up,1455,1737,1537,0,0,12.1,39,3341
up,1456,1737,1537,0,0,12.1,39,3341
up,1456,1737,1537,0,0,12.1,39,3341
up,1457,1737,1537,0,0,12.1,39,3341
up,1457,1737,1537,0,0,12.1,39,3341
up,1458,1737,1537,0,0,12.1,39,3341
up,1458,1737,1537,0,0,12.1,39,3341
up,1459,1737,1537,0,0,12.1,39,3341
up,1459,1737,1537,0,0,12.1,39,3341
up,1459,1737,1537,0,0,12.1,39,3341
up,1460,1737,1537,0,0,12.1,39,3341
up,1460,1737,1537,0,0,12.1,39,3341
up,1461,1737,1537,0,0,12.1,39,3341
up,1461,1737,1537,0,0,12.1,39,3341
up,1462,1737,1537,0,0,12.1,39,3341
up,1462,1737,1537,0,0,12.1,39,3341
up,1463,1737,1537,0,0,12.1,39,3341
up,1463,1737,1537,0,0,12.1,39,3341
up,1464,1737,1537,0,0,12.1,39,3341
up,1464,1737,1537,0,0,12.1,39,3341
up,1465,1737,1537,0,0,12.1,39,3341
up,1465,1737,1537,0,0,12.1,39,3341
up,1466,1737,1537,0,0,12.1,39,3341
up,1466,1737,1537,0,0,12.1,39,3341
up,1467,1737,1537,0,0,12.1,39,3341
up,1467,1737,1537,0,0,12.1,39,3341
up,1468,1737,1537,0,0,12.1,39,3341
up,1468,1737,1537,0,0,12.1,39,3341
up,1469,1737,1537,0,0,12.1,39,3341
up,1470,1737,1537,0,0,12.1,39,3341
up,1470,1737,1537,0,0,12.1,39,3341
up,1471,1737,1537,0,0,12.1,39,3341
up,1471,1737,1537,0,0,12.1,39,3341
up,1471,1737,1537,0,0,12.1,39,3341
up,1472,1737,1537,0,0,12.1,39,3341
up,1472,1737,1537,0,0,12.1,39,3341
up,1473,1737,1537,0,0,12.1,39,3341
up,1473,1737,1537,0,0,12.1,39,3341
up,1474,1737,1537,0,0,12.1,39,3341
up,1474,1737,1537,0,0,12.1,39,3341
up,1475,1737,1537,0,0,12.1,39,3341
up,1475,1737,1537,0,0,12.1,39,3341
up,1476,1737,1537,0,0,12.1,39,3341
up,1476,1737,1537,0,0,12.1,39,3341
up,1477,1737,1537,0,0,12.1,39,3341
up,1477,1737,1537,0,0,12.1,39,3341
up,1477,1737,1537,0,0,12.1,39,3341
up,1478,1737,1537,0,0,12.1,39,3341
up,1478,1737,1537,0,0,12.1,39,3341
up,1479,1737,1537,0,0,12.1,39,3341
up,1479,1737,1537,0,0,12.1,39,3341
up,1480,1737,1537,0,0,12.1,39,3341
up,1480,1737,1537,0,0,12.1,39,3341
up,1481,1737,1537,0,0,12.1,39,3341
up,1481,1737,1537,0,0,12.1,39,3341
up,1482,1737,1537,0,0,12.1,39,3341
up,1482,1737,1537,0,0,12.1,39,3341
up,1483,1737,1537,0,0,12.1,39,3341
up,1483,1737,1537,0,0,12.1,39,3341
up,1484,1737,1537,0,0,12.1,39,3341
up,1484,1737,1537,0,0,12.1,39,3341
up,1485,1737,1537,0,0,12.1,39,3341
up,1485,1737,1537,0,0,12.1,39,3341
up,1486,1737,1537,0,0,12.1,39,3341
up,1486,1737,1537,0,0,12.1,39,3341
up,1487,1737,1537,0,0,12.1,39,3341
up,1487,1737,1537,0,0,12.1,39,3341
up,1488,1737,1537,0,0,12.1,39,3341
up,1488,1737,1537,0,0,12.1,39,3341
up,1489,1737,1537,0,0,12.1,39,3341
up,1489,1737,1537,0,0,12.1,39,3341
up,1490,1737,1537,0,0,12.1,39,3341
up,1490,1737,1537,0,0,12.1,39,3341
up,1491,1737,1537,0,0,12.1,39,3341
up,1491,1737,1537,0,0,12.1,39,3341
up,1492,1737,1537,0,0,12.1,39,3341
up,1492,1737,1537,0,0,12.1,39,3341
up,1493,1737,1537,0,0,12.1,39,3341
up,1493,1737,1537,0,0,12.1,39,3341
up,1494,1737,1537,0,0,12.1,39,3341
up,1494,1737,1537,0,0,12.1,39,3341
up,1495,1737,1537,0,0,12.1,39,3341
up,1495,1737,1537,0,0,12.1,39,3341
up,1496,1737,1537,0,0,12.1,39,3341
up,1496,1737,1537,0,0,12.1,39,3341
up,1497,1737,1537,0,0,12.1,39,3341
up,1497,1737,1537,0,0,12.1,39,3341
up,1498,1737,1537,0,0,12.1,39,3341
up,1498,1737,1537,0,0,12.1,39,3341
up,1499,1737,1537,0,0,12.1,39,3341
up,1499,1737,1537,0,0,12.1,39,3341
up,1500,1737,1537,0,0,12.1,39,3341
up,1500,1737,1537,0,0,12.1,39,3341
up,1501,1737,1537,0,0,12.1,39,3341
up,1501,1737,1537,0,0,12.1,39,3341
up,1502,1737,1537,0,0,12.1,39,3341
up,1502,1737,1537,0,0,12.1,39,3341
up,1502,1737,1537,0,0,12.1,39,3341
up,1503,1737,1537,0,0,12.1,39,3341
up,1503,1737,1537,0,0,12.1,39,3341
up,1504,1737,1537,0,0,12.1,39,3341
up,1504,1737,1537,0,0,12.1,39,3341
up,1505,1737,1537,0,0,12.1,39,3341
up,1505,1737,1537,0,0,12.1,39,3341
up,1506,1737,1537,0,0,12.1,39,3341
up,1506,1737,1537,0,0,12.1,39,3341
up,1507,1737,1537,0,0,12.1,39,3341
up,1507,1737,1537,0,0,12.1,39,3341
up,1508,1737,1537,0,0,12.1,39,3341
up,1508,1737,1537,0,0,12.1,39,3341
up,1509,1737,1537,0,0,12.1,39,3341
up,1509,1737,1537,0,0,12.1,39,3341
up,1509,1737,1537,0,0,12.1,39,3341
up,1510,1737,1537,0,0,12.1,39,3341
up,1510,1737,1537,0,0,12.1,39,3341
up,1511,1737,1537,0,0,12.1,39,3341
up,1511,1737,1537,0,0,12.1,39,3341
up,1512,1737,1537,0,0,12.1,39,3341
up,1512,1737,1537,0,0,12.1,39,3341
up,1513,1737,1537,0,0,12.1,39,3341
up,1513,1737,1537,0,0,12.1,39,3341
up,1514,1737,1537,0,0,12.1,39,3341
up,1514,1737,1537,0,0,12.1,39,3341
up,1515,1737,1537,0,0,12.1,39,3341
up,1515,1737,1537,0,0,12.1,39,3341
up,1516,1737,1537,0,0,12.1,39,3341
up,1516,1737,1537,0,0,12.1,39,3341
up,1517,1737,1537,0,0,12.1,39,3341
up,1517,1737,1537,0,0,12.1,39,3341
up,1518,1737,1537,0,0,12.1,39,3341
up,1518,1737,1537,0,0,12.1,39,3341
up,1519,1737,1537,0,0,12.1,39,3341
up,1519,1737,1537,0,0,12.1,39,3341
up,1519,1737,1537,0,0,12.1,39,3341
up,1520,1737,1537,0,0,12.1,39,3341
up,1520,1737,1537,0,0,12.1,39,3341
up,1521,1737,1537,0,0,12.1,39,3341
up,1521,1737,1537,0,0,12.1,39,3341
up,1522,1737,1537,0,0,12.1,39,3341
up,1522,1737,1537,0,0,12.1,39,3341
up,1523,1737,1537,0,0,12.1,39,3341
up,1523,1737,1537,0,0,12.1,39,3341
up,1524,1737,1537,0,0,12.1,39,3341
up,1524,1737,1537,0,0,12.1,39,3341
up,1525,1737,1537,0,0,12.1,39,3341
up,1525,1737,1537,0,0,12.1,39,3341
up,1526,1737,1537,0,0,12.1,39,3341
up,1526,1737,1537,0,0,12.1,39,3341
up,1527,1737,1537,0,0,12.1,39,3341
up,1527,1737,1537,0,0,12.1,39,3341
up,1528,1737,1537,0,0,12.1,39,3341
up,1528,1737,1537,0,0,12.1,39,3341
up,1529,1737,1537,0,0,12.1,39,3341
up,1529,1737,1537,0,0,12.1,39,3341
up,1530,1737,1537,0,0,12.1,39,3341
up,1530,1737,1537,0,0,12.1,39,3341
up,1530,1737,1537,0,0,12.1,39,3341
up,1531,1737,1537,0,0,12.1,39,3341
up,1531,1737,1537,0,0,12.1,39,3341
up,1532,1737,1537,0,0,12.1,39,3341
up,1532,1737,1537,0,0,12.1,39,3341
up,1533,1737,1537,0,0,12.1,39,3341
up,1533,1737,1537,0,0,12.1,39,3341
up,1534,1737,1537,0,0,12.1,39,3341
up,1534,1737,1537,0,0,12.1,39,3341
up,1535,1737,1537,0,0,12.1,39,3341
up,1535,1737,1537,0,0,12.1,39,3341
up,1536,1737,1537,0,0,12.1,39,3341
up,1536,1737,1537,0,0,12.1,39,3341
up,1537,1737,1537,0,0,12.1,39,3341
up,1537,1737,1537,0,0,12.1,39,3341
up,1538,1737,1537,0,0,12.1,39,3341
up,1538,1737,1537,0,0,12.1,39,3341
up,1539,1737,1537,0,0,12.1,39,3341
up,1539,1737,1537,0,0,12.1,39,3341
up,1540,1737,1537,0,0,12.1,39,3341
up,1540,1737,1537,0,0,12.1,39,3341
up,1541,1737,1537,0,0,12.1,39,3341
up,1541,1737,1537,0,0,12.1,39,3341
up,1542,1737,1537,0,0,12.1,39,3341
up,1542,1737,1537,0,0,12.1,39,3341
up,1543,1737,1537,0,0,12.1,39,3341
up,1543,1737,1537,0,0,12.1,39,3341
up,1544,1737,1537,0,0,12.1,39,3341
up,1544,1737,1537,0,0,12.1,39,3341
up,1544,1737,1537,0,0,12.1,39,3341
up,1545,1737,1537,0,0,12.1,39,3341
up,1545,1737,1537,0,0,12.1,39,3341
up,1546,1737,1537,0,0,12.1,39,3341
up,1546,1737,1537,0,0,12.1,39,3341
up,1547,1737,1537,0,0,12.1,39,3341
up,1547,1737,1537,0,0,12.1,39,3341
up,1548,1737,1537,0,0,12.1,39,3341
up,1548,1737,1537,0,0,12.1,39,3341
up,1549,1737,1537,0,0,12.1,39,3341
up,1549,1737,1537,0,0,12.1,39,3341
up,1550,1737,1537,0,0,12.1,39,3341
up,1550,1737,1537,0,0,12.1,39,3341
up,1551,1737,1537,0,0,12.1,39,3341
up,1551,1737,1537,0,0,12.1,39,3341
up,1552,1737,1537,0,0,12.1,39,3341
up,1552,1737,1537,0,0,12.1,39,3341
up,1553,1737,1537,0,0,12.1,39,3341
up,1553,1737,1537,0,0,12.1,39,3341
up,1554,1737,1537,0,0,12.1,39,3341
up,1554,1737,1537,0,0,12.1,39,3341
up,1555,1737,1537,0,0,12.1,39,3341
up,1555,1737,1537,0,0,12.1,39,3341
up,1556,1737,1537,0,0,12.1,39,3341
up,1556,1737,1537,0,0,12.1,39,3341
up,1556,1737,1537,0,0,12.1,39,3341
up,1557,1737,1537,0,0,12.1,39,3341
up,1557,1737,1537,0,0,12.1,39,3341
up,1558,1737,1537,0,0,12.1,39,3341
up,1558,1737,1537,0,0,12.1,39,3341
up,1559,1737,1537,0,0,12.1,39,3341
up,1559,1737,1537,0,0,12.1,39,3341
up,1560,1737,1537,0,0,12.1,39,3341
up,1560,1737,1537,0,0,12.1,39,3341
up,1561,1737,1537,0,0,12.1,39,3341
up,1561,1737,1537,0,0,12.1,39,3341
up,1562,1737,1537,0,0,12.1,39,3341
up,1562,1737,1537,0,0,12.1,39,3341
up,1562,1737,1537,0,0,12.1,39,3341
up,1563,1737,1537,0,0,12.1,39,3341
up,1563,1737,1537,0,0,12.1,39,3341
up,1564,1737,1537,0,0,12.1,39,3341
up,1564,1737,1537,0,0,12.1,39,3341
up,1565,1737,1537,0,0,12.1,39,3341
up,1565,1737,1537,0,0,12.1,39,3341
up,1566,1737,1537,0,0,12.1,39,3341
up,1566,1737,1537,0,0,12.1,39,3341
up,1567,1737,1537,0,0,12.1,39,3341
up,1567,1737,1537,0,0,12.1,39,3341
up,1568,1737,1537,0,0,12.1,39,3341
up,1568,1737,1537,0,0,12.1,39,3341
up,1569,1737,1537,0,0,12.1,39,3341
up,1569,1737,1537,0,0,12.1,39,3341
up,1569,1737,1537,0,0,12.1,39,3341
up,1570,1737,1537,0,0,12.1,39,3341
up,1570,1737,1537,0,0,12.1,39,3341
up,1571,1737,1537,0,0,12.1,39,3341
up,1571,1737,1537,0,0,12.1,39,3341
up,1572,1737,1537,0,0,12.1,39,3341
up,1572,1737,1537,0,0,12.1,39,3341
up,1573,1737,1537,0,0,12.1,39,3341
up,1573,1737,1537,0,0,12.1,39,3341
up,1574,1737,1537,0,0,12.1,39,3341
up,1574,1737,1537,0,0,12.1,39,3341
up,1575,1737,1537,0,0,12.1,39,3341
up,1575,1737,1537,0,0,12.1,39,3341
up,1576,1737,1537,0,0,12.1,39,3341
up,1576,1737,1537,0,0,12.1,39,3341
up,1577,1737,1537,0,0,12.1,39,3341
up,1577,1737,1537,0,0,12.1,39,3341
up,1578,1737,1537,0,0,12.1,39,3341
up,1578,1737,1537,0,0,12.1,39,3341
up,1579,1737,1537,0,0,12.1,39,3341
up,1579,1737,1537,0,0,12.1,39,3341
up,1579,1737,1537,0,0,12.1,39,3341
up,1580,1737,1537,0,0,12.1,39,3341
up,1580,1737,1537,0,0,12.1,39,3341
up,1581,1737,1537,0,0,12.1,39,3341
up,1581,1737,1537,0,0,12.1,39,3341
up,1582,1737,1537,0,0,12.1,39,3341
up,1582,1737,1537,0,0,12.1,39,3341
up,1583,1737,1537,0,0,12.1,39,3341
up,1583,1737,1537,0,0,12.1,39,3341
up,1584,1737,1537,0,0,12.1,39,3341
up,1584,1737,1537,0,0,12.1,39,3341
up,1585,1737,1537,0,0,12.1,39,3341
up,1585,1737,1537,0,0,12.1,39,3341
up,1586,1737,1537,0,0,12.1,39,3341
up,1586,1737,1537,0,0,12.1,39,3341
up,1587,1737,1537,0,0,12.1,39,3341
up,1587,1737,1537,0,0,12.1,39,3341
up,1588,1737,1537,0,0,12.1,39,3341
up,1588,1737,1537,0,0,12.1,39,3341
up,1589,1737,1537,0,0,12.1,39,3341
up,1589,1737,1537,0,0,12.1,39,3341
up,1590,1737,1537,0,0,12.1,39,3341
up,1590,1737,1537,0,0,12.1,39,3341
up,1591,1737,1537,0,0,12.1,39,3341
up,1591,1737,1537,0,0,12.1,39,3341
up,1592,1737,1537,0,0,12.1,39,3341
up,1592,1737,1537,0,0,12.1,39,3341
up,1592,1737,1537,0,0,12.1,39,3341
up,1593,1737,1537,0,0,12.1,39,3341
up,1593,1737,1537,0,0,12.1,39,3341
up,1594,1737,1537,0,0,12.1,39,3341
up,1594,1737,1537,0,0,12.1,39,3341
up,1595,1737,1537,0,0,12.1,39,3341
up,1595,1737,1537,0,0,12.1,39,3341
up,1596,1737,1537,0,0,12.1,39,3341
up,1596,1737,1537,0,0,12.1,39,3341
up,1596,1737,1537,0,0,12.1,39,3341
up,1597,1737,1537,0,0,12.1,39,3341
up,1597,1737,1537,0,0,12.1,39,3341
up,1598,1737,1537,0,0,12.1,39,3341
up,1598,1737,1537,0,0,12.1,39,3341
up,1599,1737,1537,0,0,12.1,39,3341
up,1599,1737,1537,0,0,12.1,39,3341
up,1600,1737,1537,0,0,12.1,39,3341
up,1600,1737,1537,0,0,12.1,39,3341
up,1601,1737,1537,0,0,12.1,39,3341
up,1601,1737,1537,0,0,12.1,39,3341
up,1602,1737,1537,0,0,12.1,39,3341
up,1602,1737,1537,0,0,12.1,39,3341
up,1602,1737,1537,0,0,12.1,39,3341
up,1603,1737,1537,0,0,12.1,39,3341
up,1603,1737,1537,0,0,12.1,39,3341
up,1604,1737,1537,0,0,12.1,39,3341
up,1604,1737,1537,0,0,12.1,39,3341
up,1605,1737,1537,0,0,12.1,39,3341
up,1605,1737,1537,0,0,12.1,39,3341
up,1606,1737,1537,0,0,12.1,39,3341
up,1606,1737,1537,0,0,12.1,39,3341
up,1607,1737,1537,0,0,12.1,39,3341
up,1607,1737,1537,0,0,12.1,39,3341
up,1608,1737,1537,0,0,12.1,39,3341
up,1608,1737,1537,0,0,12.1,39,3341
up,1609,1737,1537,0,0,12.1,39,3341
up,1609,1737,1537,0,0,12.1,39,3341
up,1610,1737,1537,0,0,12.1,39,3341
up,1610,1737,1537,0,0,12.1,39,3341
up,1610,1737,1537,0,0,12.1,39,3341
up,1611,1737,1537,0,0,12.1,39,3341
up,1611,1737,1537,0,0,12.1,39,3341
up,1612,1737,1537,0,0,12.1,39,3341
up,1612,1737,1537,0,0,12.1,39,3341
up,1613,1737,1537,0,0,12.1,39,3341
up,1613,1737,1537,0,0,12.1,39,3341
up,1614,1737,1537,0,0,12.1,39,3341
up,1614,1737,1537,0,0,12.1,39,3341
up,1615,1737,1537,0,0,12.1,39,3341
up,1615,1737,1537,0,0,12.1,39,3341
up,1616,1737,1537,0,0,12.1,39,3341
up,1616,1737,1537,0,0,12.1,39,3341
up,1617,1737,1537,0,0,12.1,39,3341
up,1617,1737,1537,0,0,12.1,39,3341
up,1618,1737,1537,0,0,12.1,39,3341
up,1618,1737,1537,0,0,12.1,39,3341
up,1619,1737,1537,0,0,12.1,39,3341
up,1619,1737,1537,0,0,12.1,39,3341
up,1620,1737,1537,0,0,12.1,39,3341
up,1620,1737,1537,0,0,12.1,39,3341
up,1620,1737,1537,0,0,12.1,39,3341
up,1621,1737,1537,0,0,12.1,39,3341
up,1621,1737,1537,0,0,12.1,39,3341
up,1622,1737,1537,0,0,12.1,39,3341
up,1622,1737,1537,0,0,12.1,39,3341
up,1623,1737,1537,0,0,12.1,39,3341
up,1623,1737,1537,0,0,12.1,39,3341
up,1624,1737,1537,0,0,12.1,39,3341
up,1624,1737,1537,0,0,12.1,39,3341
up,1625,1737,1537,0,0,12.1,39,3341
up,1625,1737,1537,0,0,12.1,39,3341
up,1626,1737,1537,0,0,12.1,39,3341
up,1626,1737,1537,0,0,12.1,39,3341
up,1627,1737,1537,0,0,12.1,39,3341
up,1627,1737,1537,0,0,12.1,39,3341
up,1628,1737,1537,0,0,12.1,39,3341
up,1628,1737,1537,0,0,12.1,39,3341
up,1629,1737,1537,0,0,12.1,39,3341
up,1629,1737,1537,0,0,12.1,39,3341
up,1629,1737,1537,0,0,12.1,39,3341
up,1630,1737,1537,0,0,12.1,39,3341
up,1630,1737,1537,0,0,12.1,39,3341
up,1631,1737,1537,0,0,12.1,39,3341
up,1631,1737,1537,0,0,12.1,39,3341
up,1632,1737,1537,0,0,12.1,39,3341
up,1632,1737,1537,0,0,12.1,39,3341
up,1633,1737,1537,0,0,12.1,39,3341
up,1633,1737,1537,0,0,12.1,39,3341
up,1634,1737,1537,0,0,12.1,39,3341
up,1634,1737,1537,0,0,12.1,39,3341
up,1635,1737,1537,0,0,12.1,39,3341
up,1635,1737,1537,0,0,12.1,39,3341
up,1636,1737,1537,0,0,12.1,39,3341
up,1636,1737,1537,0,0,12.1,39,3341
up,1637,1737,1537,0,0,12.1,39,3341
up,1637,1737,1537,0,0,12.1,39,3341
up,1638,1737,1537,0,0,12.1,39,3341
up,1638,1737,1537,0,0,12.1,39,3341
up,1639,1737,1537,0,0,12.1,39,3341
up,1640,1737,1537,0,0,12.1,39,3341
up,1640,1737,1537,0,0,12.1,39,3341
up,1641,1737,1537,0,0,12.1,39,3341
up,1641,1737,1537,0,0,12.1,39,3341
up,1642,1737,1537,0,0,12.1,39,3341
up,1642,1737,1537,0,0,12.1,39,3341
up,1642,1737,1537,0,0,12.1,39,3341
up,1643,1737,1537,0,0,12.1,39,3341
up,1643,1737,1537,0,0,12.1,39,3341
up,1644,1737,1537,0,0,12.1,39,3341
up,1644,1737,1537,0,0,12.1,39,3341
up,1645,1737,1537,0,0,12.1,39,3341
up,1645,1737,1537,0,0,12.1,39,3341
up,1646,1737,1537,0,0,12.1,39,3341
up,1646,1737,1537,0,0,12.1,39,3341
up,1647,1737,1537,0,0,12.1,39,3341
up,1647,1737,1537,0,0,12.1,39,3341
up,1647,1737,1537,0,0,12.1,39,3341
up,1648,1737,1537,0,0,12.1,39,3341
up,1648,1737,1537,0,0,12.1,39,3341
up,1649,1737,1537,0,0,12.1,39,3341
up,1649,1737,1537,0,0,12.1,39,3341
up,1650,1737,1537,0,0,12.1,39,3341
up,1650,1737,1537,0,0,12.1,39,3341
up,1651,1737,1537,0,0,12.1,39,3341
up,1651,1737,1537,0,0,12.1,39,3341
up,1652,1737,1537,0,0,12.1,39,3341
up,1652,1737,1537,0,0,12.1,39,3341
up,1653,1737,1537,0,0,12.1,39,3341
up,1653,1737,1537,0,0,12.1,39,3341
up,1654,1737,1537,0,0,12.1,39,3341
up,1654,1737,1537,0,0,12.1,39,3341
up,1655,1737,1537,0,0,12.1,39,3341
up,1656,1737,1537,0,0,12.1,39,3341
up,1656,1737,1537,0,0,12.1,39,3341
up,1657,1737,1537,0,0,12.1,39,3341
up,1657,1737,1537,0,0,12.1,39,3341
up,1658,1737,1537,0,0,12.1,39,3341
up,1658,1737,1537,0,0,12.1,39,3341
up,1658,1737,1537,0,0,12.1,39,3341
up,1659,1737,1537,0,0,12.1,39,3341
up,1659,1737,1537,0,0,12.1,39,3341
up,1660,1737,1537,0,0,12.1,39,3341
up,1660,1737,1537,0,0,12.1,39,3341
up,1661,1737,1537,0,0,12.1,39,3341
up,1661,1737,1537,0,0,12.1,39,3341
up,1662,1737,1537,0,0,12.1,39,3341
up,1662,1737,1537,0,0,12.1,39,3341
up,1663,1737,1537,0,0,12.1,39,3341
up,1663,1737,1537,0,0,12.1,39,3341
up,1663,1737,1537,0,0,12.1,39,3341
up,1664,1737,1537,0,0,12.1,39,3341
up,1664,1737,1537,0,0,12.1,39,3341
up,1665,1737,1537,0,0,12.1,39,3341
up,1665,1737,1537,0,0,12.1,39,3341
up,1666,1737,1537,0,0,12.1,39,3341
up,1666,1737,1537,0,0,12.1,39,3341
up,1667,1737,1537,0,0,12.1,39,3341
up,1667,1737,1537,0,0,12.1,39,3341
up,1668,1737,1537,0,0,12.1,39,3341
up,1668,1737,1537,0,0,12.1,39,3341
up,1669,1737,1537,0,0,12.1,39,3341
up,1669,1737,1537,0,0,12.1,39,3341
up,1670,1737,1537,0,0,12.1,39,3341
up,1671,1737,1537,0,0,12.1,39,3341
up,1671,1737,1537,0,0,12.1,39,3341
up,1672,1737,1537,0,0,12.1,39,3341
up,1672,1737,1537,0,0,12.1,39,3341
up,1672,1737,1537,0,0,12.1,39,3341
up,1673,1737,1537,0,0,12.1,39,3341
up,1673,1737,1537,0,0,12.1,39,3341
up,1674,1737,1537,0,0,12.1,39,3341
up,1674,1737,1537,0,0,12.1,39,3341
up,1675,1737,1537,0,0,12.1,39,3341
up,1675,1737,1537,0,0,12.1,39,3341
up,1676,1737,1537,0,0,12.1,39,3341
up,1676,1737,1537,0,0,12.1,39,3341
up,1677,1737,1537,0,0,12.1,39,3341
up,1677,1737,1537,0,0,12.1,39,3341
up,1678,1737,1537,0,0,12.1,39,3341
up,1678,1737,1537,0,0,12.1,39,3341
up,1679,1737,1537,0,0,12.1,39,3341
up,1679,1737,1537,0,0,12.1,39,3341
up,1680,1737,1537,0,0,12.1,39,3341
up,1680,1737,1537,0,0,12.1,39,3341
up,1681,1737,1537,0,0,12.1,39,3341
up,1681,1737,1537,0,0,12.1,39,3341
up,1682,1737,1537,0,0,12.1,39,3341
up,1682,1737,1537,0,0,12.1,39,3341
up,1683,1737,1537,0,0,12.1,39,3341
up,1683,1737,1537,0,0,12.1,39,3341
up,1684,1737,1537,0,0,12.1,39,3341
up,1684,1737,1537,0,0,12.1,39,3341
up,1685,1737,1537,0,0,12.1,39,3341
up,1685,1737,1537,0,0,12.1,39,3341
up,1686,1737,1537,0,0,12.1,39,3341
up,1686,1737,1537,0,0,12.1,39,3341
up,1687,1737,1537,0,0,12.1,39,3341
up,1687,1737,1537,0,0,12.1,39,3341
up,1688,1737,1537,0,0,12.1,39,3341
up,1689,1737,1537,0,0,12.1,39,3341
up,1689,1737,1537,0,0,12.1,39,3341
up,1690,1737,1537,0,0,12.1,39,3341
up,1690,1737,1537,0,0,12.1,39,3341
up,1691,1737,1537,0,0,12.1,39,3341
up,1691,1737,1537,0,0,12.1,39,3341
up,1692,1737,1537,0,0,12.1,39,3341
up,1692,1737,1537,0,0,12.1,39,3341
up,1693,1737,1537,0,0,12.1,39,3341
up,1693,1737,1537,0,0,12.1,39,3341
up,1693,1737,1537,0,0,12.1,39,3341
up,1694,1737,1537,0,0,12.1,39,3341
up,1694,1737,1537,0,0,12.1,39,3341
up,1695,1737,1537,0,0,12.1,39,3341
up,1695,1737,1537,0,0,12.1,39,3341
up,1696,1737,1537,0,0,12.1,39,3341
up,1696,1737,1537,0,0,12.1,39,3341
up,1697,1737,1537,0,0,12.1,39,3341
up,1697,1737,1537,0,0,12.1,39,3341
up,1698,1737,1537,0,0,12.1,39,3341
up,1698,1737,1537,0,0,12.1,39,3341
up,1698,1737,1537,0,0,12.1,39,3341
up,1699,1737,1537,0,0,12.1,39,3341
up,1699,1737,1537,0,0,12.1,39,3341
up,1700,1737,1537,0,0,12.1,39,3341
up,1700,1737,1537,0,0,12.1,39,3341
up,1701,1737,1537,0,0,12.1,39,3341
up,1701,1737,1537,0,0,12.1,39,3341
up,1702,1737,1537,0,0,12.1,39,3341
up,1702,1737,1537,0,0,12.1,39,3341
up,1703,1737,1537,0,0,12.1,39,3341
up,1704,1737,1537,0,0,12.1,39,3341
up,1704,1737,1537,0,0,12.1,39,3341
up,1705,1737,1537,0,0,12.1,39,3341
up,1705,1737,1537,0,0,12.1,39,3341
up,1706,1737,1537,0,0,12.1,39,3341
up,1706,1737,1537,0,0,12.1,39,3341
up,1707,1737,1537,0,0,12.1,39,3341
up,1707,1737,1537,0,0,12.1,39,3341
up,1708,1737,1537,0,0,12.1,39,3341
up,1708,1737,1537,0,0,12.1,39,3341
up,1709,1737,1537,0,0,12.1,39,3341
up,1709,1737,1537,0,0,12.1,39,3341
up,1709,1737,1537,0,0,12.1,39,3341
up,1710,1737,1537,0,0,12.1,39,3341
up,1710,1737,1537,0,0,12.1,39,3341
up,1711,1737,1537,0,0,12.1,39,3341
up,1711,1737,1537,0,0,12.1,39,3341
up,1712,1737,1537,0,0,12.1,39,3341
up,1712,1737,1537,0,0,12.1,39,3341
up,1712,1737,1537,0,0,12.1,39,3341
up,1713,1737,1537,0,0,12.1,39,3341
up,1713,1737,1537,0,0,12.1,39,3341
up,1714,1737,1537,0,0,12.1,39,3341
up,1714,1737,1537,0,0,12.1,39,3341
up,1715,1737,1537,0,0,12.1,39,3341
up,1715,1737,1537,0,0,12.1,39,3341
up,1716,1737,1537,0,0,12.1,39,3341
up,1716,1737,1537,0,0,12.1,39,3341
up,1717,1737,1537,0,0,12.1,39,3341
up,1717,1737,1537,0,0,12.1,39,3341
up,1718,1737,1537,0,0,12.1,39,3341
up,1718,1737,1537,0,0,12.1,39,3341
up,1719,1737,1537,0,0,12.1,39,3341
up,1719,1737,1537,0,0,12.1,39,3341
up,1720,1737,1537,0,0,12.1,39,3341
up,1720,1737,1537,0,0,12.1,39,3341
up,1721,1737,1537,0,0,12.1,39,3341
up,1721,1737,1537,0,0,12.1,39,3341
up,1722,1737,1537,0,0,12.1,39,3341
up,1722,1737,1537,0,0,12.1,39,3341
up,1723,1737,1537,0,0,12.1,39,3341
up,1723,1737,1537,0,0,12.1,39,3341
up,1724,1737,1537,0,0,12.1,39,3341
up,1724,1737,1537,0,0,12.1,39,3341
up,1725,1737,1537,0,0,12.1,39,3341
up,1725,1737,1537,0,0,12.1,39,3341
up,1725,1737,1537,0,0,12.1,39,3341
up,1726,1737,1537,0,0,12.1,39,3341
up,1726,1737,1537,0,0,12.1,39,3341
up,1727,1737,1537,0,0,12.1,39,3341
up,1727,1737,1537,0,0,12.1,39,3341
up,1728,1737,1537,0,0,12.1,39,3341
up,1728,1737,1537,0,0,12.1,39,3341
up,1729,1737,1537,0,0,12.1,39,3341
up,1729,1737,1537,0,0,12.1,39,3341
up,1730,1737,1537,0,0,12.1,39,3341
up,1730,1737,1537,0,0,12.1,39,3341
up,1730,1737,1537,0,0,12.1,39,3341
up,1731,1737,1537,0,0,12.1,39,3341
up,1731,1737,1537,0,0,12.1,39,3341
up,1732,1737,1537,0,0,12.1,39,3341
up,1732,1737,1537,0,0,12.1,39,3341
up,1733,1737,1537,0,0,12.1,39,3341
up,1733,1737,1537,0,0,12.1,39,3341
up,1734,1737,1537,0,0,12.1,39,3341
up,1734,1737,1537,0,0,12.1,39,3341
up,1735,1737,1537,0,0,12.1,39,3341
up,1735,1737,1537,0,0,12.1,39,3341
up,1736,1737,1537,0,0,12.1,39,3341
up,1736,1737,1537,0,0,12.1,39,3341
up,1737,1737,1537,0,0,12.1,39,3341
up,1737,1737,1537,0,0,12.1,39,3341
up,1738,1737,1537,0,0,12.1,39,3341
up,1738,1737,1537,0,0,12.1,39,3341
up,1739,1737,1537,0,0,12.1,39,3341
up,1739,1737,1537,0,0,12.1,39,3341
up,1740,1737,1537,0,0,12.1,39,3341
up,1740,1737,1537,0,0,12.1,39,3341
up,1741,1737,1537,0,0,12.1,39,3341
up,1741,1737,1537,0,0,12.1,39,3341
up,1742,1737,1537,0,0,12.1,39,3341
up,1742,1737,1537,0,0,12.1,39,3341
up,1743,1737,1537,0,0,12.1,39,3341
up,1743,1737,1537,0,0,12.1,39,3341
up,1744,1737,1537,0,0,12.1,39,3341
up,1744,1737,1537,0,0,12.1,39,3341
up,1745,1737,1537,0,0,12.1,39,3341
up,1745,1737,1537,0,0,12.1,39,3341
up,1746,1737,1537,0,0,12.1,39,3341
up,1746,1737,1537,0,0,12.1,39,3341
up,1747,1737,1537,0,0,12.1,39,3341
up,1747,1737,1537,0,0,12.1,39,3341
up,1748,1737,1537,0,0,12.1,39,3341
up,1748,1737,1537,0,0,12.1,39,3341
up,1748,1737,1537,0,0,12.1,39,3341
up,1749,1737,1537,0,0,12.1,39,3341
up,1749,1737,1537,0,0,12.1,39,3341
up,1750,1737,1537,0,0,12.1,39,3341
up,1750,1737,1537,0,0,12.1,39,3341
up,1751,1737,1537,0,0,12.1,39,3341
up,1751,1737,1537,0,0,12.1,39,3341
up,1752,1737,1537,0,0,12.1,39,3341
up,1752,1737,1537,0,0,12.1,39,3341
up,1753,1737,1537,0,0,12.1,39,3341
up,1753,1737,1537,0,0,12.1,39,3341
up,1754,1737,1537,0,0,12.1,39,3341
up,1754,1737,1537,0,0,12.1,39,3341
up,1755,1737,1537,0,0,12.1,43,3341
up,1755,1737,1537,0,0,12.1,43,3341
up,1756,1737,1537,0,0,12.1,39,3341
up,1756,1737,1537,0,0,12.1,39,3341
up,1757,1737,1537,0,0,12.1,39,3341
up,1757,1737,1537,0,0,12.1,39,3341
up,1758,1737,1537,0,0,12.1,39,3341
up,1758,1737,1537,0,0,12.1,39,3341
up,1759,1737,1537,0,0,12.1,39,3341
up,1759,1737,1537,0,0,12.1,39,3341
up,1760,1737,1537,0,0,12.1,39,3341
up,1760,1737,1537,0,0,12.1,39,3341
up,1761,1737,1537,0,0,12.1,39,3341
up,1761,1737,1537,0,0,12.1,39,3341
up,1761,1737,1537,0,0,12.1,39,3341
up,1762,1737,1537,0,0,12.1,39,3341
up,1762,1737,1537,0,0,12.1,39,3341
up,1763,1737,1537,0,0,12.1,39,3341
up,1763,1737,1537,0,0,12.1,39,3341
up,1764,1737,1537,0,0,12.1,39,3341
up,1764,1737,1537,0,0,12.1,39,3341
up,1765,1737,1537,0,0,12.1,39,3341
up,1765,1737,1537,0,0,12.2,39,3341
up,1765,1737,1537,0,0,12.2,39,3341
up,1766,1737,1537,0,0,12.1,39,3341
up,1766,1737,1537,0,0,12.1,39,3341
up,1767,1737,1537,0,0,12.1,39,3341
up,1768,1737,1537,0,0,12.1,39,3341
up,1768,1737,1537,0,0,12.1,39,3341
up,1769,1737,1537,0,0,12.1,39,3341
up,1769,1737,1537,0,0,12.1,39,3341
up,1770,1737,1537,0,0,12.1,39,3341
up,1770,1737,1537,0,0,12.1,39,3341
up,1771,1737,1537,0,0,12.1,39,3341
up,1771,1737,1537,0,0,12.1,39,3341
up,1772,1737,1537,0,0,12.1,39,3341
up,1772,1737,1537,0,0,12.1,39,3341
up,1773,1737,1537,0,0,12.1,39,3341
up,1773,1737,1537,0,0,12.1,39,3341
up,1774,1737,1537,0,0,12.1,39,3341
up,1774,1737,1537,0,0,12.1,39,3341
up,1775,1737,1537,0,0,12.1,39,3341
up,1775,1737,1537,0,0,12.1,39,3341
up,1775,1737,1537,0,0,12.1,39,3341
up,1776,1737,1537,0,0,12.1,39,3341
up,1776,1737,1537,0,0,12.1,39,3341
up,1777,1737,1537,0,0,12.1,39,3341
up,1777,1737,1537,0,0,12.1,39,3341
up,1778,1737,1537,0,0,12.1,39,3341
up,1778,1737,1537,0,0,12.1,39,3341
up,1779,1737,1537,0,0,12.1,39,3341
up,1779,1737,1537,0,0,12.1,39,3341
up,1780,1737,1537,0,0,12.1,39,3341
up,1780,1737,1537,0,0,12.1,39,3341
up,1780,1737,1537,0,0,12.1,39,3341
up,1781,1737,1537,0,0,12.1,39,3341
up,1781,1737,1537,0,0,12.1,39,3341
up,1782,1737,1537,0,0,12.1,39,3341
up,1782,1737,1537,0,0,12.1,39,3341
up,1783,1737,1537,0,0,12.1,39,3341
up,1783,1737,1537,0,0,12.1,39,3341
up,1784,1737,1537,0,0,12.1,39,3341
up,1784,1737,1537,0,0,12.1,39,3341
up,1785,1737,1537,0,0,12.1,39,3341
up,1785,1737,1537,0,0,12.1,39,3341
up,1785,1737,1537,0,0,12.1,39,3341
up,1786,1737,1537,0,0,12.1,39,3341
up,1786,1737,1537,0,0,12.1,39,3341
up,1787,1737,1537,0,0,12.1,39,3341
up,1787,1737,1537,0,0,12.1,39,3341
up,1788,1737,1537,0,0,12.1,39,3341
up,1788,1737,1537,0,0,12.1,39,3341
up,1789,1737,1537,0,0,12.1,39,3341
up,1789,1737,1537,0,0,12.1,39,3341
up,1790,1737,1537,0,0,12.1,39,3341
up,1790,1737,1537,0,0,12.1,39,3341
up,1791,1737,1537,0,0,12.1,39,3341
up,1791,1737,1537,0,0,12.1,39,3341
up,1792,1737,1537,0,0,12.1,39,3341
up,1792,1737,1537,0,0,12.1,39,3341
up,1793,1737,1537,0,0,12.1,39,3341
up,1793,1737,1537,0,0,12.1,39,3341
up,1794,1737,1537,0,0,12.1,39,3341
up,1794,1737,1537,0,0,12.1,39,3341
up,1795,1737,1537,0,0,12.1,39,3341
up,1795,1737,1537,0,0,12.1,39,3341
up,1796,1737,1537,0,0,12.1,39,3341
up,1796,1737,1537,0,0,12.1,39,3341
up,1796,1737,1537,0,0,12.1,39,3341
up,1797,1737,1537,0,0,12.1,39,3341
up,1797,1737,1537,0,0,12.1,39,3341
up,1798,1737,1537,0,0,12.1,39,3341
up,1798,1737,1537,0,0,12.1,39,3341
up,1799,1737,1537,0,0,12.1,39,3341
up,1799,1737,1537,0,0,12.1,39,3341
up,1800,1737,1537,0,0,12.1,39,3341
up,1800,1737,1537,0,0,12.1,39,3341
up,1801,1737,1537,0,0,12.1,39,3341
up,1801,1737,1537,0,0,12.1,39,3341
up,1802,1737,1537,0,0,12.1,39,3341
up,1802,1737,1537,0,0,12.1,39,3341
up,1803,1737,1537,0,0,12.1,39,3341
up,1803,1737,1537,0,0,12.1,39,3341
up,1804,1737,1537,0,0,12.1,39,3341
up,1804,1737,1537,0,0,12.1,39,3341
up,1805,1737,1537,0,0,12.1,39,3341
up,1805,1737,1537,0,0,12.1,39,3341
up,1806,1737,1537,0,0,12.1,39,3341
up,1806,1737,1537,0,0,12.1,39,3341
up,1807,1737,1537,0,0,12.1,39,3341
up,1807,1737,1537,0,0,12.1,39,3341
up,1808,1737,1537,0,0,12.1,39,3341
up,1808,1737,1537,0,0,12.1,39,3341
up,1809,1737,1537,0,0,12.1,39,3341
up,1809,1737,1537,0,0,12.1,39,3341
up,1810,1737,1537,0,0,12.1,39,3341
up,1810,1737,1537,0,0,12.1,39,3341
up,1810,1737,1537,0,0,12.1,39,3341
up,1811,1737,1537,0,0,12.1,39,3341
up,1811,1737,1537,0,0,12.1,39,3341
up,1812,1737,1537,0,0,12.1,39,3341
up,1812,1737,1537,0,0,12.1,39,3341
up,1813,1737,1537,0,0,12.1,39,3341
up,1813,1737,1537,0,0,12.1,39,3341
up,1814,1737,1537,0,0,12.1,39,3341
up,1814,1737,1537,0,0,12.1,39,3341
up,1815,1737,1537,0,0,12.1,39,3341
up,1815,1737,1537,0,0,12.1,39,3341
up,1816,1737,1537,0,0,12.1,39,3341
up,1817,1737,1537,0,0,12.1,39,3341
up,1817,1737,1537,0,0,12.1,39,3341
up,1817,1737,1537,0,0,12.1,39,3341
up,1818,1737,1537,0,0,12.1,39,3341
up,1818,1737,1537,0,0,12.1,39,3341
up,1819,1737,1537,0,0,12.1,39,3341
up,1819,1737,1537,0,0,12.1,39,3341
up,1820,1737,1537,0,0,12.1,39,3341
up,1820,1737,1537,0,0,12.1,39,3341
up,1821,1737,1537,0,0,12.1,39,3341
up,1821,1737,1537,0,0,12.1,39,3341
up,1822,1737,1537,0,0,12.1,39,3341
up,1822,1737,1537,0,0,12.1,39,3341
up,1823,1737,1537,0,0,12.1,39,3341
up,1823,1737,1537,0,0,12.1,39,3341
up,1824,1737,1537,0,0,12.1,39,3341
up,1824,1737,1537,0,0,12.1,39,3341
up,1825,1737,1537,0,0,12.1,39,3341
up,1825,1737,1537,0,0,12.1,39,3341
up,1826,1737,1537,0,0,12.1,39,3341
up,1826,1737,1537,0,0,12.1,39,3341
up,1827,1737,1537,0,0,12.1,39,3341
up,1827,1737,1537,0,0,12.1,39,3341
up,1828,1737,1537,0,0,12.1,39,3341
up,1828,1737,1537,0,0,12.1,39,3341
up,1829,1737,1537,0,0,12.1,39,3341
up,1829,1737,1537,0,0,12.1,39,3341
up,1830,1737,1537,0,0,12.1,39,3341
up,1830,1737,1537,0,0,12.1,39,3341
up,1831,1737,1537,0,0,12.1,39,3341
up,1831,1737,1537,0,0,12.1,39,3341
up,1832,1737,1537,0,0,12.1,39,3341
up,1833,1737,1537,0,0,12.1,39,3341
up,1833,1737,1537,0,0,12.1,39,3341
up,1834,1737,1537,0,0,12.1,39,3341
up,1834,1737,1537,0,0,12.1,39,3341
up,1835,1737,1537,0,0,12.1,39,3341
up,1835,1737,1537,0,0,12.1,39,3341
up,1836,1737,1537,0,0,12.1,39,3341
up,1836,1737,1537,0,0,12.1,39,3341
up,1837,1737,1537,0,0,12.1,39,3341
up,1837,1737,1537,0,0,12.1,39,3341
up,1837,1737,1537,0,0,12.1,39,3341
up,1838,1737,1537,0,0,12.1,39,3341
up,1838,1737,1537,0,0,12.1,39,3341
up,1839,1737,1537,0,0,12.1,39,3341
up,1839,1737,1537,0,0,12.1,39,3341
up,1840,1737,1537,0,0,12.1,39,3341
up,1840,1737,1537,0,0,12.1,39,3341
up,1841,1737,1537,0,0,12.1,39,3341
up,1841,1737,1537,0,0,12.1,39,3341
up,1842,1737,1537,0,0,12.1,39,3341
up,1842,1737,1537,0,0,12.1,39,3341
up,1843,1737,1537,0,0,12.1,39,3341
up,1843,1737,1537,0,0,12.1,39,3341
up,1844,1737,1537,0,0,12.1,39,3341
up,1844,1737,1537,0,0,12.1,39,3341
up,1845,1737,1537,0,0,12.1,39,3341
up,1845,1737,1537,0,0,12.1,39,3341
up,1846,1737,1537,0,0,12.1,39,3341
up,1846,1737,1537,0,0,12.1,39,3341
up,1847,1737,1537,0,0,12.1,39,3341
up,1847,1737,1537,0,0,12.1,39,3341
up,1848,1737,1537,0,0,12.1,39,3341
up,1848,1737,1537,0,0,12.1,39,3341
up,1849,1737,1537,0,0,12.1,39,3341
up,1849,1737,1537,0,0,12.1,39,3341
up,1850,1737,1537,0,0,12.1,39,3341
up,1850,1737,1537,0,0,12.1,39,3341
up,1851,1737,1537,0,0,12.1,39,3341
up,1851,1737,1537,0,0,12.1,39,3341
up,1852,1737,1537,0,0,12.1,39,3341
up,1852,1737,1537,0,0,12.1,39,3341
up,1853,1737,1537,0,0,12.1,39,3341
up,1853,1737,1537,0,0,12.1,39,3341
up,1854,1737,1537,0,0,12.1,39,3341
up,1854,1737,1537,0,0,12.1,39,3341
up,1855,1737,1537,0,0,12.1,39,3341
up,1855,1737,1537,0,0,12.1,39,3341
up,1856,1737,1537,0,0,12.1,39,3341
up,1856,1737,1537,0,0,12.1,39,3341
up,1857,1737,1537,0,0,12.1,39,3341
up,1857,1737,1537,0,0,12.1,39,3341
up,1858,1737,1537,0,0,12.1,39,3341
up,1858,1737,1537,0,0,12.1,39,3341
up,1859,1737,1537,0,0,12.1,39,3341
up,1859,1737,1537,0,0,12.1,39,3341
up,1860,1737,1537,0,0,12.1,39,3341
up,1860,1737,1537,0,0,12.1,39,3341
up,1861,1737,1537,0,0,12.1,39,3341
up,1861,1737,1537,0,0,12.1,39,3341
up,1862,1737,1537,0,0,12.1,39,3341
up,1862,1737,1537,0,0,12.1,39,3341
up,1863,1737,1537,0,0,12.1,39,3341
up,1863,1737,1537,0,0,12.1,39,3341
up,1864,1737,1537,0,0,12.1,39,3341
up,1864,1737,1537,0,0,12.1,39,3341
up,1865,1737,1537,0,0,12.1,39,3341
up,1865,1737,1537,0,0,12.1,39,3341
up,1866,1737,1537,0,0,12.1,39,3341
up,1866,1737,1537,0,0,12.1,39,3341
up,1867,1737,1537,0,0,12.1,39,3341
up,1867,1737,1537,0,0,12.1,39,3341
up,1868,1737,1537,0,0,12.1,39,3341
up,1868,1737,1537,0,0,12.1,39,3341
up,1869,1737,1537,0,0,12.1,39,3341
up,1869,1737,1537,0,0,12.1,39,3341
up,1870,1737,1537,0,0,12.1,39,3341
up,1870,1737,1537,0,0,12.1,39,3341
up,1871,1737,1537,0,0,12.1,39,3341
up,1871,1737,1537,0,0,12.1,39,3341
up,1872,1737,1537,0,0,12.1,39,3341
up,1872,1737,1537,0,0,12.1,39,3341
up,1873,1737,1537,0,0,12.1,39,3341
up,1873,1737,1537,0,0,12.1,39,3341
up,1874,1737,1537,0,0,12.1,39,3341
up,1874,1737,1537,0,0,12.1,39,3341
up,1875,1737,1537,0,0,12.1,39,3341
up,1875,1737,1537,0,0,12.1,39,3341
up,1876,1737,1537,0,0,12.1,39,3341
up,1876,1737,1537,0,0,12.1,39,3341
up,1877,1737,1537,0,0,12.1,39,3341
up,1877,1737,1537,0,0,12.1,39,3341
up,1878,1737,1537,0,0,12.1,39,3341
up,1878,1737,1537,0,0,12.1,39,3341
up,1879,1737,1537,0,0,12.1,39,3341
up,1879,1737,1537,0,0,12.1,39,3341
up,1880,1737,1537,0,0,12.1,39,3341
up,1880,1737,1537,0,0,12.1,39,3341
up,1881,1737,1537,0,0,12.1,39,3341
up,1881,1737,1537,0,0,12.1,39,3341
up,1882,1737,1537,0,0,12.1,39,3341
up,1882,1737,1537,0,0,12.1,39,3341
up,1883,1737,1537,0,0,12.1,39,3341
up,1883,1737,1537,0,0,12.1,39,3341
up,1884,1737,1537,0,0,12.1,39,3341
up,1884,1737,1537,0,0,12.1,39,3341
up,1885,1737,1537,0,0,12.1,39,3341
up,1885,1737,1537,0,0,12.1,39,3341
up,1886,1737,1537,0,0,12.1,39,3341
up,1886,1737,1537,0,0,12.1,39,3341
up,1887,1737,1537,0,0,12.1,39,3341
up,1887,1737,1537,0,0,12.1,39,3341
up,1888,1737,1537,0,0,12.1,39,3341
up,1888,1737,1537,0,0,12.1,39,3341
up,1889,1737,1537,0,0,12.1,39,3341
up,1889,1737,1537,0,0,12.1,39,3341
up,1890,1737,1537,0,0,12.1,39,3341
up,1890,1737,1537,0,0,12.1,39,3341
up,1891,1737,1537,0,0,12.1,39,3341
up,1891,1737,1537,0,0,12.1,39,3341
up,1892,1737,1537,0,0,12.1,39,3341
up,1892,1737,1537,0,0,12.1,39,3341
up,1893,1737,1537,0,0,12.1,39,3341
up,1893,1737,1537,0,0,12.1,39,3341
up,1894,1737,1537,0,0,12.1,39,3341
up,1894,1737,1537,0,0,12.1,39,3341
up,1895,1737,1537,0,0,12.1,39,3341
up,1895,1737,1537,0,0,12.1,39,3341
up,1896,1737,1537,0,0,12.1,39,3341
up,1896,1737,1537,0,0,12.1,39,3341
up,1897,1737,1537,0,0,12.1,39,3341
up,1897,1737,1537,0,0,12.1,39,3341
up,1898,1737,1537,0,0,12.1,39,3341
up,1898,1737,1537,0,0,12.1,39,3341
up,1899,1737,1537,0,0,12.1,39,3341
up,1899,1737,1537,0,0,12.1,39,3341
up,1900,1737,1537,0,0,12.1,39,3341
up,1900,1737,1537,0,0,12.1,39,3341
up,1901,1737,1537,0,0,12.1,39,3341
up,1901,1737,1537,0,0,12.1,39,3341
up,1902,1737,1537,0,0,12.1,39,3341
up,1902,1737,1537,0,0,12.1,39,3341
up,1903,1737,1537,0,0,12.1,39,3341
up,1903,1737,1537,0,0,12.1,39,3341
up,1904,1737,1537,0,0,12.1,39,3341
up,1904,1737,1537,0,0,12.1,39,3341
up,1905,1737,1537,0,0,12.1,39,3341
up,1905,1737,1537,0,0,12.1,39,3341
up,1906,1737,1537,0,0,11.9,39,3341
up,1906,1737,1537,0,0,11.9,39,3341
up,1907,1737,1537,0,0,12.1,39,3341
up,1907,1737,1537,0,0,12.1,39,3341
up,1908,1737,1537,0,0,12.1,39,3341
up,1908,1737,1537,0,0,12.1,39,3341
up,1909,1737,1537,0,0,12.1,39,3341
up,1909,1737,1537,0,0,12.1,39,3341
up,1909,1737,1537,0,0,12.1,39,3341
up,1910,1737,1537,0,0,12.1,39,3341
up,1910,1737,1537,0,0,12.1,39,3341
up,1911,1737,1537,0,0,12.1,39,3341
up,1911,1737,1537,0,0,12.1,39,3341
up,1912,1737,1537,0,0,12.1,39,3341
up,1912,1737,1537,0,0,12.1,39,3341
up,1913,1737,1537,0,0,12.1,39,3341
up,1913,1737,1537,0,0,12.1,39,3341
up,1914,1737,1537,0,0,12.1,39,3341
up,1914,1737,1537,0,0,12.1,39,3341
up,1915,1737,1537,0,0,12.1,39,3341
up,1915,1737,1537,0,0,12.1,39,3341
up,1916,1737,1537,0,0,12.1,39,3341
up,1916,1737,1537,0,0,12.1,39,3341
up,1917,1737,1537,0,0,12.1,39,3341
up,1917,1737,1537,0,0,12.1,39,3341
up,1918,1737,1537,0,0,12.1,39,3341
up,1918,1737,1537,0,0,12.1,39,3341
up,1919,1737,1537,0,0,12.1,39,3341
up,1919,1737,1537,0,0,12.1,39,3341
up,1920,1737,1537,0,0,12.1,39,3341
up,1920,1737,1537,0,0,12.1,39,3341
up,1921,1737,1537,0,0,12.1,39,3341
up,1921,1737,1537,0,0,12.1,39,3341
up,1922,1737,1537,0,0,12.1,39,3341
up,1922,1737,1537,0,0,12.1,39,3341
up,1923,1737,1537,0,0,12.1,39,3341
up,1923,1737,1537,0,0,12.1,39,3341
up,1924,1737,1537,0,0,12.1,39,3341
up,1924,1737,1537,0,0,12.1,39,3341
up,1925,1737,1537,0,0,12.1,39,3341
up,1925,1737,1537,0,0,12.1,39,3341
up,1926,1737,1537,0,0,12.1,39,3341
up,1926,1737,1537,0,0,12.1,39,3341
up,1927,1737,1537,0,0,12.1,39,3341
up,1927,1737,1537,0,0,12.1,39,3341
up,1928,1737,1537,0,0,12.1,39,3341
up,1928,1737,1537,0,0,12.1,39,3341
up,1929,1737,1537,0,0,12.1,39,3341
up,1929,1737,1537,0,0,12.1,39,3341
up,1930,1737,1537,0,0,12.1,39,3341
up,1930,1737,1537,0,0,12.1,39,3341
up,1931,1737,1537,0,0,12.1,39,3341
up,1931,1737,1537,0,0,12.1,39,3341
up,1932,1737,1537,0,0,12.1,39,3341
up,1932,1737,1537,0,0,12.1,39,3341
up,1933,1737,1537,0,0,12.1,39,3341
up,1933,1737,1537,0,0,12.1,39,3341
up,1934,1737,1537,0,0,12.1,39,3341
up,1934,1737,1537,0,0,12.1,39,3341
up,1935,1737,1537,0,0,12.1,39,3341
up,1935,1737,1537,0,0,12.1,40,3341
up,1936,1737,1537,0,0,12.1,40,3341
up,1936,1737,1537,0,0,12.1,39,3341
up,1937,1737,1537,0,0,12.1,39,3341
up,1937,1737,1537,0,0,12.1,39,3341
up,1938,1737,1537,0,0,12.1,39,3341
up,1938,1737,1537,0,0,12.1,39,3341
up,1939,1737,1537,0,0,12.1,39,3341
up,1939,1737,1537,0,0,12.1,39,3341
up,1940,1737,1537,0,0,12.1,39,3341
up,1940,1737,1537,0,0,12.1,39,3341
up,1941,1737,1537,0,0,12.1,39,3341
up,1941,1737,1537,0,0,12.1,39,3341
up,1942,1737,1537,0,0,12.1,39,3341
up,1942,1737,1537,0,0,12.1,39,3341
up,1943,1737,1537,0,0,12.1,39,3341
up,1943,1737,1537,0,0,12.1,39,3341
up,1944,1737,1537,0,0,12.1,39,3341
up,1944,1737,1537,0,1,12.1,39,3341
up,1945,1737,1537,0,1,12.1,39,3341
up,1945,1737,1537,0,1,12.1,39,3341
up,1946,1737,1537,0,1,12.1,39,3341
up,1946,1737,1537,0,1,12.1,39,3341
up,1946,1737,1537,0,1,12.1,39,3341
up,1947,1737,1537,0,1,12.1,39,3341
up,1947,1737,1537,0,1,12.1,39,3341
up,1948,1737,1537,0,1,12.1,39,3341
up,1948,1737,1537,0,1,12.1,39,3341
up,1949,1737,1537,0,1,12.1,39,3341
up,1949,1737,1537,0,1,12.1,39,3341
up,1950,1737,1537,0,1,12.1,39,3341
up,1950,1737,1537,0,1,12.1,39,3341
up,1951,1737,1537,0,1,12.1,39,3341
up,1951,1737,1537,0,1,12.1,39,3341
up,1952,1737,1537,0,1,12.1,39,3341
up,1952,1737,1537,0,1,12.1,39,3341
up,1953,1737,1537,0,1,12.1,39,3341
up,1953,1737,1537,0,1,12.1,39,3341
up,1954,1737,1537,0,1,12.1,39,3341
up,1954,1737,1537,0,1,12.1,39,3341
up,1955,1737,1537,0,1,12.1,39,3341
up,1955,1737,1537,0,1,12.1,39,3341
up,1956,1737,1537,0,1,12.1,39,3341
up,1956,1737,1537,0,1,12.1,39,3341
up,1957,1737,1537,0,1,12.1,39,3341
up,1957,1737,1537,0,1,12.1,39,3341
up,1958,1737,1537,0,1,12.1,39,3341
up,1958,1737,1537,0,1,12.1,39,3341
up,1958,1737,1537,0,1,12.1,39,3341
up,1959,1737,1537,0,1,12.1,39,3341
up,1959,1737,1537,0,1,12.1,39,3341
up,1960,1737,1537,0,1,12.1,39,3341
up,1960,1737,1537,0,1,12.1,39,3341
up,1961,1737,1537,0,1,12.1,39,3341
up,1961,1737,1537,0,1,12.1,39,3341
up,1962,1737,1537,0,1,12.1,39,3341
up,1962,1737,1537,0,1,12.1,39,3341
up,1963,1737,1537,0,1,12.1,39,3341
up,1963,1737,1537,0,1,12.1,39,3341
up,1964,1737,1537,0,1,12.1,39,3341
up,1964,1737,1537,0,1,12.1,39,3341
up,1965,1737,1537,0,1,12.1,39,3341
up,1965,1737,1537,0,1,12.1,39,3341
up,1966,1737,1537,0,1,12.1,39,3341
up,1966,1737,1537,0,1,12.1,39,3341
up,1967,1737,1537,0,1,12.1,39,3341
up,1967,1737,1537,0,1,12.1,39,3341
up,1968,1737,1537,0,1,12.1,39,3341
up,1968,1737,1537,0,1,12.1,39,3341
up,1969,1737,1537,0,1,12.1,39,3341
up,1969,1737,1537,0,1,12.1,39,3341
up,1970,1737,1537,0,1,12.1,39,3341
up,1970,1737,1537,0,1,12.1,39,3341
up,1971,1737,1537,0,1,12.1,39,3341
up,1971,1737,1537,0,1,12.1,39,3341
up,1972,1737,1537,0,1,12.1,39,3341
up,1972,1737,1537,0,1,12.1,39,3341
up,1973,1737,1537,0,1,12.1,39,3341
up,1973,1737,1537,0,1,12.1,39,3341
up,1974,1737,1537,0,1,12.1,39,3341
up,1974,1737,1537,0,1,12.1,39,3341
up,1975,1737,1537,0,1,12.1,39,3341
up,1975,1737,1537,0,1,12.1,39,3341
up,1976,1737,1537,0,1,12.1,39,3341
up,1976,1737,1537,0,1,12.1,39,3341
up,1976,1737,1537,0,1,12.1,39,3341
up,1977,1737,1537,0,1,12.1,39,3341
up,1977,1737,1537,0,1,12.1,39,3341
up,1978,1737,1537,0,1,12.1,39,3341
up,1978,1737,1537,0,1,12.1,39,3341
up,1979,1737,1537,0,1,12.1,39,3341
up,1979,1737,1537,0,1,12.1,39,3341
up,1980,1737,1537,0,1,12.1,39,3341
up,1980,1737,1537,0,1,12.1,39,3341
up,1981,1737,1537,0,1,12.1,39,3341
up,1981,1737,1537,0,1,12.1,39,3341
up,1982,1737,1537,0,1,12.1,39,3341
up,1982,1737,1537,0,1,12.1,39,3341
up,1983,1737,1537,0,1,12.1,39,3341
up,1983,1737,1537,0,1,12.1,39,3341
up,1984,1737,1537,0,1,12.1,39,3341
up,1984,1737,1537,0,1,12.1,39,3341
up,1985,1737,1537,0,1,12.1,39,3341
up,1985,1737,1537,0,1,12.1,39,3341
up,1986,1737,1537,0,1,12.1,39,3341
up,1986,1737,1537,0,1,12.1,39,3341
up,1987,1737,1537,0,1,12.1,39,3341
up,1987,1737,1537,0,1,12.1,39,3341
up,1988,1737,1537,0,1,12.1,39,3341
up,1988,1737,1537,0,1,12.1,39,3341
up,1989,1737,1537,0,1,12.1,39,3341
up,1989,1737,1537,0,1,12.1,39,3341
up,1990,1737,1537,0,1,12.1,39,3341
up,1990,1737,1537,0,1,12.1,39,3341
up,1991,1737,1537,0,1,12.1,39,3341
up,1991,1737,1537,0,1,12.1,39,3341
up,1992,1737,1537,0,1,12.1,39,3341
up,1992,1737,1537,0,1,12.1,39,3341
up,1993,1737,1537,0,1,12.1,39,3341
up,1993,1737,1537,0,1,12.1,39,3341
up,1994,1737,1537,0,1,12.1,39,3341
up,1994,1737,1537,0,1,12.1,39,3341
up,1995,1737,1537,0,1,12.1,39,3341
up,1995,1737,1537,0,1,12.1,39,3341
up,1996,1737,1537,0,1,12.1,39,3341
up,1996,1737,1537,0,1,12.1,39,3341
up,1996,1737,1537,0,1,12.1,39,3341
up,1997,1737,1537,0,1,12.1,39,3341
up,1997,1737,1537,0,1,12.1,39,3341
up,1998,1737,1537,0,1,12.1,39,3341
up,1998,1737,1537,0,1,12.1,39,3341
up,1999,1737,1537,0,1,12.1,39,3341
up,1999,1737,1537,0,1,12.1,39,3341
up,2000,1737,1537,0,1,12.1,39,3341
back,0,1537,1537,0,1,12.1,39,3341
back,24,1537,1537,0,1,12.1,39,3341
back,25,1537,1537,0,1,12.1,39,3341
back,25,1537,1537,0,1,12.1,39,3341
back,26,1537,1537,0,1,12.1,39,3341
back,26,1537,1537,0,1,12.1,39,3341
back,27,1537,1537,0,1,12.1,39,3341
back,27,1537,1537,0,1,12.1,39,3341
back,28,1537,1537,0,1,12.1,39,3341
back,28,1537,1537,0,1,12.1,39,3341
back,29,1537,1537,0,1,12.1,39,3341
back,29,1537,1537,0,1,12.1,39,3341
back,29,1537,1537,0,1,12.1,39,3341
back,30,1537,1537,0,1,12.1,39,3341
back,30,1537,1537,0,1,12.1,39,3341
back,31,1537,1537,0,1,12.1,39,3341
back,31,1537,1537,0,1,12.1,39,3341
back,32,1537,1537,0,1,12.1,39,3341
back,32,1537,1537,0,1,12.1,39,3341
back,33,1537,1537,0,1,12.1,39,3341
back,33,1537,1537,0,1,12.1,39,3341
back,34,1537,1537,0,1,12.1,39,3341
back,34,1537,1537,0,1,12.1,39,3341
back,35,1537,1537,0,1,12.1,39,3341
back,35,1537,1537,0,1,12.1,39,3341
back,36,1537,1537,0,1,12.1,39,3341
back,36,1537,1537,0,1,12.1,39,3341
back,37,1537,1537,0,1,12.1,39,3341
back,37,1537,1537,0,1,12.1,39,3341
back,38,1537,1537,0,1,12.1,39,3341
back,38,1537,1537,0,1,12.1,39,3341
back,39,1537,1537,0,1,12.1,39,3341
back,39,1537,1537,0,1,12.1,39,3341
back,40,1537,1537,0,1,12.1,39,3341
back,40,1537,1537,0,1,12.1,39,3341
back,40,1537,1537,0,1,12.1,39,3341
back,41,1537,1537,0,1,12.1,39,3341
back,42,1537,1537,0,1,12.1,39,3341
back,42,1537,1537,0,1,12.1,39,3341
back,43,1537,1537,0,1,12.1,39,3341
back,43,1537,1537,0,1,12.1,39,3341
back,44,1537,1537,0,1,12.1,39,3341
back,44,1537,1537,0,1,12.1,39,3341
back,45,1537,1537,0,1,12.1,39,3341
back,45,1537,1537,0,1,12.1,39,3341
back,46,1537,1537,0,1,12.1,39,3341
back,46,1537,1537,0,1,12.1,39,3341
back,47,1537,1537,0,1,12.1,39,3341
back,47,1537,1537,0,1,12.1,39,3341
back,48,1537,1537,0,1,12.1,39,3341
back,48,1537,1537,0,1,12.1,39,3341
back,49,1537,1537,0,1,12.1,39,3341
back,49,1537,1537,0,1,12.1,39,3341
back,49,1537,1537,0,1,12.1,39,3341
back,50,1537,1537,0,1,12.1,39,3341
back,51,1537,1537,0,1,12.1,39,3341
back,51,1537,1537,0,1,12.1,39,3341
back,51,1537,1537,0,1,12.1,39,3341
back,52,1537,1537,0,1,12.1,39,3341
back,52,1537,1537,0,1,12.1,39,3341
back,53,1537,1537,0,1,12.1,39,3341
back,54,1537,1537,0,1,12.1,39,3341
back,54,1537,1537,0,1,12.1,39,3341
back,55,1537,1537,0,1,12.1,39,3341
back,55,1537,1537,0,1,12.1,39,3341
back,56,1537,1537,0,1,12.1,39,3341
back,56,1537,1537,0,1,12.1,39,3341
back,57,1537,1537,0,1,12.1,39,3341
back,57,1537,1537,0,1,12.1,39,3341
back,58,1537,1537,0,1,12.1,39,3341
back,58,1537,1537,0,1,12.1,39,3341
back,58,1537,1537,0,1,12.1,39,3341
back,59,1537,1537,0,1,12.1,39,3341
back,60,1537,1537,0,1,12.1,39,3341
back,60,1537,1537,0,1,12.1,39,3341
back,61,1537,1537,0,1,12.1,39,3341
back,61,1537,1537,0,1,12.1,39,3341
back,62,1537,1537,0,1,12.1,39,3341
back,62,1537,1537,0,1,12.1,39,3341
back,63,1537,1537,0,1,12.1,39,3341
back,63,1537,1537,0,1,12.1,39,3341
back,64,1537,1537,0,1,12.1,39,3341
back,64,1537,1537,0,1,12.1,39,3341
back,65,1537,1537,0,1,12.1,39,3341
back,65,1537,1537,0,1,12.1,39,3341
back,66,1537,1537,0,1,12.1,39,3341
back,66,1537,1537,0,1,12.1,39,3341
back,67,1537,1537,0,1,12.1,39,3341
back,67,1537,1537,0,1,12.1,39,3341
back,67,1537,1537,0,1,12.1,39,3341
back,68,1537,1537,0,1,12.1,39,3341
back,69,1537,1537,0,1,12.1,39,3341
back,69,1537,1537,0,1,12.1,39,3341
back,70,1537,1537,0,1,12.1,39,3341
back,70,1537,1537,0,1,12.1,39,3341
back,71,1537,1537,0,1,12.1,39,3341
back,71,1537,1537,0,1,12.1,39,3341
back,72,1537,1537,0,1,12.1,39,3341
back,72,1537,1537,0,1,12.1,39,3341
back,73,1537,1537,0,1,12.1,39,3341
back,73,1537,1537,0,1,12.1,39,3341
back,74,1537,1537,0,1,12.1,39,3341
back,74,1537,1537,0,1,12.0,39,3341
back,75,1537,1537,0,1,12.0,39,3341
back,75,1537,1537,0,1,12.1,39,3341
back,76,1537,1537,0,1,12.1,39,3341
back,76,1537,1537,0,1,12.1,39,3341
back,77,1537,1537,0,1,12.1,39,3341
back,77,1537,1537,0,1,12.1,39,3341
back,78,1537,1537,0,1,12.1,39,3341
back,78,1537,1537,0,1,12.1,39,3341
back,79,1537,1537,0,1,12.1,39,3341
back,79,1537,1537,0,1,12.1,39,3341
back,80,1537,1537,0,1,12.1,39,3341
back,80,1537,1537,0,1,12.1,40,3341
back,81,1537,1537,0,1,12.1,40,3341
back,81,1537,1537,0,1,12.1,39,3341
back,82,1537,1537,0,1,12.1,39,3341
back,82,1537,1537,0,1,12.1,39,3341
back,83,1537,1537,0,1,12.1,39,3341
back,83,1537,1537,0,1,12.1,39,3341
back,84,1537,1537,0,1,12.1,39,3341
back,84,1537,1537,0,1,12.1,39,3341
back,85,1537,1537,0,1,12.1,39,3341
back,85,1537,1537,0,1,12.1,39,3341
back,86,1537,1537,0,1,12.1,39,3341
back,86,1537,1537,0,1,12.1,39,3341
back,87,1537,1537,0,1,12.1,39,3341
back,87,1537,1537,0,1,12.1,39,3341
back,88,1537,1537,0,1,12.1,39,3341
back,88,1537,1537,0,1,12.1,39,3341
back,89,1537,1537,0,1,12.1,39,3341
back,89,1537,1537,0,1,12.1,39,3341
back,90,1537,1537,0,1,12.1,39,3341
back,90,1537,1537,0,1,12.1,39,3341
back,91,1537,1537,0,1,12.1,39,3341
back,91,1537,1537,0,1,12.1,39,3341
back,92,1537,1537,0,1,12.1,39,3341
back,92,1537,1537,0,1,12.1,39,3341
back,93,1537,1537,0,1,12.1,39,3341
back,93,1537,1537,0,1,12.1,39,3341
back,94,1537,1537,0,1,12.1,39,3341
back,94,1537,1537,0,1,12.1,39,3341
back,95,1537,1537,0,1,12.1,39,3341
back,95,1537,1537,0,1,12.1,39,3341
back,96,1537,1537,0,1,12.1,39,3341
back,96,1537,1537,0,1,12.1,39,3341
back,97,1537,1537,0,1,12.1,39,3341
back,97,1537,1537,0,1,12.1,39,3341
back,98,1537,1537,0,1,12.1,39,3341
back,98,1537,1537,0,1,12.1,39,3341
back,99,1537,1537,0,1,12.1,39,3341
back,99,1537,1537,0,1,12.1,39,3341
back,100,1537,1537,0,1,12.1,39,3341
back,100,1537,1537,0,1,12.1,39,3341
back,101,1537,1537,0,1,12.1,39,3341
back,101,1537,1537,0,1,12.1,39,3341
back,101,1537,1537,0,1,12.1,39,3341
back,102,1537,1537,0,1,12.1,39,3341
back,103,1537,1537,0,1,12.1,39,3341
back,103,1537,1537,0,1,12.1,39,3341
back,104,1537,1537,0,1,12.1,39,3341
back,104,1537,1537,0,1,12.1,39,3341
back,105,1537,1537,0,1,12.1,39,3341
back,105,1537,1537,0,1,12.1,39,3341
back,106,1537,1537,0,1,12.1,39,3341
back,106,1537,1537,0,1,12.1,39,3341
back,107,1537,1537,0,1,12.1,39,3341
back,107,1537,1537,0,1,12.1,39,3341
back,108,1537,1537,0,1,12.1,39,3341
back,108,1537,1537,0,1,12.1,39,3341
back,109,1537,1537,0,1,12.1,39,3341
back,109,1537,1537,0,1,12.1,39,3341
back,110,1537,1537,0,1,12.1,39,3341
back,110,1537,1537,0,1,12.1,39,3341
back,111,1537,1537,0,1,12.1,39,3341
back,111,1537,1537,0,1,12.1,39,3341
back,112,1537,1537,0,1,12.1,39,3341
back,112,1537,1537,0,1,12.1,39,3341
back,113,1537,1537,0,1,12.1,39,3341
back,113,1537,1537,0,1,12.1,39,3341
back,114,1537,1537,0,1,12.1,39,3341
back,114,1537,1537,0,1,12.1,39,3341
back,115,1537,1537,0,1,12.1,39,3341
back,115,1537,1537,0,1,12.1,39,3341
back,115,1537,1537,0,1,12.1,39,3341
back,116,1537,1537,0,1,12.1,39,3341
back,116,1537,1537,0,1,12.1,39,3341
back,117,1537,1537,0,1,12.1,39,3341
back,117,1537,1537,0,1,12.1,39,3341
back,118,1537,1537,0,1,12.1,39,3341
back,118,1537,1537,0,1,12.1,39,3341
back,119,1537,1537,0,1,12.1,39,3341
back,119,1537,1537,0,1,12.1,39,3341
back,120,1537,1537,0,1,12.1,39,3341
back,120,1537,1537,0,1,12.1,39,3341
back,121,1537,1537,0,1,12.1,39,3341
back,121,1537,1537,0,1,12.1,39,3341
back,122,1537,1537,0,1,12.1,39,3341
back,122,1537,1537,0,1,12.1,39,3341
back,123,1537,1537,0,1,12.1,39,3341
back,123,1537,1537,0,1,12.1,39,3341
back,124,1537,1537,0,1,12.1,39,3341
back,124,1537,1537,0,1,12.1,39,3341
back,125,1537,1537,0,1,12.1,39,3341
back,125,1537,1537,0,1,12.1,39,3341
back,126,1537,1537,0,1,12.1,39,3341
back,126,1537,1537,0,1,12.1,39,3341
back,127,1537,1537,0,1,12.1,39,3341
back,127,1537,1537,0,1,12.1,39,3341
back,128,1537,1537,0,1,12.1,39,3341
back,128,1537,1537,0,1,12.1,39,3341
back,129,1537,1537,0,1,12.1,39,3341
back,129,1537,1537,0,1,12.1,39,3341
back,130,1537,1537,0,1,12.1,39,3341
back,130,1537,1537,0,1,12.1,39,3341
back,131,1537,1537,0,1,12.1,39,3341
back,131,1537,1537,0,1,12.1,39,3341
back,132,1537,1537,0,1,12.1,39,3341
back,132,1537,1537,0,1,12.1,39,3341
back,133,1537,1537,0,1,12.1,39,3341
back,133,1537,1537,0,1,12.1,39,3341
back,134,1537,1537,0,1,12.1,39,3341
back,134,1537,1537,0,1,12.1,39,3341
back,135,1537,1537,0,1,12.1,39,3341
back,135,1537,1537,0,1,12.1,39,3341
back,136,1537,1537,0,1,12.1,39,3341
back,136,1537,1537,0,1,12.1,39,3341
back,137,1537,1537,0,1,12.1,39,3341
back,137,1537,1537,0,1,12.1,39,3341
back,138,1537,1537,0,1,12.1,39,3341
back,138,1537,1537,0,1,12.1,39,3341
back,139,1537,1537,0,1,12.1,39,3341
back,139,1537,1537,0,1,12.1,39,3341
back,139,1537,1537,0,1,12.1,39,3341
back,140,1537,1537,0,1,12.1,39,3341
back,141,1537,1537,0,1,12.1,39,3341
back,141,1537,1537,0,1,12.1,39,3341
back,142,1537,1537,0,1,12.1,39,3341
back,142,1537,1537,0,1,12.1,39,3341
back,142,1537,1537,0,1,12.1,39,3341
back,143,1537,1537,0,1,12.1,39,3341
back,144,1537,1537,0,1,12.1,39,3341
back,144,1537,1537,0,1,12.1,39,3341
back,145,1537,1537,0,1,12.1,39,3341
back,145,1537,1537,0,1,12.1,39,3341
back,146,1537,1537,0,1,12.1,39,3341
back,146,1537,1537,0,1,12.1,39,3341
back,146,1537,1537,0,1,12.1,39,3341
back,147,1537,1537,0,1,12.1,39,3341
back,147,1537,1537,0,1,12.1,39,3341
back,148,1537,1537,0,1,12.1,39,3341
back,148,1537,1537,0,1,12.1,39,3341
back,149,1537,1537,0,1,12.1,39,3341
back,149,1537,1537,0,1,12.1,39,3341
back,150,1537,1537,0,1,12.1,39,3341
back,150,1537,1537,0,1,12.1,39,3341
back,151,1537,1537,0,1,12.1,39,3341
back,151,1537,1537,0,1,12.1,39,3341
back,152,1537,1537,0,1,12.1,39,3341
back,152,1537,1537,0,1,12.1,39,3341
back,153,1537,1537,0,1,12.1,39,3341
back,153,1537,1537,0,1,12.1,39,3341
back,154,1537,1537,0,1,12.1,39,3341
back,154,1537,1537,0,1,12.1,39,3341
back,155,1537,1537,0,1,12.1,39,3341
back,155,1537,1537,0,1,12.1,39,3341
back,156,1537,1537,0,1,12.1,39,3341
back,156,1537,1537,0,1,12.1,39,3341
back,157,1537,1537,0,1,12.1,39,3341
back,157,1537,1537,0,1,12.1,39,3341
back,158,1537,1537,0,1,12.1,39,3341
back,158,1537,1537,0,1,12.1,39,3341
back,158,1537,1537,0,1,12.1,39,3341
back,159,1537,1537,0,1,12.1,39,3341
back,160,1537,1537,0,1,12.1,39,3341
back,160,1537,1537,0,1,12.1,39,3341
back,161,1537,1537,0,1,12.1,39,3341
back,161,1537,1537,0,1,12.1,39,3341
back,162,1537,1537,0,1,12.1,39,3341
back,162,1537,1537,0,1,12.1,39,3341
back,163,1537,1537,0,1,12.1,39,3341
back,163,1537,1537,0,1,12.1,39,3341
back,164,1537,1537,0,1,12.1,39,3341
back,164,1537,1537,0,1,12.1,39,3341
back,165,1537,1537,0,1,12.1,39,3341
back,165,1537,1537,0,1,12.1,39,3341
back,166,1537,1537,0,1,12.1,39,3341
back,166,1537,1537,0,1,12.1,39,3341
back,167,1537,1537,0,1,12.1,39,3341
back,167,1537,1537,0,1,12.1,39,3341
back,168,1537,1537,0,1,12.1,39,3341
back,168,1537,1537,0,1,12.1,39,3341
back,169,1537,1537,0,1,12.1,39,3341
back,169,1537,1537,0,1,12.1,39,3341
back,170,1537,1537,0,1,12.1,39,3341
back,170,1537,1537,0,1,12.1,39,3341
back,171,1537,1537,0,1,12.1,39,3341
back,171,1537,1537,0,1,12.1,39,3341
back,172,1537,1537,0,1,12.1,39,3341
back,172,1537,1537,0,1,12.1,39,3341
back,173,1537,1537,0,1,12.1,39,3341
back,173,1537,1537,0,1,12.1,39,3341
back,174,1537,1537,0,1,12.1,39,3341
back,174,1537,1537,0,1,12.1,39,3341
back,174,1537,1537,0,1,12.1,39,3341
back,175,1537,1537,0,1,12.1,39,3341
back,176,1537,1537,0,1,12.1,39,3341
back,176,1537,1537,0,1,12.1,39,3341
back,176,1537,1537,0,1,12.1,39,3341
back,177,1537,1537,0,1,12.1,39,3341
back,177,1537,1537,0,1,12.1,39,3341
back,178,1537,1537,0,1,12.1,39,3341
back,178,1537,1537,0,1,12.1,39,3341
back,179,1537,1537,0,1,12.1,39,3341
back,179,1537,1537,0,1,12.1,39,3341
back,180,1537,1537,0,1,12.1,39,3341
back,180,1537,1537,0,1,12.1,39,3341
back,181,1537,1537,0,1,12.1,39,3341
back,181,1537,1537,0,1,12.1,39,3341
back,182,1537,1537,0,1,12.1,39,3341
back,182,1537,1537,0,1,12.1,39,3341
back,183,1537,1537,0,1,12.1,39,3341
back,183,1537,1537,0,1,12.1,39,3341
back,184,1537,1537,0,1,12.1,39,3341
back,184,1537,1537,0,1,12.1,39,3341
back,185,1537,1537,0,1,12.1,39,3341
back,185,1537,1537,0,1,12.1,39,3341
back,186,1537,1537,0,1,12.1,39,3341
back,186,1537,1537,0,1,12.1,39,3341
back,187,1537,1537,0,1,12.1,39,3341
back,187,1537,1537,0,1,12.1,39,3341
back,188,1537,1537,0,1,12.1,39,3341
back,188,1537,1537,0,1,12.1,39,3341
back,189,1537,1537,0,1,12.1,39,3341
back,189,1537,1537,0,1,12.1,39,3341
back,190,1537,1537,0,1,12.1,39,3341
back,190,1537,1537,0,1,12.1,39,3341
back,190,1537,1537,0,1,12.1,39,3341
back,191,1537,1537,0,1,12.1,39,3341
back,191,1537,1537,0,1,12.1,39,3341
back,192,1537,1537,0,1,12.1,39,3341
back,192,1537,1537,0,1,12.1,39,3341
back,193,1537,1537,0,1,12.1,39,3341
back,193,1537,1537,0,1,12.1,39,3341
back,194,1537,1537,0,1,12.1,39,3341
back,194,1537,1537,0,1,12.1,39,3341
back,195,1537,1537,0,1,12.1,39,3341
back,195,1537,1537,0,1,12.1,39,3341
back,196,1537,1537,0,1,12.1,39,3341
back,196,1537,1537,0,1,12.1,39,3341
back,197,1537,1537,0,1,12.1,39,3341
back,197,1537,1537,0,1,12.1,39,3341
back,198,1537,1537,0,1,12.1,39,3341
back,198,1537,1537,0,1,12.1,39,3341
back,199,1537,1537,0,1,12.1,39,3341
back,199,1537,1537,0,1,12.1,39,3341
back,200,1537,1537,0,1,12.1,39,3341
back,200,1537,1537,0,1,12.1,39,3341
back,201,1537,1537,0,1,12.1,39,3341
back,201,1537,1537,0,1,12.1,39,3341
back,202,1537,1537,0,1,12.1,39,3341
back,202,1537,1537,0,1,12.1,39,3341
back,203,1537,1537,0,1,12.1,39,3341
back,203,1537,1537,0,1,12.1,39,3341
back,204,1537,1537,0,1,12.1,39,3341
back,204,1537,1537,0,1,12.1,39,3341
back,205,1537,1537,0,1,12.1,39,3341
back,205,1537,1537,0,1,12.1,39,3341
back,206,1537,1537,0,1,12.1,39,3341
back,206,1537,1537,0,1,12.1,39,3341
back,207,1537,1537,0,1,12.1,39,3341
back,207,1537,1537,0,1,12.1,39,3341
back,208,1537,1537,0,1,12.1,39,3341
back,208,1537,1537,0,1,12.1,39,3341
back,209,1537,1537,0,1,12.1,39,3341
back,209,1537,1537,0,1,12.1,39,3341
back,210,1537,1537,0,1,12.1,39,3341
back,210,1537,1537,0,1,12.1,39,3341
back,211,1537,1537,0,1,12.1,39,3341
back,211,1537,1537,0,1,12.1,39,3341
back,212,1537,1537,0,1,12.1,39,3341
back,212,1537,1537,0,1,12.1,39,3341
back,213,1537,1537,0,1,12.1,39,3341
back,213,1537,1537,0,1,12.1,39,3341
back,214,1537,1537,0,1,12.1,39,3341
back,214,1537,1537,0,1,12.1,39,3341
back,215,1537,1537,0,1,12.1,39,3341
back,215,1537,1537,0,1,12.1,39,3341
back,216,1537,1537,0,1,12.1,39,3341
back,216,1537,1537,0,1,12.1,39,3341
back,217,1537,1537,0,1,12.1,39,3341
back,217,1537,1537,0,1,12.1,39,3341
back,218,1537,1537,0,1,12.1,39,3341
back,218,1537,1537,0,1,12.1,39,3341
back,219,1537,1537,0,1,12.1,39,3341
back,219,1537,1537,0,1,12.1,39,3341
back,220,1537,1537,0,1,12.1,39,3341
back,220,1537,1537,0,1,12.1,39,3341
back,221,1537,1537,0,1,12.1,39,3341
back,221,1537,1537,0,1,12.1,39,3341
back,221,1537,1537,0,1,12.1,39,3341
back,222,1537,1537,0,1,12.1,39,3341
back,222,1537,1537,0,1,12.1,39,3341
back,223,1537,1537,0,1,12.1,39,3341
back,223,1537,1537,0,1,12.1,39,3341
back,224,1537,1537,0,1,12.1,39,3341
back,224,1537,1537,0,1,12.1,39,3341
back,225,1537,1537,0,1,12.1,39,3341
back,225,1537,1537,0,1,12.1,39,3341
back,226,1537,1537,0,1,12.1,39,3341
back,226,1537,1537,0,1,12.1,39,3341
back,227,1537,1537,0,1,12.1,39,3341
back,227,1537,1537,0,1,12.1,39,3341
back,227,1537,1537,0,1,12.1,39,3341
back,228,1537,1537,0,1,12.1,39,3341
back,228,1537,1537,0,1,12.1,39,3341
back,229,1537,1537,0,1,12.1,39,3341
back,229,1537,1537,0,1,12.1,39,3341
back,230,1537,1537,0,1,12.1,39,3341
back,230,1537,1537,0,1,12.1,39,3341
back,231,1537,1537,0,1,12.1,39,3341
back,231,1537,1537,0,1,12.1,39,3341
back,232,1537,1537,0,1,12.1,39,3341
back,232,1537,1537,0,1,12.1,39,3341
back,233,1537,1537,0,1,12.1,39,3341
back,233,1537,1537,0,1,12.1,39,3341
back,234,1537,1537,0,1,12.1,39,3341
back,234,1537,1537,0,1,12.1,39,3341
back,235,1537,1537,0,1,12.1,39,3341
back,235,1537,1537,0,1,12.1,39,3341
back,236,1537,1537,0,1,12.1,39,3341
back,236,1537,1537,0,1,12.1,39,3341
back,237,1537,1537,0,1,12.1,39,3341
back,237,1537,1537,0,1,12.1,39,3341
back,238,1537,1537,0,1,12.1,39,3341
back,238,1537,1537,0,1,12.1,39,3341
back,239,1537,1537,0,1,12.1,39,3341
back,239,1537,1537,0,1,12.1,39,3341
back,240,1537,1537,0,1,12.1,39,3341
back,240,1537,1537,0,1,12.1,39,3341
back,241,1537,1537,0,1,12.1,39,3341
back,241,1537,1537,0,1,12.1,39,3341
back,242,1537,1537,0,1,12.1,39,3341
back,242,1537,1537,0,1,12.1,39,3341
back,243,1537,1537,0,1,12.1,39,3341
back,243,1537,1537,0,1,12.1,39,3341
back,244,1537,1537,0,1,12.1,39,3341
back,244,1537,1537,0,1,12.1,39,3341
back,245,1537,1537,0,1,12.1,39,3341
back,245,1537,1537,0,1,12.1,39,3341
back,246,1537,1537,0,1,12.1,39,3341
back,246,1537,1537,0,1,12.1,39,3341
back,247,1537,1537,0,1,12.1,39,3341
back,247,1537,1537,0,1,12.1,39,3341
back,248,1537,1537,0,1,12.1,39,3341
back,248,1537,1537,0,1,12.1,39,3341
back,249,1537,1537,0,1,12.1,39,3341
back,249,1537,1537,0,1,12.1,39,3341
back,250,1537,1537,0,1,12.1,39,3341
back,250,1537,1537,0,1,12.1,39,3341
back,251,1537,1537,0,1,12.1,39,3341
back,251,1537,1537,0,1,12.1,39,3341
back,252,1537,1537,0,1,12.1,39,3341
back,252,1537,1537,0,1,12.1,39,3341
back,253,1537,1537,0,1,12.1,39,3341
back,253,1537,1537,0,1,12.1,39,3341
back,254,1537,1537,0,1,12.1,39,3341
back,254,1537,1537,0,1,12.1,39,3341
back,255,1537,1537,0,1,12.1,39,3341
back,255,1537,1537,0,1,12.1,39,3341
back,256,1537,1537,0,1,12.1,39,3341
back,256,1537,1537,0,1,12.1,39,3341
back,257,1537,1537,0,1,12.1,39,3341
back,257,1537,1537,0,1,12.1,39,3341
back,257,1537,1537,0,1,12.1,39,3341
back,258,1537,1537,0,1,12.1,39,3341
back,259,1537,1537,0,1,12.1,39,3341
back,259,1537,1537,0,1,12.1,39,3341
back,260,1537,1537,0,1,12.1,39,3341
back,260,1537,1537,0,1,12.1,39,3341
back,261,1537,1537,0,1,12.1,39,3341
back,261,1537,1537,0,1,12.1,39,3341
back,262,1537,1537,0,1,12.1,39,3341
back,262,1537,1537,0,1,12.1,39,3341
back,262,1537,1537,0,1,12.1,39,3341
back,263,1537,1537,0,1,12.1,39,3341
back,264,1537,1537,0,1,12.1,39,3341
back,264,1537,1537,0,1,12.1,39,3341
back,264,1537,1537,0,1,12.1,39,3341
back,265,1537,1537,0,1,12.1,39,3341
back,265,1537,1537,0,1,12.1,39,3341
back,266,1537,1537,0,1,12.1,39,3341
back,266,1537,1537,0,1,12.1,39,3341
back,267,1537,1537,0,1,12.1,39,3341
back,267,1537,1537,0,1,12.1,39,3341
back,268,1537,1537,0,1,12.1,39,3341
back,268,1537,1537,0,1,12.1,39,3341
back,269,1537,1537,0,1,12.1,39,3341
back,269,1537,1537,0,1,12.1,39,3341
back,270,1537,1537,0,1,12.1,39,3341
back,270,1537,1537,0,1,12.1,39,3341
back,271,1537,1537,0,1,12.1,39,3341
back,271,1537,1537,0,1,12.1,39,3341
back,272,1537,1537,0,1,12.1,39,3341
back,272,1537,1537,0,1,12.1,39,3341
back,273,1537,1537,0,1,12.1,39,3341
back,273,1537,1537,0,1,12.1,39,3341
back,274,1537,1537,0,1,12.1,39,3341
back,274,1537,1537,0,1,12.1,39,3341
back,274,1537,1537,0,1,12.1,39,3341
back,275,1537,1537,0,1,12.1,39,3341
back,275,1537,1537,0,1,12.1,39,3341
back,276,1537,1537,0,1,12.1,39,3341
back,276,1537,1537,0,1,12.1,39,3341
back,277,1537,1537,0,1,12.1,39,3341
back,277,1537,1537,0,1,12.1,39,3341
back,278,1537,1537,0,1,12.1,39,3341
back,278,1537,1537,0,1,12.1,39,3341
back,279,1537,1537,0,1,12.1,39,3341
back,279,1537,1537,0,1,12.1,39,3341
back,280,1537,1537,0,1,12.1,39,3341
back,280,1537,1537,0,1,12.1,39,3341
back,281,1537,1537,0,1,12.1,39,3341
back,281,1537,1537,0,1,12.1,39,3341
back,282,1537,1537,0,1,12.1,39,3341
back,282,1537,1537,0,1,12.1,39,3341
back,283,1537,1537,0,1,12.1,39,3341
back,283,1537,1537,0,1,12.1,39,3341
back,284,1537,1537,0,1,12.1,39,3341
back,284,1537,1537,0,1,12.1,39,3341
back,285,1537,1537,0,1,12.1,39,3341
back,285,1537,1537,0,0,12.1,39,3341
back,286,1537,1537,0,0,12.1,39,3341
back,286,1537,1537,0,0,12.1,39,1677
back,287,1537,1537,0,0,12.1,39,1677
back,287,1537,1537,0,0,12.1,39,1677
back,288,1537,1537,0,0,12.1,39,1677
back,288,1537,1537,0,0,12.1,39,1677
back,288,1537,1537,0,0,12.1,39,1677
back,289,1537,1537,0,0,12.1,39,1677
back,289,1537,1537,0,0,12.1,39,1677
back,290,1537,1537,0,0,12.1,39,1677
back,290,1537,1537,0,0,12.1,39,1677
back,291,1537,1537,0,0,12.1,39,1677
back,291,1537,1537,0,0,12.1,39,1677
back,292,1537,1537,0,0,12.1,39,1677
back,292,1537,1537,0,0,12.1,39,1677
back,292,1537,1537,0,0,12.1,39,1677
back,293,1537,1537,0,0,12.1,39,1677
back,293,1537,1537,0,0,12.1,39,1677
back,294,1537,1537,0,0,12.1,39,1677
back,294,1537,1537,0,0,12.1,39,1677
back,295,1537,1537,0,0,12.1,39,1677
back,295,1537,1537,0,0,12.1,39,1677
back,296,1537,1537,0,0,12.1,39,1677
back,296,1537,1537,0,0,12.1,39,1677
back,296,1537,1537,0,0,12.1,39,1677
back,297,1537,1537,0,0,12.1,39,1677
back,297,1537,1537,0,0,12.1,39,1677
back,298,1537,1537,0,0,12.1,39,1677
back,298,1537,1537,0,0,12.1,39,1677
back,299,1537,1537,0,0,12.1,39,1677
back,299,1537,1537,0,0,12.1,39,1677
back,300,1537,1537,0,0,12.1,39,1677
back,300,1537,1537,0,0,12.1,39,1677
back,301,1537,1537,0,0,12.1,39,1677
back,301,1537,1537,0,0,12.1,39,1677
back,302,1537,1537,0,0,12.1,39,1677
back,302,1537,1537,0,0,12.1,39,1677
back,302,1537,1537,0,0,12.1,39,1677
back,303,1537,1537,0,0,12.1,39,1677
back,304,1537,1537,0,0,12.1,39,1677
back,304,1537,1537,0,0,12.1,39,1677
back,305,1537,1537,0,0,12.1,39,1677
back,305,1537,1537,0,0,12.1,39,1677
back,306,1537,1537,0,0,12.1,39,1664
back,306,1537,1537,0,0,12.1,39,1664
back,307,1537,1537,0,0,12.1,39,1664
back,307,1537,1537,0,0,12.1,39,1664
back,308,1537,1537,0,0,12.1,39,1664
back,308,1537,1537,0,0,12.1,39,1664
back,308,1537,1537,0,0,12.1,39,1664
back,309,1537,1537,0,0,12.1,39,1664
back,309,1537,1537,0,0,12.1,39,1664
back,310,1537,1537,0,0,12.1,39,1664
back,310,1537,1537,0,0,12.1,39,1664
back,311,1537,1537,0,0,12.1,39,1664
back,311,1537,1537,0,0,12.1,39,1664
back,312,1537,1537,0,0,12.1,39,1664
back,312,1537,1537,0,0,12.1,39,1664
back,313,1537,1537,0,0,12.1,39,1664
back,313,1537,1537,0,0,12.1,39,1664
back,314,1537,1537,0,0,12.1,39,1664
back,314,1537,1537,0,0,12.1,39,1664
back,315,1537,1537,0,0,12.1,39,1664
back,315,1537,1537,0,0,12.1,39,1664
back,316,1537,1537,0,0,12.1,39,1664
back,316,1537,1537,0,0,12.1,39,1664
back,317,1537,1537,0,0,12.1,39,1664
back,317,1537,1537,0,0,12.1,40,1664
back,317,1537,1537,0,0,12.1,40,1664
back,318,1537,1537,0,0,12.1,39,1664
back,319,1537,1537,0,0,12.1,39,1664
back,319,1537,1537,0,0,12.1,39,1664
back,320,1537,1537,0,0,12.1,39,1664
back,320,1537,1537,0,0,12.2,39,1664
back,321,1537,1537,0,0,12.2,39,1664
back,321,1537,1537,0,0,12.1,39,1664
back,322,1537,1537,0,0,12.1,39,1664
back,322,1537,1537,0,0,12.1,39,1664
back,323,1537,1537,0,0,12.1,39,1664
back,323,1537,1537,0,0,12.1,39,1664
back,323,1537,1537,0,0,12.1,39,1664
back,324,1537,1537,0,0,12.1,39,1664
back,325,1537,1537,0,0,12.1,39,1664
back,325,1537,1537,0,0,12.1,39,1664
back,326,1537,1537,0,0,12.1,39,1664
back,326,1537,1537,0,0,12.1,39,1664
back,327,1537,1537,0,0,12.1,39,1664
back,327,1537,1537,0,0,12.1,39,1664
back,327,1537,1537,0,0,12.1,39,1664
back,328,1537,1537,0,0,12.1,39,1664
back,328,1537,1537,0,0,12.1,39,1664
back,329,1537,1537,0,0,12.1,39,1664
back,329,1537,1537,0,0,12.1,39,1664
back,330,1537,1537,0,0,12.1,39,1664
back,330,1537,1537,0,0,12.1,39,1664
back,331,1537,1537,0,0,12.1,39,1664
back,331,1537,1537,0,0,12.1,39,1664
back,332,1537,1537,0,0,12.1,39,1664
back,332,1537,1537,0,0,12.1,39,1664
back,333,1537,1537,0,0,12.1,39,1664
back,333,1537,1537,0,0,12.1,39,1664
back,334,1537,1537,0,0,12.1,39,1664
back,334,1537,1537,0,0,12.1,39,1664
back,335,1537,1537,0,0,12.1,39,1664
back,335,1537,1537,0,0,12.1,39,1664
back,336,1537,1537,0,0,12.1,39,1664
back,336,1537,1537,0,0,12.1,39,1664
back,337,1537,1537,0,0,12.1,39,1664
back,337,1537,1537,0,0,12.1,39,1664
back,338,1537,1537,0,0,12.1,39,1664
back,338,1537,1537,0,0,12.1,39,1664
back,339,1537,1537,0,0,12.1,39,1664
back,339,1537,1537,0,0,12.1,39,1664
back,340,1537,1537,0,0,12.1,39,1664
back,340,1537,1537,0,0,12.1,39,1664
back,341,1537,1537,0,0,12.1,39,1664
back,341,1537,1537,0,0,12.1,39,1664
back,342,1537,1537,0,0,12.1,39,1664
back,342,1537,1537,0,0,12.1,39,1664
back,343,1537,1537,0,0,12.1,39,1664
back,343,1537,1537,0,0,12.1,39,1664
back,344,1537,1537,0,0,12.1,39,1664
back,344,1537,1537,0,0,12.1,39,1664
back,345,1537,1537,0,0,12.1,39,1664
back,345,1537,1537,0,0,12.1,39,1664
back,346,1537,1537,0,0,12.1,39,1664
back,346,1537,1537,0,0,12.1,39,1664
back,347,1537,1537,0,0,12.1,39,1664
back,347,1537,1537,0,0,12.1,39,1664
back,348,1537,1537,0,0,12.1,39,1664
back,348,1537,1537,0,0,12.1,39,1664
back,348,1537,1537,0,0,12.1,39,1664
back,349,1537,1537,0,0,12.1,39,1664
back,349,1537,1537,0,0,12.1,39,1664
back,350,1537,1537,0,0,12.1,39,1664
back,350,1537,1537,0,0,12.1,39,1664
back,351,1537,1537,0,0,12.1,39,1664
back,351,1537,1537,0,0,12.1,39,1664
back,352,1537,1537,0,0,12.1,39,1664
back,353,1537,1537,0,0,12.1,39,1664
back,353,1537,1537,0,0,12.1,39,1664
back,354,1537,1537,0,0,12.1,39,1664
back,354,1537,1537,0,0,12.1,39,1664
back,355,1537,1537,0,0,12.1,39,1664
back,355,1537,1537,0,0,12.1,39,1664
back,356,1537,1537,0,0,12.1,39,1664
back,356,1537,1537,0,0,12.1,39,1664
back,357,1537,1537,0,0,12.1,39,1664
back,357,1537,1537,0,0,12.1,39,1664
back,358,1537,1537,0,0,12.1,39,1664
back,358,1537,1537,0,0,12.1,39,1664
back,359,1537,1537,0,0,12.1,39,1664
back,359,1537,1537,0,0,12.1,39,1664
back,360,1537,1537,0,0,12.1,39,1664
back,360,1537,1537,0,0,12.1,39,1664
back,361,1537,1537,0,0,12.1,39,1664
back,361,1537,1537,0,0,12.1,39,1664
back,362,1537,1537,0,0,12.1,39,1664
back,362,1537,1537,0,0,12.1,39,1664
back,363,1537,1537,0,0,12.1,39,1664
back,363,1537,1537,0,0,12.1,39,1664
back,364,1537,1537,0,0,12.1,39,1664
back,364,1537,1537,0,0,12.1,39,1664
back,365,1537,1537,0,0,12.1,39,1664
back,365,1537,1537,0,0,12.1,39,1664
back,366,1537,1537,0,0,12.1,39,1664
back,366,1537,1537,0,0,12.1,39,1664
back,367,1537,1537,0,0,12.1,39,1664
back,367,1537,1537,0,0,12.1,39,1664
back,368,1537,1537,0,0,12.1,39,1664
back,369,1537,1537,0,0,12.1,39,1664
back,369,1537,1537,0,0,12.1,39,1664
back,370,1537,1537,0,0,12.1,39,1664
back,370,1537,1537,0,0,12.1,39,1664
back,371,1537,1537,0,0,12.1,39,1664
back,371,1537,1537,0,0,12.1,39,1664
back,372,1537,1537,0,0,12.1,39,1664
back,372,1537,1537,0,0,12.1,39,1664
back,373,1537,1537,0,0,12.1,39,1664
back,373,1537,1537,0,0,12.1,39,1664
back,374,1537,1537,0,0,12.1,39,1664
back,374,1537,1537,0,0,12.1,39,1664
back,375,1537,1537,0,0,12.1,39,1664
back,375,1537,1537,0,0,12.1,39,1664
back,376,1537,1537,0,0,12.1,39,1664
back,376,1537,1537,0,0,12.1,39,1664
back,376,1537,1537,0,0,12.1,39,1664
back,377,1537,1537,0,0,12.1,39,1664
back,377,1537,1537,0,0,12.1,39,1664
back,378,1537,1537,0,0,12.1,39,1664
back,378,1537,1537,0,0,12.1,39,1664
back,379,1537,1537,0,0,12.1,39,1664
back,379,1537,1537,0,0,12.1,39,1664
back,380,1537,1537,0,0,12.1,39,1664
back,380,1537,1537,0,0,12.1,39,1664
back,381,1537,1537,0,0,12.1,39,1664
back,381,1537,1537,0,0,12.1,39,1664
back,382,1537,1537,0,0,12.1,39,1664
back,382,1537,1537,0,0,12.1,39,1664
back,383,1537,1537,0,0,12.1,39,1664
back,383,1537,1537,0,0,12.1,39,1664
back,384,1537,1537,0,0,12.1,39,1664
back,384,1537,1537,0,0,12.1,39,1664
back,385,1537,1537,0,0,12.1,39,1664
back,385,1537,1537,0,0,12.1,39,1664
back,386,1537,1537,0,0,12.1,39,1664
back,387,1537,1537,0,0,12.1,39,1664
back,387,1537,1537,0,0,12.1,39,1664
back,388,1537,1537,0,0,12.1,39,1664
back,388,1537,1537,0,0,12.1,39,1664
back,389,1537,1537,0,0,12.1,39,1664
back,389,1537,1537,0,0,12.1,39,1664
back,389,1537,1537,0,0,12.1,39,1664
back,390,1537,1537,0,0,12.1,39,1664
back,390,1537,1537,0,0,12.1,39,1664
back,391,1537,1537,0,0,12.1,39,1664
back,392,1537,1537,0,0,12.1,39,1664
back,392,1537,1537,0,0,12.1,39,1664
back,393,1537,1537,0,0,12.1,39,1664
back,393,1537,1537,0,0,12.1,39,1664
back,394,1537,1537,0,0,12.1,39,1664
back,394,1537,1537,0,0,12.1,39,1664
back,394,1537,1537,0,0,12.1,39,1664
back,395,1537,1537,0,0,12.1,39,1664
back,395,1537,1537,0,0,12.1,39,1664
back,396,1537,1537,0,0,12.1,39,1664
back,396,1537,1537,0,0,12.1,39,1664
back,397,1537,1537,0,0,12.1,39,1664
back,397,1537,1537,0,0,12.1,39,1664
back,398,1537,1537,0,0,12.1,39,1664
back,398,1537,1537,0,0,12.1,39,1664
back,399,1537,1537,0,0,12.1,39,1664
back,399,1537,1537,0,0,12.1,39,1664
back,400,1537,1537,0,0,12.1,39,1664
back,400,1537,1537,0,0,12.1,39,1664
back,401,1537,1537,0,0,12.1,39,1664
back,401,1537,1537,0,0,12.1,39,1664
back,402,1537,1537,0,0,12.1,39,1664
back,402,1537,1537,0,0,12.1,39,1664
back,403,1537,1537,0,0,12.1,39,1664
back,403,1537,1537,0,0,12.1,39,1664
back,404,1537,1537,0,0,12.1,39,1664
back,404,1537,1537,0,0,12.1,39,1664
back,405,1537,1537,0,0,12.1,39,1664
back,405,1537,1537,0,0,12.1,39,1664
back,406,1537,1537,0,0,12.1,39,1664
back,406,1537,1537,0,0,12.1,39,1664
back,407,1537,1537,0,0,12.1,39,1664
back,407,1537,1537,0,0,12.1,39,1664
back,408,1537,1537,0,0,12.1,39,1664
back,408,1537,1537,0,0,12.1,39,1664
back,409,1537,1537,0,0,12.1,39,1664
back,409,1537,1537,0,0,12.1,39,1664
back,410,1537,1537,0,0,12.1,39,1664
back,410,1537,1537,0,0,12.1,39,1664
back,411,1537,1537,0,0,12.1,39,1664
back,411,1537,1537,0,0,12.1,39,1664
back,412,1537,1537,0,0,12.1,39,1664
back,412,1537,1537,0,0,12.1,39,1664
back,413,1537,1537,0,0,12.1,39,1664
back,413,1537,1537,0,0,12.1,39,1664
back,414,1537,1537,0,0,12.1,39,1664
back,414,1537,1537,0,0,12.1,39,1664
back,415,1537,1537,0,0,12.1,39,1664
back,415,1537,1537,0,0,12.1,39,1664
back,415,1537,1537,0,0,12.1,39,1664
back,416,1537,1537,0,0,12.1,39,1664
back,416,1537,1537,0,0,12.1,39,1664
back,417,1537,1537,0,0,12.1,39,1664
back,417,1537,1537,0,0,12.1,39,1664
back,418,1537,1537,0,0,12.1,39,1664
back,418,1537,1537,0,0,12.1,39,1664
back,419,1537,1537,0,0,12.1,39,1664
back,420,1537,1537,0,0,12.1,39,1664
back,420,1537,1537,0,0,12.1,39,1664
back,421,1537,1537,0,0,12.1,39,1664
back,421,1537,1537,0,0,12.1,39,1664
back,422,1537,1537,0,0,12.1,39,1664
back,422,1537,1537,0,0,12.1,39,1664
back,423,1537,1537,0,0,12.1,39,1664
back,423,1537,1537,0,0,12.1,39,1664
back,424,1537,1537,0,0,12.1,39,1664
back,424,1537,1537,0,0,12.1,39,1664
back,425,1537,1537,0,0,12.1,39,1664
back,425,1537,1537,0,0,12.1,39,1664
back,426,1537,1537,0,0,12.1,39,1664
back,426,1537,1537,0,0,12.1,39,1664
back,427,1537,1537,0,0,12.1,39,1664
back,427,1537,1537,0,0,12.1,39,1664
back,428,1537,1537,0,0,12.1,39,1664
back,428,1537,1537,0,0,12.1,39,1664
back,429,1537,1537,0,0,12.1,39,1664
back,429,1537,1537,0,0,12.1,39,1664
back,430,1537,1537,0,0,12.1,39,1664
back,430,1537,1537,0,0,12.1,39,1664
back,431,1537,1537,0,0,12.1,39,1664
back,431,1537,1537,0,0,12.1,39,1664
back,432,1537,1537,0,0,12.1,39,1664
back,432,1537,1537,0,0,12.1,39,1664
back,433,1537,1537,0,0,12.1,39,1664
back,433,1537,1537,0,0,12.1,39,1664
back,434,1537,1537,0,0,12.1,39,1664
back,434,1537,1537,0,0,12.1,39,1664
back,435,1537,1537,0,0,12.1,39,1664
back,435,1537,1537,0,0,12.1,39,1664
back,436,1537,1537,0,0,12.1,39,1664
back,436,1537,1537,0,0,12.1,39,1664
back,437,1537,1537,0,0,12.1,39,1664
back,437,1537,1537,0,0,12.1,39,1664
back,438,1537,1537,0,0,12.1,39,1664
back,438,1537,1537,0,0,12.1,39,1664
back,439,1537,1537,0,0,12.1,39,1664
back,439,1537,1537,0,0,12.1,39,1664
back,440,1537,1537,0,0,12.1,39,1664
back,440,1537,1537,0,0,12.1,39,1664
back,441,1537,1537,0,0,12.1,39,1664
back,441,1537,1537,0,0,12.1,39,1664
back,442,1537,1537,0,0,12.1,39,1664
back,442,1537,1537,0,0,12.1,39,1664
back,443,1537,1537,0,0,12.1,39,1664
back,443,1537,1537,0,0,12.1,39,1664
back,444,1537,1537,0,0,12.1,39,1664
back,444,1537,1537,0,0,12.1,39,1664
back,445,1537,1537,0,0,12.1,39,1664
back,445,1537,1537,0,0,12.1,39,1664
back,446,1537,1537,0,0,12.1,39,1664
back,446,1537,1537,0,0,12.1,39,1664
back,447,1537,1537,0,0,12.1,39,1664
back,447,1537,1537,0,0,12.1,39,1664
back,448,1537,1537,0,0,12.1,39,1664
back,448,1537,1537,0,0,12.1,39,1664
back,448,1537,1537,0,0,12.1,39,1664
back,449,1537,1537,0,0,12.1,39,1664
back,449,1537,1537,0,0,12.1,39,1664
back,450,1537,1537,0,0,12.1,39,1664
back,450,1537,1537,0,0,12.1,39,1664
back,451,1537,1537,0,0,12.1,39,1664
back,451,1537,1537,0,0,12.1,39,1664
back,452,1537,1537,0,0,12.1,39,1664
back,452,1537,1537,0,0,12.1,39,1664
back,453,1537,1537,0,0,12.1,39,1664
back,453,1537,1537,0,0,12.1,39,1664
back,454,1537,1537,0,0,12.1,39,1664
back,454,1537,1537,0,0,12.1,39,1664
back,455,1537,1537,0,0,12.1,39,1664
back,455,1537,1537,0,0,12.1,39,1664
back,456,1537,1537,0,0,12.1,39,1664
back,456,1537,1537,0,0,12.1,39,1664
back,457,1537,1537,0,0,12.1,39,1664
back,457,1537,1537,0,0,12.1,39,1664
back,458,1537,1537,0,0,12.1,39,1664
back,458,1537,1537,0,0,12.1,39,1664
back,459,1537,1537,0,0,12.1,39,1664
back,459,1537,1537,0,0,12.1,39,1664
back,460,1537,1537,0,0,12.1,39,1664
back,460,1537,1537,0,0,12.1,39,1664
back,461,1537,1537,0,0,12.1,39,1664
back,462,1537,1537,0,0,12.1,39,1664
back,462,1537,1537,0,0,12.1,39,1664
back,462,1537,1537,0,0,12.1,39,1664
back,463,1537,1537,0,0,12.1,39,1664
back,463,1537,1537,0,0,12.1,39,1664
back,464,1537,1537,0,0,12.1,39,1664
back,464,1537,1537,0,0,12.1,39,1664
back,465,1537,1537,0,0,12.1,39,1664
back,465,1537,1537,0,0,12.1,39,1664
back,466,1537,1537,0,0,12.1,39,1664
back,466,1537,1537,0,0,12.1,39,1664
back,467,1537,1537,0,0,12.1,39,1664
back,467,1537,1537,0,0,12.1,39,1664
back,467,1537,1537,0,0,12.1,39,1664
back,468,1537,1537,0,0,12.1,39,1664
back,468,1537,1537,0,0,12.1,39,1664
back,469,1537,1537,0,0,12.1,39,1664
back,470,1537,1537,0,0,12.1,39,1664
back,470,1537,1537,0,0,12.1,39,1664
back,471,1537,1537,0,0,12.1,39,1664
back,471,1537,1537,0,0,12.1,39,1664
back,472,1537,1537,0,0,12.1,39,1664
back,472,1537,1537,0,0,12.1,39,1664
back,473,1537,1537,0,0,12.1,39,1664
back,473,1537,1537,0,0,12.1,39,1664
back,474,1537,1537,0,0,12.1,39,1664
back,474,1537,1537,0,0,12.1,39,1664
back,475,1537,1537,0,0,12.1,39,1664
back,475,1537,1537,0,0,12.1,39,1664
back,476,1537,1537,0,0,12.1,39,1664
back,476,1537,1537,0,0,12.1,39,1664
back,477,1537,1537,0,0,12.1,39,1664
back,477,1537,1537,0,0,12.1,39,1664
back,478,1537,1537,0,0,12.1,39,1664
back,478,1537,1537,0,0,12.1,39,1664
back,479,1537,1537,0,0,12.1,39,1664
back,479,1537,1537,0,0,12.1,39,1664
back,479,1537,1537,0,0,12.1,39,1664
back,480,1537,1537,0,0,12.1,39,1664
back,481,1537,1537,0,0,12.1,39,1664
back,481,1537,1537,0,0,12.1,39,1664
back,482,1537,1537,0,0,12.1,39,1664
back,482,1537,1537,0,0,12.1,39,1664
back,483,1537,1537,0,0,12.1,39,1664
back,483,1537,1537,0,0,12.1,39,1664
back,484,1537,1537,0,0,12.1,39,1664
back,484,1537,1537,0,0,12.1,39,1664
back,485,1537,1537,0,0,12.1,39,1664
back,485,1537,1537,0,0,12.1,39,1664
back,486,1537,1537,0,0,12.1,39,1664
back,486,1537,1537,0,0,12.1,39,1664
back,487,1537,1537,0,0,12.1,39,1664
back,487,1537,1537,0,0,12.1,39,1664
back,488,1537,1537,0,0,12.1,39,1664
back,488,1537,1537,0,0,12.1,39,1664
back,489,1537,1537,0,0,12.1,39,1664
back,489,1537,1537,0,0,12.1,39,1664
back,490,1537,1537,0,0,12.1,39,1664
back,490,1537,1537,0,0,12.1,39,1664
back,491,1537,1537,0,0,12.1,39,1664
back,491,1537,1537,0,0,12.1,39,1664
back,492,1537,1537,0,0,12.1,39,1664
back,492,1537,1537,0,0,12.1,39,1664
back,493,1537,1537,0,0,12.1,39,1664
back,493,1537,1537,0,0,12.1,39,1664
back,494,1537,1537,0,0,12.1,39,1664
back,494,1537,1537,0,0,12.1,39,1664
back,495,1537,1537,0,0,12.1,39,1664
back,495,1537,1537,0,0,12.1,39,1664
back,496,1537,1537,0,0,12.1,39,1664
back,496,1537,1537,0,0,12.1,39,1664
back,497,1537,1537,0,0,12.1,39,1664
back,497,1537,1537,0,0,12.1,39,1664
back,498,1537,1537,0,0,12.1,39,1664
back,498,1537,1537,0,0,12.1,39,1664
back,499,1537,1537,0,0,12.1,39,1664
back,499,1537,1537,0,0,12.1,39,1664
back,500,1537,1537,0,0,12.1,39,1664
back,500,1537,1537,0,0,12.1,39,1664
back,501,1537,1537,0,0,12.1,39,1664
back,501,1537,1537,0,0,12.1,39,1664
back,502,1537,1537,0,0,12.1,39,1664
back,502,1537,1537,0,0,12.1,39,1664
back,503,1537,1537,0,0,12.1,39,1664
back,503,1537,1537,0,0,12.1,39,1664
back,504,1537,1537,0,0,12.1,39,1664
back,504,1537,1537,0,0,12.1,39,1664
back,505,1537,1537,0,0,12.1,39,1664
back,505,1537,1537,0,0,12.1,39,1664
back,506,1537,1537,0,0,12.1,39,1664
back,506,1537,1537,0,0,12.1,39,1664
back,507,1537,1537,0,0,12.1,39,1664
back,507,1537,1537,0,0,12.1,39,1664
back,508,1537,1537,0,0,12.1,39,1664
back,508,1537,1537,0,0,12.1,39,1664
back,509,1537,1537,0,0,12.1,39,1664
back,509,1537,1537,0,0,12.1,39,1664
back,510,1537,1537,0,0,12.1,39,1664
back,510,1537,1537,0,0,12.1,39,1664
back,511,1537,1537,0,0,12.1,39,1664
back,511,1537,1537,0,0,12.1,39,1664
back,512,1537,1537,0,0,12.1,39,1664
back,512,1537,1537,0,0,12.1,39,1664
back,513,1537,1537,0,0,12.1,39,1664
back,513,1537,1537,0,0,12.1,39,1664
back,514,1537,1537,0,0,12.1,39,1664
back,514,1537,1537,0,0,12.1,39,1664
back,515,1537,1537,0,0,12.1,40,1664
back,515,1537,1537,0,0,12.1,40,1664
back,516,1537,1537,0,0,12.1,39,1664
back,516,1537,1537,0,0,12.1,39,1664
back,517,1537,1537,0,0,12.1,39,1664
back,517,1537,1537,0,0,12.1,39,1664
back,518,1537,1537,0,0,12.1,39,1664
back,518,1537,1537,0,0,12.1,39,1664
back,519,1537,1537,0,0,12.1,39,1664
back,519,1537,1537,0,0,12.1,39,1664
back,520,1537,1537,0,0,12.1,39,1664
back,520,1537,1537,0,0,12.1,39,1664
back,521,1537,1537,0,0,12.1,39,1664
back,521,1537,1537,0,0,12.1,39,1664
back,522,1537,1537,0,0,12.1,39,1664
back,522,1537,1537,0,0,12.1,39,1664
back,523,1537,1537,0,0,12.1,39,1664
back,523,1537,1537,0,0,12.1,39,1664
back,524,1537,1537,0,0,12.1,39,1664
back,524,1537,1537,0,0,12.1,39,1664
back,525,1537,1537,0,0,12.1,39,1664
back,525,1537,1537,0,0,12.1,39,1664
back,526,1537,1537,0,0,12.1,39,1664
back,526,1537,1537,0,0,12.1,39,1664
back,527,1537,1537,0,0,12.1,39,1664
back,527,1537,1537,0,0,12.1,39,1664
back,528,1537,1537,0,0,12.1,39,1664
back,528,1537,1537,0,0,12.1,39,1664
back,529,1537,1537,0,0,12.1,39,1664
back,529,1537,1537,0,0,12.1,39,1664
back,530,1537,1537,0,0,12.1,39,1664
back,530,1537,1537,0,0,12.1,39,1664
back,531,1537,1537,0,0,12.1,39,1664
back,531,1537,1537,0,0,12.1,39,1664
back,532,1537,1537,0,0,12.1,39,1664
back,532,1537,1537,0,0,12.1,39,1664
back,533,1537,1537,0,0,12.1,39,1664
back,533,1537,1537,0,0,12.1,39,1664
back,534,1537,1537,0,0,12.1,39,1664
back,534,1537,1537,0,0,12.1,39,1664
back,535,1537,1537,0,0,12.1,39,1664
back,535,1537,1537,0,0,12.1,39,1664
back,536,1537,1537,0,0,12.1,39,1664
back,536,1537,1537,0,0,12.1,39,1664
back,537,1537,1537,0,0,12.1,39,1664
back,537,1537,1537,0,0,12.1,39,1664
back,538,1537,1537,0,0,12.1,39,1664
back,538,1537,1537,0,0,12.1,39,1664
back,539,1537,1537,0,0,12.1,39,1664
back,539,1537,1537,0,0,12.1,39,1664
back,540,1537,1537,0,0,12.1,39,1664
back,540,1537,1537,0,0,12.1,39,1664
back,541,1537,1537,0,0,12.1,39,1664
back,541,1537,1537,0,0,12.1,39,1664
back,542,1537,1537,0,0,12.1,39,1664
back,542,1537,1537,0,0,12.1,39,1664
back,543,1537,1537,0,0,12.1,39,1664
back,543,1537,1537,0,0,12.1,39,1664
back,544,1537,1537,0,0,12.1,39,1664
back,544,1537,1537,0,0,12.1,39,1664
back,545,1537,1537,0,0,12.1,39,1664
back,545,1537,1537,0,0,12.1,39,1664
back,546,1537,1537,0,0,12.1,39,1664
back,546,1537,1537,0,0,12.1,39,1664
back,547,1537,1537,0,0,12.1,39,1664
back,547,1537,1537,0,0,12.1,39,1664
back,548,1537,1537,0,0,12.1,39,1664
back,548,1537,1537,0,0,12.1,39,1664
back,549,1537,1537,0,0,12.1,39,1664
back,549,1537,1537,0,0,12.1,39,1664
back,550,1537,1537,0,0,12.1,39,1664
back,550,1537,1537,0,0,12.1,39,1664
back,551,1537,1537,0,0,12.1,39,1664
back,551,1537,1537,0,0,12.1,39,1664
back,552,1537,1537,0,0,12.1,39,1664
back,552,1537,1537,0,0,12.1,39,1664
back,553,1537,1537,0,0,12.1,39,1664
back,553,1537,1537,0,0,12.1,39,1664
back,554,1537,1537,0,0,12.1,39,1664
back,554,1537,1537,0,0,12.1,39,1664
back,555,1537,1537,0,0,12.1,39,1664
back,555,1537,1537,0,0,12.1,39,1664
back,556,1537,1537,0,0,12.1,39,1664
back,556,1537,1537,0,0,12.1,39,1664
back,557,1537,1537,0,0,12.1,39,1664
back,557,1537,1537,0,0,12.1,39,1664
back,558,1537,1537,0,0,12.1,39,1664
back,558,1537,1537,0,0,12.1,39,1664
back,559,1537,1537,0,0,12.1,39,1664
back,559,1537,1537,0,0,12.1,39,1664
back,560,1537,1537,0,0,12.1,39,1664
back,560,1537,1537,0,0,12.1,39,1664
back,561,1537,1537,0,0,12.1,39,1664
back,561,1537,1537,0,0,12.1,39,1664
back,562,1537,1537,0,0,12.1,39,1664
back,562,1537,1537,0,0,12.1,39,1664
back,563,1537,1537,0,0,12.1,39,1664
back,563,1537,1537,0,0,12.1,39,1664
back,564,1537,1537,0,0,12.1,39,1664
back,564,1537,1537,0,0,12.1,39,1664
back,565,1537,1537,0,0,12.1,39,1664
back,565,1537,1537,0,0,12.1,39,1664
back,566,1537,1537,0,0,12.1,39,1664
back,566,1537,1537,0,0,12.1,39,1664
back,567,1537,1537,0,0,12.1,39,1664
back,567,1537,1537,0,0,12.1,39,1664
back,568,1537,1537,0,0,12.1,39,1664
back,568,1537,1537,0,0,12.1,39,1664
back,568,1537,1537,0,0,12.1,39,1664
back,569,1537,1537,0,0,12.1,39,1664
back,569,1537,1537,0,0,12.1,39,1664
back,570,1537,1537,0,0,12.1,39,1664
back,571,1537,1537,0,0,12.1,39,1664
back,571,1537,1537,0,0,12.1,39,1664
back,572,1537,1537,0,0,12.1,39,1664
back,572,1537,1537,0,0,12.1,39,1664
back,573,1537,1537,0,0,12.1,39,1664
back,573,1537,1537,0,0,12.1,39,1664
back,574,1537,1537,0,0,12.1,39,1664
back,574,1537,1537,0,0,12.1,39,1664
back,575,1537,1537,0,0,12.1,39,1664
back,575,1537,1537,0,0,12.1,39,1664
back,576,1537,1537,0,0,12.1,39,1664
back,576,1537,1537,0,0,12.1,39,1664
back,577,1537,1537,0,0,12.1,39,1664
back,577,1537,1537,0,0,12.1,39,1664
back,578,1537,1537,0,0,12.1,39,1664
back,578,1537,1537,0,0,12.1,39,1664
back,579,1537,1537,0,0,12.1,39,1664
back,579,1537,1537,0,0,12.1,39,1664
back,580,1537,1537,0,0,12.1,39,1664
back,580,1537,1537,0,0,12.1,39,1664
back,581,1537,1537,0,0,12.1,39,1664
back,581,1537,1537,0,0,12.1,39,1664
back,582,1537,1537,0,0,12.1,39,1664
back,582,1537,1537,0,0,12.1,39,1664
back,583,1537,1537,0,0,12.1,39,1664
back,583,1537,1537,0,0,12.1,39,1664
back,584,1537,1537,0,0,12.1,39,1664
back,584,1537,1537,0,0,12.1,39,1664
back,585,1537,1537,0,0,12.1,39,1664
back,585,1537,1537,0,0,12.1,39,1664
back,586,1537,1537,0,0,12.1,39,1664
back,586,1537,1537,0,0,12.1,39,1664
back,587,1537,1537,0,0,12.1,39,1664
back,587,1537,1537,0,0,12.1,39,1664
back,588,1537,1537,0,0,12.1,39,1664
back,588,1537,1537,0,0,12.1,39,1664
back,589,1537,1537,0,0,12.1,39,1664
back,589,1537,1537,0,0,12.1,39,1664
back,590,1537,1537,0,0,12.1,39,1664
back,590,1537,1537,0,0,12.1,39,1664
back,591,1537,1537,0,0,12.1,39,1664
back,591,1537,1537,0,0,12.1,39,1664
back,592,1537,1537,0,0,12.1,39,1664
back,592,1537,1537,0,0,12.1,39,1664
back,593,1537,1537,0,0,12.1,39,1664
back,596,1537,1537,0,0,12.1,39,1664
back,597,1537,1537,0,0,12.1,39,1664
back,597,1537,1537,0,0,12.1,39,1664
back,598,1537,1537,0,0,12.1,39,1664
back,598,1537,1537,0,0,12.1,39,1664
back,599,1537,1537,0,0,12.1,39,1664
back,599,1537,1537,0,0,12.1,39,1664
back,600,1537,1537,0,0,12.1,39,1664
back,600,1537,1537,0,0,12.1,39,1664
back,601,1537,1537,0,0,12.1,39,1664
back,601,1537,1537,0,0,12.1,39,1664
back,602,1537,1537,0,0,12.1,39,1664
back,602,1537,1537,0,0,12.1,39,1664
back,603,1537,1537,0,0,12.1,39,1664
back,603,1537,1537,0,0,12.1,39,1664
back,604,1537,1537,0,0,12.1,39,1664
back,604,1537,1537,0,0,12.1,39,1664
back,605,1537,1537,0,0,12.1,39,1664
back,605,1537,1537,0,0,12.1,39,1664
back,606,1537,1537,0,0,12.1,39,1664
back,606,1537,1537,0,0,12.1,39,1664
back,607,1537,1537,0,0,12.1,39,1664
back,607,1537,1537,0,0,12.1,39,1664
back,608,1537,1537,0,0,12.1,39,1664
back,608,1537,1537,0,0,12.1,39,1664
back,609,1537,1537,0,0,12.1,39,1664
back,609,1537,1537,0,0,12.1,39,1664
back,610,1537,1537,0,0,12.1,39,1664
back,610,1537,1537,0,0,12.1,39,1664
back,611,1537,1537,0,0,12.1,39,1664
back,611,1537,1537,0,0,12.1,39,1664
back,612,1537,1537,0,0,12.1,39,1664
back,612,1537,1537,0,0,12.1,39,1664
back,613,1537,1537,0,0,12.1,39,1664
back,613,1537,1537,0,0,12.1,39,1664
back,614,1537,1537,0,0,12.1,39,1664
back,614,1537,1537,0,0,12.1,39,1664
back,615,1537,1537,0,0,12.1,39,1664
back,615,1537,1537,0,0,12.1,39,1664
back,616,1537,1537,0,0,12.1,39,1664
back,616,1537,1537,0,0,12.1,39,1664
back,617,1537,1537,0,0,12.1,39,1664
back,617,1537,1537,0,0,12.1,39,1664
back,618,1537,1537,0,0,12.1,39,1664
back,618,1537,1537,0,0,12.1,39,1664
back,618,1537,1537,0,0,12.1,39,1664
back,619,1537,1537,0,0,12.1,39,1664
back,620,1537,1537,0,0,12.1,39,1664
back,620,1537,1537,0,0,12.1,39,1664
back,621,1537,1537,0,0,12.1,39,1664
back,621,1537,1537,0,0,12.1,39,1664
back,622,1537,1537,0,0,12.1,39,1664
back,622,1537,1537,0,0,12.1,39,1664
back,622,1537,1537,0,0,12.1,39,1664
back,623,1537,1537,0,0,12.1,39,1664
back,623,1537,1537,0,0,12.1,39,1664
back,624,1537,1537,0,0,12.1,39,1664
back,624,1537,1537,0,0,12.1,39,1664
back,625,1537,1537,0,0,12.1,39,1664
back,625,1537,1537,0,0,12.1,39,1664
back,626,1537,1537,0,0,12.1,39,1664
back,626,1537,1537,0,0,12.1,39,1664
back,627,1537,1537,0,0,12.1,39,1664
back,627,1537,1537,0,0,12.1,39,1664
back,628,1537,1537,0,0,12.1,39,1664
back,628,1537,1537,0,0,12.1,39,1664
back,629,1537,1537,0,0,12.1,39,1664
back,629,1537,1537,0,0,12.1,39,1664
back,630,1537,1537,0,0,12.1,39,1664
back,630,1537,1537,0,0,12.1,39,1664
back,631,1537,1537,0,0,12.1,39,1664
back,631,1537,1537,0,0,12.1,39,1664
back,632,1537,1537,0,0,12.1,39,1664
back,632,1537,1537,0,0,12.1,39,1664
back,633,1537,1537,0,0,12.1,39,1664
back,633,1537,1537,0,0,12.1,39,1664
back,634,1537,1537,0,0,12.1,39,1664
back,634,1537,1537,0,0,12.1,39,1664
back,635,1537,1537,0,0,12.1,39,1664
back,635,1537,1537,0,0,12.1,39,1664
back,636,1537,1537,0,0,12.1,39,1664
back,636,1537,1537,0,0,12.1,39,1664
back,637,1537,1537,0,0,12.1,39,1664
back,637,1537,1537,0,0,12.1,39,1664
back,638,1537,1537,0,0,12.1,39,1664
back,638,1537,1537,0,0,12.1,39,1664
back,639,1537,1537,0,0,12.1,39,1664
back,639,1537,1537,0,0,12.1,39,1664
back,640,1537,1537,0,0,12.1,39,1664
back,640,1537,1537,0,0,12.1,39,1664
back,641,1537,1537,0,0,12.1,39,1664
back,641,1537,1537,0,0,12.1,39,1664
back,642,1537,1537,0,0,12.1,39,1664
back,642,1537,1537,0,0,12.1,39,1664
back,643,1537,1537,0,0,12.1,39,1664
back,643,1537,1537,0,0,12.1,39,1664
back,644,1537,1537,0,0,12.1,39,1664
back,644,1537,1537,0,0,12.1,39,1664
back,645,1537,1537,0,0,12.1,39,1664
back,645,1537,1537,0,0,12.1,39,1664
back,646,1537,1537,0,0,12.1,39,1664
back,646,1537,1537,0,0,12.1,39,1664
back,647,1537,1537,0,0,12.1,39,1664
back,647,1537,1537,0,0,12.1,39,1664
back,648,1537,1537,0,0,12.1,39,1664
back,648,1537,1537,0,0,12.1,39,1664
back,649,1537,1537,0,0,12.1,39,1664
back,649,1537,1537,0,0,12.1,39,1664
back,650,1537,1537,0,0,12.1,39,1664
back,650,1537,1537,0,0,12.1,39,1664
back,651,1537,1537,0,0,12.1,39,1664
back,651,1537,1537,0,0,12.1,39,1664
back,652,1537,1537,0,0,12.1,39,1664
back,652,1537,1537,0,0,12.1,39,1664
back,653,1537,1537,0,0,12.1,39,1664
back,653,1537,1537,0,0,12.1,39,1664
back,654,1537,1537,0,0,12.1,39,1664
back,654,1537,1537,0,0,12.1,39,1664
back,655,1537,1537,0,0,12.1,39,1664
back,655,1537,1537,0,0,12.1,39,1664
back,656,1537,1537,0,0,12.1,39,1664
back,656,1537,1537,0,0,12.1,39,1664
back,657,1537,1537,0,0,12.1,39,1664
back,657,1537,1537,0,0,12.1,39,1664
back,658,1537,1537,0,0,12.1,39,1664
back,658,1537,1537,0,0,12.1,39,1664
back,658,1537,1537,0,0,12.1,39,1664
back,659,1537,1537,0,0,12.1,39,1664
back,659,1537,1537,0,0,12.1,39,1664
back,660,1537,1537,0,0,12.1,39,1664
back,661,1537,1537,0,0,12.1,39,1664
back,661,1537,1537,0,0,12.1,39,1664
back,661,1537,1537,0,0,12.1,39,1664
back,662,1537,1537,0,0,12.1,39,1664
back,662,1537,1537,0,0,12.1,39,1664
back,663,1537,1537,0,0,12.1,39,1664
back,663,1537,1537,0,0,12.1,39,1664
back,664,1537,1537,0,0,12.1,39,1664
back,664,1537,1537,0,0,12.1,39,1664
back,665,1537,1537,0,0,12.1,39,1664
back,665,1537,1537,0,0,12.1,39,1664
back,666,1537,1537,0,0,12.1,39,1664
back,666,1537,1537,0,0,12.1,39,1664
back,667,1537,1537,0,0,12.1,39,1664
back,667,1537,1537,0,0,12.1,39,1664
back,668,1537,1537,0,0,12.1,39,1664
back,668,1537,1537,0,0,12.1,39,1664
back,669,1537,1537,0,0,12.1,39,1664
back,669,1537,1537,0,0,12.1,39,1664
back,670,1537,1537,0,0,12.1,39,1664
back,670,1537,1537,0,0,12.1,39,1664
back,671,1537,1537,0,0,12.1,39,1664
back,671,1537,1537,0,0,12.1,39,1664
back,672,1537,1537,0,0,12.1,39,1664
back,672,1537,1537,0,0,12.1,39,1664
back,672,1537,1537,0,0,12.1,39,1664
back,673,1537,1537,0,0,12.1,39,1664
back,673,1537,1537,0,0,12.1,39,1664
back,674,1537,1537,0,0,12.1,39,1664
back,675,1537,1537,0,0,12.1,39,1664
back,675,1537,1537,0,0,12.1,39,1664
back,675,1537,1537,0,0,12.1,39,1664
back,676,1537,1537,0,0,12.1,39,1664
back,676,1537,1537,0,0,12.1,39,1664
back,677,1537,1537,0,0,12.1,39,1664
back,677,1537,1537,0,0,12.1,39,1664
back,678,1537,1537,0,0,12.1,39,1664
back,678,1537,1537,0,0,12.1,39,1664
back,679,1537,1537,0,0,12.1,39,1664
back,680,1537,1537,0,0,12.1,39,1664
back,680,1537,1537,0,0,12.1,39,1664
back,680,1537,1537,0,0,12.1,39,1664
back,681,1537,1537,0,0,12.1,39,1664
back,681,1537,1537,0,0,12.1,39,1664
back,682,1537,1537,0,0,12.1,39,1664
back,682,1537,1537,0,0,12.1,39,1664
back,683,1537,1537,0,0,12.1,39,1664
back,683,1537,1537,0,0,12.1,39,1664
back,684,1537,1537,0,0,12.1,39,1664
back,685,1537,1537,0,0,12.1,39,1664
back,685,1537,1537,0,0,12.1,39,1664
back,685,1537,1537,0,0,12.1,39,1664
back,686,1537,1537,0,0,12.1,39,1664
back,687,1537,1537,0,0,12.1,39,1664
back,687,1537,1537,0,0,12.1,39,1664
back,688,1537,1537,0,0,12.1,39,1664
back,688,1537,1537,0,0,12.1,39,1664
back,689,1537,1537,0,0,12.1,39,1664
back,689,1537,1537,0,0,12.1,39,1664
back,690,1537,1537,0,0,12.1,39,1664
back,690,1537,1537,0,0,12.1,39,1664
back,690,1537,1537,0,0,12.1,39,1664
back,691,1537,1537,0,0,12.1,39,1664
back,692,1537,1537,0,0,12.1,39,1664
back,692,1537,1537,0,0,12.1,39,1664
back,693,1537,1537,0,0,12.1,39,1664
back,693,1537,1537,0,0,12.1,39,1664
back,694,1537,1537,0,0,12.1,39,1664
back,694,1537,1537,0,0,12.1,39,1664
back,695,1537,1537,0,0,12.1,39,1664
back,695,1537,1537,0,0,12.1,39,1664
back,696,1537,1537,0,0,12.1,39,1664
back,696,1537,1537,0,0,12.1,39,1664
back,697,1537,1537,0,0,12.1,39,1664
back,697,1537,1537,0,0,12.1,39,1664
back,697,1537,1537,0,0,12.1,39,1664
back,698,1537,1537,0,0,12.1,39,1664
back,699,1537,1537,0,0,12.1,39,1664
back,699,1537,1537,0,0,12.1,39,1664
back,700,1537,1537,0,0,12.1,39,1664
back,700,1537,1537,0,0,12.1,39,1664
back,701,1537,1537,0,0,12.1,39,1664
back,701,1537,1537,0,0,12.1,39,1664
back,701,1537,1537,0,0,12.1,39,1664
back,702,1537,1537,0,0,12.1,39,1664
back,702,1537,1537,0,0,12.1,39,1664
back,703,1537,1537,0,0,12.1,39,1664
back,703,1537,1537,0,0,12.1,39,1664
back,704,1537,1537,0,0,12.1,39,1664
back,704,1537,1537,0,0,12.1,39,1664
back,705,1537,1537,0,0,12.1,39,1664
back,705,1537,1537,0,0,12.1,39,1664
back,706,1537,1537,0,0,12.1,39,1664
back,706,1537,1537,0,0,12.1,39,1664
back,707,1537,1537,0,0,12.1,39,1664
back,707,1537,1537,0,0,12.1,39,1664
back,708,1537,1537,0,0,12.1,39,1664
back,708,1537,1537,0,0,12.1,39,1664
back,708,1537,1537,0,0,12.1,39,1664
back,709,1537,1537,0,0,12.1,39,1664
back,709,1537,1537,0,0,12.1,39,1664
back,710,1537,1537,0,0,12.1,39,1664
back,710,1537,1537,0,0,12.1,39,1664
back,711,1537,1537,0,0,12.1,39,1664
back,711,1537,1537,0,0,12.1,39,1664
back,712,1537,1537,0,0,12.1,39,1664
back,712,1537,1537,0,0,12.1,39,1664
back,713,1537,1537,0,0,12.1,39,1664
back,713,1537,1537,0,0,12.1,39,1664
back,714,1537,1537,0,0,12.1,39,1664
back,714,1537,1537,0,0,12.1,39,1664
back,715,1537,1537,0,0,12.1,39,1664
back,715,1537,1537,0,0,12.1,39,1664
back,716,1537,1537,0,0,12.1,39,1664
back,716,1537,1537,0,0,12.1,39,1664
back,717,1537,1537,0,0,12.1,39,1664
back,717,1537,1537,0,0,12.1,39,1664
back,718,1537,1537,0,0,12.1,39,1664
back,718,1537,1537,0,0,12.1,39,1664
back,719,1537,1537,0,0,12.1,39,1664
back,719,1537,1537,0,0,12.1,39,1664
back,720,1537,1537,0,0,12.1,39,1664
back,720,1537,1537,0,0,12.1,39,1664
back,721,1537,1537,0,0,12.1,39,1664
back,721,1537,1537,0,0,12.1,39,1664
back,722,1537,1537,0,0,12.1,39,1664
back,722,1537,1537,0,0,12.1,39,1664
back,723,1537,1537,0,0,12.1,39,1664
back,723,1537,1537,0,0,12.1,39,1664
back,723,1537,1537,0,0,12.1,39,1664
back,724,1537,1537,0,0,12.1,39,1664
back,724,1537,1537,0,0,12.1,39,1664
back,725,1537,1537,0,0,12.1,39,1664
back,725,1537,1537,0,0,12.1,39,1664
back,726,1537,1537,0,0,12.1,39,1664
back,726,1537,1537,0,0,12.1,39,1664
back,727,1537,1537,0,0,12.1,39,1664
back,727,1537,1537,0,0,12.1,39,1664
back,728,1537,1537,0,0,12.1,39,1664
back,728,1537,1537,0,0,12.1,39,1664
back,729,1537,1537,0,0,12.1,39,1664
back,729,1537,1537,0,0,12.1,39,1664
back,730,1537,1537,0,0,12.1,39,1664
back,730,1537,1537,0,0,12.1,39,1664
back,731,1537,1537,0,0,12.1,39,1664
back,731,1537,1537,0,0,12.1,39,1664
back,732,1537,1537,0,0,12.1,39,1664
back,732,1537,1537,0,0,12.1,39,1664
back,733,1537,1537,0,0,12.1,39,1664
back,733,1537,1537,0,0,12.1,39,1664
back,734,1537,1537,0,0,12.1,39,1664
back,734,1537,1537,0,0,12.1,39,1664
back,735,1537,1537,0,0,12.1,39,1664
back,735,1537,1537,0,0,12.1,39,1664
back,736,1537,1537,0,0,12.1,39,1664
back,736,1537,1537,0,0,12.1,39,1664
back,737,1537,1537,0,0,12.1,39,1664
back,737,1537,1537,0,0,12.1,39,1664
back,738,1537,1537,0,0,12.1,39,1664
back,738,1537,1537,0,0,12.1,39,1664
back,739,1537,1537,0,0,12.1,39,1664
back,739,1537,1537,0,0,12.1,39,1664
back,740,1537,1537,0,0,12.1,39,1664
back,740,1537,1537,0,0,12.1,39,1664
back,741,1537,1537,0,0,12.1,39,1664
back,741,1537,1537,0,0,12.1,39,1664
back,742,1537,1537,0,0,12.1,39,1664
back,742,1537,1537,0,0,12.1,39,1664
back,743,1537,1537,0,0,12.1,39,1664
back,743,1537,1537,0,0,12.1,39,1664
back,744,1537,1537,0,0,12.1,39,1664
back,744,1537,1537,0,0,12.1,39,1664
back,745,1537,1537,0,0,12.1,39,1664
back,745,1537,1537,0,0,12.1,39,1664
back,746,1537,1537,0,0,12.1,39,1664
back,746,1537,1537,0,0,12.1,39,1664
back,747,1537,1537,0,0,12.1,39,1664
back,747,1537,1537,0,0,12.1,39,1664
back,748,1537,1537,0,0,12.1,39,1664
back,748,1537,1537,0,0,12.1,39,1664
back,749,1537,1537,0,0,12.1,39,1664
back,749,1537,1537,0,0,12.1,39,1664
back,750,1537,1537,0,0,12.1,39,1664
back,750,1537,1537,0,0,12.1,39,1664
back,751,1537,1537,0,0,12.1,39,1664
back,751,1537,1537,0,0,12.1,39,1664
back,752,1537,1537,0,0,12.1,39,1664
back,752,1537,1537,0,0,12.1,39,1664
back,753,1537,1537,0,0,12.1,39,1664
back,753,1537,1537,0,0,12.1,39,1664
back,754,1537,1537,0,0,12.1,39,1664
back,754,1537,1537,0,0,12.1,39,1664
back,755,1537,1537,0,0,12.1,39,1664
back,755,1537,1537,0,0,12.1,39,1664
back,756,1537,1537,0,0,12.1,39,1664
back,756,1537,1537,0,0,12.1,39,1664
back,757,1537,1537,0,0,12.1,39,1664
back,757,1537,1537,0,0,12.1,39,1664
back,758,1537,1537,0,0,12.1,39,1664
back,758,1537,1537,0,0,12.1,39,1664
back,759,1537,1537,0,0,12.1,39,1664
back,759,1537,1537,0,0,12.1,39,1664
back,760,1537,1537,0,0,12.1,39,1664
back,760,1537,1537,0,0,12.1,39,1664
back,761,1537,1537,0,0,12.1,39,1664
back,761,1537,1537,0,0,12.1,39,1664
back,762,1537,1537,0,0,12.1,39,1664
back,762,1537,1537,0,0,12.1,39,1664
back,762,1537,1537,0,0,12.1,39,1664
back,763,1537,1537,0,0,12.1,39,1664
back,764,1537,1537,0,0,12.1,39,1664
back,764,1537,1537,0,0,12.1,39,1664
back,765,1537,1537,0,0,12.1,39,1664
back,765,1537,1537,0,0,12.1,39,1664
back,766,1537,1537,0,0,12.1,39,1664
back,766,1537,1537,0,0,12.1,39,1664
back,767,1537,1537,0,0,12.1,39,1664
back,767,1537,1537,0,0,12.1,39,1664
back,768,1537,1537,0,0,12.1,39,1664
back,768,1537,1537,0,0,12.1,39,1664
back,769,1537,1537,0,0,12.1,39,1664
back,769,1537,1537,0,0,12.1,39,1664
back,770,1537,1537,0,0,12.1,39,1664
back,770,1537,1537,0,0,12.1,39,1664
back,771,1537,1537,0,0,12.1,39,1664
back,771,1537,1537,0,0,12.1,39,1664
back,772,1537,1537,0,0,12.1,39,1664
back,772,1537,1537,0,0,12.1,39,1664
back,773,1537,1537,0,0,12.1,39,1664
back,773,1537,1537,0,0,12.1,39,1664
back,774,1537,1537,0,0,12.1,39,1664
back,774,1537,1537,0,0,12.1,39,1664
back,775,1537,1537,0,0,12.1,39,1664
back,775,1537,1537,0,0,12.1,39,1664
back,776,1537,1537,0,0,12.1,39,1664
back,776,1537,1537,0,0,12.1,39,1664
back,776,1537,1537,0,0,12.1,39,1664
back,777,1537,1537,0,0,12.1,39,1664
back,777,1537,1537,0,0,12.1,39,1664
back,778,1537,1537,0,0,12.1,39,1664
back,778,1537,1537,0,0,12.1,39,1664
back,779,1537,1537,0,0,12.1,39,1664
back,779,1537,1537,0,0,12.1,39,1664
back,780,1537,1537,0,0,12.1,39,1664
back,780,1537,1537,0,0,12.1,39,1664
back,781,1537,1537,0,0,12.1,39,1664
back,781,1537,1537,0,0,12.1,39,1664
back,781,1537,1537,0,0,12.1,39,1664
back,782,1537,1537,0,0,12.1,39,1664
back,782,1537,1537,0,0,12.1,39,1664
back,783,1537,1537,0,0,12.1,39,1664
back,783,1537,1537,0,0,12.1,39,1664
back,784,1537,1537,0,0,12.1,39,1664
back,784,1537,1537,0,0,12.1,39,1664
back,785,1537,1537,0,0,12.1,39,1664
back,785,1537,1537,0,0,12.1,39,1664
back,786,1537,1537,0,0,12.1,39,1664
back,786,1537,1537,0,0,12.1,39,1664
back,787,1537,1537,0,0,12.1,39,1664
back,787,1537,1537,0,0,12.1,39,1664
back,788,1537,1537,0,0,12.1,39,1664
back,788,1537,1537,0,0,12.1,39,1664
back,789,1537,1537,0,0,12.1,39,1664
back,789,1537,1537,0,0,12.1,39,1664
back,790,1537,1537,0,0,12.1,39,1664
back,790,1537,1537,0,0,12.1,39,1664
back,791,1537,1537,0,0,12.1,39,1664
back,791,1537,1537,0,0,12.1,39,1664
back,792,1537,1537,0,0,12.1,39,1664
back,792,1537,1537,0,0,12.1,39,1664
back,793,1537,1537,0,0,12.1,39,1664
back,793,1537,1537,0,0,12.1,39,1664
back,794,1537,1537,0,0,12.1,39,1664
back,794,1537,1537,0,0,12.1,39,1664
back,795,1537,1537,0,0,12.1,39,1664
back,795,1537,1537,0,0,12.1,39,1664
back,795,1537,1537,0,0,12.1,39,1664
back,796,1537,1537,0,0,12.1,39,1664
back,796,1537,1537,0,0,12.1,39,1664
back,797,1537,1537,0,0,12.1,39,1664
back,797,1537,1537,0,0,12.1,39,1664
back,798,1537,1537,0,0,12.1,39,1664
back,798,1537,1537,0,0,12.1,39,1664
back,799,1537,1537,0,0,12.1,39,1664
back,799,1537,1537,0,0,12.1,39,1664
back,800,1537,1537,0,0,12.1,39,1664
back,800,1537,1537,0,0,12.1,39,1664
back,801,1537,1537,0,0,12.1,39,1664
back,801,1537,1537,0,0,12.1,39,1664
back,802,1537,1537,0,0,12.1,39,1664
back,803,1537,1537,0,0,12.1,39,1664
back,803,1537,1537,0,0,12.1,39,1664
back,804,1537,1537,0,0,12.1,39,1664
back,804,1537,1537,0,0,12.1,39,1664
back,805,1537,1537,0,0,12.1,39,1664
back,805,1537,1537,0,0,12.1,39,1664
back,806,1537,1537,0,0,12.1,39,1664
back,806,1537,1537,0,0,12.1,39,1664
back,807,1537,1537,0,0,12.1,39,1664
back,807,1537,1537,0,0,12.1,39,1664
back,808,1537,1537,0,0,12.1,39,1664
back,808,1537,1537,0,0,12.1,39,1664
back,809,1537,1537,0,0,12.1,39,1664
back,809,1537,1537,0,0,12.1,39,1664
back,810,1537,1537,0,0,12.1,39,1664
back,810,1537,1537,0,0,12.1,39,1664
back,810,1537,1537,0,0,12.1,39,1664
back,811,1537,1537,0,0,12.1,39,1664
back,811,1537,1537,0,0,12.1,39,1664
back,812,1537,1537,0,0,12.1,39,1664
back,812,1537,1537,0,0,12.1,39,1664
back,813,1537,1537,0,0,12.1,39,1664
back,813,1537,1537,0,0,12.1,39,1664
back,814,1537,1537,0,0,12.1,39,1664
back,814,1537,1537,0,0,12.1,39,1664
back,814,1537,1537,0,0,12.1,39,1664
back,815,1537,1537,0,0,12.1,39,1664
back,815,1537,1537,0,0,12.1,39,1664
back,816,1537,1537,0,0,12.1,39,1664
back,816,1537,1537,0,0,12.1,39,1664
back,817,1537,1537,0,0,12.1,39,1664
back,817,1537,1537,0,0,12.1,39,1664
back,818,1537,1537,0,0,12.1,39,1664
back,818,1537,1537,0,0,12.1,39,1664
back,819,1537,1537,0,0,12.1,39,1664
back,819,1537,1537,0,0,12.1,39,1664
back,820,1537,1537,0,0,12.1,39,1664
back,820,1537,1537,0,0,12.1,39,1664
back,821,1537,1537,0,0,12.1,39,1664
back,821,1537,1537,0,0,12.1,39,1664
back,822,1537,1537,0,0,12.1,39,1664
back,822,1537,1537,0,0,12.1,39,1664
back,823,1537,1537,0,0,12.1,39,1664
back,823,1537,1537,0,0,12.1,39,1664
back,824,1537,1537,0,0,12.1,39,1664
back,824,1537,1537,0,0,12.1,39,1664
back,825,1537,1537,0,0,12.1,39,1664
back,825,1537,1537,0,0,12.1,39,1664
back,826,1537,1537,0,0,12.1,39,1664
back,826,1537,1537,0,0,12.1,39,1664
back,827,1537,1537,0,0,12.1,39,1664
back,827,1537,1537,0,0,12.1,39,1664
back,828,1537,1537,0,0,12.1,39,1664
back,828,1537,1537,0,0,12.1,39,1664
back,829,1537,1537,0,0,12.1,39,1664
back,829,1537,1537,0,0,12.1,39,1664
back,829,1537,1537,0,0,12.1,39,1664
back,830,1537,1537,0,0,12.1,39,1664
back,830,1537,1537,0,0,12.1,39,1664
back,831,1537,1537,0,0,12.1,40,1664
back,831,1537,1537,0,0,12.1,40,1664
back,832,1537,1537,0,0,12.1,40,1664
back,832,1537,1537,0,0,12.1,39,1664
back,833,1537,1537,0,0,12.1,39,1664
back,833,1537,1537,0,0,12.1,39,1664
back,834,1537,1537,0,0,12.1,39,1664
back,834,1537,1537,0,0,12.1,39,1664
back,835,1537,1537,0,0,12.1,39,1664
back,835,1537,1537,0,0,12.1,39,1664
back,836,1537,1537,0,0,12.1,39,1664
back,836,1537,1537,0,0,12.1,39,1664
back,836,1537,1537,0,0,12.1,39,1664
back,837,1537,1537,0,0,12.1,39,1664
back,838,1537,1537,0,0,12.1,39,1664
back,838,1537,1537,0,0,12.1,39,1664
back,839,1537,1537,0,0,12.1,39,1664
back,839,1537,1537,0,0,12.1,39,1664
back,840,1537,1537,0,0,12.1,39,1664
back,840,1537,1537,0,0,12.1,39,1664
back,841,1537,1537,0,0,12.1,39,1664
back,841,1537,1537,0,0,12.1,39,1664
back,842,1537,1537,0,0,12.1,39,1664
back,842,1537,1537,0,0,12.1,39,1664
back,843,1537,1537,0,0,12.1,39,1664
back,843,1537,1537,0,0,12.1,39,1664
back,844,1537,1537,0,0,12.1,39,1664
back,844,1537,1537,0,0,12.1,39,1664
back,845,1537,1537,0,0,12.1,39,1664
back,845,1537,1537,0,0,12.1,39,1664
back,846,1537,1537,0,0,12.1,39,1664
back,846,1537,1537,0,0,12.1,39,1664
back,846,1537,1537,0,0,12.1,39,1664
back,847,1537,1537,0,0,12.1,39,1664
back,847,1537,1537,0,0,12.1,39,1664
back,848,1537,1537,0,0,12.1,39,1664
back,849,1537,1537,0,0,12.1,39,1664
back,849,1537,1537,0,0,12.1,39,1664
back,850,1537,1537,0,0,12.1,39,1664
back,850,1537,1537,0,0,12.1,39,1664
back,851,1537,1537,0,0,12.1,39,1664
back,851,1537,1537,0,0,12.1,39,1664
back,852,1537,1537,0,0,12.1,39,1664
back,852,1537,1537,0,0,12.1,39,1664
back,853,1537,1537,0,0,12.1,39,1664
back,853,1537,1537,0,0,12.1,39,1664
back,854,1537,1537,0,0,12.1,39,1664
back,854,1537,1537,0,0,12.1,39,1664
back,855,1537,1537,0,0,12.1,39,1664
back,855,1537,1537,0,0,12.1,39,1664
back,856,1537,1537,0,0,12.1,39,1664
back,856,1537,1537,0,0,12.1,39,1664
back,857,1537,1537,0,0,12.1,39,1664
back,857,1537,1537,0,0,12.1,39,1664
back,858,1537,1537,0,0,12.1,39,1664
back,858,1537,1537,0,0,12.1,39,1664
back,859,1537,1537,0,0,12.1,39,1664
back,859,1537,1537,0,0,12.1,39,1664
back,860,1537,1537,0,0,12.1,39,1664
back,860,1537,1537,0,0,12.1,39,1664
back,861,1537,1537,0,0,12.1,39,1664
back,861,1537,1537,0,0,12.1,39,1664
back,862,1537,1537,0,0,12.1,39,1664
back,862,1537,1537,0,0,12.1,39,1664
back,863,1537,1537,0,0,12.1,39,1664
back,863,1537,1537,0,0,12.1,39,1664
back,864,1537,1537,0,0,12.1,39,1664
back,864,1537,1537,0,0,12.1,39,1664
back,865,1537,1537,0,0,12.1,39,1664
back,865,1537,1537,0,0,12.1,39,1664
back,866,1537,1537,0,0,12.1,39,1664
back,866,1537,1537,0,0,12.1,39,1664
back,867,1537,1537,0,0,12.1,39,1664
back,867,1537,1537,0,0,12.1,39,1664
back,868,1537,1537,0,0,12.1,39,1664
back,868,1537,1537,0,0,12.1,39,1664
back,869,1537,1537,0,0,12.1,39,1664
back,869,1537,1537,0,0,12.1,39,1664
back,870,1537,1537,0,0,12.1,39,1664
back,870,1537,1537,0,0,12.1,39,1664
back,871,1537,1537,0,0,12.1,39,1664
back,871,1537,1537,0,0,12.1,39,1664
back,872,1537,1537,0,0,12.1,39,1664
back,872,1537,1537,0,0,12.1,39,1664
back,873,1537,1537,0,0,12.1,39,1664
back,873,1537,1537,0,0,12.1,39,1664
back,874,1537,1537,0,0,12.1,39,1664
back,874,1537,1537,0,0,12.1,39,1664
back,875,1537,1537,0,0,12.1,39,1664
back,875,1537,1537,0,0,12.1,39,1664
back,876,1537,1537,0,0,12.1,39,1664
back,876,1537,1537,0,0,12.1,39,1664
back,877,1537,1537,0,0,12.1,39,1664
back,877,1537,1537,0,0,12.1,39,1664
back,878,1537,1537,0,0,12.1,39,1664
back,878,1537,1537,0,0,12.1,39,1664
back,879,1537,1537,0,0,12.1,39,1664
back,879,1537,1537,0,0,12.1,39,1664
back,880,1537,1537,0,0,12.1,39,1664
back,880,1537,1537,0,0,12.1,39,1664
back,881,1537,1537,0,0,12.1,39,1664
back,881,1537,1537,0,0,12.1,39,1664
back,882,1537,1537,0,0,12.1,39,1664
back,882,1537,1537,0,0,12.1,39,1664
back,883,1537,1537,0,0,12.1,39,1664
back,883,1537,1537,0,0,12.1,39,1664
back,884,1537,1537,0,0,12.1,39,1664
back,884,1537,1537,0,0,12.1,39,1664
back,885,1537,1537,0,0,12.1,39,1664
back,885,1537,1537,0,0,12.1,39,1664
back,886,1537,1537,0,0,12.1,39,1664
back,886,1537,1537,0,0,12.1,39,1664
back,887,1537,1537,0,0,12.1,39,1664
back,887,1537,1537,0,0,12.1,39,1664
back,888,1537,1537,0,0,12.1,39,1664
back,888,1537,1537,0,0,12.1,39,1664
back,889,1537,1537,0,0,12.1,39,1664
back,889,1537,1537,0,0,12.1,39,1664
back,890,1537,1537,0,0,12.1,39,1664
back,890,1537,1537,0,0,12.1,39,1664
back,891,1537,1537,0,0,12.1,39,1664
back,891,1537,1537,0,0,12.1,39,1664
back,892,1537,1537,0,0,12.1,39,1664
back,892,1537,1537,0,0,12.1,39,1664
back,893,1537,1537,0,0,12.1,39,1664
back,893,1537,1537,0,0,12.1,39,1664
back,894,1537,1537,0,0,12.1,39,1664
back,894,1537,1537,0,0,12.1,39,1664
back,895,1537,1537,0,0,12.1,39,1664
back,895,1537,1537,0,0,12.1,39,1664
back,896,1537,1537,0,0,12.1,39,1664
back,896,1537,1537,0,0,12.1,39,1664
back,897,1537,1537,0,0,12.1,39,1664
back,897,1537,1537,0,0,12.1,39,1664
back,898,1537,1537,0,0,12.1,39,1664
back,898,1537,1537,0,0,12.1,39,1664
back,899,1537,1537,0,0,12.1,39,1664
back,899,1537,1537,0,0,12.1,39,1664
back,900,1537,1537,0,0,12.1,39,1664
back,900,1537,1537,0,0,12.1,39,1664
back,901,1537,1537,0,0,12.1,39,1664
back,901,1537,1537,0,0,12.1,39,1664
back,902,1537,1537,0,0,12.1,39,1664
back,902,1537,1537,0,0,12.1,39,1664
back,903,1537,1537,0,0,12.1,39,1664
back,903,1537,1537,0,0,12.1,39,1664
back,904,1537,1537,0,0,12.1,39,1664
back,904,1537,1537,0,0,12.1,39,1664
back,905,1537,1537,0,0,12.1,39,1664
back,905,1537,1537,0,0,12.1,39,1664
back,906,1537,1537,0,0,12.1,40,1664
back,906,1537,1537,0,0,12.1,40,1664
back,907,1537,1537,0,0,12.1,39,1664
back,907,1537,1537,0,0,12.1,39,1664
back,908,1537,1537,0,0,12.1,39,1664
back,908,1537,1537,0,0,12.1,39,1664
back,909,1537,1537,0,0,12.1,39,1664
back,909,1537,1537,0,0,12.1,39,1664
back,910,1537,1537,0,0,12.1,39,1664
back,910,1537,1537,0,0,12.1,39,1664
back,911,1537,1537,0,0,12.1,39,1664
back,911,1537,1537,0,0,12.1,39,1664
back,912,1537,1537,0,0,12.1,39,1664
back,912,1537,1537,0,0,12.1,39,1664
back,913,1537,1537,0,0,12.1,39,1664
back,913,1537,1537,0,0,12.1,39,1664
back,914,1537,1537,0,0,12.1,39,1664
back,914,1537,1537,0,0,12.1,39,1664
back,915,1537,1537,0,0,12.1,39,1664
back,915,1537,1537,0,0,12.1,39,1664
back,916,1537,1537,0,0,12.1,39,1664
back,916,1537,1537,0,0,12.1,39,1664
back,917,1537,1537,0,0,12.1,39,1664
back,917,1537,1537,0,0,12.1,39,1664
back,918,1537,1537,0,0,12.1,39,1664
back,918,1537,1537,0,0,12.1,39,1664
back,919,1537,1537,0,0,12.1,40,1664
back,919,1537,1537,0,0,12.1,40,1664
back,920,1537,1537,0,0,12.1,39,1664
back,920,1537,1537,0,0,12.1,39,1664
back,921,1537,1537,0,0,12.1,39,1664
back,921,1537,1537,0,0,12.1,39,1664
back,922,1537,1537,0,0,12.1,39,1664
back,922,1537,1537,0,0,12.1,39,1664
back,923,1537,1537,0,0,12.1,39,1664
back,923,1537,1537,0,0,12.1,39,1664
back,924,1537,1537,0,0,12.1,39,1664
back,924,1537,1537,0,0,12.1,39,1664
back,925,1537,1537,0,0,12.1,39,1664
back,925,1537,1537,0,0,12.1,39,1664
back,926,1537,1537,0,0,12.1,39,1664
back,926,1537,1537,0,0,12.1,39,1664
back,927,1537,1537,0,0,12.1,39,1664
back,927,1537,1537,0,0,12.1,39,1664
back,928,1537,1537,0,0,12.1,39,1664
back,928,1537,1537,0,0,12.1,39,1664
back,929,1537,1537,0,0,12.1,39,1664
back,929,1537,1537,0,0,12.1,39,1664
back,930,1537,1537,0,0,12.1,39,1664
back,930,1537,1537,0,0,12.1,39,1664
back,931,1537,1537,0,0,12.1,39,1664
back,931,1537,1537,0,0,12.1,39,1664
back,932,1537,1537,0,0,12.1,39,1664
back,932,1537,1537,0,0,12.1,39,1664
back,933,1537,1537,0,0,12.1,39,1664
back,933,1537,1537,0,0,12.1,39,1664
back,934,1537,1537,0,0,12.1,39,1664
back,934,1537,1537,0,0,12.1,39,1664
back,935,1537,1537,0,0,12.1,39,1664
back,935,1537,1537,0,0,12.1,39,1664
back,936,1537,1537,0,0,12.1,39,1664
back,936,1537,1537,0,0,12.1,39,1664
back,937,1537,1537,0,0,12.1,39,1664
back,937,1537,1537,0,0,12.1,39,1664
back,938,1537,1537,0,0,12.1,39,1664
back,938,1537,1537,0,0,12.1,39,1664
back,939,1537,1537,0,0,12.1,39,1664
back,939,1537,1537,0,0,12.1,39,1664
back,940,1537,1537,0,0,12.1,39,1664
back,940,1537,1537,0,0,12.1,39,1664
back,941,1537,1537,0,0,12.1,39,1664
back,941,1537,1537,0,0,12.1,39,1664
back,942,1537,1537,0,0,12.1,39,1664
back,942,1537,1537,0,0,12.1,39,1664
back,943,1537,1537,0,0,12.1,39,1664
back,943,1537,1537,0,0,12.1,39,1664
back,944,1537,1537,0,0,12.1,39,1664
back,944,1537,1537,0,0,12.1,39,1664
back,945,1537,1537,0,0,12.1,39,1664
back,945,1537,1537,0,0,12.1,39,1664
back,946,1537,1537,0,0,12.1,39,1664
back,946,1537,1537,0,0,12.1,39,1664
back,947,1537,1537,0,0,12.1,39,1664
back,947,1537,1537,0,0,12.1,39,1664
back,948,1537,1537,0,0,12.1,39,1664
back,948,1537,1537,0,0,12.1,39,1664
back,949,1537,1537,0,0,12.1,39,1664
back,949,1537,1537,0,0,12.1,39,1664
back,950,1537,1537,0,0,12.1,39,1664
back,950,1537,1537,0,0,12.1,39,1664
back,951,1537,1537,0,0,12.1,39,1664
back,951,1537,1537,0,0,12.1,39,1664
back,952,1537,1537,0,0,12.1,39,1664
back,952,1537,1537,0,0,12.1,39,1664
back,953,1537,1537,0,0,12.1,39,1664
back,953,1537,1537,0,0,12.1,39,1664
back,954,1537,1537,0,0,12.1,39,1664
back,954,1537,1537,0,0,12.1,39,1664
back,955,1537,1537,0,0,12.1,39,1664
back,955,1537,1537,0,0,12.1,39,1664
back,956,1537,1537,0,0,12.1,39,1664
back,956,1537,1537,0,0,12.1,39,1664
back,957,1537,1537,0,0,12.1,39,1664
back,957,1537,1537,0,0,12.1,39,1664
back,958,1537,1537,0,0,12.1,39,1664
back,958,1537,1537,0,0,12.1,39,1664
back,959,1537,1537,0,0,12.1,39,1664
back,959,1537,1537,0,0,12.1,39,1664
back,960,1537,1537,0,0,12.1,39,1664
back,960,1537,1537,0,0,12.1,39,1664
back,961,1537,1537,0,0,12.1,39,1664
back,961,1537,1537,0,0,12.1,39,1664
back,962,1537,1537,0,0,12.1,39,1664
back,962,1537,1537,0,0,12.1,39,1664
back,963,1537,1537,0,0,12.1,39,1664
back,963,1537,1537,0,0,12.1,39,1664
back,964,1537,1537,0,0,12.1,39,1664
back,964,1537,1537,0,0,12.1,39,1664
back,965,1537,1537,0,0,12.1,39,1664
back,965,1537,1537,0,0,12.1,39,1664
back,966,1537,1537,0,0,12.1,39,1664
back,966,1537,1537,0,0,12.1,39,1664
back,967,1537,1537,0,0,12.1,39,1664
back,967,1537,1537,0,0,12.1,39,1664
back,968,1537,1537,0,0,12.1,39,1664
back,968,1537,1537,0,0,12.1,39,1664
back,969,1537,1537,0,0,12.1,39,1664
back,969,1537,1537,0,0,12.1,39,1664
back,970,1537,1537,0,0,12.1,39,1664
back,970,1537,1537,0,0,12.1,39,1664
back,971,1537,1537,0,0,12.1,39,1664
back,971,1537,1537,0,0,12.1,39,1664
back,972,1537,1537,0,0,12.1,39,1664
back,972,1537,1537,0,0,12.1,39,1664
back,973,1537,1537,0,0,12.1,39,1664
back,973,1537,1537,0,0,12.1,39,1664
back,974,1537,1537,0,0,12.1,39,1664
back,974,1537,1537,0,0,12.1,39,1664
back,975,1537,1537,0,0,12.1,39,1664
back,975,1537,1537,0,0,12.1,39,1664
back,976,1537,1537,0,0,12.1,39,1664
back,976,1537,1537,0,0,12.1,39,1664
back,977,1537,1537,0,0,12.1,39,1664
back,977,1537,1537,0,0,12.1,39,1664
back,978,1537,1537,0,0,12.1,39,1664
back,978,1537,1537,0,0,12.1,39,1664
back,979,1537,1537,0,0,12.1,39,1664
back,979,1537,1537,0,0,12.1,39,1664
back,979,1537,1537,0,0,12.1,39,1664
back,980,1537,1537,0,0,12.1,39,1664
back,981,1537,1537,0,0,12.1,39,1664
back,981,1537,1537,0,0,12.1,39,1664
back,982,1537,1537,0,0,12.1,39,1664
back,982,1537,1537,0,0,12.1,39,1664
back,983,1537,1537,0,0,12.1,39,1664
back,983,1537,1537,0,0,12.1,39,1664
back,984,1537,1537,0,0,12.1,39,1664
back,984,1537,1537,0,0,12.1,39,1664
back,985,1537,1537,0,0,12.1,39,1664
back,985,1537,1537,0,0,12.1,39,1664
back,986,1537,1537,0,0,12.1,39,1664
back,986,1537,1537,0,0,12.1,39,1664
back,987,1537,1537,0,0,12.1,39,1664
back,987,1537,1537,0,0,12.1,39,1664
back,988,1537,1537,0,0,12.1,39,1664
back,988,1537,1537,0,0,12.1,39,1664
back,989,1537,1537,0,0,12.1,39,1664
back,989,1537,1537,0,0,12.1,39,1664
back,990,1537,1537,0,0,12.1,39,1664
back,990,1537,1537,0,0,12.1,39,1664
back,991,1537,1537,0,0,12.1,39,1664
back,991,1537,1537,0,0,12.1,39,1664
back,992,1537,1537,0,0,12.1,39,1664
back,992,1537,1537,0,0,12.1,39,1664
back,993,1537,1537,0,0,12.1,39,1664
back,993,1537,1537,0,0,12.1,39,1664
back,994,1537,1537,0,0,12.1,39,1664
back,994,1537,1537,0,0,12.1,39,1664
back,995,1537,1537,0,0,12.1,39,1664
back,995,1537,1537,0,0,12.1,39,1664
back,996,1537,1537,0,0,12.1,39,1664
back,996,1537,1537,0,0,12.1,39,1664
back,997,1537,1537,0,0,12.1,39,1664
back,997,1537,1537,0,0,12.1,39,1664
back,998,1537,1537,0,0,12.1,39,1664
back,998,1537,1537,0,0,12.1,39,1664
back,999,1537,1537,0,0,12.1,39,1664
back,999,1537,1537,0,0,12.1,39,1664
back,1000,1537,1537,0,0,12.1,39,1664
back,1000,1537,1537,0,0,12.1,39,1664
back,1001,1537,1537,0,0,12.1,39,1664
back,1001,1537,1537,0,0,12.1,39,1664
back,1002,1537,1537,0,0,12.1,39,1664
back,1002,1537,1537,0,0,12.1,39,1664
back,1003,1537,1537,0,0,12.1,39,1664
back,1003,1537,1537,0,0,12.1,39,1664
back,1004,1537,1537,0,0,12.1,39,1664
back,1004,1537,1537,0,0,12.1,39,1664
back,1005,1537,1537,0,0,12.1,39,1664
back,1005,1537,1537,0,0,12.1,39,1664
back,1006,1537,1537,0,0,12.1,39,1664
back,1006,1537,1537,0,0,12.1,39,1664
back,1007,1537,1537,0,0,12.1,39,1664
back,1007,1537,1537,0,0,12.1,39,1664
back,1008,1537,1537,0,0,12.1,39,1664
back,1008,1537,1537,0,0,12.1,39,1664
back,1009,1537,1537,0,0,12.1,39,1664
back,1009,1537,1537,0,0,12.1,39,1664
back,1010,1537,1537,0,0,12.1,39,1664
back,1010,1537,1537,0,0,12.1,39,1664
back,1011,1537,1537,0,0,12.1,39,1664
back,1011,1537,1537,0,0,12.1,39,1664
back,1012,1537,1537,0,0,12.1,39,1664
back,1012,1537,1537,0,0,12.1,39,1664
back,1013,1537,1537,0,0,12.1,39,1664
back,1013,1537,1537,0,0,12.1,39,1664
back,1014,1537,1537,0,0,12.1,39,1664
back,1014,1537,1537,0,0,12.1,39,1664
back,1015,1537,1537,0,0,12.1,39,1664
back,1015,1537,1537,0,0,12.1,39,1664
back,1016,1537,1537,0,0,12.1,39,1664
back,1016,1537,1537,0,0,12.1,39,1664
back,1017,1537,1537,0,0,12.1,39,1664
back,1017,1537,1537,0,0,12.1,39,1664
back,1018,1537,1537,0,0,12.1,39,1664
back,1018,1537,1537,0,0,12.1,39,1664
back,1019,1537,1537,0,0,12.1,39,1664
back,1019,1537,1537,0,0,12.1,39,1664
back,1020,1537,1537,0,0,12.1,39,1664
back,1020,1537,1537,0,0,12.1,39,1664
back,1021,1537,1537,0,0,12.1,39,1664
back,1021,1537,1537,0,0,12.1,39,1664
back,1022,1537,1537,0,0,12.1,39,1664
back,1022,1537,1537,0,0,12.1,39,1664
back,1023,1537,1537,0,0,12.1,39,1664
back,1023,1537,1537,0,0,12.1,39,1664
back,1024,1537,1537,0,0,12.1,39,1664
back,1024,1537,1537,0,0,12.1,39,1664
back,1025,1537,1537,0,0,12.1,39,1664
back,1025,1537,1537,0,0,12.1,39,1664
back,1026,1537,1537,0,0,12.1,39,1664
back,1026,1537,1537,0,0,12.1,39,1664
back,1027,1537,1537,0,0,12.1,39,1664
back,1027,1537,1537,0,0,12.1,39,1664
back,1028,1537,1537,0,0,12.1,39,1664
back,1028,1537,1537,0,0,12.1,39,1664
back,1029,1537,1537,0,0,12.1,39,1664
back,1029,1537,1537,0,0,12.1,39,1664
back,1030,1537,1537,0,0,12.1,39,1664
back,1030,1537,1537,0,0,12.1,39,1664
back,1030,1537,1537,0,0,12.1,39,1664
back,1031,1537,1537,0,0,12.1,39,1664
back,1032,1537,1537,0,0,12.1,39,1664
back,1032,1537,1537,0,0,12.1,39,1664
back,1033,1537,1537,0,0,12.1,39,1664
back,1033,1537,1537,0,0,12.1,39,1664
back,1034,1537,1537,0,0,12.1,39,1664
back,1034,1537,1537,0,0,12.1,39,1664
back,1035,1537,1537,0,0,12.1,39,1664
back,1035,1537,1537,0,0,12.1,39,1664
back,1036,1537,1537,0,0,12.1,39,1664
back,1036,1537,1537,0,0,12.1,39,1664
back,1037,1537,1537,0,0,12.1,39,1664
back,1037,1537,1537,0,0,12.1,39,1664
back,1038,1537,1537,0,0,12.1,39,1664
back,1038,1537,1537,0,0,12.1,39,1664
back,1039,1537,1537,0,0,12.1,39,1664
back,1039,1537,1537,0,0,12.1,39,1664
back,1040,1537,1537,0,0,12.1,39,1664
back,1040,1537,1537,0,0,12.1,39,1664
back,1041,1537,1537,0,0,12.1,39,1664
back,1041,1537,1537,0,0,12.1,39,1664
back,1042,1537,1537,0,0,12.1,39,1664
back,1042,1537,1537,0,0,12.1,39,1664
back,1043,1537,1537,0,0,12.1,39,1664
back,1043,1537,1537,0,0,12.1,39,1664
back,1044,1537,1537,0,0,12.1,39,1664
back,1044,1537,1537,0,0,12.1,39,1664
back,1045,1537,1537,0,0,12.1,39,1664
back,1045,1537,1537,0,0,12.1,39,1664
back,1046,1537,1537,0,0,12.1,39,1664
back,1046,1537,1537,0,0,12.1,39,1664
back,1047,1537,1537,0,0,12.1,39,1664
back,1047,1537,1537,0,0,12.1,39,1664
back,1048,1537,1537,0,0,12.1,39,1664
back,1048,1537,1537,0,0,12.1,39,1664
back,1049,1537,1537,0,0,12.1,39,1664
back,1049,1537,1537,0,0,12.1,39,1664
back,1050,1537,1537,0,0,12.1,39,1664
back,1050,1537,1537,0,0,12.1,39,1664
back,1051,1537,1537,0,0,12.1,39,1664
back,1051,1537,1537,0,0,12.1,39,1664
back,1052,1537,1537,0,0,12.1,39,1664
back,1052,1537,1537,0,0,12.1,39,1664
back,1053,1537,1537,0,0,12.1,39,1664
back,1053,1537,1537,0,0,12.1,39,1664
back,1054,1537,1537,0,0,12.1,39,1664
back,1054,1537,1537,0,0,12.1,39,1664
back,1055,1537,1537,0,0,12.1,39,1664
back,1055,1537,1537,0,0,12.1,39,1664
back,1056,1537,1537,0,0,12.1,39,1664
back,1056,1537,1537,0,0,12.1,39,1664
back,1057,1537,1537,0,0,12.1,39,1664
back,1057,1537,1537,0,0,12.1,39,1664
back,1058,1537,1537,0,0,12.1,39,1664
back,1058,1537,1537,0,0,12.1,39,1664
back,1059,1537,1537,0,0,12.1,39,1664
back,1059,1537,1537,0,0,12.1,39,1664
back,1060,1537,1537,0,0,12.1,39,1664
back,1060,1537,1537,0,0,12.1,39,1664
back,1061,1537,1537,0,0,12.1,39,1664
back,1061,1537,1537,0,0,12.1,39,1664
back,1062,1537,1537,0,0,12.1,39,1664
back,1062,1537,1537,0,0,12.1,39,1664
back,1063,1537,1537,0,0,12.1,39,1664
back,1063,1537,1537,0,0,12.1,39,1664
back,1064,1537,1537,0,0,12.1,39,1664
back,1064,1537,1537,0,0,12.1,39,1664
back,1065,1537,1537,0,0,12.1,39,1664
back,1065,1537,1537,0,0,12.1,39,1664
back,1066,1537,1537,0,0,12.1,39,1664
back,1066,1537,1537,0,0,12.1,39,1664
back,1067,1537,1537,0,0,12.1,39,1664
back,1067,1537,1537,0,0,12.1,39,1664
back,1068,1537,1537,0,0,12.1,39,1664
back,1068,1537,1537,0,0,12.1,39,1664
back,1069,1537,1537,0,0,12.1,39,1664
back,1069,1537,1537,0,0,12.1,39,1664
back,1070,1537,1537,0,0,12.1,39,1664
back,1070,1537,1537,0,0,12.1,39,1664
back,1071,1537,1537,0,0,12.1,39,1664
back,1071,1537,1537,0,0,12.1,39,1664
back,1072,1537,1537,0,0,12.1,39,1664
back,1072,1537,1537,0,0,12.1,39,1664
back,1073,1537,1537,0,0,12.1,39,1664
back,1073,1537,1537,0,0,12.1,39,1664
back,1073,1537,1537,0,0,12.1,39,1664
back,1074,1537,1537,0,0,12.1,39,1664
back,1074,1537,1537,0,0,12.1,39,1664
back,1075,1537,1537,0,0,12.1,39,1664
back,1075,1537,1537,0,0,12.1,39,1664
back,1076,1537,1537,0,0,12.1,39,1664
back,1076,1537,1537,0,0,12.1,39,1664
back,1077,1537,1537,0,0,12.1,39,1664
back,1077,1537,1537,0,0,12.1,39,1664
back,1077,1537,1537,0,0,12.1,39,1664
back,1078,1537,1537,0,0,12.1,39,1664
back,1078,1537,1537,0,0,12.1,39,1664
back,1079,1537,1537,0,0,12.1,39,1664
back,1079,1537,1537,0,0,12.1,39,1664
back,1080,1537,1537,0,0,12.1,39,1664
back,1080,1537,1537,0,0,12.1,39,1664
back,1081,1537,1537,0,0,12.1,39,1664
back,1081,1537,1537,0,0,12.1,39,1664
back,1082,1537,1537,0,0,12.1,39,1664
back,1082,1537,1537,0,0,12.1,39,1664
back,1083,1537,1537,0,0,12.1,39,1664
back,1083,1537,1537,0,0,12.1,39,1664
back,1084,1537,1537,0,0,12.1,39,1664
back,1084,1537,1537,0,0,12.1,39,1664
back,1084,1537,1537,0,0,12.1,39,1664
back,1085,1537,1537,0,0,12.1,39,1664
back,1085,1537,1537,0,0,12.1,39,1664
back,1086,1537,1537,0,0,12.1,39,1664
back,1086,1537,1537,0,0,12.1,39,1664
back,1087,1537,1537,0,0,12.1,39,1664
back,1087,1537,1537,0,0,12.1,39,1664
back,1088,1537,1537,0,0,12.1,39,1664
back,1088,1537,1537,0,0,12.1,39,1664
back,1089,1537,1537,0,0,12.1,39,1664
back,1089,1537,1537,0,0,12.1,39,1664
back,1090,1537,1537,0,0,12.1,39,1664
back,1090,1537,1537,0,0,12.1,39,1664
back,1091,1537,1537,0,0,12.1,39,1664
back,1091,1537,1537,0,0,12.1,39,1664
back,1092,1537,1537,0,0,12.1,39,1664
back,1092,1537,1537,0,0,12.1,39,1664
back,1093,1537,1537,0,0,12.1,39,1664
back,1093,1537,1537,0,0,12.1,39,1664
back,1094,1537,1537,0,0,12.1,39,1664
back,1094,1537,1537,0,0,12.1,39,1664
back,1095,1537,1537,0,0,12.1,39,1664
back,1095,1537,1537,0,0,12.1,39,1664
back,1096,1537,1537,0,0,12.1,39,1664
back,1096,1537,1537,0,0,12.1,39,1664
back,1097,1537,1537,0,0,12.1,39,1664
back,1097,1537,1537,0,0,12.1,39,1664
back,1098,1537,1537,0,0,12.1,39,1664
back,1098,1537,1537,0,0,12.1,39,1664
back,1099,1537,1537,0,0,12.1,39,1664
back,1099,1537,1537,0,0,12.1,39,1664
back,1100,1537,1537,0,0,12.1,39,1664
back,1100,1537,1537,0,0,12.1,39,1664
back,1101,1537,1537,0,0,12.1,39,1664
back,1101,1537,1537,0,0,12.1,39,1664
back,1102,1537,1537,0,0,12.1,39,1664
back,1102,1537,1537,0,0,12.1,39,1664
back,1103,1537,1537,0,0,12.1,39,1664
back,1103,1537,1537,0,0,12.1,39,1664
back,1104,1537,1537,0,0,12.1,39,1664
back,1104,1537,1537,0,0,12.1,39,1664
back,1105,1537,1537,0,0,12.1,39,1664
back,1105,1537,1537,0,0,12.1,39,1664
back,1106,1537,1537,0,0,12.1,39,1664
back,1106,1537,1537,0,0,12.1,39,1664
back,1107,1537,1537,0,0,12.1,39,1664
back,1107,1537,1537,0,0,12.1,39,1664
back,1108,1537,1537,0,0,12.1,39,1664
back,1108,1537,1537,0,0,12.1,39,1664
back,1109,1537,1537,0,0,12.1,39,1664
back,1109,1537,1537,0,0,12.1,39,1664
back,1110,1537,1537,0,0,12.1,39,1664
back,1110,1537,1537,0,0,12.1,39,1664
back,1111,1537,1537,0,0,12.1,39,1664
back,1111,1537,1537,0,0,12.1,39,1664
back,1112,1537,1537,0,0,12.1,39,1664
back,1112,1537,1537,0,0,12.1,39,1664
back,1112,1537,1537,0,0,12.1,39,1664
back,1113,1537,1537,0,0,12.1,39,1664
back,1113,1537,1537,0,0,12.1,39,1664
back,1114,1537,1537,0,0,12.1,39,1664
back,1114,1537,1537,0,0,12.1,39,1664
back,1115,1537,1537,0,0,12.1,39,1664
back,1115,1537,1537,0,0,12.1,39,1664
back,1116,1537,1537,0,0,12.1,39,1664
back,1116,1537,1537,0,0,12.1,39,1664
back,1117,1537,1537,0,0,12.1,39,1664
back,1117,1537,1537,0,0,12.1,39,1664
back,1118,1537,1537,0,0,12.1,40,1664
back,1118,1537,1537,0,0,12.1,40,1664
back,1119,1537,1537,0,0,12.1,40,1664
back,1119,1537,1537,0,0,12.1,39,1664
back,1120,1537,1537,0,0,12.1,39,1664
back,1120,1537,1537,0,0,12.1,39,1664
back,1121,1537,1537,0,0,12.1,39,1664
back,1121,1537,1537,0,0,12.1,39,1664
back,1122,1537,1537,0,0,12.1,39,1664
back,1122,1537,1537,0,0,12.1,39,1664
back,1123,1537,1537,0,0,12.1,39,1664
back,1123,1537,1537,0,0,12.1,39,1664
back,1124,1537,1537,0,0,12.1,39,1664
back,1124,1537,1537,0,0,12.1,39,1664
back,1125,1537,1537,0,0,12.1,39,1664
back,1125,1537,1537,0,0,12.1,39,1664
back,1126,1537,1537,0,0,12.1,39,1664
back,1126,1537,1537,0,0,12.1,39,1664
back,1127,1537,1537,0,0,12.1,39,1664
back,1127,1537,1537,0,0,12.1,39,1664
back,1128,1537,1537,0,0,12.1,39,1664
back,1128,1537,1537,0,0,12.1,39,1664
back,1128,1537,1537,0,0,12.1,39,1664
back,1129,1537,1537,0,0,12.1,39,1664
back,1129,1537,1537,0,0,12.1,39,1664
back,1130,1537,1537,0,0,12.1,39,1664
back,1131,1537,1537,0,0,12.1,39,1664
back,1131,1537,1537,0,0,12.1,39,1664
back,1132,1537,1537,0,0,12.1,39,1664
back,1132,1537,1537,0,0,12.1,39,1664
back,1133,1537,1537,0,0,12.1,39,1664
back,1133,1537,1537,0,0,12.1,39,1664
back,1134,1537,1537,0,0,12.1,39,1664
back,1134,1537,1537,0,0,12.1,39,1664
back,1135,1537,1537,0,0,12.1,39,1664
back,1135,1537,1537,0,0,12.1,39,1664
back,1136,1537,1537,0,0,12.1,39,1664
back,1136,1537,1537,0,0,12.1,39,1664
back,1137,1537,1537,0,0,12.1,39,1664
back,1137,1537,1537,0,0,12.1,39,1664
back,1138,1537,1537,0,0,12.1,39,1664
back,1138,1537,1537,0,0,12.1,39,1664
back,1139,1537,1537,0,0,12.1,39,1664
back,1139,1537,1537,0,0,12.1,39,1664
back,1140,1537,1537,0,0,12.1,39,1664
back,1140,1537,1537,0,0,12.1,39,1664
back,1141,1537,1537,0,0,12.1,39,1664
back,1141,1537,1537,0,0,12.1,39,1664
back,1142,1537,1537,0,0,12.1,39,1664
back,1142,1537,1537,0,0,12.1,39,1664
back,1143,1537,1537,0,0,12.1,39,1664
back,1143,1537,1537,0,0,12.1,39,1664
back,1144,1537,1537,0,0,12.1,39,1664
back,1144,1537,1537,0,0,12.1,39,1664
back,1145,1537,1537,0,0,12.1,39,1664
back,1145,1537,1537,0,0,12.1,39,1664
back,1146,1537,1537,0,0,12.1,39,1664
back,1146,1537,1537,0,0,12.1,39,1664
back,1147,1537,1537,0,0,12.1,39,1664
back,1147,1537,1537,0,0,12.1,39,1664
back,1148,1537,1537,0,0,12.1,39,1664
back,1148,1537,1537,0,0,12.1,39,1664
back,1149,1537,1537,0,0,12.1,39,1664
back,1149,1537,1537,0,0,12.1,39,1664
back,1150,1537,1537,0,0,12.1,39,1664
back,1150,1537,1537,0,0,12.1,39,1664
back,1151,1537,1537,0,0,12.1,39,1664
back,1151,1537,1537,0,0,12.1,39,1664
back,1152,1537,1537,0,0,12.1,39,1664
back,1152,1537,1537,0,0,12.1,39,1664
back,1153,1537,1537,0,0,12.1,39,1664
back,1153,1537,1537,0,0,12.1,39,1664
back,1154,1537,1537,0,0,12.1,39,1664
back,1154,1537,1537,0,0,12.1,39,1664
back,1155,1537,1537,0,0,12.1,39,1664
back,1155,1537,1537,0,0,12.1,39,1664
back,1156,1537,1537,0,0,12.1,39,1664
back,1156,1537,1537,0,0,12.1,39,1664
back,1157,1537,1537,0,0,12.1,39,1664
back,1157,1537,1537,0,0,12.1,39,1664
back,1158,1537,1537,0,0,12.1,39,1664
back,1158,1537,1537,0,0,12.1,39,1664
back,1159,1537,1537,0,0,12.1,39,1664
back,1159,1537,1537,0,0,12.1,39,1664
back,1160,1537,1537,0,0,12.1,39,1664
back,1160,1537,1537,0,0,12.1,39,1664
back,1161,1537,1537,0,0,12.1,39,1664
back,1161,1537,1537,0,0,12.1,39,1664
back,1162,1537,1537,0,0,12.1,39,1664
back,1162,1537,1537,0,0,12.1,39,1664
back,1162,1537,1537,0,0,12.1,39,1664
back,1163,1537,1537,0,0,12.1,39,1664
back,1163,1537,1537,0,0,12.1,39,1664
back,1164,1537,1537,0,0,12.1,39,1664
back,1164,1537,1537,0,0,12.1,39,1664
back,1165,1537,1537,0,0,12.1,39,1664
back,1165,1537,1537,0,0,12.1,39,1664
back,1166,1537,1537,0,0,12.1,39,1664
back,1166,1537,1537,0,0,12.1,39,1664
back,1167,1537,1537,0,0,12.1,39,1664
back,1167,1537,1537,0,0,12.1,39,1664
back,1168,1537,1537,0,0,12.1,39,1664
back,1168,1537,1537,0,0,12.1,39,1664
back,1169,1537,1537,0,0,12.1,39,1664
back,1169,1537,1537,0,0,12.1,39,1664
back,1170,1537,1537,0,0,12.1,39,1664
back,1170,1537,1537,0,0,12.1,39,1664
back,1171,1537,1537,0,0,12.1,39,1664
back,1171,1537,1537,0,0,12.1,39,1664
back,1172,1537,1537,0,0,12.1,39,1664
back,1172,1537,1537,0,0,12.1,39,1664
back,1173,1537,1537,0,0,12.1,39,1664
back,1173,1537,1537,0,0,12.1,39,1664
back,1174,1537,1537,0,0,12.1,39,1664
back,1174,1537,1537,0,0,12.1,39,1664
back,1175,1537,1537,0,0,12.1,39,1664
back,1175,1537,1537,0,0,12.1,39,1664
back,1176,1537,1537,0,0,12.1,39,1664
back,1176,1537,1537,0,0,12.1,39,1664
back,1177,1537,1537,0,0,12.1,39,1664
back,1177,1537,1537,0,0,12.1,39,1664
back,1178,1537,1537,0,0,12.1,39,1664
back,1178,1537,1537,0,0,12.1,39,1664
back,1179,1537,1537,0,0,12.1,39,1664
back,1179,1537,1537,0,0,12.1,39,1664
back,1179,1537,1537,0,0,12.1,39,1664
back,1180,1537,1537,0,0,12.1,39,1664
back,1180,1537,1537,0,0,12.1,39,1664
back,1181,1537,1537,0,0,12.1,39,1664
back,1182,1537,1537,0,0,12.1,39,1664
back,1182,1537,1537,0,0,12.1,39,1664
back,1183,1537,1537,0,0,12.1,39,1664
back,1183,1537,1537,0,0,12.1,39,1664
back,1184,1537,1537,0,0,12.1,39,1664
back,1184,1537,1537,0,0,12.1,39,1664
back,1185,1537,1537,0,0,12.1,39,1664
back,1185,1537,1537,0,0,12.1,39,1664
back,1186,1537,1537,0,0,12.1,39,1664
back,1186,1537,1537,0,0,12.1,39,1664
back,1187,1537,1537,0,0,12.1,39,1664
back,1187,1537,1537,0,0,12.1,39,1664
back,1188,1537,1537,0,0,12.1,39,1664
back,1188,1537,1537,0,0,12.1,39,1664
back,1189,1537,1537,0,0,12.1,39,1664
back,1189,1537,1537,0,0,12.1,39,1664
back,1190,1537,1537,0,0,12.1,39,1664
back,1190,1537,1537,0,0,12.1,39,1664
back,1191,1537,1537,0,0,12.1,39,1664
back,1191,1537,1537,0,0,12.1,39,1664
back,1192,1537,1537,0,0,12.1,39,1664
back,1192,1537,1537,0,0,12.1,39,1664
back,1193,1537,1537,0,0,12.1,39,1664
back,1193,1537,1537,0,0,12.1,39,1664
back,1194,1537,1537,0,0,12.1,39,1664
back,1194,1537,1537,0,0,12.1,39,1664
back,1195,1537,1537,0,0,12.1,39,1664
back,1195,1537,1537,0,0,12.1,39,1664
back,1195,1537,1537,0,0,12.1,39,1664
back,1196,1537,1537,0,0,12.1,39,1664
back,1196,1537,1537,0,0,12.1,39,1664
back,1197,1537,1537,0,0,12.1,39,1664
back,1197,1537,1537,0,0,12.1,39,1664
back,1198,1537,1537,0,0,12.1,39,1664
back,1198,1537,1537,0,0,12.1,39,1664
back,1199,1537,1537,0,0,12.1,39,1664
back,1199,1537,1537,0,0,12.1,39,1664
back,1200,1537,1537,0,0,12.1,39,1664
back,1200,1537,1537,0,0,12.1,39,1664
back,1201,1537,1537,0,0,12.1,39,1664
back,1201,1537,1537,0,0,12.1,39,1664
back,1202,1537,1537,0,0,12.1,39,1664
back,1202,1537,1537,0,0,12.1,39,1664
back,1203,1537,1537,0,0,12.1,39,1664
back,1203,1537,1537,0,0,12.1,39,1664
back,1204,1537,1537,0,0,12.1,39,1664
back,1204,1537,1537,0,0,12.1,39,1664
back,1205,1537,1537,0,0,12.1,39,1664
back,1205,1537,1537,0,0,12.1,39,1664
back,1205,1537,1537,0,0,12.1,39,1664
back,1206,1537,1537,0,0,12.1,39,1664
back,1206,1537,1537,0,0,12.1,40,1664
back,1207,1537,1537,0,0,12.1,40,1664
back,1207,1537,1537,0,0,12.1,39,1664
back,1208,1537,1537,0,0,12.1,39,1664
back,1208,1537,1537,0,0,12.1,39,1664
back,1209,1537,1537,0,0,12.1,39,1664
back,1209,1537,1537,0,0,12.1,39,1664
back,1210,1537,1537,0,0,12.1,39,1664
back,1210,1537,1537,0,0,12.1,39,1664
back,1211,1537,1537,0,0,12.1,39,1664
back,1211,1537,1537,0,0,12.1,39,1664
back,1212,1537,1537,0,0,12.1,39,1664
back,1212,1537,1537,0,0,12.1,39,1664
back,1213,1537,1537,0,0,12.1,39,1664
back,1213,1537,1537,0,0,12.1,39,1664
back,1214,1537,1537,0,0,12.1,39,1664
back,1214,1537,1537,0,0,12.1,39,1664
back,1215,1537,1537,0,0,12.1,39,1664
back,1215,1537,1537,0,0,12.1,39,1664
back,1215,1537,1537,0,0,12.1,39,1664
back,1216,1537,1537,0,0,12.1,39,1664
back,1217,1537,1537,0,0,12.1,39,1664
back,1217,1537,1537,0,0,12.1,39,1664
back,1218,1537,1537,0,0,12.1,39,1664
back,1218,1537,1537,0,0,12.1,39,1664
back,1219,1537,1537,0,0,12.1,39,1664
back,1219,1537,1537,0,0,12.1,39,1664
back,1220,1537,1537,0,0,12.1,39,1664
back,1220,1537,1537,0,0,12.1,39,1664
back,1221,1537,1537,0,0,12.1,39,1664
back,1221,1537,1537,0,0,12.1,39,1664
back,1222,1537,1537,0,0,12.1,39,1664
back,1222,1537,1537,0,0,12.1,39,1664
back,1223,1537,1537,0,0,12.1,39,1664
back,1223,1537,1537,0,0,12.1,39,1664
back,1223,1537,1537,0,0,12.1,39,1664
back,1224,1537,1537,0,0,12.1,39,1664
back,1225,1537,1537,0,0,12.1,39,1664
back,1225,1537,1537,0,0,12.1,39,1664
back,1226,1537,1537,0,0,12.1,39,1664
back,1226,1537,1537,0,0,12.1,39,1664
back,1227,1537,1537,0,0,12.1,39,1664
back,1227,1537,1537,0,0,12.1,39,1664
back,1228,1537,1537,0,0,12.1,39,1664
back,1228,1537,1537,0,0,12.1,39,1664
back,1229,1537,1537,0,0,12.1,39,1664
back,1229,1537,1537,0,0,12.1,39,1664
back,1230,1537,1537,0,0,12.1,39,1664
back,1230,1537,1537,0,0,12.1,39,1664
back,1231,1537,1537,0,0,12.1,39,1664
back,1231,1537,1537,0,0,12.1,39,1664
back,1232,1537,1537,0,0,12.1,39,1664
back,1232,1537,1537,0,0,12.1,39,1664
back,1233,1537,1537,0,0,12.1,39,1664
back,1233,1537,1537,0,0,12.1,39,1664
back,1234,1537,1537,0,0,12.1,39,1664
back,1234,1537,1537,0,0,12.1,39,1664
back,1235,1537,1537,0,0,12.1,39,1664
back,1235,1537,1537,0,0,12.1,39,1664
back,1236,1537,1537,0,0,12.1,39,1664
back,1236,1537,1537,0,0,12.1,39,1664
back,1237,1537,1537,0,0,12.1,39,1664
back,1237,1537,1537,0,0,12.1,39,1664
back,1238,1537,1537,0,0,12.1,39,1664
back,1238,1537,1537,0,0,12.1,39,1664
back,1239,1537,1537,0,0,12.1,39,1664
back,1239,1537,1537,0,0,12.1,39,1664
back,1240,1537,1537,0,0,12.1,39,1664
back,1240,1537,1537,0,0,12.1,39,1664
back,1241,1537,1537,0,0,12.1,39,1664
back,1241,1537,1537,0,0,12.1,39,1664
back,1242,1537,1537,0,0,12.1,39,1664
back,1242,1537,1537,0,0,12.1,39,1664
back,1243,1537,1537,0,0,12.1,39,1664
back,1243,1537,1537,0,0,12.1,39,1664
back,1244,1537,1537,0,0,12.1,39,1664
back,1244,1537,1537,0,0,12.1,39,1664
back,1245,1537,1537,0,0,12.1,39,1664
back,1245,1537,1537,0,0,12.1,39,1664
back,1245,1537,1537,0,0,12.1,39,1664
back,1246,1537,1537,0,0,12.1,39,1664
back,1247,1537,1537,0,0,12.1,39,1664
back,1247,1537,1537,0,0,12.1,39,1664
back,1248,1537,1537,0,0,12.1,39,1664
back,1248,1537,1537,0,0,12.1,39,1664
back,1249,1537,1537,0,0,12.1,39,1664
back,1249,1537,1537,0,0,12.1,39,1664
back,1250,1537,1537,0,0,12.1,39,1664
back,1250,1537,1537,0,0,12.1,39,1664
back,1251,1537,1537,0,0,12.1,39,1664
back,1251,1537,1537,0,0,12.1,39,1664
back,1252,1537,1537,0,0,12.1,39,1664
back,1252,1537,1537,0,0,12.1,39,1664
back,1253,1537,1537,0,0,12.1,39,1664
back,1253,1537,1537,0,0,12.1,39,1664
back,1254,1537,1537,0,0,12.1,39,1664
back,1254,1537,1537,0,0,12.1,39,1664
back,1255,1537,1537,0,0,12.1,39,1664
back,1255,1537,1537,0,0,12.1,39,1664
back,1256,1537,1537,0,0,12.1,39,1664
back,1256,1537,1537,0,0,12.1,39,1664
back,1257,1537,1537,0,0,12.1,39,1664
back,1257,1537,1537,0,0,12.1,39,1664
back,1258,1537,1537,0,0,12.1,39,1664
back,1258,1537,1537,0,0,12.1,39,1664
back,1259,1537,1537,0,0,12.1,39,1664
back,1259,1537,1537,0,0,12.1,39,1664
back,1260,1537,1537,0,0,12.1,39,1664
back,1260,1537,1537,0,0,12.1,39,1664
back,1261,1537,1537,0,0,12.1,39,1664
back,1261,1537,1537,0,0,12.1,39,1664
back,1262,1537,1537,0,0,12.1,39,1664
back,1262,1537,1537,0,0,12.1,39,1664
back,1262,1537,1537,0,0,12.1,40,1664
back,1263,1537,1537,0,0,12.1,40,1664
back,1264,1537,1537,0,0,12.1,39,1664
back,1264,1537,1537,0,0,12.1,39,1664
back,1265,1537,1537,0,0,12.1,39,1664
back,1265,1537,1537,0,0,12.1,39,1664
back,1266,1537,1537,0,0,12.1,39,1664
back,1266,1537,1537,0,0,12.1,39,1664
back,1267,1537,1537,0,0,12.1,39,1664
back,1267,1537,1537,0,0,12.1,39,1664
back,1268,1537,1537,0,0,12.1,39,1664
back,1268,1537,1537,0,0,12.1,39,1664
back,1269,1537,1537,0,0,12.1,39,1664
back,1269,1537,1537,0,0,12.1,39,1664
back,1270,1537,1537,0,0,12.1,39,1664
back,1270,1537,1537,0,0,12.1,39,1664
back,1271,1537,1537,0,0,12.1,39,1664
back,1271,1537,1537,0,0,12.1,39,1664
back,1272,1537,1537,0,0,12.1,39,1664
back,1272,1537,1537,0,0,12.1,39,1664
back,1273,1537,1537,0,0,12.1,39,1664
back,1273,1537,1537,0,0,12.1,39,1664
back,1274,1537,1537,0,0,12.1,39,1664
back,1274,1537,1537,0,0,12.1,39,1664
back,1275,1537,1537,0,0,12.1,39,1664
back,1275,1537,1537,0,0,12.1,39,1664
back,1276,1537,1537,0,0,12.1,39,1664
back,1276,1537,1537,0,0,12.1,39,1664
back,1277,1537,1537,0,0,12.1,39,1664
back,1277,1537,1537,0,0,12.1,39,1664
back,1278,1537,1537,0,0,12.1,39,1664
back,1278,1537,1537,0,0,12.1,39,1664
back,1279,1537,1537,0,0,12.1,39,1664
back,1279,1537,1537,0,0,12.1,39,1664
back,1280,1537,1537,0,0,12.1,39,1664
back,1280,1537,1537,0,0,12.1,39,1664
back,1281,1537,1537,0,0,12.1,39,1664
back,1281,1537,1537,0,0,12.1,39,1664
back,1282,1537,1537,0,0,12.1,39,1664
back,1282,1537,1537,0,0,12.1,39,1664
back,1283,1537,1537,0,0,12.1,39,1664
back,1283,1537,1537,0,0,12.1,39,1664
back,1284,1537,1537,0,0,12.1,39,1664
back,1284,1537,1537,0,0,12.1,39,1664
back,1285,1537,1537,0,0,12.1,39,1664
back,1285,1537,1537,0,0,12.1,39,1664
back,1286,1537,1537,0,0,12.1,39,1664
back,1286,1537,1537,0,0,12.1,39,1664
back,1287,1537,1537,0,0,12.1,39,1664
back,1287,1537,1537,0,0,12.1,39,1664
back,1288,1537,1537,0,0,12.1,39,1664
back,1288,1537,1537,0,0,12.1,39,1664
back,1289,1537,1537,0,0,12.1,39,1664
back,1289,1537,1537,0,0,12.1,39,1664
back,1290,1537,1537,0,0,12.1,39,1664
back,1290,1537,1537,0,0,12.1,39,1664
back,1291,1537,1537,0,0,12.1,39,1664
back,1291,1537,1537,0,0,12.1,39,1664
back,1292,1537,1537,0,0,12.1,39,1664
back,1292,1537,1537,0,0,12.1,39,1664
back,1293,1537,1537,0,0,12.1,39,1664
back,1293,1537,1537,0,0,12.1,39,1664
back,1294,1537,1537,0,0,12.1,39,1664
back,1294,1537,1537,0,0,12.1,39,1664
back,1295,1537,1537,0,0,12.1,39,1664
back,1295,1537,1537,0,0,12.1,39,1664
back,1296,1537,1537,0,0,12.1,39,1664
back,1296,1537,1537,0,0,12.1,39,1664
back,1296,1537,1537,0,0,12.1,39,1664
back,1297,1537,1537,0,0,12.1,39,1664
back,1298,1537,1537,0,0,12.1,39,1664
back,1298,1537,1537,0,0,12.1,39,1664
back,1299,1537,1537,0,0,12.1,39,1664
back,1299,1537,1537,0,0,12.1,39,1664
back,1300,1537,1537,0,0,12.1,39,1664
back,1300,1537,1537,0,0,12.1,39,1664
back,1301,1537,1537,0,0,12.1,39,1664
back,1301,1537,1537,0,0,12.1,39,1664
back,1302,1537,1537,0,0,12.1,39,1664
back,1302,1537,1537,0,0,12.1,39,1664
back,1303,1537,1537,0,0,12.1,39,1664
back,1303,1537,1537,0,0,12.1,39,1664
back,1304,1537,1537,0,0,12.1,39,1664
back,1304,1537,1537,0,0,12.1,39,1664
back,1305,1537,1537,0,0,12.1,39,1664
back,1305,1537,1537,0,0,12.1,39,1664
back,1306,1537,1537,0,0,12.1,39,1664
back,1306,1537,1537,0,0,12.1,39,1664
back,1307,1537,1537,0,0,12.1,39,1664
back,1307,1537,1537,0,0,12.1,39,1664
back,1308,1537,1537,0,0,12.1,39,1664
back,1308,1537,1537,0,0,12.1,39,1664
back,1309,1537,1537,0,0,12.1,39,1664
back,1309,1537,1537,0,0,12.1,39,1664
back,1310,1537,1537,0,0,12.1,39,1664
back,1310,1537,1537,0,0,12.1,39,1664
back,1311,1537,1537,0,0,12.1,39,1664
back,1311,1537,1537,0,0,12.1,39,1664
back,1312,1537,1537,0,0,12.1,39,1664
back,1312,1537,1537,0,0,12.1,39,1664
back,1313,1537,1537,0,0,12.1,39,1664
back,1313,1537,1537,0,0,12.1,39,1664
back,1314,1537,1537,0,0,12.1,39,1664
back,1314,1537,1537,0,0,12.1,39,1664
back,1315,1537,1537,0,0,12.1,39,1664
back,1315,1537,1537,0,0,12.1,39,1664
back,1316,1537,1537,0,0,12.1,39,1664
back,1316,1537,1537,0,0,12.1,39,1664
back,1317,1537,1537,0,0,12.1,39,1664
back,1317,1537,1537,0,0,12.1,39,1664
back,1318,1537,1537,0,0,12.1,39,1664
back,1318,1537,1537,0,0,12.1,39,1664
back,1319,1537,1537,0,0,12.1,39,1664
back,1319,1537,1537,0,0,12.1,39,1664
back,1320,1537,1537,0,0,12.1,39,1664
back,1320,1537,1537,0,0,12.1,39,1664
back,1321,1537,1537,0,0,12.1,39,1664
back,1321,1537,1537,0,0,12.1,39,1664
back,1322,1537,1537,0,0,12.1,39,1664
back,1322,1537,1537,0,0,12.1,39,1664
back,1323,1537,1537,0,0,12.1,39,1664
back,1323,1537,1537,0,0,12.1,39,1664
back,1324,1537,1537,0,0,12.1,39,1664
back,1324,1537,1537,0,0,12.1,39,1664
back,1325,1537,1537,0,0,12.1,39,1664
back,1325,1537,1537,0,0,12.1,39,1664
back,1325,1537,1537,0,0,12.1,39,1664
back,1326,1537,1537,0,0,12.1,39,1664
back,1326,1537,1537,0,0,12.1,39,1664
back,1327,1537,1537,0,0,12.1,39,1664
back,1327,1537,1537,0,0,12.1,39,1664
back,1328,1537,1537,0,0,12.1,39,1664
back,1328,1537,1537,0,0,12.1,39,1664
back,1329,1537,1537,0,0,12.1,39,1664
back,1329,1537,1537,0,0,12.1,39,1664
back,1330,1537,1537,0,0,12.1,39,1664
back,1330,1537,1537,0,0,12.1,39,1664
back,1331,1537,1537,0,0,12.1,39,1664
back,1331,1537,1537,0,0,12.1,39,1664
back,1331,1537,1537,0,0,12.1,39,1664
back,1332,1537,1537,0,0,12.1,39,1664
back,1332,1537,1537,0,0,12.1,39,1664
back,1333,1537,1537,0,0,12.1,39,1664
back,1333,1537,1537,0,0,12.1,39,1664
back,1334,1537,1537,0,0,12.1,39,1664
back,1334,1537,1537,0,0,12.1,39,1664
back,1335,1537,1537,0,0,12.1,39,1664
back,1335,1537,1537,0,0,12.1,39,1664
back,1336,1537,1537,0,0,12.1,39,1664
back,1336,1537,1537,0,0,12.1,39,1664
back,1337,1537,1537,0,0,12.1,39,1664
back,1337,1537,1537,0,0,12.1,39,1664
back,1338,1537,1537,0,0,12.1,39,1664
back,1338,1537,1537,0,0,12.1,39,1664
back,1339,1537,1537,0,0,12.1,39,1664
back,1339,1537,1537,0,0,12.1,39,1664
back,1340,1537,1537,0,0,12.1,39,1664
back,1340,1537,1537,0,0,12.1,39,1664
back,1340,1537,1537,0,0,12.1,39,1664
back,1341,1537,1537,0,0,12.1,39,1664
back,1342,1537,1537,0,0,12.1,39,1664
back,1342,1537,1537,0,0,12.1,39,1664
back,1343,1537,1537,0,0,12.1,39,1664
back,1343,1537,1537,0,0,12.1,39,1664
back,1344,1537,1537,0,0,12.1,39,1664
back,1344,1537,1537,0,0,12.1,39,1664
back,1345,1537,1537,0,0,12.1,39,1664
back,1345,1537,1537,0,0,12.1,39,1664
back,1346,1537,1537,0,0,12.1,39,1664
back,1346,1537,1537,0,0,12.1,39,1664
back,1347,1537,1537,0,0,12.1,39,1664
back,1347,1537,1537,0,0,12.1,39,1664
back,1348,1537,1537,0,0,12.1,39,1664
back,1348,1537,1537,0,0,12.1,39,1664
back,1349,1537,1537,0,0,12.1,39,1664
back,1349,1537,1537,0,0,12.1,39,1664
back,1350,1537,1537,0,0,12.1,39,1664
back,1350,1537,1537,0,0,12.1,39,1664
back,1351,1537,1537,0,0,12.1,39,1664
back,1351,1537,1537,0,0,12.1,39,1664
back,1352,1537,1537,0,0,12.1,39,1664
back,1352,1537,1537,0,0,12.1,39,1664
back,1353,1537,1537,0,0,12.1,39,1664
back,1353,1537,1537,0,0,12.1,39,1664
back,1354,1537,1537,0,0,12.1,39,1664
back,1354,1537,1537,0,0,12.1,39,1664
back,1355,1537,1537,0,0,12.1,39,1664
back,1355,1537,1537,0,0,12.1,39,1664
back,1356,1537,1537,0,0,12.1,39,1664
back,1356,1537,1537,0,0,12.1,39,1664
back,1357,1537,1537,0,0,12.1,39,1664
back,1357,1537,1537,0,0,12.1,39,1664
back,1358,1537,1537,0,0,12.1,39,1664
back,1358,1537,1537,0,0,12.1,39,1664
back,1359,1537,1537,0,0,12.1,39,1664
back,1359,1537,1537,0,0,12.1,39,1664
back,1360,1537,1537,0,0,12.1,39,1664
back,1360,1537,1537,0,0,12.1,39,1664
back,1361,1537,1537,0,0,12.1,39,1664
back,1361,1537,1537,0,0,12.1,39,1664
back,1362,1537,1537,0,0,12.1,39,1664
back,1362,1537,1537,0,0,12.1,39,1664
back,1363,1537,1537,0,0,12.1,39,1664
back,1363,1537,1537,0,0,12.1,39,1664
back,1364,1537,1537,0,0,12.1,39,1664
back,1364,1537,1537,0,0,12.1,39,1664
back,1365,1537,1537,0,0,12.1,39,1664
back,1365,1537,1537,0,0,12.1,39,1664
back,1366,1537,1537,0,0,12.1,39,1664
back,1366,1537,1537,0,0,12.1,39,1664
back,1367,1537,1537,0,0,12.1,39,1664
back,1367,1537,1537,0,0,12.1,39,1664
back,1368,1537,1537,0,0,12.1,39,1664
back,1368,1537,1537,0,0,12.1,39,1664
back,1369,1537,1537,0,0,12.1,39,1664
back,1369,1537,1537,0,0,12.2,39,1664
back,1370,1537,1537,0,0,12.2,39,1664
back,1370,1537,1537,0,0,12.1,39,1664
back,1371,1537,1537,0,0,12.1,39,1664
back,1371,1537,1537,0,0,12.1,39,1664
back,1372,1537,1537,0,0,12.1,39,1664
back,1372,1537,1537,0,0,12.1,39,1664
back,1373,1537,1537,0,0,12.1,39,1664
back,1373,1537,1537,0,0,12.1,39,1664
back,1374,1537,1537,0,0,12.1,39,1664
back,1374,1537,1537,0,0,12.1,39,1664
back,1375,1537,1537,0,0,12.1,39,1664
back,1375,1537,1537,0,0,12.1,39,1664
back,1376,1537,1537,0,0,12.1,39,1664
back,1376,1537,1537,0,0,12.1,39,1664
back,1377,1537,1537,0,0,12.1,39,1664
back,1377,1537,1537,0,0,12.1,39,1664
back,1378,1537,1537,0,0,12.1,39,1664
back,1378,1537,1537,0,0,12.1,39,1664
back,1379,1537,1537,0,0,12.1,39,1664
back,1379,1537,1537,0,0,12.1,39,1664
back,1379,1537,1537,0,0,12.1,39,1664
back,1380,1537,1537,0,0,12.1,39,1664
back,1380,1537,1537,0,0,12.1,39,1664
back,1381,1537,1537,0,0,12.1,39,1664
back,1381,1537,1537,0,0,12.1,39,1664
back,1382,1537,1537,0,0,12.1,39,1664
back,1382,1537,1537,0,0,12.1,39,1664
back,1383,1537,1537,0,0,12.1,39,1664
back,1383,1537,1537,0,0,12.1,39,1664
back,1384,1537,1537,0,0,12.1,39,1664
back,1384,1537,1537,0,0,12.1,39,1664
back,1385,1537,1537,0,0,12.1,39,1664
back,1385,1537,1537,0,0,12.1,39,1664
back,1386,1537,1537,0,0,12.1,39,1664
back,1386,1537,1537,0,0,12.1,39,1664
back,1387,1537,1537,0,0,12.1,39,1664
back,1387,1537,1537,0,0,12.1,39,1664
back,1388,1537,1537,0,0,12.1,39,1664
back,1388,1537,1537,0,0,12.1,39,1664
back,1388,1537,1537,0,0,12.1,39,1664
back,1389,1537,1537,0,0,12.1,39,1664
back,1390,1537,1537,0,0,12.1,39,1664
back,1390,1537,1537,0,0,12.1,39,1664
back,1391,1537,1537,0,0,12.1,39,1664
back,1391,1537,1537,0,0,12.1,39,1664
back,1392,1537,1537,0,0,12.1,39,1664
back,1392,1537,1537,0,0,12.1,39,1664
back,1393,1537,1537,0,0,12.1,39,1664
back,1393,1537,1537,0,0,12.1,39,1664
back,1394,1537,1537,0,0,12.1,39,1664
back,1394,1537,1537,0,0,12.1,39,1664
back,1395,1537,1537,0,0,12.1,39,1664
back,1395,1537,1537,0,0,12.1,39,1664
back,1396,1537,1537,0,0,12.1,39,1664
back,1396,1537,1537,0,0,12.1,39,1664
back,1397,1537,1537,0,0,12.1,39,1664
back,1397,1537,1537,0,0,12.1,39,1664
back,1398,1537,1537,0,0,12.1,39,1664
back,1398,1537,1537,0,0,12.1,39,1664
back,1399,1537,1537,0,0,12.1,39,1664
back,1399,1537,1537,0,0,12.1,39,1664
back,1399,1537,1537,0,0,12.1,39,1664
back,1400,1537,1537,0,0,12.1,39,1664
back,1401,1537,1537,0,0,12.1,39,1664
back,1401,1537,1537,0,0,12.1,39,1664
back,1402,1537,1537,0,0,12.1,39,1664
back,1402,1537,1537,0,0,12.1,39,1664
back,1403,1537,1537,0,0,12.1,39,1664
back,1403,1537,1537,0,0,12.1,39,1664
back,1404,1537,1537,0,0,12.1,39,1664
back,1404,1537,1537,0,0,12.1,39,1664
back,1405,1537,1537,0,0,12.1,39,1664
back,1405,1537,1537,0,0,12.1,39,1664
back,1406,1537,1537,0,0,12.1,39,1664
back,1406,1537,1537,0,0,12.1,39,1664
back,1407,1537,1537,0,0,12.1,39,1664
back,1407,1537,1537,0,0,12.1,39,1664
back,1407,1537,1537,0,0,12.1,39,1664
back,1408,1537,1537,0,0,12.1,39,1664
back,1408,1537,1537,0,0,12.1,39,1664
back,1409,1537,1537,0,0,12.1,39,1664
back,1410,1537,1537,0,0,12.1,39,1664
back,1410,1537,1537,0,0,12.1,39,1664
back,1411,1537,1537,0,0,12.1,39,1664
back,1411,1537,1537,0,0,12.1,39,1664
back,1412,1537,1537,0,0,12.1,39,1664
back,1412,1537,1537,0,0,12.1,39,1664
back,1412,1537,1537,0,0,12.1,39,1664
back,1413,1537,1537,0,0,12.1,39,1664
back,1414,1537,1537,0,0,12.1,39,1664
back,1414,1537,1537,0,0,12.1,39,1664
back,1415,1537,1537,0,0,12.1,39,1664
back,1415,1537,1537,0,0,12.1,39,1664
back,1416,1537,1537,0,0,12.1,39,1664
back,1416,1537,1537,0,0,12.1,39,1664
back,1417,1537,1537,0,0,12.1,39,1664
back,1417,1537,1537,0,0,12.1,39,1664
back,1418,1537,1537,0,0,12.1,39,1664
back,1418,1537,1537,0,0,12.1,39,1664
back,1419,1537,1537,0,0,12.1,39,1664
back,1419,1537,1537,0,0,12.1,39,1664
back,1420,1537,1537,0,0,12.1,39,1664
back,1420,1537,1537,0,0,12.1,39,1664
back,1421,1537,1537,0,0,12.1,39,1664
back,1421,1537,1537,0,0,12.1,39,1664
back,1422,1537,1537,0,0,12.1,39,1664
back,1422,1537,1537,0,0,12.1,39,1664
back,1423,1537,1537,0,0,12.1,39,1664
back,1423,1537,1537,0,0,12.1,39,1664
back,1424,1537,1537,0,0,12.1,39,1664
back,1424,1537,1537,0,0,12.1,39,1664
back,1425,1537,1537,0,0,12.1,39,1664
back,1425,1537,1537,0,0,12.1,39,1664
back,1426,1537,1537,0,0,12.1,39,1664
back,1426,1537,1537,0,0,12.1,39,1664
back,1427,1537,1537,0,0,12.1,39,1664
back,1427,1537,1537,0,0,12.1,39,1664
back,1428,1537,1537,0,0,12.1,39,1664
back,1428,1537,1537,0,0,12.1,39,1664
back,1429,1537,1537,0,0,12.1,39,1664
back,1429,1537,1537,0,0,12.1,39,1664
back,1430,1537,1537,0,0,12.1,39,1664
back,1430,1537,1537,0,0,12.1,39,1664
back,1431,1537,1537,0,0,12.1,39,1664
back,1431,1537,1537,0,0,12.1,39,1664
back,1432,1537,1537,0,0,12.1,39,1664
back,1432,1537,1537,0,0,12.1,39,1664
back,1433,1537,1537,0,0,12.1,39,1664
back,1433,1537,1537,0,0,12.1,39,1664
back,1434,1537,1537,0,0,12.1,39,1664
back,1434,1537,1537,0,0,12.1,39,1664
back,1435,1537,1537,0,0,12.1,39,1664
back,1435,1537,1537,0,0,12.1,39,1664
back,1436,1537,1537,0,0,12.1,39,1664
back,1436,1537,1537,0,0,12.1,39,1664
back,1437,1537,1537,0,0,12.1,39,1664
back,1437,1537,1537,0,0,12.1,39,1664
back,1438,1537,1537,0,0,12.1,39,1664
back,1438,1537,1537,0,0,12.1,39,1664
back,1439,1537,1537,0,0,12.1,39,1664
back,1439,1537,1537,0,0,12.1,39,1664
back,1440,1537,1537,0,0,12.1,39,1664
back,1440,1537,1537,0,0,12.1,39,1664
back,1441,1537,1537,0,0,12.1,39,1664
back,1441,1537,1537,0,0,12.1,39,1664
back,1442,1537,1537,0,0,12.1,39,1664
back,1442,1537,1537,0,0,12.1,39,1664
back,1443,1537,1537,0,0,12.1,39,1664
back,1443,1537,1537,0,0,12.1,39,1664
back,1444,1537,1537,0,0,12.1,39,1664
back,1444,1537,1537,0,0,12.1,39,1664
back,1445,1537,1537,0,0,12.1,39,1664
back,1445,1537,1537,0,0,12.1,39,1664
back,1446,1537,1537,0,0,12.1,39,1664
back,1446,1537,1537,0,0,12.1,39,1664
back,1447,1537,1537,0,0,12.1,39,1664
back,1447,1537,1537,0,0,12.1,39,1664
back,1448,1537,1537,0,0,12.1,39,1664
back,1448,1537,1537,0,0,12.1,39,1664
back,1449,1537,1537,0,0,12.1,39,1664
back,1449,1537,1537,0,0,12.1,39,1664
back,1450,1537,1537,0,0,12.1,39,1664
back,1450,1537,1537,0,0,12.1,39,1664
back,1451,1537,1537,0,0,12.1,40,1664
back,1451,1537,1537,0,0,12.1,40,1664
back,1452,1537,1537,0,0,12.1,39,1664
back,1452,1537,1537,0,0,12.1,39,1664
back,1453,1537,1537,0,0,12.1,39,1664
back,1453,1537,1537,0,0,12.1,39,1664
back,1454,1537,1537,0,0,12.1,39,1664
back,1454,1537,1537,0,0,12.1,39,1664
back,1455,1537,1537,0,0,12.1,39,1664
back,1455,1537,1537,0,0,12.1,39,1664
back,1456,1537,1537,0,0,12.1,39,1664
back,1456,1537,1537,0,0,12.1,39,1664
back,1457,1537,1537,0,0,12.1,39,1664
back,1457,1537,1537,0,0,12.1,39,1664
back,1458,1537,1537,0,0,12.1,39,1664
back,1458,1537,1537,0,0,12.1,39,1664
back,1459,1537,1537,0,0,12.1,39,1664
back,1459,1537,1537,0,0,12.1,39,1664
back,1460,1537,1537,0,0,12.1,39,1664
back,1460,1537,1537,0,0,12.1,39,1664
back,1461,1537,1537,0,0,12.1,39,1664
back,1461,1537,1537,0,0,12.1,39,1664
back,1462,1537,1537,0,0,12.1,39,1664
back,1462,1537,1537,0,0,12.1,39,1664
back,1462,1537,1537,0,0,12.1,39,1664
back,1463,1537,1537,0,0,12.1,39,1664
back,1464,1537,1537,0,0,12.1,39,1664
back,1464,1537,1537,0,0,12.1,39,1664
back,1465,1537,1537,0,0,12.1,39,1664
back,1465,1537,1537,0,0,12.1,39,1664
back,1466,1537,1537,0,0,12.1,39,1664
back,1466,1537,1537,0,0,12.1,39,1664
back,1467,1537,1537,0,0,12.1,39,1664
back,1467,1537,1537,0,0,12.1,39,1664
back,1468,1537,1537,0,0,12.1,39,1664
back,1468,1537,1537,0,0,12.1,39,1664
back,1469,1537,1537,0,0,12.1,39,1664
back,1469,1537,1537,0,0,12.1,39,1664
back,1470,1537,1537,0,0,12.1,39,1664
back,1470,1537,1537,0,0,12.1,39,1664
back,1471,1537,1537,0,0,12.1,39,1664
back,1471,1537,1537,0,0,12.1,39,1664
back,1472,1537,1537,0,0,12.1,39,1664
back,1472,1537,1537,0,0,12.1,39,1664
back,1473,1537,1537,0,0,12.1,39,1664
back,1473,1537,1537,0,0,12.1,39,1664
back,1473,1537,1537,0,0,12.1,39,1664
back,1474,1537,1537,0,0,12.1,39,1664
back,1475,1537,1537,0,0,12.1,39,1664
back,1475,1537,1537,0,0,12.1,39,1664
back,1476,1537,1537,0,0,12.1,39,1664
back,1476,1537,1537,0,0,12.1,39,1664
back,1477,1537,1537,0,0,12.1,39,1664
back,1477,1537,1537,0,0,12.1,39,1664
back,1478,1537,1537,0,0,12.1,39,1664
back,1478,1537,1537,0,0,12.1,39,1664
back,1479,1537,1537,0,0,12.1,39,1664
back,1479,1537,1537,0,0,12.1,39,1664
back,1480,1537,1537,0,0,12.1,39,1664
back,1480,1537,1537,0,0,12.1,39,1664
back,1480,1537,1537,0,0,12.1,39,1664
back,1481,1537,1537,0,0,12.1,39,1664
back,1481,1537,1537,0,0,12.1,39,1664
back,1482,1537,1537,0,0,12.1,39,1664
back,1482,1537,1537,0,0,12.1,39,1664
back,1483,1537,1537,0,0,12.1,39,1664
back,1484,1537,1537,0,0,12.1,39,1664
back,1484,1537,1537,0,0,12.1,39,1664
back,1485,1537,1537,0,0,12.1,39,1664
back,1485,1537,1537,0,0,12.1,39,1664
back,1486,1537,1537,0,0,12.1,39,1664
back,1486,1537,1537,0,0,12.1,39,1664
back,1487,1537,1537,0,0,12.1,39,1664
back,1487,1537,1537,0,0,12.1,39,1664
back,1488,1537,1537,0,0,12.1,39,1664
back,1488,1537,1537,0,0,12.1,39,1664
back,1489,1537,1537,0,0,12.1,39,1664
back,1489,1537,1537,0,0,12.1,39,1664
back,1490,1537,1537,0,0,12.1,39,1664
back,1490,1537,1537,0,0,12.1,39,1664
back,1491,1537,1537,0,0,12.1,39,1664
back,1491,1537,1537,0,0,12.1,39,1664
back,1492,1537,1537,0,0,12.1,39,1664
back,1492,1537,1537,0,0,12.1,39,1664
back,1493,1537,1537,0,0,12.1,39,1664
back,1493,1537,1537,0,0,12.1,39,1664
back,1494,1537,1537,0,0,12.1,39,1664
back,1494,1537,1537,0,0,12.1,39,1664
back,1495,1537,1537,0,0,12.1,39,1664
back,1495,1537,1537,0,0,12.1,39,1664
back,1496,1537,1537,0,0,12.1,39,1664
back,1496,1537,1537,0,0,12.1,39,1664
back,1496,1537,1537,0,0,12.1,39,1664
back,1497,1537,1537,0,0,12.1,39,1664
back,1498,1537,1537,0,0,12.1,39,1664
back,1498,1537,1537,0,0,12.1,39,1664
back,1499,1537,1537,0,0,12.1,39,1664
back,1499,1537,1537,0,0,12.1,39,1664
back,1500,1537,1537,0,0,12.1,39,1664
back,1500,1537,1537,0,0,12.1,39,1664
back,1501,1537,1537,0,0,12.1,39,1664
back,1501,1537,1537,0,0,12.1,39,1664
back,1501,1537,1537,0,0,12.1,39,1664
back,1502,1537,1537,0,0,12.1,39,1664
back,1503,1537,1537,0,0,12.1,39,1664
back,1503,1537,1537,0,0,12.1,39,1664
back,1504,1537,1537,0,0,12.1,39,1664
back,1504,1537,1537,0,0,12.1,39,1664
back,1505,1537,1537,0,0,12.1,39,1664
back,1505,1537,1537,0,0,12.1,39,1664
back,1506,1537,1537,0,0,12.1,39,1664
back,1506,1537,1537,0,0,12.1,39,1664
back,1507,1537,1537,0,0,12.1,39,1664
back,1507,1537,1537,0,0,12.1,39,1664
back,1508,1537,1537,0,0,12.1,39,1664
back,1508,1537,1537,0,0,12.1,39,1664
back,1509,1537,1537,0,0,12.1,39,1664
back,1509,1537,1537,0,0,12.1,39,1664
back,1510,1537,1537,0,0,12.1,39,1664
back,1510,1537,1537,0,0,12.1,39,1664
back,1511,1537,1537,0,0,12.1,39,1664
back,1511,1537,1537,0,0,12.1,39,1664
back,1512,1537,1537,0,0,12.1,39,1664
back,1512,1537,1537,0,0,12.1,39,1664
back,1513,1537,1537,0,0,12.1,39,1664
back,1513,1537,1537,0,0,12.1,39,1664
back,1514,1537,1537,0,0,12.1,39,1664
back,1514,1537,1537,0,0,12.1,39,1664
back,1515,1537,1537,0,0,12.1,39,1664
back,1515,1537,1537,0,0,12.1,39,1664
back,1516,1537,1537,0,0,12.1,39,1664
back,1516,1537,1537,0,0,12.1,39,1664
back,1517,1537,1537,0,0,12.1,39,1664
back,1517,1537,1537,0,0,12.1,39,1664
back,1518,1537,1537,0,0,12.1,39,1664
back,1518,1537,1537,0,0,12.1,39,1664
back,1519,1537,1537,0,0,12.1,39,1664
back,1519,1537,1537,0,0,12.1,39,1664
back,1520,1537,1537,0,0,12.1,39,1664
back,1520,1537,1537,0,0,12.1,39,1664
back,1521,1537,1537,0,0,12.1,39,1664
back,1521,1537,1537,0,0,12.1,39,1664
back,1522,1537,1537,0,0,12.1,39,1664
back,1522,1537,1537,0,0,12.1,39,1664
back,1523,1537,1537,0,0,12.1,39,1664
back,1523,1537,1537,0,0,12.1,39,1664
back,1524,1537,1537,0,0,12.1,39,1664
back,1524,1537,1537,0,0,12.1,39,1664
back,1525,1537,1537,0,0,12.1,39,1664
back,1525,1537,1537,0,0,12.1,39,1664
back,1526,1537,1537,0,0,12.1,39,1664
back,1526,1537,1537,0,0,12.1,39,1664
back,1527,1537,1537,0,0,12.1,39,1664
back,1527,1537,1537,0,0,12.1,39,1664
back,1528,1537,1537,0,0,12.1,39,1664
back,1528,1537,1537,0,0,12.1,39,1664
back,1529,1537,1537,0,0,12.1,39,1664
back,1529,1537,1537,0,0,12.1,39,1664
back,1530,1537,1537,0,0,12.1,39,1664
back,1530,1537,1537,0,0,12.1,39,1664
back,1531,1537,1537,0,0,12.1,39,1664
back,1531,1537,1537,0,0,12.1,39,1664
back,1532,1537,1537,0,0,12.1,39,1664
back,1532,1537,1537,0,0,12.1,39,1664
back,1533,1537,1537,0,0,12.1,39,1664
back,1533,1537,1537,0,0,12.1,39,1664
back,1534,1537,1537,0,0,12.1,39,1664
back,1534,1537,1537,0,0,12.1,39,1664
back,1535,1537,1537,0,0,12.1,39,1664
back,1535,1537,1537,0,0,12.1,39,1664
back,1536,1537,1537,0,0,12.1,39,1664
back,1536,1537,1537,0,0,12.1,39,1664
back,1537,1537,1537,0,0,12.1,39,1664
back,1537,1537,1537,0,0,12.1,39,1664
back,1537,1537,1537,0,0,12.1,39,1664
back,1538,1537,1537,0,0,12.1,39,1664
back,1539,1537,1537,0,0,12.1,39,1664
back,1539,1537,1537,0,0,12.1,39,1664
back,1540,1537,1537,0,0,12.1,39,1664
back,1540,1537,1537,0,0,12.1,39,1664
back,1541,1537,1537,0,0,12.1,39,1664
back,1541,1537,1537,0,0,12.1,39,1664
back,1542,1537,1537,0,0,12.1,39,1664
back,1542,1537,1537,0,0,12.1,39,1664
back,1543,1537,1537,0,0,12.1,39,1664
back,1543,1537,1537,0,0,12.1,39,1664
back,1544,1537,1537,0,0,12.1,39,1664
back,1544,1537,1537,0,0,12.1,39,1664
back,1544,1537,1537,0,0,12.1,39,1664
back,1545,1537,1537,0,0,12.1,39,1664
back,1546,1537,1537,0,0,12.1,39,1664
back,1546,1537,1537,0,0,12.1,39,1664
back,1547,1537,1537,0,0,12.1,39,1664
back,1547,1537,1537,0,0,12.1,39,1664
back,1548,1537,1537,0,0,12.1,39,1664
back,1548,1537,1537,0,0,12.1,39,1664
back,1549,1537,1537,0,0,12.1,39,1664
back,1549,1537,1537,0,0,12.1,39,1664
back,1549,1537,1537,0,0,12.0,39,1664
back,1550,1537,1537,0,0,12.0,39,1664
back,1551,1537,1537,0,0,12.1,39,1664
back,1551,1537,1537,0,0,12.1,39,1664
back,1552,1537,1537,0,0,12.1,39,1664
back,1552,1537,1537,0,0,12.1,39,1664
back,1553,1537,1537,0,0,12.1,39,1664
back,1553,1537,1537,0,0,12.1,39,1664
back,1554,1537,1537,0,0,12.1,39,1664
back,1554,1537,1537,0,0,12.1,39,1664
back,1555,1537,1537,0,0,12.1,39,1664
back,1555,1537,1537,0,0,12.1,39,1664
back,1556,1537,1537,0,0,12.1,39,1664
back,1556,1537,1537,0,0,12.1,39,1664
back,1557,1537,1537,0,0,12.1,39,1664
back,1557,1537,1537,0,0,12.1,39,1664
back,1558,1537,1537,0,0,12.1,39,1664
back,1558,1537,1537,0,0,12.1,39,1664
back,1559,1537,1537,0,0,12.1,39,1664
back,1559,1537,1537,0,0,12.1,39,1664
back,1559,1537,1537,0,0,12.1,39,1664
back,1560,1537,1537,0,0,12.1,39,1664
back,1561,1537,1537,0,0,12.1,39,1664
back,1561,1537,1537,0,0,12.1,39,1664
back,1561,1537,1537,0,0,12.1,39,1664
back,1562,1537,1537,0,0,12.1,39,1664
back,1562,1537,1537,0,0,12.1,39,1664
back,1563,1537,1537,0,0,12.1,39,1664
back,1563,1537,1537,0,0,12.1,39,1664
back,1564,1537,1537,0,0,12.1,39,1664
back,1564,1537,1537,0,0,12.1,39,1664
back,1565,1537,1537,0,0,12.1,39,1664
back,1565,1537,1537,0,0,12.1,39,1664
back,1566,1537,1537,0,0,12.1,39,1664
back,1567,1537,1537,0,0,12.1,39,1664
back,1567,1537,1537,0,0,12.1,39,1664
back,1568,1537,1537,0,0,12.1,39,1664
back,1568,1537,1537,0,0,12.1,39,1664
back,1568,1537,1537,0,0,12.1,39,1664
back,1569,1537,1537,0,0,12.1,39,1664
back,1570,1537,1537,0,0,12.1,39,1664
back,1570,1537,1537,0,0,12.1,39,1664
back,1571,1537,1537,0,0,12.1,39,1664
back,1571,1537,1537,0,0,12.1,39,1664
back,1572,1537,1537,0,0,12.1,39,1664
back,1572,1537,1537,0,0,12.1,39,1664
back,1573,1537,1537,0,0,12.1,39,1664
back,1573,1537,1537,0,0,12.1,39,1664
back,1574,1537,1537,0,0,12.1,39,1664
back,1574,1537,1537,0,0,12.1,39,1664
back,1575,1537,1537,0,0,12.1,39,1664
back,1575,1537,1537,0,0,12.1,39,1664
back,1576,1537,1537,0,0,12.1,39,1664
back,1576,1537,1537,0,0,12.1,39,1664
back,1577,1537,1537,0,0,12.1,39,1664
back,1577,1537,1537,0,0,12.1,39,1664
back,1578,1537,1537,0,0,12.1,39,1664
back,1578,1537,1537,0,0,12.1,39,1664
back,1579,1537,1537,0,0,12.1,39,1664
back,1579,1537,1537,0,0,12.1,39,1664
back,1579,1537,1537,0,0,12.1,39,1664
back,1580,1537,1537,0,0,12.1,39,1664
back,1581,1537,1537,0,0,12.1,39,1664
back,1581,1537,1537,0,0,12.1,39,1664
back,1582,1537,1537,0,0,12.1,39,1664
back,1582,1537,1537,0,0,12.1,39,1664
back,1583,1537,1537,0,0,12.1,39,1664
back,1583,1537,1537,0,0,12.1,39,1664
back,1584,1537,1537,0,0,12.1,39,1664
back,1584,1537,1537,0,0,12.1,39,1664
back,1585,1537,1537,0,0,12.1,39,1664
back,1585,1537,1537,0,0,12.1,39,1664
back,1586,1537,1537,0,0,12.1,39,1664
back,1586,1537,1537,0,0,12.1,39,1664
back,1587,1537,1537,0,0,12.1,39,1664
back,1587,1537,1537,0,0,12.1,39,1664
back,1588,1537,1537,0,0,12.1,39,1664
back,1588,1537,1537,0,0,12.1,39,1664
back,1589,1537,1537,0,0,12.1,39,1664
back,1589,1537,1537,0,0,12.1,39,1664
back,1590,1537,1537,0,0,12.1,39,1664
back,1590,1537,1537,0,0,12.1,39,1664
back,1591,1537,1537,0,0,12.1,39,1664
back,1591,1537,1537,0,0,12.1,39,1664
back,1592,1537,1537,0,0,12.1,39,1664
back,1592,1537,1537,0,0,12.1,39,1664
back,1593,1537,1537,0,0,12.1,39,1664
back,1593,1537,1537,0,0,12.1,39,1664
back,1594,1537,1537,0,0,12.1,39,1664
back,1594,1537,1537,0,0,12.1,39,1664
back,1595,1537,1537,0,0,12.1,39,1664
back,1595,1537,1537,0,0,12.1,39,1664
back,1595,1537,1537,0,0,12.1,39,1664
back,1596,1537,1537,0,0,12.1,39,1664
back,1596,1537,1537,0,0,12.1,39,1664
back,1597,1537,1537,0,0,12.1,39,1664
back,1597,1537,1537,0,0,12.1,39,1664
back,1598,1537,1537,0,0,12.1,39,1664
back,1598,1537,1537,0,0,12.1,39,1664
back,1599,1537,1537,0,0,12.1,39,1664
back,1599,1537,1537,0,0,12.1,39,1664
back,1600,1537,1537,0,0,12.1,39,1664
back,1600,1537,1537,0,0,12.1,39,1664
back,1601,1537,1537,0,0,12.1,39,1664
back,1601,1537,1537,0,0,12.1,39,1664
back,1602,1537,1537,0,0,12.1,39,1664
back,1602,1537,1537,0,0,12.1,39,1664
back,1603,1537,1537,0,0,12.1,39,1664
back,1603,1537,1537,0,0,12.1,39,1664
back,1604,1537,1537,0,0,12.1,39,1664
back,1604,1537,1537,0,0,12.1,39,1664
back,1605,1537,1537,0,0,12.1,39,1664
back,1605,1537,1537,0,0,12.1,39,1664
back,1606,1537,1537,0,0,12.1,39,1664
back,1606,1537,1537,0,0,12.1,39,1664
back,1607,1537,1537,0,0,12.1,39,1664
back,1607,1537,1537,0,0,12.1,39,1664
back,1607,1537,1537,0,0,12.1,39,1664
back,1608,1537,1537,0,0,12.1,39,1664
back,1609,1537,1537,0,0,12.1,39,1664
back,1609,1537,1537,0,0,12.1,39,1664
back,1610,1537,1537,0,0,12.1,39,1664
back,1610,1537,1537,0,0,12.1,39,1664
back,1611,1537,1537,0,0,12.1,39,1664
back,1611,1537,1537,0,0,12.1,39,1664
back,1612,1537,1537,0,0,12.1,39,1664
back,1612,1537,1537,0,0,12.1,39,1664
back,1612,1537,1537,0,0,12.1,39,1664
back,1613,1537,1537,0,0,12.1,39,1664
back,1614,1537,1537,0,0,12.1,39,1664
back,1614,1537,1537,0,0,12.1,39,1664
back,1615,1537,1537,0,0,12.1,39,1664
back,1615,1537,1537,0,0,12.1,39,1664
back,1616,1537,1537,0,0,12.1,39,1664
back,1616,1537,1537,0,0,12.1,39,1664
back,1617,1537,1537,0,0,12.1,39,1664
back,1617,1537,1537,0,0,12.1,39,1664
back,1618,1537,1537,0,0,12.1,39,1664
back,1618,1537,1537,0,0,12.1,39,1664
back,1619,1537,1537,0,0,12.1,39,1664
back,1619,1537,1537,0,0,12.1,39,1664
back,1620,1537,1537,0,0,12.1,39,1664
back,1620,1537,1537,0,0,12.1,39,1664
back,1621,1537,1537,0,0,12.1,39,1664
back,1621,1537,1537,0,0,12.1,39,1664
back,1622,1537,1537,0,0,12.1,39,1664
back,1622,1537,1537,0,0,12.1,39,1664
back,1623,1537,1537,0,0,12.1,39,1664
back,1623,1537,1537,0,0,12.1,39,1664
back,1624,1537,1537,0,0,12.1,39,1664
back,1624,1537,1537,0,0,12.1,39,1664
back,1625,1537,1537,0,0,12.1,39,1664
back,1625,1537,1537,0,0,12.1,39,1664
back,1626,1537,1537,0,0,12.1,39,1664
back,1626,1537,1537,0,0,12.1,39,1664
back,1627,1537,1537,0,0,12.1,39,1664
back,1627,1537,1537,0,0,12.1,39,1664
back,1628,1537,1537,0,0,12.1,39,1664
back,1628,1537,1537,0,0,12.1,39,1664
back,1629,1537,1537,0,0,12.1,39,1664
back,1629,1537,1537,0,0,12.1,39,1664
back,1630,1537,1537,0,0,12.1,39,1664
back,1630,1537,1537,0,0,12.1,39,1664
back,1631,1537,1537,0,0,12.1,39,1664
back,1631,1537,1537,0,0,12.1,39,1664
back,1632,1537,1537,0,0,12.1,39,1664
back,1632,1537,1537,0,0,12.1,39,1664
back,1633,1537,1537,0,0,12.1,39,1664
back,1633,1537,1537,0,0,12.1,39,1664
back,1634,1537,1537,0,0,12.1,39,1664
back,1634,1537,1537,0,0,12.1,39,1664
back,1635,1537,1537,0,0,12.1,39,1664
back,1635,1537,1537,0,0,12.1,39,1664
back,1636,1537,1537,0,0,12.1,39,1664
back,1636,1537,1537,0,0,12.1,39,1664
back,1637,1537,1537,0,0,12.1,39,1664
back,1637,1537,1537,0,0,12.1,39,1664
back,1638,1537,1537,0,0,12.1,39,1664
back,1638,1537,1537,0,0,12.1,39,1664
back,1639,1537,1537,0,0,12.1,39,1664
back,1639,1537,1537,0,0,12.1,39,1664
back,1640,1537,1537,0,0,12.1,39,1664
back,1640,1537,1537,0,0,12.1,39,1664
back,1641,1537,1537,0,0,12.1,39,1664
back,1641,1537,1537,0,0,12.1,39,1664
back,1642,1537,1537,0,0,12.1,39,1664
back,1642,1537,1537,0,0,12.1,39,1664
back,1643,1537,1537,0,0,12.1,39,1664
back,1643,1537,1537,0,0,12.1,39,1664
back,1644,1537,1537,0,0,12.1,39,1664
back,1644,1537,1537,0,0,12.1,39,1664
back,1645,1537,1537,0,0,12.1,39,1664
back,1645,1537,1537,0,0,12.1,39,1664
back,1646,1537,1537,0,0,12.1,39,1664
back,1646,1537,1537,0,0,12.1,39,1664
back,1647,1537,1537,0,0,12.1,39,1664
back,1647,1537,1537,0,0,12.1,39,1664
back,1648,1537,1537,0,0,12.1,39,1664
back,1648,1537,1537,0,0,12.1,39,1664
back,1649,1537,1537,0,0,12.1,39,1664
back,1649,1537,1537,0,0,12.1,39,1664
back,1650,1537,1537,0,0,12.1,39,1664
back,1650,1537,1537,0,0,12.1,39,1664
back,1651,1537,1537,0,0,12.1,39,1664
back,1651,1537,1537,0,0,12.1,39,1664
back,1652,1537,1537,0,0,12.1,39,1664
back,1652,1537,1537,0,0,12.1,39,1664
back,1653,1537,1537,0,0,12.1,39,1664
back,1653,1537,1537,0,0,12.1,39,1664
back,1654,1537,1537,0,0,12.1,39,1664
back,1654,1537,1537,0,0,12.1,39,1664
back,1655,1537,1537,0,0,12.1,39,1664
back,1655,1537,1537,0,0,12.1,39,1664
back,1656,1537,1537,0,0,12.1,39,1664
back,1656,1537,1537,0,0,12.1,39,1664
back,1657,1537,1537,0,0,12.1,39,1664
back,1657,1537,1537,0,0,12.1,39,1664
back,1658,1537,1537,0,0,12.1,39,1664
back,1658,1537,1537,0,0,12.1,39,1664
back,1659,1537,1537,0,0,12.1,39,1664
back,1659,1537,1537,0,0,12.1,39,1664
back,1660,1537,1537,0,0,12.1,39,1664
back,1660,1537,1537,0,0,12.1,39,1664
back,1661,1537,1537,0,0,12.1,39,1664
back,1661,1537,1537,0,0,12.1,39,1664
back,1662,1537,1537,0,0,12.1,39,1664
back,1662,1537,1537,0,0,12.1,39,1664
back,1663,1537,1537,0,0,12.1,39,1664
back,1663,1537,1537,0,0,12.1,39,1664
back,1664,1537,1537,0,0,12.1,39,1664
back,1664,1537,1537,0,0,12.1,39,1664
back,1665,1537,1537,0,0,12.1,39,1664
back,1665,1537,1537,0,0,12.1,39,1664
back,1666,1537,1537,0,0,12.1,39,1664
back,1666,1537,1537,0,0,12.1,39,1664
back,1666,1537,1537,0,0,12.1,39,1664
back,1667,1537,1537,0,0,12.1,39,1664
back,1667,1537,1537,0,0,12.1,39,1664
back,1668,1537,1537,0,0,12.1,39,1664
back,1669,1537,1537,0,0,12.1,39,1664
back,1669,1537,1537,0,0,12.1,39,1664
back,1670,1537,1537,0,0,12.1,39,1664
back,1670,1537,1537,0,0,12.1,39,1664
back,1671,1537,1537,0,0,12.1,39,1664
back,1671,1537,1537,0,0,12.1,39,1664
back,1672,1537,1537,0,0,12.1,39,1664
back,1672,1537,1537,0,0,12.1,39,1664
back,1673,1537,1537,0,0,12.1,39,1664
back,1673,1537,1537,0,0,12.1,39,1664
back,1674,1537,1537,0,0,12.1,39,1664
back,1674,1537,1537,0,0,12.1,39,1664
back,1675,1537,1537,0,0,12.1,39,1664
back,1675,1537,1537,0,0,12.1,39,1664
back,1676,1537,1537,0,0,12.1,39,1664
back,1676,1537,1537,0,0,12.1,39,1664
back,1677,1537,1537,0,0,12.1,39,1664
back,1677,1537,1537,0,0,12.1,39,1664
back,1678,1537,1537,0,0,12.1,39,1664
back,1678,1537,1537,0,0,12.1,39,1664
back,1679,1537,1537,0,0,12.1,39,1664
back,1679,1537,1537,0,0,12.1,39,1664
back,1680,1537,1537,0,0,12.1,39,1664
back,1680,1537,1537,0,0,12.1,39,1664
back,1681,1537,1537,0,0,12.1,39,1664
back,1681,1537,1537,0,0,12.1,39,1664
back,1682,1537,1537,0,0,12.1,39,1664
back,1682,1537,1537,0,0,12.1,39,1664
back,1683,1537,1537,0,0,12.1,39,1664
back,1683,1537,1537,0,0,12.1,39,1664
back,1684,1537,1537,0,0,12.1,39,1664
back,1684,1537,1537,0,0,12.1,39,1664
back,1685,1537,1537,0,0,12.1,39,1664
back,1685,1537,1537,0,0,12.1,39,1664
back,1686,1537,1537,0,0,12.1,39,1664
back,1686,1537,1537,0,0,12.1,39,1664
back,1687,1537,1537,0,0,12.1,39,1664
back,1687,1537,1537,0,0,12.1,39,1664
back,1688,1537,1537,0,0,12.1,39,1664
back,1688,1537,1537,0,0,12.1,39,1664
back,1689,1537,1537,0,0,12.1,39,1664
back,1689,1537,1537,0,0,12.1,39,1664
back,1690,1537,1537,0,0,12.1,39,1664
back,1690,1537,1537,0,0,12.1,39,1664
back,1691,1537,1537,0,0,12.1,39,1664
back,1691,1537,1537,0,0,12.1,39,1664
back,1692,1537,1537,0,0,12.1,39,1664
back,1692,1537,1537,0,0,12.1,39,1664
back,1693,1537,1537,0,0,12.1,39,1664
back,1693,1537,1537,0,0,12.1,39,1664
back,1694,1537,1537,0,0,12.1,39,1664
back,1694,1537,1537,0,0,12.1,39,1664
back,1695,1537,1537,0,0,12.1,39,1664
back,1695,1537,1537,0,0,12.1,39,1664
back,1696,1537,1537,0,0,12.1,39,1664
back,1696,1537,1537,0,0,12.1,39,1664
back,1696,1537,1537,0,0,12.1,39,1664
back,1697,1537,1537,0,0,12.1,39,1664
back,1698,1537,1537,0,0,12.1,39,1664
back,1698,1537,1537,0,0,12.1,39,1664
back,1699,1537,1537,0,0,12.1,39,1664
back,1699,1537,1537,0,0,12.1,39,1664
back,1700,1537,1537,0,0,12.1,39,1664
back,1700,1537,1537,0,0,12.1,39,1664
back,1701,1537,1537,0,0,12.1,39,1664
back,1701,1537,1537,0,0,12.1,39,1664
back,1702,1537,1537,0,0,12.1,39,1664
back,1702,1537,1537,0,0,12.1,39,1664
back,1703,1537,1537,0,0,12.1,39,1664
back,1703,1537,1537,0,0,12.1,39,1664
back,1704,1537,1537,0,0,12.1,39,1664
back,1704,1537,1537,0,0,12.1,39,1664
back,1705,1537,1537,0,0,12.1,39,1664
back,1705,1537,1537,0,0,12.1,39,1664
back,1706,1537,1537,0,0,12.1,39,1664
back,1706,1537,1537,0,0,12.1,39,1664
back,1707,1537,1537,0,0,12.1,39,1664
back,1707,1537,1537,0,0,12.1,39,1664
back,1708,1537,1537,0,0,12.1,39,1664
back,1708,1537,1537,0,0,12.1,39,1664
back,1709,1537,1537,0,0,12.1,39,1664
back,1709,1537,1537,0,0,12.1,39,1664
back,1710,1537,1537,0,0,12.1,39,1664
back,1710,1537,1537,0,0,12.1,39,1664
back,1711,1537,1537,0,0,12.1,39,1664
back,1711,1537,1537,0,0,12.1,39,1664
back,1712,1537,1537,0,0,12.1,39,1664
back,1712,1537,1537,0,0,12.1,39,1664
back,1713,1537,1537,0,0,12.1,39,1664
back,1713,1537,1537,0,0,12.1,39,1664
back,1714,1537,1537,0,0,12.1,39,1664
back,1714,1537,1537,0,0,12.1,39,1664
back,1715,1537,1537,0,0,12.1,39,1664
back,1715,1537,1537,0,0,12.1,39,1664
back,1716,1537,1537,0,0,12.1,39,1664
back,1716,1537,1537,0,0,12.1,39,1664
back,1717,1537,1537,0,0,12.1,39,1664
back,1717,1537,1537,0,0,12.1,39,1664
back,1718,1537,1537,0,0,12.1,39,1664
back,1718,1537,1537,0,0,12.1,39,1664
back,1719,1537,1537,0,0,12.1,39,1664
back,1719,1537,1537,0,0,12.1,39,1664
back,1720,1537,1537,0,0,12.1,39,1664
back,1720,1537,1537,0,0,12.1,39,1664
back,1721,1537,1537,0,0,12.1,39,1664
back,1721,1537,1537,0,0,12.1,39,1664
back,1722,1537,1537,0,0,12.1,39,1664
back,1722,1537,1537,0,0,12.1,39,1664
back,1723,1537,1537,0,0,12.1,39,1664
back,1723,1537,1537,0,0,12.1,39,1664
back,1724,1537,1537,0,0,12.1,39,1664
back,1724,1537,1537,0,0,12.1,39,1664
back,1725,1537,1537,0,0,12.1,39,1664
back,1725,1537,1537,0,0,12.1,39,1664
back,1726,1537,1537,0,0,12.1,39,1664
back,1726,1537,1537,0,0,12.1,40,1664
back,1727,1537,1537,0,0,12.1,40,1664
back,1727,1537,1537,0,0,12.1,39,1664
back,1728,1537,1537,0,0,12.1,39,1664
back,1728,1537,1537,0,0,12.1,39,1664
back,1729,1537,1537,0,0,12.1,39,1664
back,1729,1537,1537,0,0,12.1,39,1664
back,1729,1537,1537,0,0,12.1,39,1664
back,1730,1537,1537,0,0,12.1,39,1664
back,1731,1537,1537,0,0,12.1,39,1664
back,1731,1537,1537,0,0,12.1,39,1664
back,1732,1537,1537,0,0,12.1,39,1664
back,1732,1537,1537,0,0,12.1,39,1664
back,1733,1537,1537,0,0,12.1,39,1664
back,1733,1537,1537,0,0,12.1,39,1664
back,1734,1537,1537,0,0,12.1,39,1664
back,1734,1537,1537,0,0,12.1,39,1664
back,1735,1537,1537,0,0,12.1,39,1664
back,1735,1537,1537,0,0,12.1,39,1664
back,1736,1537,1537,0,0,12.1,39,1664
back,1736,1537,1537,0,0,12.1,39,1664
back,1737,1537,1537,0,0,12.1,39,1664
back,1737,1537,1537,0,0,12.1,39,1664
back,1738,1537,1537,0,0,12.1,39,1664
back,1738,1537,1537,0,0,12.1,39,1664
back,1739,1537,1537,0,0,12.1,39,1664
back,1739,1537,1537,0,0,12.1,39,1664
back,1740,1537,1537,0,0,12.1,39,1664
back,1740,1537,1537,0,0,12.1,39,1664
back,1741,1537,1537,0,0,12.1,39,1664
back,1741,1537,1537,0,0,12.1,39,1664
back,1742,1537,1537,0,0,12.1,39,1664
back,1742,1537,1537,0,0,12.1,39,1664
back,1743,1537,1537,0,0,12.1,39,1664
back,1743,1537,1537,0,0,12.1,39,1664
back,1744,1537,1537,0,0,12.1,39,1664
back,1744,1537,1537,0,0,12.1,39,1664
back,1745,1537,1537,0,0,12.1,39,1664
back,1745,1537,1537,0,0,12.1,39,1664
back,1746,1537,1537,0,0,12.1,39,1664
back,1746,1537,1537,0,0,12.1,39,1664
back,1747,1537,1537,0,0,12.1,39,1664
back,1747,1537,1537,0,0,12.1,39,1664
back,1748,1537,1537,0,0,12.1,39,1664
back,1748,1537,1537,0,0,12.1,39,1664
back,1749,1537,1537,0,0,12.1,39,1664
back,1749,1537,1537,0,0,12.1,39,1664
back,1750,1537,1537,0,0,12.1,39,1664
back,1750,1537,1537,0,0,12.1,39,1664
back,1751,1537,1537,0,0,12.1,39,1664
back,1751,1537,1537,0,0,12.1,39,1664
back,1752,1537,1537,0,0,12.1,39,1664
back,1752,1537,1537,0,0,12.1,39,1664
back,1753,1537,1537,0,0,12.1,39,1664
back,1753,1537,1537,0,0,12.1,39,1664
back,1754,1537,1537,0,0,12.1,39,1664
back,1754,1537,1537,0,0,12.1,39,1664
back,1755,1537,1537,0,0,12.1,39,1664
back,1755,1537,1537,0,0,12.1,39,1664
back,1756,1537,1537,0,0,12.1,39,1664
back,1756,1537,1537,0,0,12.1,39,1664
back,1757,1537,1537,0,0,12.1,39,1664
back,1757,1537,1537,0,0,12.1,39,1664
back,1758,1537,1537,0,0,12.1,39,1664
back,1758,1537,1537,0,0,12.1,39,1664
back,1759,1537,1537,0,0,12.1,39,1664
back,1759,1537,1537,0,0,12.1,39,1664
back,1760,1537,1537,0,0,12.1,39,1664
back,1760,1537,1537,0,0,12.1,39,1664
back,1761,1537,1537,0,0,12.1,39,1664
back,1761,1537,1537,0,0,12.1,39,1664
back,1762,1537,1537,0,0,12.1,39,1664
back,1762,1537,1537,0,0,12.1,39,1664
back,1763,1537,1537,0,0,12.1,39,1664
back,1763,1537,1537,0,0,12.1,39,1664
back,1763,1537,1537,0,0,12.1,39,1664
back,1764,1537,1537,0,0,12.1,39,1664
back,1765,1537,1537,0,0,12.1,39,1664
back,1765,1537,1537,0,0,12.1,39,1664
back,1766,1537,1537,0,0,12.1,39,1664
back,1766,1537,1537,0,0,12.1,39,1664
back,1767,1537,1537,0,0,12.1,39,1664
back,1767,1537,1537,0,0,12.1,39,1664
back,1768,1537,1537,0,0,12.1,39,1664
back,1768,1537,1537,0,0,12.1,39,1664
back,1769,1537,1537,0,0,12.1,39,1664
back,1769,1537,1537,0,0,12.1,39,1664
back,1770,1537,1537,0,0,12.1,39,1664
back,1770,1537,1537,0,0,12.1,39,1664
back,1771,1537,1537,0,0,12.1,39,1664
back,1771,1537,1537,0,0,12.1,39,1664
back,1772,1537,1537,0,0,12.1,39,1664
back,1772,1537,1537,0,0,12.1,39,1664
back,1773,1537,1537,0,0,12.1,39,1664
back,1773,1537,1537,0,0,12.1,39,1664
back,1774,1537,1537,0,0,12.1,39,1664
back,1774,1537,1537,0,0,12.1,39,1664
back,1775,1537,1537,0,0,12.1,39,1664
back,1775,1537,1537,0,0,12.1,39,1664
back,1776,1537,1537,0,0,12.1,39,1664
back,1776,1537,1537,0,0,12.1,39,1664
back,1777,1537,1537,0,0,12.1,39,1664
back,1777,1537,1537,0,0,12.1,39,1664
back,1778,1537,1537,0,0,12.1,39,1664
back,1778,1537,1537,0,0,12.1,39,1664
back,1779,1537,1537,0,0,12.1,39,1664
back,1779,1537,1537,0,0,12.1,39,1664
back,1779,1537,1537,0,0,12.1,39,1664
back,1780,1537,1537,0,0,12.1,39,1664
back,1781,1537,1537,0,0,12.1,39,1664
back,1781,1537,1537,0,0,12.1,39,1664
back,1782,1537,1537,0,0,12.1,39,1664
back,1782,1537,1537,0,0,12.1,39,1664
back,1783,1537,1537,0,0,12.1,39,1664
back,1783,1537,1537,0,0,12.1,39,1664
back,1784,1537,1537,0,0,12.1,39,1664
back,1784,1537,1537,0,0,12.1,39,1664
back,1785,1537,1537,0,0,12.1,39,1664
back,1785,1537,1537,0,0,12.1,39,1664
back,1786,1537,1537,0,0,12.1,39,1664
back,1786,1537,1537,0,0,12.1,39,1664
back,1787,1537,1537,0,0,12.1,39,1664
back,1787,1537,1537,0,0,12.1,39,1664
back,1788,1537,1537,0,0,12.1,39,1664
back,1788,1537,1537,0,0,12.1,39,1664
back,1789,1537,1537,0,0,12.1,39,1664
back,1789,1537,1537,0,0,12.1,39,1664
back,1790,1537,1537,0,0,12.1,39,1664
back,1790,1537,1537,0,0,12.1,39,1664
back,1791,1537,1537,0,0,12.1,39,1664
back,1791,1537,1537,0,0,12.1,39,1664
back,1792,1537,1537,0,0,12.1,39,1664
back,1792,1537,1537,0,0,12.1,39,1664
back,1793,1537,1537,0,0,12.1,39,1664
back,1793,1537,1537,0,0,12.1,39,1664
back,1793,1537,1537,0,0,12.1,39,1664
back,1794,1537,1537,0,0,12.1,39,1664
back,1795,1537,1537,0,0,12.1,39,1664
back,1795,1537,1537,0,0,12.1,39,1664
back,1796,1537,1537,0,0,12.1,39,1664
back,1796,1537,1537,0,0,12.1,39,1664
back,1797,1537,1537,0,0,12.1,39,1664
back,1797,1537,1537,0,0,12.1,39,1664
back,1798,1537,1537,0,0,12.1,39,1664
back,1798,1537,1537,0,0,12.1,39,1664
back,1799,1537,1537,0,0,12.1,39,1664
back,1799,1537,1537,0,0,12.1,39,1664
back,1800,1537,1537,0,0,12.1,39,1664
back,1800,1537,1537,0,0,12.1,39,1664
back,1801,1537,1537,0,0,12.1,39,1664
back,1801,1537,1537,0,0,12.1,39,1664
back,1802,1537,1537,0,0,12.1,39,1664
back,1802,1537,1537,0,0,12.1,39,1664
back,1803,1537,1537,0,0,12.1,39,1664
back,1803,1537,1537,0,0,12.1,39,1664
back,1804,1537,1537,0,0,12.1,39,1664
back,1804,1537,1537,0,0,12.1,39,1664
back,1805,1537,1537,0,0,12.1,39,1664
back,1805,1537,1537,0,0,12.1,39,1664
back,1806,1537,1537,0,0,12.1,39,1664
back,1806,1537,1537,0,0,12.1,39,1664
back,1807,1537,1537,0,0,12.1,39,1664
back,1807,1537,1537,0,0,12.1,39,1664
back,1808,1537,1537,0,0,12.1,39,1664
back,1808,1537,1537,0,0,12.1,39,1664
back,1809,1537,1537,0,0,12.1,39,1664
back,1809,1537,1537,0,0,12.1,39,1664
back,1810,1537,1537,0,0,12.1,39,1664
back,1810,1537,1537,0,0,12.1,39,1664
back,1811,1537,1537,0,0,12.1,39,1664
back,1811,1537,1537,0,0,12.1,39,1664
back,1811,1537,1537,0,0,12.1,39,1664
back,1812,1537,1537,0,0,12.1,39,1664
back,1813,1537,1537,0,0,12.1,39,1664
back,1813,1537,1537,0,0,12.1,39,1664
back,1814,1537,1537,0,0,12.1,39,1664
back,1814,1537,1537,0,0,12.1,39,1664
back,1815,1537,1537,0,0,12.1,39,1664
back,1815,1537,1537,0,0,12.1,39,1664
back,1816,1537,1537,0,0,12.1,39,1664
back,1816,1537,1537,0,0,12.1,39,1664
back,1817,1537,1537,0,0,12.1,39,1664
back,1817,1537,1537,0,0,12.1,39,1664
back,1818,1537,1537,0,0,12.1,39,1664
back,1818,1537,1537,0,0,12.1,39,1664
back,1819,1537,1537,0,0,12.1,39,1664
back,1819,1537,1537,0,0,12.1,39,1664
back,1820,1537,1537,0,0,12.1,39,1664
back,1820,1537,1537,0,0,12.1,39,1664
back,1820,1537,1537,0,0,12.1,39,1664
back,1821,1537,1537,0,0,12.1,39,1664
back,1821,1537,1537,0,0,12.1,39,1664
back,1822,1537,1537,0,0,12.1,39,1664
back,1823,1537,1537,0,0,12.1,39,1664
back,1823,1537,1537,0,0,12.1,39,1664
back,1824,1537,1537,0,0,12.1,39,1664
back,1824,1537,1537,0,0,12.1,39,1664
back,1825,1537,1537,0,0,12.1,39,1664
back,1825,1537,1537,0,0,12.1,39,1664
back,1826,1537,1537,0,0,12.1,39,1664
back,1826,1537,1537,0,0,12.1,39,1664
back,1827,1537,1537,0,0,12.1,39,1664
back,1827,1537,1537,0,0,12.1,39,1664
back,1828,1537,1537,0,0,12.1,39,1664
back,1828,1537,1537,0,0,12.1,39,1664
back,1829,1537,1537,0,0,12.1,39,1664
back,1829,1537,1537,0,0,12.1,39,1664
back,1829,1537,1537,0,0,12.1,39,1664
back,1830,1537,1537,0,0,12.1,39,1664
back,1831,1537,1537,0,0,12.1,39,1664
back,1831,1537,1537,0,0,12.1,39,1664
back,1832,1537,1537,0,0,12.1,39,1664
back,1832,1537,1537,0,0,12.1,39,1664
back,1833,1537,1537,0,0,12.1,39,1664
back,1833,1537,1537,0,0,12.1,39,1664
back,1834,1537,1537,0,0,12.1,39,1664
back,1834,1537,1537,0,0,12.1,39,1664
back,1835,1537,1537,0,0,12.1,39,1664
back,1835,1537,1537,0,0,12.1,39,1664
back,1836,1537,1537,0,0,12.1,39,1664
back,1836,1537,1537,0,0,12.1,39,1664
back,1837,1537,1537,0,0,12.1,39,1664
back,1837,1537,1537,0,0,12.1,39,1664
back,1838,1537,1537,0,0,12.1,39,1664
back,1838,1537,1537,0,0,12.1,39,1664
back,1839,1537,1537,0,0,12.1,39,1664
back,1839,1537,1537,0,0,12.1,39,1664
back,1840,1537,1537,0,0,12.1,39,1664
back,1840,1537,1537,0,0,12.1,39,1664
back,1841,1537,1537,0,0,12.1,39,1664
back,1841,1537,1537,0,0,12.1,39,1664
back,1842,1537,1537,0,0,12.1,39,1664
back,1842,1537,1537,0,0,12.1,39,1664
back,1842,1537,1537,0,0,12.1,39,1664
back,1843,1537,1537,0,0,12.1,39,1664
back,1843,1537,1537,0,0,12.1,39,1664
back,1844,1537,1537,0,0,12.1,39,1664
back,1844,1537,1537,0,0,12.1,39,1664
back,1845,1537,1537,0,0,12.1,39,1664
back,1845,1537,1537,0,0,12.1,39,1664
back,1846,1537,1537,0,0,12.1,39,1664
back,1846,1537,1537,0,0,12.1,39,1664
back,1847,1537,1537,0,0,12.1,39,1664
back,1847,1537,1537,0,0,12.1,39,1664
back,1848,1537,1537,0,0,12.1,39,1664
back,1848,1537,1537,0,0,12.1,39,1664
back,1849,1537,1537,0,0,12.1,39,1664
back,1849,1537,1537,0,0,12.1,39,1664
back,1850,1537,1537,0,0,12.1,39,1664
back,1850,1537,1537,0,0,12.1,39,1664
back,1851,1537,1537,0,0,12.1,39,1664
back,1851,1537,1537,0,0,12.1,39,1664
back,1852,1537,1537,0,0,12.1,39,1664
back,1852,1537,1537,0,0,12.1,39,1664
back,1853,1537,1537,0,0,12.1,39,1664
back,1853,1537,1537,0,0,12.1,39,1664
back,1854,1537,1537,0,0,12.1,39,1664
back,1854,1537,1537,0,0,12.1,39,1664
back,1855,1537,1537,0,0,12.1,39,1664
back,1855,1537,1537,0,0,12.1,39,1664
back,1856,1537,1537,0,0,12.1,39,1664
back,1856,1537,1537,0,0,12.1,39,1664
back,1857,1537,1537,0,0,12.1,39,1664
back,1857,1537,1537,0,0,12.1,39,1664
back,1858,1537,1537,0,0,12.1,39,1664
back,1858,1537,1537,0,0,12.1,39,1664
back,1859,1537,1537,0,0,12.1,39,1664
back,1859,1537,1537,0,0,12.1,39,1664
back,1860,1537,1537,0,0,12.1,39,1664
back,1860,1537,1537,0,0,12.1,39,1664
back,1861,1537,1537,0,0,12.1,39,1664
back,1861,1537,1537,0,0,12.1,39,1664
back,1862,1537,1537,0,0,12.1,39,1664
back,1862,1537,1537,0,0,12.1,39,1664
back,1862,1537,1537,0,0,12.1,39,1664
back,1863,1537,1537,0,0,12.1,39,1664
back,1864,1537,1537,0,0,12.1,39,1664
back,1864,1537,1537,0,0,12.1,39,1664
back,1865,1537,1537,0,0,12.1,39,1664
back,1865,1537,1537,0,0,12.1,39,1664
back,1866,1537,1537,0,0,12.1,39,1664
back,1866,1537,1537,0,0,11.3,39,1664
back,1867,1537,1537,0,0,11.3,39,1664
back,1867,1537,1537,0,0,12.1,39,1664
back,1868,1537,1537,0,0,12.1,39,1664
back,1868,1537,1537,0,0,12.1,39,1664
back,1869,1537,1537,0,0,12.1,39,1664
back,1869,1537,1537,0,0,12.1,39,1664
back,1870,1537,1537,0,0,12.1,39,1664
back,1870,1537,1537,0,0,12.1,39,1664
back,1871,1537,1537,0,0,12.1,39,1664
back,1871,1537,1537,0,0,12.1,39,1664
back,1872,1537,1537,0,0,12.1,39,1664
back,1872,1537,1537,0,0,12.1,39,1664
back,1873,1537,1537,0,0,12.1,39,1664
back,1873,1537,1537,0,0,12.1,39,1664
back,1874,1537,1537,0,0,12.1,39,1664
back,1874,1537,1537,0,0,12.1,39,1664
back,1875,1537,1537,0,0,12.1,39,1664
back,1875,1537,1537,0,0,12.1,39,1664
back,1876,1537,1537,0,0,12.1,39,1664
back,1876,1537,1537,0,0,12.1,39,1664
back,1877,1537,1537,0,0,12.1,39,1664
back,1877,1537,1537,0,0,12.1,39,1664
back,1878,1537,1537,0,0,12.1,39,1664
back,1878,1537,1537,0,0,12.1,39,1664
back,1879,1537,1537,0,0,12.1,39,1664
back,1879,1537,1537,0,0,12.1,39,1664
back,1880,1537,1537,0,0,12.1,39,1664
back,1880,1537,1537,0,0,12.1,39,1664
back,1881,1537,1537,0,0,12.1,39,1664
back,1881,1537,1537,0,0,12.1,39,1664
back,1881,1537,1537,0,0,12.1,39,1664
back,1882,1537,1537,0,0,12.1,39,1664
back,1883,1537,1537,0,0,12.1,39,1664
back,1883,1537,1537,0,0,12.1,39,1664
back,1884,1537,1537,0,0,12.1,39,1664
back,1884,1537,1537,0,0,12.1,39,1664
back,1885,1537,1537,0,0,12.1,39,1664
back,1885,1537,1537,0,0,12.1,39,1664
back,1886,1537,1537,0,0,12.1,39,1664
back,1886,1537,1537,0,0,12.1,39,1664
back,1887,1537,1537,0,0,12.1,39,1664
back,1887,1537,1537,0,0,12.1,39,1664
back,1888,1537,1537,0,0,12.1,39,1664
back,1888,1537,1537,0,0,12.1,39,1664
back,1889,1537,1537,0,0,12.1,39,1664
back,1889,1537,1537,0,0,12.1,39,1664
back,1890,1537,1537,0,0,12.1,39,1664
back,1890,1537,1537,0,0,12.1,39,1664
back,1891,1537,1537,0,0,12.1,39,1664
back,1891,1537,1537,0,0,12.1,39,1664
back,1892,1537,1537,0,0,12.1,39,1664
back,1892,1537,1537,0,0,12.1,39,1664
back,1893,1537,1537,0,0,12.1,39,1664
back,1893,1537,1537,0,0,12.1,39,1664
back,1894,1537,1537,0,0,12.1,39,1664
back,1894,1537,1537,0,0,12.1,39,1664
back,1895,1537,1537,0,0,12.1,39,1664
back,1895,1537,1537,0,0,12.1,39,1664
back,1896,1537,1537,0,0,12.1,39,1664
back,1896,1537,1537,0,0,12.1,39,1664
back,1897,1537,1537,0,0,12.1,39,1664
back,1897,1537,1537,0,0,12.1,39,1664
back,1898,1537,1537,0,0,12.1,39,1664
back,1898,1537,1537,0,0,12.1,39,1664
back,1899,1537,1537,0,0,12.1,39,1664
back,1899,1537,1537,0,0,12.1,39,1664
back,1900,1537,1537,0,0,12.1,39,1664
back,1900,1537,1537,0,0,12.1,39,1664
back,1901,1537,1537,0,0,12.1,39,1664
back,1901,1537,1537,0,0,12.1,39,1664
back,1902,1537,1537,0,0,12.1,39,1664
back,1902,1537,1537,0,0,12.1,39,1664
back,1903,1537,1537,0,0,12.1,39,1664
back,1903,1537,1537,0,0,12.1,39,1664
back,1904,1537,1537,0,0,12.1,39,1664
back,1904,1537,1537,0,0,12.1,39,1664
back,1905,1537,1537,0,0,12.1,39,1664
back,1905,1537,1537,0,0,12.1,39,1664
back,1906,1537,1537,0,0,12.1,39,1664
back,1906,1537,1537,0,0,12.1,39,1664
back,1907,1537,1537,0,0,12.1,39,1664
back,1907,1537,1537,0,0,12.1,39,1664
back,1908,1537,1537,0,0,12.1,39,1664
back,1908,1537,1537,0,0,12.1,39,1664
back,1909,1537,1537,0,0,12.1,39,1664
back,1909,1537,1537,0,0,12.1,39,1664
back,1910,1537,1537,0,0,12.1,39,1664
back,1910,1537,1537,0,0,12.1,39,1664
back,1911,1537,1537,0,0,12.1,39,1664
back,1911,1537,1537,0,0,12.1,39,1664
back,1912,1537,1537,0,0,12.1,39,1664
back,1912,1537,1537,0,0,12.1,39,1664
back,1912,1537,1537,0,0,12.1,39,1664
back,1913,1537,1537,0,0,12.1,39,1664
back,1914,1537,1537,0,0,12.1,39,1664
back,1914,1537,1537,0,0,12.1,39,1664
back,1915,1537,1537,0,0,12.1,39,1664
back,1915,1537,1537,0,0,12.1,39,1664
back,1916,1537,1537,0,0,12.1,39,1664
back,1916,1537,1537,0,0,12.1,39,1664
back,1917,1537,1537,0,0,12.1,39,1664
back,1917,1537,1537,0,0,12.1,39,1664
back,1918,1537,1537,0,0,12.1,39,1664
back,1918,1537,1537,0,0,12.1,39,1664
back,1919,1537,1537,0,0,12.1,39,1664
back,1919,1537,1537,0,0,12.1,39,1664
back,1920,1537,1537,0,0,12.1,39,1664
back,1920,1537,1537,0,0,12.1,39,1664
back,1921,1537,1537,0,0,12.1,39,1664
back,1921,1537,1537,0,0,12.1,39,1664
back,1922,1537,1537,0,0,12.1,39,1664
back,1922,1537,1537,0,0,12.1,39,1664
back,1923,1537,1537,0,0,12.1,39,1664
back,1923,1537,1537,0,0,12.1,39,1664
back,1924,1537,1537,0,0,12.1,39,1664
back,1924,1537,1537,0,0,12.1,39,1664
back,1925,1537,1537,0,0,12.1,39,1664
back,1925,1537,1537,0,0,12.1,39,1664
back,1926,1537,1537,0,0,12.1,39,1664
back,1926,1537,1537,0,0,12.1,39,1664
back,1927,1537,1537,0,0,12.1,39,1664
back,1927,1537,1537,0,0,12.1,39,1664
back,1928,1537,1537,0,0,12.1,39,1664
back,1928,1537,1537,0,0,12.1,39,1664
back,1929,1537,1537,0,0,12.1,39,1664
back,1929,1537,1537,0,0,12.1,39,1664
back,1930,1537,1537,0,0,12.1,39,1664
back,1930,1537,1537,0,0,12.1,39,1664
back,1931,1537,1537,0,0,12.1,39,1664
back,1931,1537,1537,0,0,12.1,39,1664
back,1932,1537,1537,0,0,12.1,39,1664
back,1932,1537,1537,0,0,12.1,39,1664
back,1933,1537,1537,0,0,12.1,39,1664
back,1933,1537,1537,0,0,12.1,39,1664
back,1934,1537,1537,0,0,12.1,39,1664
back,1934,1537,1537,0,0,12.1,39,1664
back,1935,1537,1537,0,0,12.1,39,1664
back,1935,1537,1537,0,0,12.1,39,1664
back,1936,1537,1537,0,0,12.1,39,1664
back,1936,1537,1537,0,0,12.1,39,1664
back,1937,1537,1537,0,0,12.1,39,1664
back,1937,1537,1537,0,0,12.1,39,1664
back,1938,1537,1537,0,0,12.1,39,1664
back,1938,1537,1537,0,0,12.1,39,1664
back,1939,1537,1537,0,0,12.1,39,1664
back,1939,1537,1537,0,0,12.1,39,1664
back,1940,1537,1537,0,0,12.1,39,1664
back,1940,1537,1537,0,0,12.1,39,1664
back,1941,1537,1537,0,0,12.1,39,1664
back,1941,1537,1537,0,0,12.1,39,1664
back,1942,1537,1537,0,0,12.1,39,1664
back,1942,1537,1537,0,0,12.1,39,1664
back,1943,1537,1537,0,0,12.1,39,1664
back,1943,1537,1537,0,0,12.1,39,1664
back,1944,1537,1537,0,0,12.1,39,1664
back,1944,1537,1537,0,0,12.1,39,1664
back,1945,1537,1537,0,0,12.1,39,1664
back,1945,1537,1537,0,0,12.1,39,1664
back,1946,1537,1537,0,0,12.1,39,1664
back,1946,1537,1537,0,0,12.1,39,1664
back,1947,1537,1537,0,0,12.1,39,1664
back,1947,1537,1537,0,0,12.1,39,1664
back,1948,1537,1537,0,0,12.1,39,1664
back,1948,1537,1537,0,0,12.1,39,1664
back,1949,1537,1537,0,0,12.1,39,1664
back,1949,1537,1537,0,0,12.1,39,1664
back,1950,1537,1537,0,0,12.1,39,1664
back,1950,1537,1537,0,0,12.1,39,1664
back,1951,1537,1537,0,0,12.1,39,1664
back,1951,1537,1537,0,0,12.1,39,1664
back,1952,1537,1537,0,0,12.1,39,1664
back,1952,1537,1537,0,0,12.1,39,1664
back,1953,1537,1537,0,0,12.1,39,1664
back,1953,1537,1537,0,0,12.1,39,1664
back,1954,1537,1537,0,0,12.1,39,1664
back,1954,1537,1537,0,0,12.1,39,1664
back,1955,1537,1537,0,0,12.1,39,1664
back,1955,1537,1537,0,0,12.1,39,1664
back,1956,1537,1537,0,0,12.1,39,1664
back,1956,1537,1537,0,0,12.1,39,1664
back,1957,1537,1537,0,0,12.1,39,1664
back,1957,1537,1537,0,0,12.1,39,1664
back,1958,1537,1537,0,0,12.1,39,1664
back,1958,1537,1537,0,0,12.1,39,1664
back,1959,1537,1537,0,0,12.1,39,1664
back,1959,1537,1537,0,0,12.1,39,1664
back,1960,1537,1537,0,0,12.1,39,1664
back,1960,1537,1537,0,0,12.1,39,1664
back,1961,1537,1537,0,0,12.1,39,1664
back,1961,1537,1537,0,0,12.1,39,1664
back,1962,1537,1537,0,0,12.1,39,1664
back,1962,1537,1537,0,0,12.1,39,1664
back,1963,1537,1537,0,0,12.1,39,1664
back,1963,1537,1537,0,0,12.1,39,1664
back,1964,1537,1537,0,0,12.1,39,1664
back,1964,1537,1537,0,0,12.1,39,1664
back,1965,1537,1537,0,0,12.1,39,1664
back,1965,1537,1537,0,0,12.1,39,1664
back,1966,1537,1537,0,0,12.1,39,1664
back,1966,1537,1537,0,0,12.1,39,1664
back,1967,1537,1537,0,0,12.1,39,1664
back,1967,1537,1537,0,0,12.1,39,1664
back,1968,1537,1537,0,0,12.1,39,1664
back,1968,1537,1537,0,0,12.1,39,1664
back,1969,1537,1537,0,0,12.1,39,1664
back,1969,1537,1537,0,0,12.1,39,1664
back,1970,1537,1537,0,0,12.1,39,1664
back,1970,1537,1537,0,0,12.1,39,1664
back,1971,1537,1537,0,0,12.1,39,1664
back,1971,1537,1537,0,0,12.1,39,1664
back,1972,1537,1537,0,0,12.1,39,1664
back,1972,1537,1537,0,0,12.1,39,1664
back,1973,1537,1537,0,0,12.1,39,1664
back,1973,1537,1537,0,0,12.1,40,1664
back,1974,1537,1537,0,0,12.1,40,1664
back,1974,1537,1537,0,0,12.1,39,1664
back,1975,1537,1537,0,0,12.1,39,1664
back,1975,1537,1537,0,0,12.1,39,1664
back,1976,1537,1537,0,0,12.1,39,1664
back,1976,1537,1537,0,0,12.1,39,1664
back,1977,1537,1537,0,0,12.1,39,1664
back,1977,1537,1537,0,0,12.1,39,1664
back,1978,1537,1537,0,0,12.1,39,1664
back,1978,1537,1537,0,0,12.1,39,1664
back,1979,1537,1537,0,0,12.1,39,1664
back,1979,1537,1537,0,0,12.1,39,1664
back,1980,1537,1537,0,0,12.1,39,1664
back,1980,1537,1537,0,0,12.1,39,1664
back,1981,1537,1537,0,0,12.1,39,1664
back,1981,1537,1537,0,0,12.1,39,1664
back,1982,1537,1537,0,0,12.1,39,1664
back,1982,1537,1537,0,0,12.1,39,1664
back,1983,1537,1537,0,0,12.1,39,1664
back,1983,1537,1537,0,0,12.1,39,1664
back,1984,1537,1537,0,0,12.1,39,1664
back,1984,1537,1537,0,0,12.1,39,1664
back,1985,1537,1537,0,0,12.1,39,1664
back,1985,1537,1537,0,0,12.1,39,1664
back,1986,1537,1537,0,0,12.1,39,1664
back,1986,1537,1537,0,0,12.1,39,1664
back,1987,1537,1537,0,0,12.1,39,1664
back,1987,1537,1537,0,0,12.1,39,1664
back,1988,1537,1537,0,0,12.1,39,1664
back,1988,1537,1537,0,0,12.1,39,1664
back,1989,1537,1537,0,0,12.1,39,1664
back,1989,1537,1537,0,0,12.1,39,1664
back,1990,1537,1537,0,0,12.1,39,1664
back,1990,1537,1537,0,0,12.1,39,1664
back,1991,1537,1537,0,0,12.1,39,1664
back,1991,1537,1537,0,0,12.1,39,1664
back,1992,1537,1537,0,0,12.1,39,1664
back,1992,1537,1537,0,0,12.1,39,1664
back,1993,1537,1537,0,0,12.1,39,1664
back,1993,1537,1537,0,0,12.1,39,1664
back,1993,1537,1537,0,0,12.1,39,1664
back,1994,1537,1537,0,0,12.1,39,1664
back,1995,1537,1537,0,0,12.1,39,1664
back,1995,1537,1537,0,0,12.1,39,1664
back,1996,1537,1537,0,0,12.1,39,1664
back,1996,1537,1537,0,0,12.1,39,1664
back,1996,1537,1537,0,0,12.1,39,1664
back,1997,1537,1537,0,0,12.1,39,1664
back,1998,1537,1537,0,0,12.1,39,1664
back,1998,1537,1537,0,0,12.1,39,1664
back,1999,1537,1537,0,0,12.1,39,1664
back,1999,1537,1537,0,0,12.1,39,1664
back,2000,1537,1537,0,0,12.1,39,1664
