phase,t_ms,target,pos,speed,load,volt,temp_c,current_ma
pre,0,1498,1498,0,0,12.1,37,362752
pre,24,1498,1498,0,0,12.1,37,362752
pre,25,1498,1498,0,0,12.1,37,362752
pre,26,1498,1498,0,0,12.1,37,362752
pre,26,1498,1498,0,0,12.1,37,362752
pre,27,1498,1498,0,0,12.1,37,362752
pre,27,1498,1498,0,0,12.1,37,362752
pre,28,1498,1498,0,0,12.1,37,362752
pre,28,1498,1498,0,0,12.1,37,362752
pre,29,1498,1498,0,0,12.1,37,362752
pre,29,1498,1498,0,0,12.0,37,362752
pre,30,1498,1498,0,0,12.0,37,362752
pre,30,1498,1498,0,0,12.1,37,362752
pre,31,1498,1498,0,0,12.1,37,362752
pre,32,1498,1498,0,0,12.1,37,362752
pre,32,1498,1498,0,0,12.1,37,362752
pre,33,1498,1498,0,0,12.1,37,362752
pre,33,1498,1498,0,0,12.1,37,362752
pre,34,1498,1498,0,0,12.1,37,362752
pre,34,1498,1498,0,0,12.1,37,362752
pre,35,1498,1498,0,0,12.1,37,362752
pre,35,1498,1498,0,0,12.1,37,362752
pre,36,1498,1498,0,0,12.1,37,362752
pre,36,1498,1498,0,0,12.1,37,362752
pre,37,1498,1498,0,0,12.1,37,362752
pre,37,1498,1498,0,0,12.1,37,362752
pre,38,1498,1498,0,0,12.1,37,362752
pre,38,1498,1498,0,0,12.1,37,362752
pre,39,1498,1498,0,0,12.1,37,362752
pre,39,1498,1498,0,0,12.1,37,362752
pre,40,1498,1498,0,0,12.1,37,362752
pre,40,1498,1498,0,0,12.1,37,362752
pre,41,1498,1498,0,0,12.1,37,362752
pre,41,1498,1498,0,0,12.1,37,362752
pre,42,1498,1498,0,0,12.1,37,362752
pre,42,1498,1498,0,0,12.1,37,362752
pre,43,1498,1498,0,0,12.1,37,362752
pre,43,1498,1498,0,0,12.1,37,362752
pre,44,1498,1498,0,0,12.1,37,362752
pre,44,1498,1498,0,0,12.1,37,362752
pre,45,1498,1498,0,0,12.1,37,362752
pre,45,1498,1498,0,0,12.1,37,362752
pre,46,1498,1498,0,0,12.1,37,362752
pre,46,1498,1498,0,0,12.1,37,362752
pre,47,1498,1498,0,0,12.1,37,362752
pre,48,1498,1498,0,0,12.1,37,362752
pre,49,1498,1498,0,0,12.1,37,362752
pre,49,1498,1498,0,0,12.1,37,362752
pre,50,1498,1498,0,0,12.1,37,362752
pre,50,1498,1498,0,0,12.1,37,362752
pre,51,1498,1498,0,0,12.1,37,362752
pre,51,1498,1498,0,0,12.1,37,362752
pre,52,1498,1498,0,0,12.1,37,362752
pre,52,1498,1498,0,0,12.1,37,362752
pre,52,1498,1498,0,0,12.1,37,362752
pre,53,1498,1498,0,0,12.1,37,362752
pre,53,1498,1498,0,0,12.1,37,362752
pre,54,1498,1498,0,0,12.1,37,362752
pre,54,1498,1498,0,0,12.1,37,362752
pre,55,1498,1498,0,0,12.1,37,362752
pre,55,1498,1498,0,0,12.1,37,362752
pre,56,1498,1498,0,0,12.1,37,362752
pre,56,1498,1498,0,0,12.1,37,362752
pre,57,1498,1498,0,0,12.1,37,362752
pre,57,1498,1498,0,0,12.1,37,362752
pre,58,1498,1498,0,0,12.1,37,362752
pre,58,1498,1498,0,0,12.1,37,362752
pre,59,1498,1498,0,0,12.1,37,362752
pre,59,1498,1498,0,0,12.1,37,362752
pre,60,1498,1498,0,0,12.1,37,362752
pre,60,1498,1498,0,0,12.1,37,362752
pre,61,1498,1498,0,0,12.1,37,362752
pre,61,1498,1498,0,0,12.1,37,362752
pre,62,1498,1498,0,0,12.1,37,362752
pre,62,1498,1498,0,0,12.1,37,362752
pre,63,1498,1498,0,0,12.1,37,362752
pre,63,1498,1498,0,0,12.1,37,362752
pre,64,1498,1498,0,0,12.1,37,362752
pre,65,1498,1498,0,0,12.1,37,362752
pre,65,1498,1498,0,0,12.1,37,362752
pre,66,1498,1498,0,0,12.1,37,362752
pre,66,1498,1498,0,0,12.1,37,362752
pre,67,1498,1498,0,0,12.1,37,362752
pre,67,1498,1498,0,0,12.1,37,362752
pre,68,1498,1498,0,0,12.1,37,362752
pre,69,1498,1498,0,0,12.1,37,362752
pre,69,1498,1498,0,0,12.1,37,362752
pre,69,1498,1498,0,0,12.1,37,362752
pre,70,1498,1498,0,0,12.1,37,362752
pre,70,1498,1498,0,0,12.1,37,362752
pre,71,1498,1498,0,0,12.1,37,362752
pre,71,1498,1498,0,0,12.1,37,362752
pre,72,1498,1498,0,0,12.1,37,362752
pre,72,1498,1498,0,0,12.1,37,362752
pre,73,1498,1498,0,0,12.1,37,362752
pre,73,1498,1498,0,0,12.1,37,362752
pre,74,1498,1498,0,0,12.1,37,362752
pre,74,1498,1498,0,0,12.1,37,362752
pre,75,1498,1498,0,0,12.1,37,362752
pre,75,1498,1498,0,0,12.1,37,362752
pre,76,1498,1498,0,0,12.1,37,362752
pre,76,1498,1498,0,0,12.1,37,362752
pre,77,1498,1498,0,0,12.1,37,362752
pre,77,1498,1498,0,0,12.1,37,362752
pre,78,1498,1498,0,0,12.1,37,362752
pre,78,1498,1498,0,0,12.1,37,362752
pre,78,1498,1498,0,0,12.1,37,362752
pre,79,1498,1498,0,0,12.1,37,362752
pre,79,1498,1498,0,0,12.1,37,362752
pre,80,1498,1498,0,0,12.1,37,362752
pre,80,1498,1498,0,0,12.1,37,362752
pre,81,1498,1498,0,0,12.1,37,362752
pre,82,1498,1498,0,0,12.1,37,362752
pre,82,1498,1498,0,0,12.1,37,362752
pre,83,1498,1498,0,0,12.1,37,362752
pre,83,1498,1498,0,0,12.1,37,362752
pre,84,1498,1498,0,0,12.1,37,362752
pre,84,1498,1498,0,0,12.1,37,362752
pre,85,1498,1498,0,0,12.1,37,362752
pre,85,1498,1498,0,0,12.1,37,362752
pre,86,1498,1498,0,0,12.1,37,362752
pre,86,1498,1498,0,0,12.1,37,362752
pre,87,1498,1498,0,0,12.1,37,362752
pre,87,1498,1498,0,0,12.1,37,362752
pre,87,1498,1498,0,0,12.1,37,362752
pre,88,1498,1498,0,0,12.1,37,362752
pre,88,1498,1498,0,0,12.1,37,362752
pre,89,1498,1498,0,0,12.1,37,362752
pre,89,1498,1498,0,0,12.1,37,362752
pre,90,1498,1498,0,0,12.1,37,362752
pre,90,1498,1498,0,0,12.1,37,362752
pre,91,1498,1498,0,0,12.1,37,362752
pre,91,1498,1498,0,0,12.1,37,362752
pre,92,1498,1498,0,0,12.1,37,362752
pre,92,1498,1498,0,0,12.1,37,362752
pre,93,1498,1498,0,0,12.1,37,362752
pre,93,1498,1498,0,0,12.1,37,362752
pre,94,1498,1498,0,0,12.1,37,362752
pre,94,1498,1498,0,0,12.1,37,362752
pre,95,1498,1498,0,0,12.1,37,362752
pre,95,1498,1498,0,0,12.1,37,362752
pre,95,1498,1498,0,0,12.1,37,362752
pre,96,1498,1498,0,0,12.1,37,362752
pre,96,1498,1498,0,0,12.1,37,362752
pre,97,1498,1498,0,0,12.1,37,362752
pre,97,1498,1498,0,0,12.1,37,362752
pre,98,1498,1498,0,0,12.1,37,362752
pre,99,1498,1498,0,0,12.1,37,362752
pre,99,1498,1498,0,0,12.1,37,362752
pre,100,1498,1498,0,0,12.1,38,362752
pre,100,1498,1498,0,0,12.1,38,362752
pre,101,1498,1498,0,0,12.1,37,362752
pre,101,1498,1498,0,0,12.1,37,362752
pre,102,1498,1498,0,0,12.1,37,362752
pre,102,1498,1498,0,0,12.1,37,362752
pre,103,1498,1498,0,0,12.1,37,362752
pre,104,1498,1498,0,0,12.1,37,362752
pre,104,1498,1498,0,0,12.1,37,362752
pre,105,1498,1498,0,0,12.1,37,362752
pre,105,1498,1498,0,0,12.1,37,362752
pre,106,1498,1498,0,0,12.1,37,362752
pre,106,1498,1498,0,0,12.1,37,362752
pre,107,1498,1498,0,0,12.1,37,362752
pre,107,1498,1498,0,0,12.1,37,362752
pre,107,1498,1498,0,0,12.1,37,362752
pre,108,1498,1498,0,0,12.1,37,362752
pre,108,1498,1498,0,0,12.1,37,362752
pre,109,1498,1498,0,0,12.1,37,362752
pre,109,1498,1498,0,0,12.1,37,362752
pre,110,1498,1498,0,0,12.1,37,362752
pre,110,1498,1498,0,0,12.1,37,362752
pre,111,1498,1498,0,0,12.1,37,362752
pre,111,1498,1498,0,0,12.1,37,362752
pre,112,1498,1498,0,0,12.1,37,362752
pre,112,1498,1498,0,0,12.1,37,362752
pre,113,1498,1498,0,0,12.1,37,362752
pre,113,1498,1498,0,0,12.1,37,362752
pre,114,1498,1498,0,0,12.1,37,362752
pre,114,1498,1498,0,0,12.1,37,362752
pre,115,1498,1498,0,0,12.1,37,362752
pre,116,1498,1498,0,0,12.1,37,362752
pre,116,1498,1498,0,0,12.1,37,362752
pre,117,1498,1498,0,0,12.1,37,362752
pre,117,1498,1498,0,0,12.1,37,362752
pre,118,1498,1498,0,0,12.1,37,362752
pre,118,1498,1498,0,0,12.1,37,362752
pre,119,1498,1498,0,0,12.1,37,362752
pre,119,1498,1498,0,0,12.1,37,362752
pre,120,1498,1498,0,0,12.1,37,362752
pre,120,1498,1498,0,0,12.1,37,362752
pre,121,1498,1498,0,0,12.1,37,362752
pre,121,1498,1498,0,0,12.1,37,362752
pre,121,1498,1498,0,0,12.1,37,362752
pre,122,1498,1498,0,0,12.1,37,362752
pre,122,1498,1498,0,0,12.1,37,362752
pre,123,1498,1498,0,0,12.1,37,362752
pre,123,1498,1498,0,0,12.1,37,362752
pre,124,1498,1498,0,0,12.1,37,362752
pre,124,1498,1498,0,0,12.1,37,362752
pre,125,1498,1498,0,0,12.1,37,362752
pre,125,1498,1498,0,0,12.1,37,362752
pre,126,1498,1498,0,0,12.1,37,362752
pre,126,1498,1498,0,0,12.1,37,362752
pre,127,1498,1498,0,0,12.1,37,362752
pre,127,1498,1498,0,0,12.1,37,362752
pre,127,1498,1498,0,0,12.1,37,362752
pre,128,1498,1498,0,0,12.1,37,362752
pre,128,1498,1498,0,0,12.1,37,362752
pre,129,1498,1498,0,0,12.1,37,362752
pre,129,1498,1498,0,0,12.1,37,362752
pre,130,1498,1498,0,0,12.1,37,362752
pre,130,1498,1498,0,0,12.1,37,362752
pre,131,1498,1498,0,0,12.1,37,362752
pre,132,1498,1498,0,0,12.1,37,362752
pre,132,1498,1498,0,0,12.1,37,362752
pre,133,1498,1498,0,0,12.1,37,362752
pre,133,1498,1498,0,0,12.1,37,362752
pre,134,1498,1498,0,0,12.1,37,362752
pre,134,1498,1498,0,0,12.1,37,362752
pre,135,1498,1498,0,0,12.1,37,362752
pre,135,1498,1498,0,0,12.1,37,362752
pre,136,1498,1498,0,0,12.1,37,362752
pre,136,1498,1498,0,0,12.1,37,362752
pre,136,1498,1498,0,0,12.1,37,362752
pre,137,1498,1498,0,0,12.1,37,362752
pre,137,1498,1498,0,0,12.1,37,362752
pre,138,1498,1498,0,0,12.1,37,362752
pre,138,1498,1498,0,0,12.1,37,362752
pre,139,1498,1498,0,0,12.1,37,362752
pre,139,1498,1498,0,0,12.1,37,362752
pre,140,1498,1498,0,0,12.1,37,362752
pre,140,1498,1498,0,0,12.1,37,362752
pre,141,1498,1498,0,0,12.1,37,362752
pre,141,1498,1498,0,0,12.1,37,362752
pre,142,1498,1498,0,0,12.1,37,362752
pre,142,1498,1498,0,0,12.1,37,362752
pre,143,1498,1498,0,0,12.1,37,362752
pre,143,1498,1498,0,0,12.1,37,362752
pre,144,1498,1498,0,0,12.1,37,362752
pre,144,1498,1498,0,0,12.1,37,362752
pre,145,1498,1498,0,0,12.1,37,362752
pre,145,1498,1498,0,0,12.1,37,362752
pre,146,1498,1498,0,0,12.1,37,362752
pre,146,1498,1498,0,0,12.1,37,362752
pre,146,1498,1498,0,0,12.1,37,362752
pre,147,1498,1498,0,0,12.1,37,362752
pre,148,1498,1498,0,0,12.1,37,362752
pre,148,1498,1498,0,0,12.1,37,362752
pre,149,1498,1498,0,0,12.1,37,362752
pre,149,1498,1498,0,0,12.1,37,362752
pre,150,1498,1498,0,0,12.1,37,362752
pre,150,1498,1498,0,0,12.1,37,362752
pre,151,1498,1498,0,0,12.1,37,362752
pre,151,1498,1498,0,0,12.1,37,362752
pre,151,1498,1498,0,0,12.1,37,362752
pre,152,1498,1498,0,0,12.1,37,362752
pre,152,1498,1498,0,0,12.1,37,362752
pre,153,1498,1498,0,0,12.1,37,362752
pre,153,1498,1498,0,0,12.1,37,362752
pre,154,1498,1498,0,0,12.1,37,362752
pre,154,1498,1498,0,0,12.1,37,362752
pre,155,1498,1498,0,0,12.1,37,362752
pre,155,1498,1498,0,0,12.1,37,362752
pre,156,1498,1498,0,0,12.1,37,362752
pre,156,1498,1498,0,0,12.1,37,362752
pre,157,1498,1498,0,0,12.1,37,362752
pre,157,1498,1498,0,0,12.1,37,362752
pre,157,1498,1498,0,0,12.1,37,362752
pre,158,1498,1498,0,0,12.1,37,362752
pre,158,1498,1498,0,0,12.1,37,362752
pre,159,1498,1498,0,0,12.1,37,362752
pre,159,1498,1498,0,0,12.1,37,362752
pre,160,1498,1498,0,0,12.1,37,362752
pre,160,1498,1498,0,0,12.1,37,362752
pre,161,1498,1498,0,0,12.1,37,362752
pre,161,1498,1498,0,0,12.1,37,362752
pre,162,1498,1498,0,0,12.1,37,362752
pre,162,1498,1498,0,0,12.1,37,362752
pre,162,1498,1498,0,0,12.1,37,362752
pre,163,1498,1498,0,0,12.1,37,362752
pre,163,1498,1498,0,0,12.1,37,362752
pre,164,1498,1498,0,0,12.1,37,362752
pre,165,1498,1498,0,0,12.1,37,362752
pre,165,1498,1498,0,0,12.1,37,362752
pre,166,1498,1498,0,0,12.1,37,362752
pre,166,1498,1498,0,0,12.1,37,362752
pre,167,1498,1498,0,0,12.1,37,362752
pre,168,1498,1498,0,0,12.1,37,362752
pre,168,1498,1498,0,0,12.1,37,362752
pre,168,1498,1498,0,0,12.1,37,362752
pre,169,1498,1498,0,0,12.1,37,362752
pre,169,1498,1498,0,0,12.1,37,362752
pre,170,1498,1498,0,0,12.1,37,362752
pre,170,1498,1498,0,0,12.1,37,362752
pre,171,1498,1498,0,0,12.1,37,362752
pre,171,1498,1498,0,0,12.1,37,362752
pre,172,1498,1498,0,0,12.1,37,362752
pre,172,1498,1498,0,0,12.1,37,362752
pre,173,1498,1498,0,0,12.1,37,362752
pre,173,1498,1498,0,0,12.1,37,362752
pre,174,1498,1498,0,0,12.1,37,362752
pre,174,1498,1498,0,0,12.1,37,362752
pre,175,1498,1498,0,0,12.1,37,362752
pre,175,1498,1498,0,0,12.1,37,362752
pre,176,1498,1498,0,0,12.1,37,362752
pre,176,1498,1498,0,0,12.1,37,362752
pre,177,1498,1498,0,0,12.1,37,362752
pre,177,1498,1498,0,0,12.1,37,362752
pre,178,1498,1498,0,0,12.1,37,362752
pre,178,1498,1498,0,0,12.1,37,362752
pre,179,1498,1498,0,0,12.1,37,362752
pre,179,1498,1498,0,0,12.1,37,362752
pre,180,1498,1498,0,0,12.1,37,362752
pre,180,1498,1498,0,0,12.1,37,362752
pre,181,1498,1498,0,0,12.1,37,362752
pre,182,1498,1498,0,0,12.1,37,362752
pre,182,1498,1498,0,0,12.1,37,362752
pre,183,1498,1498,0,0,12.1,37,362752
pre,183,1498,1498,0,0,12.1,37,362752
pre,184,1498,1498,0,0,12.1,37,362752
pre,184,1498,1498,0,0,12.1,37,362752
pre,185,1498,1498,0,0,12.1,37,362752
pre,185,1498,1498,0,0,12.1,37,362752
pre,186,1498,1498,0,0,12.1,37,362752
pre,186,1498,1498,0,0,12.1,37,362752
pre,187,1498,1498,0,0,12.1,37,362752
pre,187,1498,1498,0,0,12.1,37,362752
pre,188,1498,1498,0,0,12.1,37,362752
pre,188,1498,1498,0,0,12.1,37,362752
pre,189,1498,1498,0,0,12.1,37,362752
pre,189,1498,1498,0,0,12.1,37,362752
pre,190,1498,1498,0,0,12.1,37,362752
pre,190,1498,1498,0,0,12.1,37,362752
pre,191,1498,1498,0,0,12.1,37,362752
pre,191,1498,1498,0,0,12.1,37,362752
pre,192,1498,1498,0,0,12.1,37,362752
pre,192,1498,1498,0,0,12.1,37,362752
pre,193,1498,1498,0,0,12.1,37,362752
pre,193,1498,1498,0,0,12.1,37,362752
pre,193,1498,1498,0,0,12.1,37,362752
pre,194,1498,1498,0,0,12.1,37,362752
pre,194,1498,1498,0,0,12.1,37,362752
pre,195,1498,1498,0,0,12.1,37,362752
pre,195,1498,1498,0,0,12.1,37,362752
pre,196,1498,1498,0,0,12.1,37,362752
pre,196,1498,1498,0,0,12.1,37,362752
pre,197,1498,1498,0,0,12.1,37,362752
pre,197,1498,1498,0,0,12.1,37,362752
pre,198,1498,1498,0,0,12.1,37,362752
pre,199,1498,1498,0,0,12.1,37,362752
pre,199,1498,1498,0,0,12.1,37,362752
pre,200,1498,1498,0,0,12.1,37,362752
pre,201,1498,1498,0,0,12.1,37,362752
pre,201,1498,1498,0,0,12.1,37,362752
pre,202,1498,1498,0,0,12.1,37,362752
pre,202,1498,1498,0,0,12.1,37,362752
pre,203,1498,1498,0,0,12.1,37,362752
pre,203,1498,1498,0,0,12.1,37,362752
pre,204,1498,1498,0,0,12.1,37,362752
pre,204,1498,1498,0,0,12.1,37,362752
pre,204,1498,1498,0,0,12.1,37,362752
pre,205,1498,1498,0,0,12.1,37,362752
pre,205,1498,1498,0,0,12.1,37,362752
pre,206,1498,1498,0,0,12.1,37,362752
pre,206,1498,1498,0,0,12.1,37,362752
pre,207,1498,1498,0,0,12.1,37,362752
pre,207,1498,1498,0,0,12.1,37,362752
pre,208,1498,1498,0,0,12.1,37,362752
pre,208,1498,1498,0,0,12.1,37,362752
pre,209,1498,1498,0,0,12.1,37,362752
pre,209,1498,1498,0,0,12.1,37,362752
pre,210,1498,1498,0,0,12.1,37,362752
pre,210,1498,1498,0,0,12.1,37,362752
pre,211,1498,1498,0,0,12.1,37,362752
pre,211,1498,1498,0,0,12.1,37,362752
pre,211,1498,1498,0,0,12.1,37,362752
pre,212,1498,1498,0,0,12.1,37,362752
pre,212,1498,1498,0,0,12.1,37,362752
pre,213,1498,1498,0,0,12.1,37,362752
pre,213,1498,1498,0,0,12.1,37,362752
pre,214,1498,1498,0,0,12.1,37,362752
pre,215,1498,1498,0,0,12.1,37,362752
pre,215,1498,1498,0,0,12.1,38,362752
pre,216,1498,1498,0,0,12.1,37,362752
pre,216,1498,1498,0,0,12.1,37,362752
pre,217,1498,1498,0,0,12.1,37,362752
pre,217,1498,1498,0,0,12.1,37,362752
pre,218,1498,1498,0,0,12.1,37,362752
pre,218,1498,1498,0,0,12.1,37,362752
pre,218,1498,1498,0,0,12.1,37,362752
pre,219,1498,1498,0,0,12.1,37,362752
pre,219,1498,1498,0,0,12.1,37,362752
pre,220,1498,1498,0,0,12.1,37,362752
pre,220,1498,1498,0,0,12.1,37,362752
pre,221,1498,1498,0,0,12.1,37,362752
pre,221,1498,1498,0,0,12.1,37,362752
pre,222,1498,1498,0,0,12.1,37,362752
pre,222,1498,1498,0,0,12.1,37,362752
pre,223,1498,1498,0,0,12.1,37,362752
pre,223,1498,1498,0,0,12.1,37,362752
pre,224,1498,1498,0,0,12.1,37,362752
pre,224,1498,1498,0,0,12.1,37,362752
pre,225,1498,1498,0,0,12.1,37,362752
pre,225,1498,1498,0,0,12.1,37,362752
pre,225,1498,1498,0,0,12.1,37,362752
pre,226,1498,1498,0,0,12.1,37,362752
pre,226,1498,1498,0,0,12.1,37,362752
pre,227,1498,1498,0,0,12.1,37,362752
pre,227,1498,1498,0,0,12.1,37,362752
pre,228,1498,1498,0,0,12.1,37,362752
pre,228,1498,1498,0,0,12.1,37,362752
pre,229,1498,1498,0,0,12.1,37,362752
pre,229,1498,1498,0,0,12.1,37,362752
pre,230,1498,1498,0,0,12.1,37,362752
pre,230,1498,1498,0,0,12.1,37,362752
pre,231,1498,1498,0,0,12.1,37,362752
pre,232,1498,1498,0,0,12.1,37,362752
pre,232,1498,1498,0,0,12.1,37,362752
pre,233,1498,1498,0,0,12.1,37,362752
pre,233,1498,1498,0,0,12.1,37,362752
pre,234,1498,1498,0,0,12.1,37,362752
pre,234,1498,1498,0,0,12.1,37,362752
pre,235,1498,1498,0,0,12.1,37,362752
pre,235,1498,1498,0,0,12.1,37,362752
pre,235,1498,1498,0,0,12.1,37,362752
pre,236,1498,1498,0,0,12.1,37,362752
pre,236,1498,1498,0,0,12.1,37,362752
pre,237,1498,1498,0,0,12.1,37,362752
pre,237,1498,1498,0,0,12.1,37,362752
pre,238,1498,1498,0,0,12.1,37,362752
pre,238,1498,1498,0,0,12.1,37,362752
pre,239,1498,1498,0,0,12.1,37,362752
pre,239,1498,1498,0,0,12.1,37,362752
pre,240,1498,1498,0,0,12.1,37,362752
pre,240,1498,1498,0,0,12.1,37,362752
pre,240,1498,1498,0,0,12.1,37,362752
pre,241,1498,1498,0,0,12.1,37,362752
pre,241,1498,1498,0,0,12.1,37,362752
pre,242,1498,1498,0,0,12.1,37,362752
pre,242,1498,1498,0,0,12.1,37,362752
pre,243,1498,1498,0,0,12.1,37,362752
pre,243,1498,1498,0,0,12.1,37,362752
pre,244,1498,1498,0,0,12.1,37,362752
pre,244,1498,1498,0,0,12.1,37,362752
pre,245,1498,1498,0,0,12.1,37,362752
pre,245,1498,1498,0,0,12.1,37,362752
pre,246,1498,1498,0,0,12.1,37,362752
pre,246,1498,1498,0,0,12.1,37,362752
pre,247,1498,1498,0,0,12.1,37,362752
pre,247,1498,1498,0,0,12.1,37,362752
pre,248,1498,1498,0,0,12.1,37,362752
pre,248,1498,1498,0,0,12.1,37,362752
pre,249,1498,1498,0,0,12.1,37,362752
pre,250,1498,1498,0,0,12.1,37,362752
pre,250,1498,1498,0,0,12.1,37,362752
pre,250,1498,1498,0,0,12.1,37,362752
pre,251,1498,1498,0,0,12.1,37,362752
pre,251,1498,1498,0,0,12.1,37,362752
pre,252,1498,1498,0,0,12.1,37,362752
pre,252,1498,1498,0,0,12.1,37,362752
pre,253,1498,1498,0,0,12.1,37,362752
pre,253,1498,1498,0,0,12.1,37,362752
pre,254,1498,1498,0,0,12.1,37,362752
pre,254,1498,1498,0,0,12.1,37,362752
pre,255,1498,1498,0,0,12.1,37,362752
pre,255,1498,1498,0,0,12.1,37,362752
pre,256,1498,1498,0,0,12.1,37,362752
pre,256,1498,1498,0,0,12.1,37,362752
pre,257,1498,1498,0,0,12.1,37,362752
pre,257,1498,1498,0,0,12.1,37,362752
pre,258,1498,1498,0,0,12.1,37,362752
pre,258,1498,1498,0,0,12.1,37,362752
pre,259,1498,1498,0,0,12.1,37,362752
pre,259,1498,1498,0,0,12.1,37,362752
pre,260,1498,1498,0,0,12.1,37,362752
pre,260,1498,1498,0,0,12.1,37,362752
pre,261,1498,1498,0,0,12.1,37,362752
pre,261,1498,1498,0,0,12.1,37,362752
pre,262,1498,1498,0,0,12.1,37,362752
pre,262,1498,1498,0,0,12.1,37,362752
pre,263,1498,1498,0,0,12.1,37,362752
pre,263,1498,1498,0,0,12.1,37,362752
pre,264,1498,1498,0,0,12.1,37,362752
pre,264,1498,1498,0,0,12.1,37,362752
pre,265,1498,1498,0,0,12.1,37,362752
pre,265,1498,1498,0,0,12.1,37,362752
pre,266,1498,1498,0,0,12.1,37,362752
pre,267,1498,1498,0,0,12.1,37,362752
pre,267,1498,1498,0,0,12.1,37,362752
pre,268,1498,1498,0,0,12.1,37,362752
pre,268,1498,1498,0,0,12.1,37,362752
pre,268,1498,1498,0,0,12.1,37,362752
pre,269,1498,1498,0,0,12.1,37,362752
pre,269,1498,1498,0,0,12.1,37,362752
pre,270,1498,1498,0,0,12.1,37,362752
pre,270,1498,1498,0,0,12.1,37,362752
pre,271,1498,1498,0,0,12.1,37,362752
pre,271,1498,1498,0,0,12.1,37,362752
pre,272,1498,1498,0,0,12.1,37,362752
pre,272,1498,1498,0,0,12.1,37,362752
pre,273,1498,1498,0,0,12.1,37,362752
pre,273,1498,1498,0,0,12.1,37,362752
pre,274,1498,1498,0,0,12.1,37,362752
pre,274,1498,1498,0,0,12.1,37,362752
pre,274,1498,1498,0,0,12.1,37,362752
pre,275,1498,1498,0,0,12.1,37,362752
pre,275,1498,1498,0,0,12.1,37,362752
pre,276,1498,1498,0,0,12.1,37,362752
pre,276,1498,1498,0,0,12.1,37,362752
pre,277,1498,1498,0,0,12.1,37,362752
pre,277,1498,1498,0,0,12.1,37,362752
pre,278,1498,1498,0,0,12.1,37,362752
pre,278,1498,1498,0,0,12.1,37,362752
pre,279,1498,1498,0,0,12.1,37,362752
pre,279,1498,1498,0,0,12.1,37,362752
pre,280,1498,1498,0,0,12.1,37,362752
pre,280,1498,1498,0,0,12.1,37,362752
pre,281,1498,1498,0,0,12.1,37,362752
pre,282,1498,1498,0,0,12.1,37,362752
pre,282,1498,1498,0,0,12.1,37,362752
pre,283,1498,1498,0,0,12.1,37,362752
pre,283,1498,1498,0,0,12.1,37,362752
pre,284,1498,1498,0,0,12.1,37,362752
pre,284,1498,1498,0,0,12.1,37,362752
pre,285,1498,1498,0,0,12.1,37,362752
pre,285,1498,1498,0,0,12.1,37,362752
pre,286,1498,1498,0,0,12.1,37,362752
pre,286,1498,1498,0,0,12.1,37,362752
pre,286,1498,1498,0,0,12.1,37,362752
pre,287,1498,1498,0,0,12.1,37,362752
pre,287,1498,1498,0,0,12.1,37,362752
pre,288,1498,1498,0,0,12.1,37,362752
pre,288,1498,1498,0,0,12.1,37,362752
pre,289,1498,1498,0,0,12.1,37,362752
pre,289,1498,1498,0,0,12.1,37,362752
pre,290,1498,1498,0,0,12.1,37,362752
pre,290,1498,1498,0,0,12.1,37,362752
pre,291,1498,1498,0,0,12.1,37,362752
pre,291,1498,1498,0,0,12.1,37,362752
pre,292,1498,1498,0,0,12.1,37,362752
pre,292,1498,1498,0,0,12.1,37,362752
pre,293,1498,1498,0,0,12.1,37,362752
pre,293,1498,1498,0,0,12.1,37,362752
pre,294,1498,1498,0,0,12.1,37,362752
pre,294,1498,1498,0,0,12.1,37,362752
pre,295,1498,1498,0,0,12.1,37,362752
pre,295,1498,1498,0,0,12.1,37,362752
pre,296,1498,1498,0,0,12.1,37,362752
pre,296,1498,1498,0,0,12.1,37,362752
pre,297,1498,1498,0,0,12.1,37,362752
pre,297,1498,1498,0,0,12.1,37,362752
pre,298,1498,1498,0,0,12.1,37,362752
pre,298,1498,1498,0,0,12.1,37,362752
pre,299,1498,1498,0,0,12.1,37,362752
pre,300,1498,1498,0,0,12.1,37,362752
pre,300,1498,1498,0,0,12.1,37,362752
pre,301,1498,1498,0,0,12.1,37,362752
pre,301,1498,1498,0,0,12.1,37,362752
pre,302,1498,1498,0,0,12.1,37,362752
pre,302,1498,1498,0,0,12.1,37,362752
pre,303,1498,1498,0,0,12.1,37,362752
pre,303,1498,1498,0,0,12.1,37,362752
pre,304,1498,1498,0,0,12.1,37,362752
pre,304,1498,1498,0,0,12.1,37,362752
pre,304,1498,1498,0,0,12.1,37,362752
pre,305,1498,1498,0,0,12.1,37,362752
pre,305,1498,1498,0,0,12.1,37,362752
pre,306,1498,1498,0,0,12.1,37,362752
pre,306,1498,1498,0,0,12.1,37,362752
pre,307,1498,1498,0,0,12.1,37,362752
pre,307,1498,1498,0,0,12.1,37,362752
pre,308,1498,1498,0,0,12.1,37,362752
pre,308,1498,1498,0,0,12.1,37,362752
pre,309,1498,1498,0,0,12.1,37,362752
pre,309,1498,1498,0,0,12.1,37,362752
pre,310,1498,1498,0,0,12.1,37,362752
pre,310,1498,1498,0,0,12.1,37,362752
pre,310,1498,1498,0,0,12.1,37,362752
pre,311,1498,1498,0,0,12.1,37,362752
pre,311,1498,1498,0,0,12.1,37,362752
pre,312,1498,1498,0,0,12.1,37,362752
pre,312,1498,1498,0,0,12.1,37,362752
pre,313,1498,1498,0,0,12.1,37,362752
pre,313,1498,1498,0,0,12.1,37,362752
pre,314,1498,1498,0,0,12.1,37,362752
pre,315,1498,1498,0,0,12.1,37,362752
pre,315,1498,1498,0,0,12.1,37,362752
pre,316,1498,1498,0,0,12.1,37,362752
pre,316,1498,1498,0,0,12.1,37,362752
pre,317,1498,1498,0,0,12.1,37,362752
pre,317,1498,1498,0,0,12.1,37,362752
pre,318,1498,1498,0,0,12.1,37,362752
pre,318,1498,1498,0,0,12.1,37,362752
pre,319,1498,1498,0,0,12.1,37,362752
pre,319,1498,1498,0,0,12.1,37,362752
pre,320,1498,1498,0,0,12.1,37,362752
pre,320,1498,1498,0,0,12.1,37,362752
pre,320,1498,1498,0,0,12.1,37,362752
pre,321,1498,1498,0,0,12.1,37,362752
pre,321,1498,1498,0,0,12.1,37,362752
pre,322,1498,1498,0,0,12.1,37,362752
pre,322,1498,1498,0,0,12.1,37,362752
pre,323,1498,1498,0,0,12.1,37,362752
pre,323,1498,1498,0,0,12.1,37,362752
pre,324,1498,1498,0,0,12.1,37,362752
pre,324,1498,1498,0,0,12.1,37,362752
pre,325,1498,1498,0,0,12.1,37,362752
pre,325,1498,1498,0,0,12.1,37,362752
pre,326,1498,1498,0,0,12.1,37,362752
pre,326,1498,1498,0,0,12.1,37,362752
pre,327,1498,1498,0,0,12.1,37,362752
pre,327,1498,1498,0,0,12.1,37,362752
pre,327,1498,1498,0,0,12.1,37,362752
pre,328,1498,1498,0,0,12.1,37,362752
pre,328,1498,1498,0,0,12.1,37,362752
pre,329,1498,1498,0,0,12.1,37,362752
pre,329,1498,1498,0,0,12.1,37,362752
pre,330,1498,1498,0,0,12.1,37,362752
pre,330,1498,1498,0,0,12.1,37,362752
pre,331,1498,1498,0,0,12.1,37,362752
pre,331,1498,1498,0,0,12.1,37,362752
pre,332,1498,1498,0,0,12.1,37,362752
pre,333,1498,1498,0,0,12.1,37,362752
pre,333,1498,1498,0,0,12.1,37,362752
pre,334,1498,1498,0,0,12.1,37,362752
pre,334,1498,1498,0,0,12.1,37,362752
pre,334,1498,1498,0,0,12.1,37,362752
pre,335,1498,1498,0,0,12.1,37,362752
pre,335,1498,1498,0,0,12.1,37,362752
pre,336,1498,1498,0,0,12.1,37,362752
pre,336,1498,1498,0,0,12.1,37,362752
pre,337,1498,1498,0,0,12.1,37,362752
pre,337,1498,1498,0,0,12.1,37,362752
pre,338,1498,1498,0,0,12.1,37,362752
pre,338,1498,1498,0,0,12.1,37,362752
pre,339,1498,1498,0,0,12.1,37,362752
pre,339,1498,1498,0,0,12.1,37,362752
pre,340,1498,1498,0,0,12.1,37,362752
pre,340,1498,1498,0,0,12.1,37,362752
pre,341,1498,1498,0,0,12.1,37,362752
pre,341,1498,1498,0,0,12.1,37,362752
pre,342,1498,1498,0,0,12.1,37,362752
pre,342,1498,1498,0,0,12.1,37,362752
pre,343,1498,1498,0,0,12.1,37,362752
pre,343,1498,1498,0,0,12.1,37,362752
pre,344,1498,1498,0,0,12.1,37,362752
pre,344,1498,1498,0,0,12.1,37,362752
pre,345,1498,1498,0,0,12.0,37,362752
pre,345,1498,1498,0,0,12.0,37,362752
pre,346,1498,1498,0,0,12.1,37,362752
pre,346,1498,1498,0,0,12.1,37,362752
pre,347,1498,1498,0,0,12.1,37,362752
pre,347,1498,1498,0,0,12.1,37,362752
pre,348,1498,1498,0,0,12.1,37,362752
pre,349,1498,1498,0,0,12.1,37,362752
pre,349,1498,1498,0,0,12.1,37,362752
pre,350,1498,1498,0,0,12.1,37,362752
pre,350,1498,1498,0,0,12.1,37,362752
pre,351,1498,1498,0,0,12.1,37,362752
pre,351,1498,1498,0,0,12.1,37,362752
pre,352,1498,1498,0,0,12.1,37,362752
pre,352,1498,1498,0,0,12.1,37,362752
pre,353,1498,1498,0,0,12.1,37,362752
pre,353,1498,1498,0,0,12.1,37,362752
pre,353,1498,1498,0,0,12.1,37,362752
pre,354,1498,1498,0,0,12.1,37,362752
pre,354,1498,1498,0,0,12.1,37,362752
pre,355,1498,1498,0,0,12.1,37,362752
pre,355,1498,1498,0,0,12.1,37,362752
pre,356,1498,1498,0,0,12.1,37,362752
pre,356,1498,1498,0,0,12.1,37,362752
pre,357,1498,1498,0,0,12.1,37,362752
pre,357,1498,1498,0,0,12.1,37,362752
pre,358,1498,1498,0,0,12.1,37,362752
pre,358,1498,1498,0,0,12.1,37,362752
pre,359,1498,1498,0,0,12.1,37,362752
pre,359,1498,1498,0,0,12.1,37,362752
pre,359,1498,1498,0,0,12.1,37,362752
pre,360,1498,1498,0,0,12.1,37,362752
pre,360,1498,1498,0,0,12.1,37,362752
pre,361,1498,1498,0,0,12.1,37,362752
pre,361,1498,1498,0,0,12.1,37,362752
pre,362,1498,1498,0,0,12.1,37,362752
pre,362,1498,1498,0,0,12.1,37,362752
pre,363,1498,1498,0,0,12.1,37,362752
pre,363,1498,1498,0,0,12.1,37,362752
pre,364,1498,1498,0,0,12.1,37,362752
pre,365,1498,1498,0,0,12.1,37,362752
pre,365,1498,1498,0,0,12.1,37,362752
pre,366,1498,1498,0,0,12.1,37,362752
pre,366,1498,1498,0,0,12.1,37,362752
pre,367,1498,1498,0,0,12.1,37,362752
pre,367,1498,1498,0,0,12.1,37,362752
pre,368,1498,1498,0,0,12.1,37,362752
pre,368,1498,1498,0,0,12.1,37,362752
pre,369,1498,1498,0,0,12.1,37,362752
pre,369,1498,1498,0,0,12.1,37,362752
pre,370,1498,1498,0,0,12.1,37,362752
pre,370,1498,1498,0,0,12.1,37,362752
pre,370,1498,1498,0,0,12.1,37,362752
pre,371,1498,1498,0,0,12.1,37,362752
pre,371,1498,1498,0,0,12.1,37,362752
pre,372,1498,1498,0,0,12.1,37,362752
pre,372,1498,1498,0,0,12.1,37,362752
pre,373,1498,1498,0,0,12.1,37,362752
pre,373,1498,1498,0,0,12.1,37,362752
pre,374,1498,1498,0,0,12.1,37,362752
pre,374,1498,1498,0,0,12.1,37,362752
pre,375,1498,1498,0,0,12.1,37,362752
pre,375,1498,1498,0,0,12.1,37,362752
pre,376,1498,1498,0,0,12.1,37,362752
pre,376,1498,1498,0,0,12.1,37,362752
pre,377,1498,1498,0,0,12.1,37,362752
pre,377,1498,1498,0,0,12.1,37,362752
pre,378,1498,1498,0,0,12.1,37,362752
pre,378,1498,1498,0,0,12.1,37,362752
pre,379,1498,1498,0,0,12.1,37,362752
pre,380,1498,1498,0,0,12.1,37,362752
pre,380,1498,1498,0,0,12.1,37,362752
pre,381,1498,1498,0,0,12.1,37,362752
pre,381,1498,1498,0,0,12.1,37,362752
pre,382,1498,1498,0,0,12.1,37,362752
pre,383,1498,1498,0,0,12.1,37,362752
pre,383,1498,1498,0,0,12.1,37,362752
pre,384,1498,1498,0,0,12.1,37,362752
pre,384,1498,1498,0,0,12.1,37,362752
pre,385,1498,1498,0,0,12.1,37,362752
pre,385,1498,1498,0,0,12.1,37,362752
pre,386,1498,1498,0,0,12.1,37,362752
pre,386,1498,1498,0,0,12.1,37,362752
pre,386,1498,1498,0,0,12.1,37,362752
pre,387,1498,1498,0,0,12.1,37,362752
pre,387,1498,1498,0,0,12.1,37,362752
pre,388,1498,1498,0,0,12.1,37,362752
pre,388,1498,1498,0,0,12.1,37,362752
pre,389,1498,1498,0,0,12.1,37,362752
pre,389,1498,1498,0,0,12.1,37,362752
pre,390,1498,1498,0,0,12.1,37,362752
pre,390,1498,1498,0,0,12.1,37,362752
pre,391,1498,1498,0,0,12.1,37,362752
pre,391,1498,1498,0,0,12.1,37,362752
pre,392,1498,1498,0,0,12.1,37,362752
pre,392,1498,1498,0,0,12.1,37,362752
pre,393,1498,1498,0,0,12.1,37,362752
pre,393,1498,1498,0,0,12.1,37,362752
pre,393,1498,1498,0,0,12.1,37,362752
pre,394,1498,1498,0,0,12.1,37,362752
pre,394,1498,1498,0,0,12.1,37,362752
pre,395,1498,1498,0,0,12.1,37,362752
pre,395,1498,1498,0,0,12.1,37,362752
pre,396,1498,1498,0,0,12.1,37,362752
pre,396,1498,1498,0,0,12.1,37,362752
pre,397,1498,1498,0,0,12.1,37,362752
pre,397,1498,1498,0,0,12.1,37,362752
pre,398,1498,1498,0,0,12.1,37,362752
pre,399,1498,1498,0,0,12.1,37,362752
pre,399,1498,1498,0,0,12.1,37,362752
pre,400,1498,1498,0,0,12.1,37,362752
pre,400,1498,1498,0,0,12.1,37,362752
pre,401,1498,1498,0,0,12.1,37,362752
pre,401,1498,1498,0,0,12.1,37,362752
pre,402,1498,1498,0,0,12.1,37,362752
pre,402,1498,1498,0,0,12.1,37,362752
pre,403,1498,1498,0,0,12.1,37,362752
pre,403,1498,1498,0,0,12.1,37,362752
pre,404,1498,1498,0,0,12.1,37,362752
pre,404,1498,1498,0,0,12.1,37,362752
pre,405,1498,1498,0,0,12.1,37,362752
pre,405,1498,1498,0,0,12.1,37,362752
pre,406,1498,1498,0,0,12.1,37,362752
pre,406,1498,1498,0,0,12.1,37,362752
pre,407,1498,1498,0,0,12.1,37,362752
pre,407,1498,1498,0,0,12.1,37,362752
pre,408,1498,1498,0,0,12.1,37,362752
pre,408,1498,1498,0,0,12.1,37,362752
pre,409,1498,1498,0,0,12.1,37,362752
pre,409,1498,1498,0,0,12.1,37,362752
pre,410,1498,1498,0,0,12.1,37,362752
pre,410,1498,1498,0,0,12.1,37,362752
pre,411,1498,1498,0,0,12.1,37,362752
pre,411,1498,1498,0,0,12.1,37,362752
pre,412,1498,1498,0,0,12.1,37,362752
pre,412,1498,1498,0,0,12.1,37,362752
pre,413,1498,1498,0,0,12.1,37,362752
pre,413,1498,1498,0,0,12.1,37,362752
pre,414,1498,1498,0,0,12.1,37,362752
pre,415,1498,1498,0,0,12.1,37,362752
pre,415,1498,1498,0,0,12.1,37,362752
pre,416,1498,1498,0,0,12.1,37,362752
pre,416,1498,1498,0,0,12.1,37,362752
pre,417,1498,1498,0,0,12.1,37,362752
pre,417,1498,1498,0,0,12.1,37,362752
pre,418,1498,1498,0,0,12.1,37,362752
pre,418,1498,1498,0,0,12.1,37,362752
pre,419,1498,1498,0,0,12.1,37,362752
pre,419,1498,1498,0,0,12.1,37,362752
pre,420,1498,1498,0,0,12.1,37,362752
pre,420,1498,1498,0,0,12.1,37,362752
pre,421,1498,1498,0,0,12.1,37,362752
pre,421,1498,1498,0,0,12.1,37,362752
pre,421,1498,1498,0,0,12.1,37,362752
pre,422,1498,1498,0,0,12.1,37,362752
pre,422,1498,1498,0,0,12.1,37,362752
pre,423,1498,1498,0,0,12.1,37,362752
pre,423,1498,1498,0,0,12.1,37,362752
pre,424,1498,1498,0,0,12.1,37,362752
pre,424,1498,1498,0,0,12.1,37,362752
pre,425,1498,1498,0,0,12.1,37,362752
pre,425,1498,1498,0,0,12.1,37,362752
pre,426,1498,1498,0,0,12.1,37,362752
pre,426,1498,1498,0,0,12.1,37,362752
pre,427,1498,1498,0,0,12.1,37,362752
pre,427,1498,1498,0,0,12.1,37,362752
pre,427,1498,1498,0,0,12.1,37,362752
pre,428,1498,1498,0,0,12.1,37,362752
pre,428,1498,1498,0,0,12.1,37,362752
pre,429,1498,1498,0,0,12.1,37,362752
pre,429,1498,1498,0,0,12.1,37,362752
pre,430,1498,1498,0,0,12.1,37,362752
pre,430,1498,1498,0,0,12.1,37,362752
pre,431,1498,1498,0,0,12.1,37,362752
pre,431,1498,1498,0,0,12.1,37,362752
pre,432,1498,1498,0,0,12.1,37,362752
pre,433,1498,1498,0,0,12.1,37,362752
pre,433,1498,1498,0,0,12.1,37,362752
pre,434,1498,1498,0,0,12.1,37,362752
pre,434,1498,1498,0,0,12.1,37,362752
pre,435,1498,1498,0,0,12.1,37,362752
pre,435,1498,1498,0,0,12.1,37,362752
pre,435,1498,1498,0,0,12.1,37,362752
pre,436,1498,1498,0,0,12.1,37,362752
pre,436,1498,1498,0,0,12.1,37,362752
pre,437,1498,1498,0,0,12.1,37,362752
pre,437,1498,1498,0,0,12.1,37,362752
pre,438,1498,1498,0,0,12.1,37,362752
pre,438,1498,1498,0,0,12.1,37,362752
pre,439,1498,1498,0,0,12.1,37,362752
pre,439,1498,1498,0,0,12.1,37,362752
pre,440,1498,1498,0,0,12.1,37,362752
pre,440,1498,1498,0,0,12.1,37,362752
pre,441,1498,1498,0,0,12.1,37,362752
pre,441,1498,1498,0,0,12.1,37,362752
pre,442,1498,1498,0,0,12.1,37,362752
pre,442,1498,1498,0,0,12.1,37,362752
pre,443,1498,1498,0,0,12.1,37,362752
pre,443,1498,1498,0,0,12.1,37,362752
pre,444,1498,1498,0,0,12.1,37,362752
pre,444,1498,1498,0,0,12.1,37,362752
pre,444,1498,1498,0,0,12.1,37,362752
pre,445,1498,1498,0,0,12.1,37,362752
pre,445,1498,1498,0,0,12.1,37,362752
pre,446,1498,1498,0,0,12.1,37,362752
pre,446,1498,1498,0,0,12.1,37,362752
pre,447,1498,1498,0,0,12.1,37,362752
pre,447,1498,1498,0,0,12.1,37,362752
pre,448,1498,1498,0,0,12.1,37,362752
pre,449,1498,1498,0,0,12.1,37,362752
pre,449,1498,1498,0,0,12.1,37,362752
pre,450,1498,1498,0,0,12.1,37,362752
pre,450,1498,1498,0,0,12.1,37,362752
pre,451,1498,1498,0,0,12.1,37,362752
pre,451,1498,1498,0,0,12.1,37,362752
pre,452,1498,1498,0,0,12.1,37,362752
pre,452,1498,1498,0,0,12.1,37,362752
pre,453,1498,1498,0,0,12.1,37,362752
pre,453,1498,1498,0,0,12.1,37,362752
pre,454,1498,1498,0,0,12.1,37,362752
pre,454,1498,1498,0,0,12.1,37,362752
pre,455,1498,1498,0,0,12.1,37,362752
pre,455,1498,1498,0,0,12.1,37,362752
pre,456,1498,1498,0,0,12.1,37,362752
pre,456,1498,1498,0,0,12.1,37,362752
pre,456,1498,1498,0,0,12.1,37,362752
pre,457,1498,1498,0,0,12.1,37,362752
pre,457,1498,1498,0,0,12.1,37,362752
pre,458,1498,1498,0,0,12.1,37,362752
pre,458,1498,1498,0,0,12.1,37,362752
pre,459,1498,1498,0,0,12.1,37,362752
pre,459,1498,1498,0,0,12.1,37,362752
pre,460,1498,1498,0,0,12.1,37,362752
pre,460,1498,1498,0,0,12.1,37,362752
pre,461,1498,1498,0,0,12.1,37,362752
pre,461,1498,1498,0,0,12.1,37,362752
pre,462,1498,1498,0,0,12.1,37,362752
pre,462,1498,1498,0,0,12.1,37,362752
pre,463,1498,1498,0,0,12.1,37,362752
pre,463,1498,1498,0,0,12.1,37,362752
pre,464,1498,1498,0,0,12.1,37,362752
pre,465,1498,1498,0,0,12.1,37,362752
pre,465,1498,1498,0,0,12.1,38,362752
pre,466,1498,1498,0,0,12.1,37,362752
pre,467,1498,1498,0,0,12.1,37,362752
pre,467,1498,1498,0,0,12.1,37,362752
pre,467,1498,1498,0,0,12.1,37,362752
pre,468,1498,1498,0,0,12.1,37,362752
pre,468,1498,1498,0,0,12.1,37,362752
pre,469,1498,1498,0,0,12.1,37,362752
pre,469,1498,1498,0,0,12.1,37,362752
pre,470,1498,1498,0,0,12.1,37,362752
pre,470,1498,1498,0,0,12.1,37,362752
pre,471,1498,1498,0,0,12.1,37,362752
pre,471,1498,1498,0,0,12.1,37,362752
pre,472,1498,1498,0,0,12.1,37,362752
pre,472,1498,1498,0,0,12.1,37,362752
pre,473,1498,1498,0,0,12.1,37,362752
pre,473,1498,1498,0,0,12.1,37,362752
pre,474,1498,1498,0,0,12.1,37,362752
pre,474,1498,1498,0,0,12.1,37,362752
pre,475,1498,1498,0,0,12.1,37,362752
pre,475,1498,1498,0,0,12.1,37,362752
pre,476,1498,1498,0,0,12.0,37,362752
pre,476,1498,1498,0,0,12.0,37,362752
pre,477,1498,1498,0,0,12.1,37,362752
pre,477,1498,1498,0,0,12.1,37,362752
pre,478,1498,1498,0,0,12.1,37,362752
pre,478,1498,1498,0,0,12.1,37,362752
pre,479,1498,1498,0,0,12.1,37,362752
pre,479,1498,1498,0,0,12.1,37,362752
pre,480,1498,1498,0,0,12.1,37,362752
pre,480,1498,1498,0,0,12.1,37,362752
pre,481,1498,1498,0,0,12.1,37,362752
pre,482,1498,1498,0,0,12.1,37,362752
pre,482,1498,1498,0,0,12.1,37,362752
pre,483,1498,1498,0,0,12.1,37,362752
pre,483,1498,1498,0,0,12.1,37,362752
pre,484,1498,1498,0,0,12.1,37,362752
pre,484,1498,1498,0,0,12.1,37,362752
pre,484,1498,1498,0,0,12.1,37,362752
pre,485,1498,1498,0,0,12.1,37,362752
pre,485,1498,1498,0,0,12.1,37,362752
pre,486,1498,1498,0,0,12.1,37,362752
pre,486,1498,1498,0,0,12.1,37,362752
pre,487,1498,1498,0,0,12.1,37,362752
pre,487,1498,1498,0,0,12.1,37,362752
pre,488,1498,1498,0,0,12.1,37,362752
pre,488,1498,1498,0,0,12.1,37,362752
pre,489,1498,1498,0,0,12.1,37,362752
pre,489,1498,1498,0,0,12.1,37,362752
pre,490,1498,1498,0,0,12.1,37,362752
pre,490,1498,1498,0,0,12.1,37,362752
pre,490,1498,1498,0,0,12.1,37,362752
pre,491,1498,1498,0,0,12.1,37,362752
pre,491,1498,1498,0,0,12.1,37,362752
pre,492,1498,1498,0,0,12.1,37,362752
pre,492,1498,1498,0,0,12.1,37,362752
pre,493,1498,1498,0,0,12.1,37,362752
pre,493,1498,1498,0,0,12.1,37,362752
pre,494,1498,1498,0,0,12.1,37,362752
pre,494,1498,1498,0,0,12.1,37,362752
pre,495,1498,1498,0,0,12.1,37,362752
pre,495,1498,1498,0,0,12.1,37,362752
pre,496,1498,1498,0,0,12.1,37,362752
pre,496,1498,1498,0,0,12.1,37,362752
pre,497,1498,1498,0,0,12.1,37,362752
pre,497,1498,1498,0,0,12.1,37,362752
pre,498,1498,1498,0,0,12.1,37,362752
pre,498,1498,1498,0,0,12.1,37,362752
pre,499,1498,1498,0,0,12.1,37,362752
pre,499,1498,1498,0,0,12.1,37,362752
pre,500,1498,1498,0,0,12.1,37,362752
up,0,1698,1498,0,0,12.1,37,362765
up,21,1698,1498,0,0,12.1,37,362752
up,22,1698,1498,0,0,12.1,37,362752
up,22,1698,1498,0,0,12.1,37,362752
up,23,1698,1498,0,0,12.1,37,362752
up,23,1698,1498,0,0,12.1,37,362752
up,24,1698,1498,0,0,12.1,37,362752
up,24,1698,1498,0,0,12.1,37,362752
up,25,1698,1498,0,0,12.1,37,362752
up,25,1698,1498,0,0,12.1,37,362752
up,26,1698,1498,0,0,12.1,37,362752
up,26,1698,1498,0,0,12.1,37,362752
up,27,1698,1498,0,0,12.1,37,362752
up,27,1698,1498,0,0,12.1,37,362752
up,28,1698,1498,0,0,12.1,37,362752
up,29,1698,1498,0,0,12.1,37,362752
up,29,1698,1498,0,0,12.1,37,362752
up,30,1698,1498,0,0,12.1,37,362752
up,30,1698,1498,0,0,12.1,37,362752
up,31,1698,1498,0,0,12.1,37,362752
up,32,1698,1498,0,0,12.1,37,362752
up,32,1698,1498,0,0,12.1,37,362752
up,33,1698,1498,0,0,12.1,37,362752
up,33,1698,1498,0,0,12.1,37,362752
up,34,1698,1498,0,0,12.1,37,362752
up,34,1698,1498,0,0,12.1,37,362752
up,35,1698,1498,0,0,12.1,37,362752
up,35,1698,1498,0,0,12.1,37,362752
up,36,1698,1498,0,0,12.1,37,362752
up,36,1698,1498,0,0,12.1,37,362752
up,37,1698,1498,0,0,12.1,37,362752
up,37,1698,1498,0,0,12.1,37,362752
up,38,1698,1498,0,0,12.1,37,362752
up,38,1698,1498,0,0,12.1,37,362752
up,39,1698,1498,0,0,12.1,37,362752
up,39,1698,1498,0,0,12.1,37,362752
up,40,1698,1498,0,0,12.1,37,362752
up,40,1698,1498,0,0,12.1,37,362752
up,41,1698,1498,0,0,12.1,37,362752
up,41,1698,1498,0,0,12.1,37,362752
up,42,1698,1498,0,0,12.1,37,362752
up,42,1698,1498,0,0,12.1,37,362752
up,43,1698,1498,0,0,12.1,37,362752
up,43,1698,1498,0,0,12.1,37,362752
up,44,1698,1498,0,0,12.1,37,362752
up,44,1698,1498,0,0,12.1,37,362752
up,45,1698,1498,0,0,12.1,37,362752
up,45,1698,1498,0,0,12.1,37,362752
up,46,1698,1498,0,0,12.1,37,362752
up,46,1698,1498,0,0,12.1,37,362752
up,47,1698,1498,0,0,12.1,37,362752
up,47,1698,1498,0,0,12.1,37,362752
up,48,1698,1498,0,0,12.1,37,362752
up,49,1698,1498,0,0,12.1,37,362752
up,49,1698,1498,0,0,12.1,37,362752
up,50,1698,1498,0,0,12.1,37,362752
up,50,1698,1498,0,0,12.1,37,362752
up,51,1698,1498,0,0,12.1,37,362752
up,51,1698,1498,0,0,12.1,37,362752
up,52,1698,1498,0,0,12.1,37,362752
up,52,1698,1498,0,0,12.1,37,362752
up,53,1698,1498,0,0,12.1,37,362752
up,53,1698,1498,0,0,12.1,37,362752
up,54,1698,1498,0,0,12.1,37,362752
up,54,1698,1498,0,0,12.1,37,362752
up,55,1698,1498,0,0,12.1,37,362752
up,55,1698,1498,0,0,12.1,37,362752
up,56,1698,1498,0,0,12.1,37,362752
up,56,1698,1498,0,0,12.1,37,362752
up,57,1698,1498,0,0,12.1,37,362752
up,57,1698,1498,0,0,12.1,37,362752
up,58,1698,1498,0,0,12.1,37,362752
up,58,1698,1498,0,0,12.1,37,362752
up,59,1698,1498,0,0,12.1,37,362752
up,59,1698,1498,0,0,12.1,37,362752
up,60,1698,1498,0,0,12.1,37,362752
up,60,1698,1498,0,0,12.1,37,362752
up,61,1698,1498,0,0,12.1,37,362752
up,61,1698,1498,0,0,12.1,37,362752
up,62,1698,1498,0,0,12.1,37,362752
up,62,1698,1498,0,0,12.1,37,362752
up,63,1698,1498,0,0,12.1,37,362752
up,63,1698,1498,0,0,12.1,37,362752
up,64,1698,1498,0,0,12.1,37,362752
up,64,1698,1498,0,0,12.1,37,362752
up,65,1698,1498,0,0,12.1,37,362752
up,65,1698,1498,0,0,12.1,37,362752
up,66,1698,1498,0,0,12.1,37,362752
up,66,1698,1498,0,0,12.1,37,362752
up,67,1698,1498,0,0,12.1,37,362752
up,67,1698,1498,0,0,12.1,37,362752
up,68,1698,1498,0,0,12.1,37,362752
up,68,1698,1498,0,0,12.1,37,362752
up,69,1698,1498,0,0,12.1,37,362752
up,69,1698,1498,0,0,12.1,37,362752
up,70,1698,1498,0,0,12.1,37,362752
up,70,1698,1498,0,0,12.1,37,362752
up,71,1698,1498,0,0,12.1,37,362752
up,71,1698,1498,0,0,12.1,37,362752
up,72,1698,1498,0,0,12.1,37,362752
up,72,1698,1498,0,0,12.1,37,362752
up,73,1698,1498,0,0,12.1,37,362752
up,73,1698,1498,0,0,12.1,37,362752
up,74,1698,1498,0,0,12.1,37,362752
up,74,1698,1498,0,0,12.1,37,362752
up,75,1698,1498,0,0,12.1,37,362752
up,75,1698,1498,0,0,12.1,37,362752
up,76,1698,1498,0,0,12.1,37,362752
up,76,1698,1498,0,0,12.1,37,362752
up,77,1698,1498,0,0,12.1,37,362752
up,77,1698,1498,0,0,12.1,37,362752
up,78,1698,1498,0,0,12.1,37,362752
up,78,1698,1498,0,0,12.1,37,362752
up,79,1698,1498,0,0,12.1,37,362752
up,79,1698,1498,0,0,12.1,37,362752
up,80,1698,1498,0,0,12.1,37,362752
up,80,1698,1498,0,0,12.1,37,362752
up,81,1698,1498,0,0,12.1,37,362752
up,81,1698,1498,0,0,12.1,37,362752
up,82,1698,1498,0,0,12.1,37,362752
up,82,1698,1498,0,0,12.1,37,362752
up,83,1698,1498,0,0,12.1,37,362752
up,83,1698,1498,0,0,12.1,37,362752
up,84,1698,1498,0,0,12.1,37,362752
up,84,1698,1498,0,0,12.1,37,362752
up,85,1698,1498,0,0,12.1,37,362752
up,86,1698,1498,0,0,12.1,37,362752
up,86,1698,1498,0,0,12.1,37,362752
up,86,1698,1498,0,0,12.1,37,362752
up,87,1698,1498,0,0,12.1,37,362752
up,87,1698,1498,0,0,12.1,37,362752
up,88,1698,1498,0,0,12.1,37,362752
up,88,1698,1498,0,0,12.1,37,362752
up,89,1698,1498,0,0,12.1,37,362752
up,89,1698,1498,0,0,12.1,37,362752
up,90,1698,1498,0,0,12.1,37,362752
up,90,1698,1498,0,0,12.1,37,362752
up,91,1698,1498,0,0,12.1,37,362752
up,91,1698,1498,0,0,12.1,37,362752
up,92,1698,1498,0,0,12.1,37,362752
up,92,1698,1498,0,0,12.1,37,362752
up,93,1698,1498,0,0,12.1,37,362752
up,93,1698,1498,0,0,12.1,37,362752
up,94,1698,1498,0,0,12.1,37,362752
up,94,1698,1498,0,0,12.1,37,362752
up,95,1698,1498,0,0,12.1,37,362752
up,95,1698,1498,0,0,12.1,37,362752
up,96,1698,1498,0,0,12.1,37,362752
up,96,1698,1498,0,0,12.1,37,362752
up,97,1698,1498,0,0,12.1,37,362752
up,97,1698,1498,0,0,12.0,37,362752
up,98,1698,1498,0,0,12.0,37,362752
up,98,1698,1498,0,0,12.1,37,362752
up,99,1698,1498,0,0,12.1,37,362752
up,99,1698,1498,0,0,12.1,37,362752
up,100,1698,1498,0,0,12.1,37,362752
up,100,1698,1498,0,0,12.1,37,362752
up,101,1698,1498,0,0,12.1,37,362752
up,101,1698,1498,0,0,12.1,37,362752
up,102,1698,1498,0,0,12.1,37,362752
up,102,1698,1498,0,0,12.1,37,362752
up,103,1698,1498,0,0,12.1,37,362752
up,103,1698,1498,0,0,12.1,37,362752
up,104,1698,1498,0,0,12.1,37,362752
up,104,1698,1498,0,0,12.1,37,362752
up,105,1698,1498,0,0,12.1,37,362752
up,105,1698,1498,0,0,12.1,37,362752
up,106,1698,1498,0,0,12.1,37,362752
up,106,1698,1498,0,0,12.1,38,362752
up,107,1698,1498,0,0,12.1,38,362752
up,107,1698,1498,0,0,12.1,37,362752
up,108,1698,1498,0,0,12.1,37,362752
up,108,1698,1498,0,0,12.1,37,362752
up,109,1698,1498,0,0,12.1,37,362752
up,109,1698,1498,0,0,12.1,37,362752
up,110,1698,1498,0,0,12.1,37,362752
up,110,1698,1498,0,0,12.1,37,362752
up,111,1698,1498,0,0,12.1,37,362752
up,111,1698,1498,0,0,12.1,37,362752
up,112,1698,1498,0,0,12.1,37,362752
up,112,1698,1498,0,0,12.1,37,362752
up,113,1698,1498,0,0,12.1,37,362752
up,113,1698,1498,0,0,12.1,37,362752
up,114,1698,1498,0,0,12.1,37,362752
up,114,1698,1498,0,0,12.1,37,362752
up,115,1698,1498,0,0,12.1,37,362752
up,115,1698,1498,0,0,12.1,37,362752
up,116,1698,1498,0,0,12.1,37,362752
up,116,1698,1498,0,0,12.1,37,362752
up,117,1698,1498,0,0,12.1,37,362752
up,117,1698,1498,0,0,12.1,37,362752
up,118,1698,1498,0,0,12.1,37,362752
up,118,1698,1498,0,0,12.1,37,362752
up,119,1698,1498,0,0,12.1,37,362752
up,119,1698,1498,0,0,12.1,37,362752
up,120,1698,1498,0,0,12.1,37,362752
up,120,1698,1498,0,0,12.1,37,362752
up,121,1698,1498,0,0,12.1,37,362752
up,121,1698,1498,0,0,12.1,37,362752
up,122,1698,1498,0,0,12.1,37,362752
up,122,1698,1498,0,0,12.1,38,362752
up,123,1698,1498,0,0,12.1,38,362752
up,123,1698,1498,0,0,12.1,37,362752
up,124,1698,1498,0,0,12.1,37,362752
up,124,1698,1498,0,0,12.1,37,362752
up,125,1698,1498,0,0,12.1,37,362752
up,125,1698,1498,0,0,12.1,37,362752
up,126,1698,1498,0,0,12.1,37,362752
up,126,1698,1498,0,0,12.1,37,362752
up,127,1698,1498,0,0,12.1,37,362752
up,127,1698,1498,0,0,12.1,37,362752
up,128,1698,1498,0,0,12.1,37,362752
up,128,1698,1498,0,0,12.1,37,362752
up,129,1698,1498,0,0,12.1,37,362752
up,129,1698,1498,0,0,12.1,37,362752
up,130,1698,1498,0,0,12.1,37,362752
up,130,1698,1498,0,0,12.1,37,362752
up,131,1698,1498,0,0,12.1,37,362752
up,131,1698,1498,0,0,12.1,37,362752
up,132,1698,1498,0,0,12.1,37,362752
up,132,1698,1498,0,0,12.1,37,362752
up,133,1698,1498,0,0,12.1,37,362752
up,133,1698,1498,0,0,12.1,37,362752
up,134,1698,1498,0,0,12.1,37,362752
up,134,1698,1498,0,0,12.1,37,362752
up,135,1698,1498,0,0,12.1,37,362752
up,135,1698,1498,0,0,12.1,37,362752
up,136,1698,1498,0,0,12.1,37,362752
up,136,1698,1498,0,0,12.1,37,362752
up,137,1698,1498,0,0,12.1,37,362752
up,137,1698,1498,0,0,12.1,37,362752
up,138,1698,1498,0,0,12.1,37,362752
up,138,1698,1498,0,0,12.1,37,362752
up,139,1698,1498,0,0,12.1,37,362752
up,139,1698,1498,0,0,12.1,37,362752
up,140,1698,1498,0,0,12.1,37,362752
up,140,1698,1498,0,0,12.1,37,362752
up,141,1698,1498,0,0,12.1,37,362752
up,141,1698,1498,0,0,12.1,37,362752
up,142,1698,1498,0,0,12.1,37,362752
up,142,1698,1498,0,0,12.1,37,362752
up,143,1698,1498,0,0,12.1,37,362752
up,143,1698,1498,0,0,12.1,37,362752
up,144,1698,1498,0,0,12.1,37,362752
up,144,1698,1498,0,0,12.1,37,362752
up,145,1698,1498,0,0,12.1,37,362752
up,145,1698,1498,0,0,12.1,37,362752
up,146,1698,1498,0,0,12.1,37,362752
up,146,1698,1498,0,0,12.1,37,362752
up,147,1698,1498,0,0,12.1,37,362752
up,147,1698,1498,0,0,12.1,37,362752
up,148,1698,1498,0,0,12.1,37,362752
up,148,1698,1498,0,0,12.1,37,362752
up,149,1698,1498,0,0,12.1,37,362752
up,149,1698,1498,0,0,12.1,37,362752
up,150,1698,1498,0,0,12.1,37,362752
up,150,1698,1498,0,0,12.1,37,362752
up,151,1698,1498,0,0,12.1,37,362752
up,151,1698,1498,0,0,12.1,37,362752
up,152,1698,1498,0,0,12.1,37,362752
up,152,1698,1498,0,0,12.1,37,362752
up,153,1698,1498,0,0,12.1,37,362752
up,153,1698,1498,0,0,12.1,37,362752
up,154,1698,1498,0,0,12.1,37,362752
up,154,1698,1498,0,0,12.1,37,362752
up,155,1698,1498,0,0,12.1,37,362752
up,155,1698,1498,0,0,12.1,37,362752
up,156,1698,1498,0,0,12.1,37,362752
up,156,1698,1498,0,0,12.1,37,362752
up,157,1698,1498,0,0,12.1,37,362752
up,157,1698,1498,0,0,12.1,37,362752
up,158,1698,1498,0,0,12.1,37,362752
up,158,1698,1498,0,0,12.1,37,362752
up,159,1698,1498,0,0,12.1,37,362752
up,159,1698,1498,0,0,12.1,37,362752
up,160,1698,1498,0,0,12.1,37,362752
up,160,1698,1498,0,0,12.1,37,362752
up,161,1698,1498,0,0,12.1,37,362752
up,161,1698,1498,0,0,12.1,37,362752
up,162,1698,1498,0,0,12.1,37,362752
up,162,1698,1498,0,0,12.1,37,362752
up,163,1698,1498,0,0,12.1,37,362752
up,163,1698,1498,0,0,12.1,37,362752
up,164,1698,1498,0,0,12.1,37,362752
up,164,1698,1498,0,0,12.1,37,362752
up,165,1698,1498,0,0,12.1,37,362752
up,165,1698,1498,0,0,12.1,37,362752
up,166,1698,1498,0,0,12.1,37,362752
up,166,1698,1498,0,0,12.1,37,362752
up,167,1698,1498,0,0,12.1,37,362752
up,167,1698,1498,0,0,12.1,37,362752
up,168,1698,1498,0,0,12.1,37,362752
up,168,1698,1498,0,0,12.1,37,362752
up,169,1698,1498,0,0,12.1,37,362752
up,169,1698,1498,0,0,12.1,37,362752
up,170,1698,1498,0,0,12.1,37,362752
up,170,1698,1498,0,0,12.1,37,362752
up,171,1698,1498,0,0,12.1,37,362752
up,171,1698,1498,0,0,12.1,37,362752
up,172,1698,1498,0,0,12.1,37,362752
up,172,1698,1498,0,0,12.1,37,362752
up,173,1698,1498,0,0,12.1,37,362752
up,173,1698,1498,0,0,12.1,37,362752
up,174,1698,1498,0,0,12.1,37,362752
up,174,1698,1498,0,0,12.1,37,362752
up,175,1698,1498,0,0,12.1,37,362752
up,175,1698,1498,0,0,12.1,37,362752
up,176,1698,1498,0,0,12.1,37,362752
up,176,1698,1498,0,0,12.1,37,362752
up,177,1698,1498,0,0,12.1,37,362752
up,177,1698,1498,0,0,12.1,37,362752
up,177,1698,1498,0,0,12.1,37,362752
up,178,1698,1498,0,0,12.1,37,362752
up,178,1698,1498,0,0,12.1,37,362752
up,179,1698,1498,0,0,12.1,37,362752
up,179,1698,1498,0,0,12.1,37,362752
up,180,1698,1498,0,0,12.1,37,362752
up,181,1698,1498,0,0,12.1,37,362752
up,181,1698,1498,0,0,12.1,37,362752
up,182,1698,1498,0,0,12.1,37,362752
up,182,1698,1498,0,0,12.1,37,362752
up,183,1698,1498,0,0,12.0,37,362752
up,183,1698,1498,0,0,12.0,37,362752
up,184,1698,1498,0,0,12.1,37,362752
up,184,1698,1498,0,0,12.1,37,362752
up,185,1698,1498,0,0,12.1,37,362752
up,185,1698,1498,0,0,12.1,37,362752
up,186,1698,1498,0,0,12.1,37,362752
up,186,1698,1498,0,0,12.1,37,362752
up,187,1698,1498,0,0,12.1,37,362752
up,187,1698,1498,0,0,12.1,37,362752
up,188,1698,1498,0,0,12.1,37,362752
up,188,1698,1498,0,0,12.1,37,362752
up,189,1698,1498,0,0,12.1,37,362752
up,189,1698,1498,0,0,12.1,37,362752
up,190,1698,1498,0,0,12.1,37,362752
up,190,1698,1498,0,0,12.1,37,362752
up,191,1698,1498,0,0,12.1,37,362752
up,191,1698,1498,0,0,12.1,37,362752
up,192,1698,1498,0,0,12.1,37,362752
up,192,1698,1498,0,0,12.1,37,362752
up,193,1698,1498,0,0,12.1,37,362752
up,193,1698,1498,0,0,12.1,37,362752
up,194,1698,1498,0,0,12.1,37,362752
up,194,1698,1498,0,0,12.1,37,362752
up,195,1698,1498,0,0,12.1,37,362752
up,195,1698,1498,0,0,12.1,37,362752
up,196,1698,1498,0,0,12.1,37,362752
up,196,1698,1498,0,0,12.1,37,362752
up,197,1698,1498,0,0,12.1,37,362752
up,198,1698,1498,0,0,12.1,37,362752
up,198,1698,1498,0,0,12.1,37,362752
up,199,1698,1498,0,0,12.1,37,362752
up,199,1698,1498,0,0,12.1,37,362752
up,200,1698,1498,0,0,12.1,37,362752
up,200,1698,1498,0,0,12.1,37,362752
up,201,1698,1498,0,0,12.1,37,362752
up,201,1698,1498,0,0,12.1,37,362752
up,202,1698,1498,0,0,12.1,37,362752
up,202,1698,1498,0,0,12.1,37,362752
up,203,1698,1498,0,0,12.1,37,362752
up,203,1698,1498,0,0,12.1,37,362752
up,204,1698,1498,0,0,12.1,37,362752
up,204,1698,1498,0,0,12.1,37,362752
up,205,1698,1498,0,0,12.1,37,362752
up,205,1698,1498,0,0,12.1,37,362752
up,206,1698,1498,0,0,12.1,37,362752
up,206,1698,1498,0,0,12.1,37,362752
up,207,1698,1498,0,0,12.1,37,362752
up,207,1698,1498,0,0,12.1,37,362752
up,208,1698,1498,0,0,12.1,37,362752
up,208,1698,1498,0,0,12.1,37,362752
up,209,1698,1498,0,0,12.1,37,362752
up,209,1698,1498,0,0,12.1,37,362752
up,210,1698,1498,0,0,12.1,37,362752
up,210,1698,1498,0,0,12.1,37,362752
up,211,1698,1498,0,0,12.1,37,362752
up,211,1698,1498,0,0,12.1,37,362752
up,212,1698,1498,0,0,12.1,37,362752
up,212,1698,1498,0,0,12.1,37,362752
up,213,1698,1498,0,0,12.1,37,362752
up,213,1698,1498,0,0,12.1,37,362752
up,214,1698,1498,0,0,12.1,37,362752
up,214,1698,1498,0,0,12.1,37,362752
up,215,1698,1498,0,0,12.1,37,362752
up,215,1698,1498,0,0,12.1,37,362752
up,216,1698,1498,0,0,12.1,37,362752
up,216,1698,1498,0,0,12.1,37,362752
up,217,1698,1498,0,0,12.1,37,362752
up,217,1698,1498,0,0,12.1,37,362752
up,218,1698,1498,0,0,12.1,37,362752
up,218,1698,1498,0,0,12.1,37,362752
up,219,1698,1498,0,0,12.1,37,362752
up,219,1698,1498,0,0,12.1,37,362752
up,220,1698,1498,0,0,12.1,37,362752
up,220,1698,1498,0,0,12.1,37,362752
up,221,1698,1498,0,0,12.1,37,362752
up,221,1698,1498,0,0,12.1,37,362752
up,222,1698,1498,0,0,12.1,37,362752
up,222,1698,1498,0,0,12.1,37,362752
up,223,1698,1498,0,0,12.1,37,362752
up,223,1698,1498,0,0,12.1,37,362752
up,224,1698,1498,0,0,12.1,37,362752
up,224,1698,1498,0,0,12.1,37,362752
up,225,1698,1498,0,0,12.1,37,362752
up,225,1698,1498,0,0,12.1,37,362752
up,226,1698,1498,0,0,12.1,37,362752
up,226,1698,1498,0,0,12.1,37,362752
up,227,1698,1498,0,0,12.1,37,362752
up,227,1698,1498,0,0,12.1,37,362752
up,228,1698,1498,0,0,12.1,37,362752
up,228,1698,1498,0,0,12.1,37,362752
up,229,1698,1498,0,0,12.1,37,362752
up,229,1698,1498,0,0,12.1,37,362752
up,229,1698,1498,0,0,12.1,37,362752
up,230,1698,1498,0,0,12.1,37,362752
up,231,1698,1498,0,0,12.1,37,362752
up,231,1698,1498,0,0,12.1,37,362752
up,232,1698,1498,0,0,12.1,37,362752
up,232,1698,1498,0,0,12.1,37,362752
up,233,1698,1498,0,0,12.1,37,362752
up,233,1698,1498,0,0,12.1,37,362752
up,234,1698,1498,0,0,12.1,37,362752
up,234,1698,1498,0,0,12.1,37,362752
up,235,1698,1498,0,0,12.1,37,362752
up,235,1698,1498,0,0,12.1,37,362752
up,236,1698,1498,0,0,12.1,37,362752
up,236,1698,1498,0,0,12.1,37,362752
up,237,1698,1498,0,0,12.1,37,362752
up,237,1698,1498,0,0,12.1,37,362752
up,238,1698,1498,0,0,12.1,37,362752
up,238,1698,1498,0,0,12.1,37,362752
up,239,1698,1498,0,0,12.1,37,362752
up,239,1698,1498,0,0,12.1,37,362752
up,240,1698,1498,0,0,12.1,37,362752
up,240,1698,1498,0,0,12.1,37,362752
up,241,1698,1498,0,0,12.1,37,362752
up,241,1698,1498,0,0,12.1,37,362752
up,242,1698,1498,0,0,12.1,37,362752
up,242,1698,1498,0,0,12.1,37,362752
up,243,1698,1498,0,0,12.1,37,362752
up,243,1698,1498,0,0,12.1,37,362752
up,244,1698,1498,0,0,12.1,37,362752
up,244,1698,1498,0,0,12.1,37,362752
up,244,1698,1498,0,0,12.1,37,362752
up,245,1698,1498,0,0,12.1,37,362752
up,245,1698,1498,0,0,12.1,37,362752
up,246,1698,1498,0,0,12.1,37,362752
up,246,1698,1498,0,0,12.1,37,362752
up,247,1698,1498,0,0,12.1,37,362752
up,247,1698,1498,0,0,12.1,37,362752
up,248,1698,1498,0,0,12.1,37,362752
up,249,1698,1498,0,0,12.1,37,362752
up,249,1698,1498,0,0,12.1,37,362752
up,250,1698,1498,0,0,12.1,37,362752
up,250,1698,1498,0,0,12.1,37,362752
up,251,1698,1498,0,0,12.1,37,362752
up,251,1698,1498,0,0,12.1,37,362752
up,252,1698,1498,0,0,12.1,37,362752
up,252,1698,1498,0,0,12.1,37,362752
up,253,1698,1498,0,0,12.1,37,362752
up,253,1698,1498,0,0,12.1,37,362752
up,254,1698,1498,0,0,12.1,37,362752
up,254,1698,1498,0,0,12.1,37,362752
up,255,1698,1498,0,0,12.1,37,362752
up,255,1698,1498,0,0,12.1,37,362752
up,256,1698,1498,0,0,12.1,37,362752
up,256,1698,1498,0,0,12.1,37,362752
up,257,1698,1498,0,0,12.1,37,362752
up,257,1698,1498,0,0,12.1,37,362752
up,258,1698,1498,0,0,12.1,37,362752
up,258,1698,1498,0,0,12.1,37,362752
up,259,1698,1498,0,0,12.1,37,362752
up,259,1698,1498,0,0,12.1,37,362752
up,259,1698,1498,0,0,12.1,37,362752
up,260,1698,1498,0,0,12.1,37,362752
up,260,1698,1498,0,0,12.1,37,362752
up,261,1698,1498,0,0,12.1,37,362752
up,261,1698,1498,0,0,12.1,37,362752
up,262,1698,1498,0,0,12.1,37,362752
up,262,1698,1498,0,0,12.1,37,362752
up,263,1698,1498,0,0,12.1,37,362752
up,263,1698,1498,0,0,12.1,37,362752
up,264,1698,1498,0,0,12.1,37,362752
up,264,1698,1498,0,0,12.1,37,362752
up,265,1698,1498,0,0,12.1,37,362752
up,265,1698,1498,0,0,12.1,37,362752
up,266,1698,1498,0,0,12.1,37,362752
up,266,1698,1498,0,0,12.1,37,362752
up,267,1698,1498,0,0,12.1,37,362752
up,267,1698,1498,0,0,12.1,37,362752
up,268,1698,1498,0,0,12.1,37,362752
up,268,1698,1498,0,0,12.1,37,362752
up,269,1698,1498,0,0,12.1,37,362752
up,269,1698,1498,0,0,12.1,37,362752
up,270,1698,1498,0,0,12.1,37,362752
up,270,1698,1498,0,0,12.1,37,362752
up,271,1698,1498,0,0,12.1,37,362752
up,271,1698,1498,0,0,12.1,37,362752
up,272,1698,1498,0,0,12.1,37,362752
up,272,1698,1498,0,0,12.1,37,362752
up,273,1698,1498,0,0,12.1,37,362752
up,273,1698,1498,0,0,12.1,37,362752
up,274,1698,1498,0,0,12.1,37,362752
up,274,1698,1498,0,0,12.1,37,362752
up,275,1698,1498,0,0,12.1,37,362752
up,275,1698,1498,0,0,12.1,37,362752
up,276,1698,1498,0,0,12.1,37,362752
up,276,1698,1498,0,0,12.1,37,362752
up,277,1698,1498,0,0,12.1,37,362752
up,277,1698,1498,0,0,12.1,37,362752
up,278,1698,1498,0,0,12.1,37,362752
up,278,1698,1498,0,0,12.1,37,362752
up,279,1698,1498,0,0,12.1,37,362752
up,279,1698,1498,0,0,12.1,37,362752
up,280,1698,1498,0,0,12.1,37,362752
up,281,1698,1498,0,0,12.1,37,362752
up,281,1698,1498,0,0,12.1,37,362752
up,282,1698,1498,0,0,12.1,37,362752
up,282,1698,1498,0,0,12.1,37,362752
up,283,1698,1498,0,0,12.1,37,362752
up,284,1698,1498,0,0,12.1,37,362752
up,284,1698,1498,0,0,12.1,37,362752
up,285,1698,1498,0,0,12.1,37,362752
up,285,1698,1498,0,0,12.1,37,362752
up,286,1698,1498,0,0,12.1,37,362752
up,286,1698,1498,0,0,12.1,37,362752
up,287,1698,1498,0,0,12.1,37,362752
up,287,1698,1498,0,0,12.1,37,362752
up,288,1698,1498,0,0,12.1,37,362752
up,288,1698,1498,0,0,12.1,37,362752
up,289,1698,1498,0,0,12.1,37,362752
up,289,1698,1498,0,0,12.1,37,362752
up,290,1698,1498,0,0,12.1,37,362752
up,290,1698,1498,0,0,12.1,37,362752
up,291,1698,1498,0,0,12.1,37,362752
up,291,1698,1498,0,0,12.1,37,362752
up,292,1698,1498,0,0,12.1,37,362752
up,292,1698,1498,0,0,12.1,37,362752
up,293,1698,1498,0,0,12.1,37,362752
up,293,1698,1498,0,0,12.1,37,362752
up,294,1698,1498,0,0,12.1,37,362752
up,294,1698,1498,0,0,12.1,37,362752
up,294,1698,1498,0,0,12.1,37,362752
up,295,1698,1498,0,0,12.1,37,362752
up,295,1698,1498,0,0,12.1,37,362752
up,296,1698,1498,0,0,12.1,37,362752
up,297,1698,1498,0,0,12.1,37,362752
up,297,1698,1498,0,0,12.1,37,362752
up,298,1698,1498,0,0,12.1,37,362752
up,298,1698,1498,0,0,12.1,37,362752
up,299,1698,1498,0,0,12.1,37,362752
up,299,1698,1498,0,0,12.1,37,362752
up,300,1698,1498,0,0,12.1,37,362752
up,300,1698,1498,0,0,12.1,37,362752
up,301,1698,1498,0,0,12.1,37,362752
up,301,1698,1498,0,0,12.1,37,362752
up,302,1698,1498,0,0,12.1,37,362752
up,302,1698,1498,0,0,12.1,37,362752
up,303,1698,1498,0,0,12.1,37,362752
up,303,1698,1498,0,0,12.1,37,362752
up,304,1698,1498,0,0,12.1,37,362752
up,304,1698,1498,0,0,12.1,37,362752
up,305,1698,1498,0,0,12.1,37,362752
up,305,1698,1498,0,0,12.1,37,362752
up,306,1698,1498,0,0,12.1,37,362752
up,306,1698,1498,0,0,12.1,37,362752
up,307,1698,1498,0,0,12.1,37,362752
up,307,1698,1498,0,0,12.1,37,362752
up,308,1698,1498,0,0,12.1,37,362752
up,308,1698,1498,0,0,12.1,37,362752
up,309,1698,1498,0,0,12.1,37,362752
up,309,1698,1498,0,0,12.1,37,362752
up,310,1698,1498,0,0,12.1,37,362752
up,310,1698,1498,0,0,12.1,37,362752
up,310,1698,1498,0,0,12.1,37,362752
up,311,1698,1498,0,0,12.1,37,362752
up,311,1698,1498,0,0,12.1,37,362752
up,312,1698,1498,0,0,12.1,37,362752
up,312,1698,1498,0,0,12.1,37,362752
up,313,1698,1498,0,0,12.1,37,362752
up,313,1698,1498,0,0,12.1,37,362752
up,314,1698,1498,0,0,12.1,37,362752
up,314,1698,1498,0,0,12.1,37,362752
up,315,1698,1498,0,0,12.1,37,362752
up,315,1698,1498,0,0,12.1,37,362752
up,316,1698,1498,0,0,12.1,37,362752
up,316,1698,1498,0,0,12.1,37,362752
up,317,1698,1498,0,0,12.1,37,362752
up,318,1698,1498,0,0,12.1,37,362752
up,318,1698,1498,0,0,12.1,37,362752
up,319,1698,1498,0,0,12.1,37,362752
up,319,1698,1498,0,0,12.1,37,362752
up,320,1698,1498,0,0,12.1,37,362752
up,320,1698,1498,0,0,12.1,37,362752
up,321,1698,1498,0,0,12.1,37,362752
up,321,1698,1498,0,0,12.1,37,362752
up,322,1698,1498,0,0,12.1,37,362752
up,322,1698,1498,0,0,12.1,37,362752
up,322,1698,1498,0,0,12.1,37,362752
up,323,1698,1498,0,0,12.1,37,362752
up,324,1698,1498,0,0,12.1,37,362752
up,324,1698,1498,0,0,12.1,37,362752
up,324,1698,1498,0,0,12.1,37,362752
up,325,1698,1498,0,0,12.1,37,362752
up,325,1698,1498,0,0,12.1,37,362752
up,326,1698,1498,0,0,12.1,37,362752
up,326,1698,1498,0,0,12.1,37,362752
up,327,1698,1498,0,0,12.1,37,362752
up,327,1698,1498,0,0,12.1,37,362752
up,328,1698,1498,0,0,12.1,37,362752
up,328,1698,1498,0,0,12.1,37,362752
up,329,1698,1498,0,0,12.1,37,362752
up,329,1698,1498,0,0,12.1,37,362752
up,330,1698,1498,0,0,12.1,37,362752
up,330,1698,1498,0,0,12.1,37,362752
up,331,1698,1498,0,0,12.1,37,362752
up,331,1698,1498,0,0,12.1,37,362752
up,332,1698,1498,0,0,12.1,37,362752
up,332,1698,1498,0,0,12.1,37,362752
up,333,1698,1498,0,0,12.1,37,362752
up,333,1698,1498,0,0,12.1,37,362752
up,334,1698,1498,0,0,12.1,37,362752
up,334,1698,1498,0,0,12.1,37,362752
up,335,1698,1498,0,0,12.1,37,362752
up,335,1698,1498,0,0,12.1,37,362752
up,336,1698,1498,0,0,12.1,37,362752
up,336,1698,1498,0,0,12.1,37,362752
up,337,1698,1498,0,0,12.1,37,362752
up,337,1698,1498,0,0,12.1,37,362752
up,338,1698,1498,0,0,12.1,37,362752
up,338,1698,1498,0,0,12.1,37,362752
up,339,1698,1498,0,0,12.1,37,362752
up,339,1698,1498,0,0,12.1,37,362752
up,340,1698,1498,0,0,12.1,37,362752
up,340,1698,1498,0,0,12.1,37,362752
up,341,1698,1498,0,0,12.1,37,362752
up,341,1698,1498,0,0,12.1,37,362752
up,342,1698,1498,0,0,12.1,37,362752
up,342,1698,1498,0,0,12.1,37,362752
up,343,1698,1498,0,0,12.1,37,362752
up,343,1698,1498,0,0,12.1,37,362752
up,344,1698,1498,0,0,12.1,37,362752
up,344,1698,1498,0,0,12.1,37,362752
up,345,1698,1498,0,0,12.1,37,362752
up,345,1698,1498,0,0,12.1,37,362752
up,346,1698,1498,0,0,12.1,37,362752
up,346,1698,1498,0,0,12.1,37,362752
up,347,1698,1498,0,0,12.1,37,362752
up,347,1698,1498,0,0,12.1,37,362752
up,348,1698,1498,0,0,12.1,37,362752
up,348,1698,1498,0,0,12.1,37,362752
up,349,1698,1498,0,0,12.1,37,362752
up,349,1698,1498,0,0,12.1,37,362752
up,350,1698,1498,0,0,12.1,37,362752
up,350,1698,1498,0,0,12.1,37,362752
up,351,1698,1498,0,0,12.1,37,362752
up,351,1698,1498,0,0,12.1,37,362752
up,352,1698,1498,0,0,12.1,37,362752
up,352,1698,1498,0,0,12.1,37,362752
up,353,1698,1498,0,0,12.1,37,362752
up,353,1698,1498,0,0,12.1,37,362752
up,354,1698,1498,0,0,12.1,37,362752
up,354,1698,1498,0,0,12.1,37,362752
up,355,1698,1498,0,0,12.1,37,362752
up,355,1698,1498,0,0,12.1,37,362752
up,356,1698,1498,0,0,12.1,37,362752
up,356,1698,1498,0,0,12.1,37,362752
up,357,1698,1498,0,0,12.1,37,362752
up,357,1698,1498,0,0,12.1,37,362752
up,358,1698,1498,0,0,12.1,37,362752
up,358,1698,1498,0,0,12.1,37,362752
up,359,1698,1498,0,0,12.1,37,362752
up,359,1698,1498,0,0,12.1,37,362752
up,360,1698,1498,0,0,12.1,37,362752
up,360,1698,1498,0,0,12.1,37,362752
up,361,1698,1498,0,0,12.1,37,362752
up,361,1698,1498,0,0,12.1,37,362752
up,362,1698,1498,0,0,12.1,37,362752
up,362,1698,1498,0,0,12.1,37,362752
up,363,1698,1498,0,0,12.1,37,362752
up,363,1698,1498,0,0,12.1,37,362752
up,364,1698,1498,0,0,12.1,37,362752
up,364,1698,1498,0,0,12.1,37,362752
up,365,1698,1498,0,0,12.1,37,362752
up,365,1698,1498,0,0,12.1,37,362752
up,366,1698,1498,0,0,12.1,37,362752
up,366,1698,1498,0,0,12.1,37,362752
up,367,1698,1498,0,0,12.1,37,362752
up,367,1698,1498,0,0,12.1,37,362752
up,368,1698,1498,0,0,12.1,37,362752
up,368,1698,1498,0,0,12.1,37,362752
up,369,1698,1498,0,0,12.1,37,362752
up,369,1698,1498,0,0,12.1,37,362752
up,370,1698,1498,0,0,12.1,37,362752
up,370,1698,1498,0,0,12.1,37,362752
up,371,1698,1498,0,0,12.1,37,362752
up,371,1698,1498,0,0,12.1,37,362752
up,372,1698,1498,0,0,12.1,37,362752
up,372,1698,1498,0,0,12.1,37,362752
up,373,1698,1498,0,0,12.1,37,362752
up,373,1698,1498,0,0,12.1,37,362752
up,374,1698,1498,0,0,12.1,37,362752
up,374,1698,1498,0,0,12.1,37,362752
up,375,1698,1498,0,0,12.1,37,362752
up,375,1698,1498,0,0,12.1,37,362752
up,376,1698,1498,0,0,12.1,37,362752
up,376,1698,1498,0,0,12.1,37,362752
up,377,1698,1498,0,0,12.1,37,362752
up,377,1698,1498,0,0,12.1,37,362752
up,378,1698,1498,0,0,12.1,37,362752
up,378,1698,1498,0,0,12.1,37,362752
up,379,1698,1498,0,0,12.1,37,362752
up,379,1698,1498,0,0,12.1,37,362752
up,380,1698,1498,0,0,12.1,37,362752
up,380,1698,1498,0,0,12.1,37,362752
up,381,1698,1498,0,0,12.1,37,362752
up,381,1698,1498,0,0,12.1,37,362752
up,382,1698,1498,0,0,12.1,37,362752
up,382,1698,1498,0,0,12.1,37,362752
up,383,1698,1498,0,0,12.1,37,362752
up,383,1698,1498,0,0,12.1,37,362752
up,384,1698,1498,0,0,12.1,37,362752
up,384,1698,1498,0,0,12.1,37,362752
up,385,1698,1498,0,0,12.1,37,362752
up,385,1698,1498,0,0,12.1,37,362752
up,386,1698,1498,0,0,12.1,37,362752
up,386,1698,1498,0,0,12.1,37,362752
up,387,1698,1498,0,0,12.1,37,362752
up,387,1698,1498,0,0,12.1,37,362752
up,388,1698,1498,0,0,12.1,37,362752
up,388,1698,1498,0,0,12.1,37,362752
up,389,1698,1498,0,0,12.1,37,362752
up,389,1698,1498,0,0,12.1,37,362752
up,390,1698,1498,0,0,12.1,37,362752
up,390,1698,1498,0,0,12.1,37,362752
up,391,1698,1498,0,0,12.1,37,362752
up,391,1698,1498,0,0,12.1,37,362752
up,392,1698,1498,0,0,12.1,37,362752
up,392,1698,1498,0,0,12.1,37,362752
up,392,1698,1498,0,0,12.1,37,362752
up,393,1698,1498,0,0,12.1,37,362752
up,393,1698,1498,0,0,12.1,37,362752
up,394,1698,1498,0,0,12.1,37,362752
up,394,1698,1498,0,0,12.1,37,362752
up,395,1698,1498,0,0,12.1,37,362752
up,395,1698,1498,0,0,12.1,37,362752
up,396,1698,1498,0,0,12.1,37,362752
up,396,1698,1498,0,0,12.1,37,362752
up,397,1698,1498,0,0,12.1,37,362752
up,397,1698,1498,0,0,12.1,37,362752
up,398,1698,1498,0,0,12.1,37,362752
up,399,1698,1498,0,0,12.1,37,362752
up,399,1698,1498,0,0,12.1,37,362752
up,400,1698,1498,0,0,12.1,37,362752
up,400,1698,1498,0,0,12.1,37,362752
up,401,1698,1498,0,0,12.1,37,362752
up,401,1698,1498,0,0,12.1,37,362752
up,402,1698,1498,0,0,12.1,37,362752
up,402,1698,1498,0,0,12.1,37,362752
up,403,1698,1498,0,0,12.1,37,362752
up,403,1698,1498,0,0,12.1,37,362752
up,404,1698,1498,0,0,12.1,37,362752
up,404,1698,1498,0,0,12.1,37,362752
up,405,1698,1498,0,0,12.1,37,362752
up,405,1698,1498,0,0,12.1,37,362752
up,406,1698,1498,0,0,12.1,37,362752
up,407,1698,1498,0,0,12.1,37,362752
up,407,1698,1498,0,0,12.1,37,362752
up,408,1698,1498,0,0,12.1,37,362752
up,408,1698,1498,0,0,12.1,37,362752
up,409,1698,1498,0,0,12.1,37,362752
up,409,1698,1498,0,0,12.1,37,362752
up,410,1698,1498,0,0,12.1,37,362752
up,410,1698,1498,0,0,12.1,37,362752
up,411,1698,1498,0,0,12.1,37,362752
up,411,1698,1498,0,0,12.1,37,362752
up,412,1698,1498,0,0,12.1,37,362752
up,412,1698,1498,0,0,12.1,37,362752
up,413,1698,1498,0,0,12.1,37,362752
up,414,1698,1498,0,0,12.1,37,362752
up,414,1698,1498,0,0,12.1,37,362752
up,415,1698,1498,0,0,12.1,37,362752
up,415,1698,1498,0,0,12.1,37,362752
up,416,1698,1498,0,0,12.1,37,362752
up,417,1698,1498,0,0,12.1,37,362752
up,417,1698,1498,0,0,12.1,37,362752
up,417,1698,1498,0,0,12.1,37,362752
up,418,1698,1498,0,0,12.1,37,362752
up,418,1698,1498,0,0,12.1,37,362752
up,419,1698,1498,0,0,12.1,37,362752
up,419,1698,1498,0,0,12.1,37,362752
up,420,1698,1498,0,0,12.1,37,362752
up,420,1698,1498,0,0,12.1,37,362752
up,421,1698,1498,0,0,12.1,37,362752
up,421,1698,1498,0,0,12.1,37,362752
up,422,1698,1498,0,0,12.1,37,362752
up,422,1698,1498,0,0,12.1,37,362752
up,423,1698,1498,0,0,12.1,37,362752
up,423,1698,1498,0,0,12.1,37,362752
up,424,1698,1498,0,0,12.1,37,362752
up,424,1698,1498,0,0,12.1,37,362752
up,425,1698,1498,0,0,12.1,37,362752
up,425,1698,1498,0,0,12.1,37,362752
up,426,1698,1498,0,0,12.1,37,362752
up,426,1698,1498,0,0,12.1,37,362752
up,427,1698,1498,0,0,12.1,37,362752
up,427,1698,1498,0,0,12.1,37,362752
up,428,1698,1498,0,0,12.1,37,362752
up,429,1698,1498,0,0,12.1,37,362752
up,429,1698,1498,0,0,12.1,37,362752
up,430,1698,1498,0,0,12.1,37,362752
up,431,1698,1498,0,0,12.1,37,362752
up,431,1698,1498,0,0,12.1,37,362752
up,432,1698,1498,0,0,12.1,37,362752
up,432,1698,1498,0,0,12.1,37,362752
up,433,1698,1498,0,0,12.1,37,362752
up,433,1698,1498,0,0,12.1,37,362752
up,434,1698,1498,0,0,12.1,37,362752
up,434,1698,1498,0,0,12.1,37,362752
up,435,1698,1498,0,0,12.1,37,362752
up,435,1698,1498,0,0,12.1,37,362752
up,436,1698,1498,0,0,12.1,37,362752
up,436,1698,1498,0,0,12.1,37,362752
up,437,1698,1498,0,0,12.1,37,362752
up,437,1698,1498,0,0,12.1,37,362752
up,438,1698,1498,0,0,12.1,37,362752
up,438,1698,1498,0,0,12.1,37,362752
up,439,1698,1498,0,0,12.1,37,362752
up,439,1698,1498,0,0,12.1,37,362752
up,440,1698,1498,0,0,12.1,37,362752
up,440,1698,1498,0,0,12.1,37,362752
up,441,1698,1498,0,0,12.1,37,362752
up,441,1698,1498,0,0,12.1,37,362752
up,442,1698,1498,0,0,12.1,37,362752
up,442,1698,1498,0,0,12.1,37,362752
up,443,1698,1498,0,0,12.1,37,362752
up,443,1698,1498,0,0,12.1,37,362752
up,444,1698,1498,0,0,12.1,37,362752
up,444,1698,1498,0,0,12.1,37,362752
up,445,1698,1498,0,0,12.1,37,362752
up,445,1698,1498,0,0,12.1,37,362752
up,446,1698,1498,0,0,12.1,37,362752
up,446,1698,1498,0,0,12.1,37,362752
up,447,1698,1498,0,0,12.1,37,362752
up,448,1698,1498,0,0,12.1,37,362752
up,448,1698,1498,0,0,12.1,37,362752
up,449,1698,1498,0,0,12.1,37,362752
up,449,1698,1498,0,0,12.1,37,362752
up,450,1698,1498,0,0,12.1,37,362752
up,450,1698,1498,0,0,12.1,37,362752
up,451,1698,1498,0,0,12.1,37,362752
up,451,1698,1498,0,0,12.1,37,362752
up,452,1698,1498,0,0,12.1,37,362752
up,452,1698,1498,0,0,12.1,37,362752
up,453,1698,1498,0,0,12.1,37,362752
up,453,1698,1498,0,0,12.1,37,362752
up,454,1698,1498,0,0,12.1,37,362752
up,454,1698,1498,0,0,12.1,37,362752
up,455,1698,1498,0,0,12.1,37,362752
up,455,1698,1498,0,0,12.1,37,362752
up,456,1698,1498,0,0,12.1,37,362752
up,456,1698,1498,0,0,12.1,37,362752
up,457,1698,1498,0,0,12.1,37,362752
up,457,1698,1498,0,0,12.1,37,362752
up,458,1698,1498,0,0,12.1,37,362752
up,458,1698,1498,0,0,12.1,37,362752
up,459,1698,1498,0,0,12.1,37,362752
up,459,1698,1498,0,0,12.1,37,362752
up,460,1698,1498,0,0,12.1,37,362752
up,460,1698,1498,0,0,12.1,37,362752
up,461,1698,1498,0,0,12.1,37,362752
up,461,1698,1498,0,0,12.1,37,362752
up,462,1698,1498,0,0,12.1,37,362752
up,462,1698,1498,0,0,12.1,37,362752
up,463,1698,1498,0,0,12.1,37,362752
up,463,1698,1498,0,0,12.1,37,362752
up,464,1698,1498,0,0,12.1,37,362752
up,465,1698,1498,0,0,12.1,37,362752
up,465,1698,1498,0,0,12.1,37,362752
up,466,1698,1498,0,0,12.1,37,362752
up,466,1698,1498,0,0,12.1,37,362752
up,467,1698,1498,0,0,12.1,37,362752
up,467,1698,1498,0,0,12.1,37,362752
up,468,1698,1498,0,0,12.1,37,362752
up,468,1698,1498,0,0,12.1,37,362752
up,469,1698,1498,0,0,12.1,37,362752
up,469,1698,1498,0,0,12.1,37,362752
up,470,1698,1498,0,0,12.1,37,362752
up,470,1698,1498,0,0,12.1,37,362752
up,471,1698,1498,0,0,12.1,37,362752
up,471,1698,1498,0,0,12.1,37,362752
up,472,1698,1498,0,0,12.1,37,362752
up,472,1698,1498,0,0,12.1,37,362752
up,473,1698,1498,0,0,12.1,37,362752
up,473,1698,1498,0,0,12.1,37,362752
up,474,1698,1498,0,0,12.1,37,362752
up,474,1698,1498,0,0,12.1,37,362752
up,475,1698,1498,0,0,12.1,37,362752
up,475,1698,1498,0,0,12.1,37,362752
up,476,1698,1498,0,0,12.1,37,362752
up,476,1698,1498,0,0,12.1,37,362752
up,477,1698,1498,0,0,12.1,37,362752
up,477,1698,1498,0,0,12.1,37,362752
up,478,1698,1498,0,0,12.1,37,362752
up,478,1698,1498,0,0,12.1,37,362752
up,479,1698,1498,0,0,12.1,37,362752
up,479,1698,1498,0,0,12.1,37,362752
up,480,1698,1498,0,0,12.1,37,362752
up,480,1698,1498,0,0,12.1,37,362752
up,481,1698,1498,0,0,12.1,37,362752
up,481,1698,1498,0,0,12.1,37,362752
up,482,1698,1498,0,0,12.1,37,362752
up,482,1698,1498,0,0,12.1,37,362752
up,483,1698,1498,0,0,12.1,37,362752
up,483,1698,1498,0,0,12.1,37,362752
up,484,1698,1498,0,0,12.1,37,362752
up,484,1698,1498,0,0,12.1,37,362752
up,485,1698,1498,0,0,12.1,37,362752
up,485,1698,1498,0,0,12.1,37,362752
up,486,1698,1498,0,0,12.1,37,362752
up,486,1698,1498,0,0,12.1,37,362752
up,487,1698,1498,0,0,12.1,37,362752
up,487,1698,1498,0,0,12.1,37,362752
up,488,1698,1498,0,0,12.1,37,362752
up,488,1698,1498,0,0,12.1,37,362752
up,489,1698,1498,0,0,12.1,37,362752
up,489,1698,1498,0,0,12.1,37,362752
up,490,1698,1498,0,0,12.1,37,362752
up,490,1698,1498,0,0,11.9,37,362752
up,491,1698,1498,0,0,12.1,37,362752
up,491,1698,1498,0,0,12.1,37,362752
up,492,1698,1498,0,0,12.1,37,362752
up,492,1698,1498,0,0,12.1,37,362752
up,493,1698,1498,0,0,12.1,37,362752
up,493,1698,1498,0,0,12.1,37,362752
up,494,1698,1498,0,0,12.1,37,362752
up,494,1698,1498,0,0,12.1,37,362752
up,495,1698,1498,0,0,12.1,37,362752
up,495,1698,1498,0,0,12.1,37,362752
up,496,1698,1498,0,0,12.1,37,362752
up,496,1698,1498,0,0,12.1,37,362752
up,497,1698,1498,0,0,12.1,37,362752
up,497,1698,1498,0,0,12.1,37,362752
up,498,1698,1498,0,0,12.1,37,362752
up,498,1698,1498,0,0,12.1,37,362752
up,499,1698,1498,0,0,12.1,37,362752
up,499,1698,1498,0,0,12.1,37,362752
up,500,1698,1498,0,0,12.1,37,362752
up,500,1698,1498,0,0,12.1,37,362752
up,501,1698,1498,0,0,12.1,37,362752
up,501,1698,1498,0,0,12.1,37,362752
up,502,1698,1498,0,0,12.1,37,362752
up,502,1698,1498,0,0,12.1,37,362752
up,503,1698,1498,0,0,12.1,37,362752
up,503,1698,1498,0,0,12.1,37,362752
up,504,1698,1498,0,0,12.1,37,362752
up,504,1698,1498,0,0,12.1,37,362752
up,505,1698,1498,0,0,12.1,37,362752
up,505,1698,1498,0,0,12.1,37,362752
up,506,1698,1498,0,0,12.1,37,362752
up,506,1698,1498,0,0,12.1,37,362752
up,507,1698,1498,0,0,12.1,37,362752
up,507,1698,1498,0,0,12.1,37,362752
up,508,1698,1498,0,0,12.1,37,362752
up,508,1698,1498,0,0,12.1,37,362752
up,509,1698,1498,0,0,12.1,37,362752
up,509,1698,1498,0,0,12.1,37,362752
up,510,1698,1498,0,0,12.1,37,362752
up,510,1698,1498,0,0,12.1,37,362752
up,511,1698,1498,0,0,12.1,37,362752
up,511,1698,1498,0,0,12.1,37,362752
up,512,1698,1498,0,0,12.1,37,362752
up,512,1698,1498,0,0,12.1,37,362752
up,513,1698,1498,0,0,12.1,37,362752
up,513,1698,1498,0,0,12.1,37,362752
up,514,1698,1498,0,0,12.1,37,362752
up,514,1698,1498,0,0,12.1,37,362752
up,515,1698,1498,0,0,12.1,37,362752
up,515,1698,1498,0,0,12.1,37,362752
up,516,1698,1498,0,0,12.1,37,362752
up,516,1698,1498,0,0,12.1,37,362752
up,517,1698,1498,0,0,12.1,37,362752
up,517,1698,1498,0,0,12.1,37,362752
up,518,1698,1498,0,0,12.1,37,362752
up,518,1698,1498,0,0,12.1,37,362752
up,519,1698,1498,0,0,12.1,37,362752
up,519,1698,1498,0,0,12.1,37,362752
up,520,1698,1498,0,0,12.1,37,362752
up,520,1698,1498,0,0,12.1,37,362752
up,521,1698,1498,0,0,12.1,37,362752
up,521,1698,1498,0,0,12.1,37,362752
up,522,1698,1498,0,0,12.1,37,362752
up,522,1698,1498,0,0,12.1,37,362752
up,523,1698,1498,0,0,12.1,37,362752
up,523,1698,1498,0,0,12.1,37,362752
up,524,1698,1498,0,0,12.1,37,362752
up,524,1698,1498,0,0,12.1,37,362752
up,525,1698,1498,0,0,12.1,37,362752
up,525,1698,1498,0,0,12.1,37,362752
up,526,1698,1498,0,0,12.1,37,362752
up,526,1698,1498,0,0,12.1,37,362752
up,527,1698,1498,0,0,12.1,37,362752
up,527,1698,1498,0,0,12.1,37,362752
up,528,1698,1498,0,0,12.1,37,362752
up,528,1698,1498,0,0,12.1,37,362752
up,528,1698,1498,0,0,12.1,37,362752
up,529,1698,1498,0,0,12.1,37,362752
up,529,1698,1498,0,0,12.1,37,362752
up,530,1698,1498,0,0,12.1,37,362752
up,531,1698,1498,0,0,12.1,37,362752
up,531,1698,1498,0,0,12.1,37,362752
up,532,1698,1498,0,0,12.1,37,362752
up,532,1698,1498,0,0,12.1,37,362752
up,533,1698,1498,0,0,12.1,37,362752
up,533,1698,1498,0,0,12.1,37,362752
up,534,1698,1498,0,0,12.1,37,362752
up,534,1698,1498,0,0,12.1,37,362752
up,535,1698,1498,0,0,12.1,37,362752
up,535,1698,1498,0,0,12.1,37,362752
up,536,1698,1498,0,0,12.1,37,362752
up,536,1698,1498,0,0,12.1,37,362752
up,537,1698,1498,0,0,12.1,37,362752
up,537,1698,1498,0,0,12.1,37,362752
up,538,1698,1498,0,0,12.1,37,362752
up,538,1698,1498,0,0,12.1,37,362752
up,539,1698,1498,0,0,12.1,37,362752
up,539,1698,1498,0,0,12.1,37,362752
up,540,1698,1498,0,0,12.1,37,362752
up,540,1698,1498,0,0,12.1,37,362752
up,541,1698,1498,0,0,12.1,37,362752
up,541,1698,1498,0,0,12.1,37,362752
up,542,1698,1498,0,0,12.1,37,362752
up,542,1698,1498,0,0,12.1,37,362752
up,542,1698,1498,0,0,12.1,37,362752
up,543,1698,1498,0,0,12.1,37,362752
up,543,1698,1498,0,0,12.1,37,362752
up,544,1698,1498,0,0,12.0,37,362752
up,544,1698,1498,0,0,12.0,37,362752
up,545,1698,1498,0,0,12.1,37,362752
up,545,1698,1498,0,0,12.1,37,362752
up,546,1698,1498,0,0,12.1,37,362752
up,546,1698,1498,0,0,12.1,37,362752
up,547,1698,1498,0,0,12.1,37,362752
up,547,1698,1498,0,0,12.1,37,362752
up,548,1698,1498,0,0,12.1,37,362752
up,548,1698,1498,0,0,12.1,37,362752
up,549,1698,1498,0,0,12.1,37,362752
up,549,1698,1498,0,0,12.1,37,362752
up,550,1698,1498,0,0,12.1,37,362752
up,550,1698,1498,0,0,12.1,37,362752
up,551,1698,1498,0,0,12.1,37,362752
up,551,1698,1498,0,0,12.1,37,362752
up,552,1698,1498,0,0,12.1,37,362752
up,552,1698,1498,0,0,12.1,37,362752
up,553,1698,1498,0,0,12.1,37,362752
up,553,1698,1498,0,0,12.1,37,362752
up,554,1698,1498,0,0,12.1,37,362752
up,554,1698,1498,0,0,12.1,37,362752
up,555,1698,1498,0,0,12.1,37,362752
up,555,1698,1498,0,0,12.1,37,362752
up,556,1698,1498,0,0,12.1,37,362752
up,556,1698,1498,0,0,12.1,37,362752
up,557,1698,1498,0,0,12.1,37,362752
up,557,1698,1498,0,0,12.1,37,362752
up,558,1698,1498,0,0,12.1,37,362752
up,558,1698,1498,0,0,12.1,37,362752
up,559,1698,1498,0,0,12.1,37,362752
up,559,1698,1498,0,0,12.1,37,362752
up,560,1698,1498,0,0,12.1,37,362752
up,560,1698,1498,0,0,12.1,37,362752
up,561,1698,1498,0,0,12.1,37,362752
up,561,1698,1498,0,0,12.1,37,362752
up,562,1698,1498,0,0,12.1,37,362752
up,562,1698,1498,0,0,12.1,37,362752
up,562,1698,1498,0,0,12.1,37,362752
up,563,1698,1498,0,0,12.1,37,362752
up,563,1698,1498,0,0,12.1,37,362752
up,564,1698,1498,0,0,12.1,37,362752
up,565,1698,1498,0,0,12.1,37,362752
up,565,1698,1498,0,0,12.1,37,362752
up,566,1698,1498,0,0,12.1,37,362752
up,566,1698,1498,0,0,12.1,37,362752
up,567,1698,1498,0,0,12.1,37,362752
up,567,1698,1498,0,0,12.1,37,362752
up,568,1698,1498,0,0,12.1,37,362752
up,568,1698,1498,0,0,12.1,37,362752
up,569,1698,1498,0,0,12.1,37,362752
up,569,1698,1498,0,0,12.1,37,362752
up,570,1698,1498,0,0,12.1,37,362752
up,570,1698,1498,0,0,12.1,37,362752
up,571,1698,1498,0,0,12.1,37,362752
up,571,1698,1498,0,0,12.1,37,362752
up,572,1698,1498,0,0,12.1,37,362752
up,572,1698,1498,0,0,12.1,37,362752
up,573,1698,1498,0,0,12.1,37,362752
up,573,1698,1498,0,0,12.1,37,362752
up,574,1698,1498,0,0,12.1,37,362752
up,574,1698,1498,0,0,12.1,37,362752
up,575,1698,1498,0,0,12.1,37,362752
up,575,1698,1498,0,0,12.1,37,362752
up,576,1698,1498,0,0,12.1,37,362752
up,576,1698,1498,0,0,12.1,37,362752
up,577,1698,1498,0,0,12.1,37,362752
up,577,1698,1498,0,0,12.1,37,362752
up,577,1698,1498,0,0,12.1,37,362752
up,578,1698,1498,0,0,12.1,37,362752
up,578,1698,1498,0,0,12.1,37,362752
up,579,1698,1498,0,0,12.1,37,362752
up,579,1698,1498,0,0,12.1,37,362752
up,580,1698,1498,0,0,12.1,37,362752
up,580,1698,1498,0,0,12.1,37,362752
up,581,1698,1498,0,0,12.1,37,362752
up,581,1698,1498,0,0,12.1,37,362752
up,582,1698,1498,0,0,12.1,37,362752
up,583,1698,1498,0,0,12.1,37,362752
up,583,1698,1498,0,0,12.1,37,362752
up,584,1698,1498,0,0,12.1,37,362752
up,584,1698,1498,0,0,12.1,37,362752
up,585,1698,1498,0,0,12.1,37,362752
up,585,1698,1498,0,0,12.1,37,362752
up,585,1698,1498,0,0,12.1,37,362752
up,586,1698,1498,0,0,12.1,37,362752
up,586,1698,1498,0,0,12.1,37,362752
up,587,1698,1498,0,0,12.1,37,362752
up,587,1698,1498,0,0,12.1,37,362752
up,588,1698,1498,0,0,12.1,37,362752
up,588,1698,1498,0,0,12.1,37,362752
up,589,1698,1498,0,0,12.1,37,362752
up,589,1698,1498,0,0,12.1,37,362752
up,590,1698,1498,0,0,12.1,37,362752
up,590,1698,1498,0,0,12.1,37,362752
up,591,1698,1498,0,0,12.1,37,362752
up,591,1698,1498,0,0,12.1,37,362752
up,592,1698,1498,0,0,12.1,37,362752
up,592,1698,1498,0,0,12.1,37,362752
up,593,1698,1498,0,0,12.1,37,362752
up,593,1698,1498,0,0,12.1,37,362752
up,594,1698,1498,0,0,12.1,37,362752
up,594,1698,1498,0,0,12.1,37,362752
up,595,1698,1498,0,0,12.1,37,362752
up,595,1698,1498,0,0,12.1,37,362752
up,596,1698,1498,0,0,12.1,37,362752
up,596,1698,1498,0,0,12.1,37,362752
up,597,1698,1498,0,0,12.1,37,362752
up,597,1698,1498,0,0,12.1,37,362752
up,598,1698,1498,0,0,12.1,37,362752
up,598,1698,1498,0,0,12.1,37,362752
up,599,1698,1498,0,0,12.1,37,362752
up,599,1698,1498,0,0,12.1,37,362752
up,600,1698,1498,0,0,12.1,37,362752
up,600,1698,1498,0,0,12.1,37,362752
up,601,1698,1498,0,0,12.1,37,362752
up,601,1698,1498,0,0,12.1,37,362752
up,602,1698,1498,0,0,12.1,37,362752
up,602,1698,1498,0,0,12.1,37,362752
up,603,1698,1498,0,0,12.1,37,362752
up,603,1698,1498,0,0,12.1,37,362752
up,604,1698,1498,0,0,12.1,37,362752
up,604,1698,1498,0,0,12.1,37,362752
up,605,1698,1498,0,0,12.1,37,362752
up,605,1698,1498,0,0,12.1,37,362752
up,606,1698,1498,0,0,12.1,37,362752
up,606,1698,1498,0,0,12.1,37,362752
up,607,1698,1498,0,0,12.1,37,362752
up,607,1698,1498,0,0,12.1,37,362752
up,608,1698,1498,0,0,12.1,37,362752
up,608,1698,1498,0,0,12.1,37,362752
up,609,1698,1498,0,0,12.1,37,362752
up,609,1698,1498,0,0,12.1,37,362752
up,610,1698,1498,0,0,12.1,37,362752
up,610,1698,1498,0,0,12.1,37,362752
up,611,1698,1498,0,0,12.1,37,362752
up,611,1698,1498,0,0,12.1,37,362752
up,612,1698,1498,0,0,12.1,37,362752
up,612,1698,1498,0,0,12.1,37,362752
up,613,1698,1498,0,0,12.1,37,362752
up,613,1698,1498,0,0,12.1,37,362752
up,614,1698,1498,0,0,12.1,37,362752
up,615,1698,1498,0,0,12.1,37,362752
up,615,1698,1498,0,0,12.1,37,362752
up,616,1698,1498,0,0,12.1,37,362752
up,616,1698,1498,0,0,12.1,37,362752
up,617,1698,1498,0,0,12.1,37,362752
up,617,1698,1498,0,0,12.1,37,362752
up,618,1698,1498,0,0,12.1,37,362752
up,618,1698,1498,0,0,12.1,37,362752
up,619,1698,1498,0,0,12.1,37,362752
up,619,1698,1498,0,0,12.1,37,362752
up,620,1698,1498,0,0,12.1,37,362752
up,620,1698,1498,0,0,12.1,37,362752
up,621,1698,1498,0,0,12.1,37,362752
up,621,1698,1498,0,0,12.1,37,362752
up,622,1698,1498,0,0,12.1,37,362752
up,622,1698,1498,0,0,12.1,37,362752
up,623,1698,1498,0,0,12.1,37,362752
up,623,1698,1498,0,0,12.1,37,362752
up,624,1698,1498,0,0,12.1,37,362752
up,624,1698,1498,0,0,12.1,37,362752
up,625,1698,1498,0,0,12.1,37,362752
up,625,1698,1498,0,0,12.1,37,362752
up,626,1698,1498,0,0,12.1,37,362752
up,626,1698,1498,0,0,12.1,37,362752
up,627,1698,1498,0,0,12.1,37,362752
up,627,1698,1498,0,0,12.1,37,362752
up,628,1698,1498,0,0,12.1,37,362752
up,628,1698,1498,0,0,12.1,37,362752
up,629,1698,1498,0,0,12.1,37,362752
up,629,1698,1498,0,0,12.1,37,362752
up,630,1698,1498,0,0,12.1,37,362752
up,630,1698,1498,0,0,12.1,37,362752
up,631,1698,1498,0,0,12.1,37,362752
up,632,1698,1498,0,0,12.1,37,362752
up,632,1698,1498,0,0,12.1,37,362752
up,633,1698,1498,0,0,12.1,37,362752
up,633,1698,1498,0,0,12.1,37,362752
up,634,1698,1498,0,0,12.1,37,362752
up,634,1698,1498,0,0,12.1,37,362752
up,635,1698,1498,0,0,12.1,37,362752
up,635,1698,1498,0,0,12.1,37,362752
up,636,1698,1498,0,0,12.1,37,362752
up,636,1698,1498,0,0,12.1,37,362752
up,637,1698,1498,0,0,12.1,37,362752
up,637,1698,1498,0,0,12.1,37,362752
up,638,1698,1498,0,0,12.1,37,362752
up,638,1698,1498,0,0,12.2,37,362752
up,639,1698,1498,0,0,12.2,37,362752
up,639,1698,1498,0,0,12.1,37,362752
up,640,1698,1498,0,0,12.1,37,362752
up,640,1698,1498,0,0,12.1,37,362752
up,641,1698,1498,0,0,12.1,37,362752
up,641,1698,1498,0,0,12.1,37,362752
up,642,1698,1498,0,0,12.1,37,362752
up,642,1698,1498,0,0,12.1,37,362752
up,643,1698,1498,0,0,12.1,37,362752
up,643,1698,1498,0,0,12.1,37,362752
up,644,1698,1498,0,0,12.1,37,362752
up,644,1698,1498,0,0,12.1,37,362752
up,645,1698,1498,0,0,12.1,37,362752
up,645,1698,1498,0,0,12.1,37,362752
up,646,1698,1498,0,0,12.1,37,362752
up,646,1698,1498,0,0,12.1,37,362752
up,647,1698,1498,0,0,12.1,37,362752
up,648,1698,1498,0,0,12.1,37,362752
up,648,1698,1498,0,0,12.1,37,362752
up,649,1698,1498,0,0,12.1,37,362752
up,649,1698,1498,0,0,12.1,37,362752
up,650,1698,1498,0,0,12.1,37,362752
up,650,1698,1498,0,0,12.1,37,362752
up,651,1698,1498,0,0,12.1,37,362752
up,651,1698,1498,0,0,12.1,37,362752
up,652,1698,1498,0,0,12.1,37,362752
up,652,1698,1498,0,0,12.1,37,362752
up,653,1698,1498,0,0,12.1,37,362752
up,653,1698,1498,0,0,12.1,37,362752
up,654,1698,1498,0,0,12.1,37,362752
up,654,1698,1498,0,0,12.1,37,362752
up,655,1698,1498,0,0,12.1,37,362752
up,655,1698,1498,0,0,12.1,37,362752
up,656,1698,1498,0,0,12.1,37,362752
up,656,1698,1498,0,0,12.1,37,362752
up,657,1698,1498,0,0,12.1,37,362752
up,657,1698,1498,0,0,12.1,37,362752
up,658,1698,1498,0,0,12.1,37,362752
up,658,1698,1498,0,0,12.1,37,362752
up,659,1698,1498,0,0,12.1,37,362752
up,659,1698,1498,0,0,12.1,37,362752
up,660,1698,1498,0,0,12.1,37,362752
up,660,1698,1498,0,0,12.1,37,362752
up,661,1698,1498,0,0,12.1,37,362752
up,661,1698,1498,0,0,12.1,37,362752
up,662,1698,1498,0,0,12.1,37,362752
up,662,1698,1498,0,0,12.1,37,362752
up,663,1698,1498,0,0,12.1,37,362752
up,663,1698,1498,0,0,12.1,37,362752
up,664,1698,1498,0,0,12.1,37,362752
up,665,1698,1498,0,0,12.1,37,362752
up,665,1698,1498,0,0,12.1,37,362752
up,666,1698,1498,0,0,12.1,37,362752
up,666,1698,1498,0,0,12.1,37,362752
up,667,1698,1498,0,0,12.1,37,362752
up,667,1698,1498,0,0,12.1,37,362752
up,668,1698,1498,0,0,12.1,37,362752
up,668,1698,1498,0,0,12.1,37,362752
up,669,1698,1498,0,0,12.1,37,362752
up,669,1698,1498,0,0,12.1,37,362752
up,670,1698,1498,0,0,12.1,37,362752
up,670,1698,1498,0,0,12.1,37,362752
up,671,1698,1498,0,0,12.1,37,362752
up,671,1698,1498,0,0,12.1,37,362752
up,672,1698,1498,0,0,12.1,37,362752
up,672,1698,1498,0,0,12.1,37,362752
up,673,1698,1498,0,0,12.1,37,362752
up,673,1698,1498,0,0,12.1,37,362752
up,674,1698,1498,0,0,12.1,37,362752
up,674,1698,1498,0,0,12.1,37,362752
up,675,1698,1498,0,0,12.1,37,362752
up,675,1698,1498,0,0,12.1,37,362752
up,676,1698,1498,0,0,12.1,37,362752
up,676,1698,1498,0,0,12.1,37,362752
up,677,1698,1498,0,0,12.1,37,362752
up,677,1698,1498,0,0,12.1,37,362752
up,678,1698,1498,0,0,12.1,37,362752
up,678,1698,1498,0,0,12.1,37,362752
up,679,1698,1498,0,0,12.1,37,362752
up,679,1698,1498,0,0,12.1,37,362752
up,680,1698,1498,0,0,12.1,37,362752
up,680,1698,1498,0,0,12.1,37,362752
up,681,1698,1498,0,0,12.1,37,362752
up,681,1698,1498,0,0,12.1,37,362752
up,682,1698,1498,0,0,12.1,37,362752
up,682,1698,1498,0,0,12.1,37,362752
up,683,1698,1498,0,0,12.1,37,362752
up,683,1698,1498,0,0,12.1,37,362752
up,684,1698,1498,0,0,12.1,37,362752
up,684,1698,1498,0,0,12.1,37,362752
up,685,1698,1498,0,0,12.1,37,362752
up,685,1698,1498,0,0,12.1,37,362752
up,686,1698,1498,0,0,12.1,37,362752
up,686,1698,1498,0,0,12.1,37,362752
up,687,1698,1498,0,0,12.1,37,362752
up,687,1698,1498,0,0,12.1,37,362752
up,688,1698,1498,0,0,12.1,37,362752
up,688,1698,1498,0,0,12.1,37,362752
up,689,1698,1498,0,0,12.1,37,362752
up,689,1698,1498,0,0,12.1,37,362752
up,690,1698,1498,0,0,12.1,37,362752
up,690,1698,1498,0,0,12.1,37,362752
up,691,1698,1498,0,0,12.1,37,362752
up,691,1698,1498,0,0,12.1,37,362752
up,692,1698,1498,0,0,12.1,37,362752
up,692,1698,1498,0,0,12.1,37,362752
up,693,1698,1498,0,0,12.1,37,362752
up,693,1698,1498,0,0,12.1,37,362752
up,694,1698,1498,0,0,12.1,37,362752
up,694,1698,1498,0,0,12.1,37,362752
up,695,1698,1498,0,0,12.1,37,362752
up,695,1698,1498,0,0,12.1,37,362752
up,696,1698,1498,0,0,12.1,37,362752
up,696,1698,1498,0,0,12.1,37,362752
up,697,1698,1498,0,0,12.1,37,362752
up,697,1698,1498,0,0,12.1,37,362752
up,698,1698,1498,0,0,12.1,37,362752
up,698,1698,1498,0,0,12.1,37,362752
up,699,1698,1498,0,0,12.1,37,362752
up,699,1698,1498,0,0,12.1,37,362752
up,700,1698,1498,0,0,12.1,37,362752
up,700,1698,1498,0,0,12.1,37,362752
up,701,1698,1498,0,0,12.1,37,362752
up,701,1698,1498,0,0,12.1,37,362752
up,702,1698,1498,0,0,12.1,37,362752
up,702,1698,1498,0,0,12.1,37,362752
up,703,1698,1498,0,0,12.1,37,362752
up,703,1698,1498,0,0,12.1,37,362752
up,704,1698,1498,0,0,12.1,37,362752
up,704,1698,1498,0,0,12.1,37,362752
up,705,1698,1498,0,0,12.1,37,362752
up,705,1698,1498,0,0,12.1,37,362752
up,706,1698,1498,0,0,12.1,37,362752
up,706,1698,1498,0,0,12.1,37,362752
up,707,1698,1498,0,0,12.1,37,362752
up,707,1698,1498,0,0,12.1,37,362752
up,708,1698,1498,0,0,12.1,37,362752
up,708,1698,1498,0,0,12.1,37,362752
up,709,1698,1498,0,0,12.1,37,362752
up,709,1698,1498,0,0,12.1,37,362752
up,710,1698,1498,0,0,12.1,37,362752
up,710,1698,1498,0,0,12.1,37,362752
up,711,1698,1498,0,0,12.1,37,362752
up,711,1698,1498,0,0,12.1,37,362752
up,712,1698,1498,0,0,12.1,37,362752
up,712,1698,1498,0,0,12.1,37,362752
up,713,1698,1498,0,0,12.1,37,362752
up,714,1698,1498,0,0,12.1,37,362752
up,714,1698,1498,0,0,12.1,37,362752
up,715,1698,1498,0,0,12.1,37,362752
up,715,1698,1498,0,0,12.1,37,362752
up,716,1698,1498,0,0,12.1,37,362752
up,716,1698,1498,0,0,12.1,37,362752
up,717,1698,1498,0,0,12.1,37,362752
up,717,1698,1498,0,0,12.1,37,362752
up,718,1698,1498,0,0,12.1,37,362752
up,718,1698,1498,0,0,12.1,37,362752
up,719,1698,1498,0,0,12.1,37,362752
up,719,1698,1498,0,0,12.1,37,362752
up,720,1698,1498,0,0,12.1,37,362752
up,720,1698,1498,0,0,12.1,37,362752
up,721,1698,1498,0,0,12.1,38,362752
up,721,1698,1498,0,0,12.1,38,362752
up,722,1698,1498,0,0,12.1,37,362752
up,722,1698,1498,0,0,12.1,37,362752
up,723,1698,1498,0,0,12.1,37,362752
up,723,1698,1498,0,0,12.1,37,362752
up,724,1698,1498,0,0,12.1,37,362752
up,724,1698,1498,0,0,12.1,37,362752
up,725,1698,1498,0,0,12.1,37,362752
up,725,1698,1498,0,0,12.1,37,362752
up,726,1698,1498,0,0,12.1,37,362752
up,726,1698,1498,0,0,12.1,37,362752
up,727,1698,1498,0,0,12.1,37,362752
up,727,1698,1498,0,0,12.1,37,362752
up,728,1698,1498,0,0,12.1,37,362752
up,728,1698,1498,0,0,12.1,37,362752
up,729,1698,1498,0,0,12.1,37,362752
up,729,1698,1498,0,0,12.1,37,362752
up,730,1698,1498,0,0,12.1,37,362752
up,730,1698,1498,0,0,12.1,37,362752
up,731,1698,1498,0,0,12.1,37,362752
up,731,1698,1498,0,0,12.1,37,362752
up,732,1698,1498,0,0,12.1,37,362752
up,732,1698,1498,0,0,12.1,37,362752
up,733,1698,1498,0,0,12.1,37,362752
up,733,1698,1498,0,0,12.1,37,362752
up,734,1698,1498,0,0,12.1,37,362752
up,734,1698,1498,0,0,12.0,37,362752
up,735,1698,1498,0,0,12.0,37,362752
up,735,1698,1498,0,0,12.1,37,362752
up,736,1698,1498,0,0,12.1,37,362752
up,736,1698,1498,0,0,12.1,37,362752
up,737,1698,1498,0,0,12.1,37,362752
up,737,1698,1498,0,0,12.1,37,362752
up,738,1698,1498,0,0,12.1,37,362752
up,738,1698,1498,0,0,12.1,37,362752
up,739,1698,1498,0,0,12.1,37,362752
up,739,1698,1498,0,0,12.1,37,362752
up,740,1698,1498,0,0,12.1,37,362752
up,740,1698,1498,0,0,12.1,37,362752
up,741,1698,1498,0,0,12.1,37,362752
up,741,1698,1498,0,0,12.1,37,362752
up,742,1698,1498,0,0,12.1,37,362752
up,742,1698,1498,0,0,12.1,37,362752
up,743,1698,1498,0,0,12.1,37,362752
up,743,1698,1498,0,0,12.1,37,362752
up,743,1698,1498,0,0,12.1,37,362752
up,744,1698,1498,0,0,12.1,37,362752
up,744,1698,1498,0,0,12.1,37,362752
up,745,1698,1498,0,0,12.1,37,362752
up,745,1698,1498,0,0,12.1,37,362752
up,746,1698,1498,0,0,12.1,37,362752
up,746,1698,1498,0,0,12.1,37,362752
up,747,1698,1498,0,0,12.1,37,362752
up,748,1698,1498,0,0,12.1,37,362752
up,748,1698,1498,0,0,12.1,37,362752
up,749,1698,1498,0,0,12.1,37,362752
up,749,1698,1498,0,0,12.1,37,362752
up,750,1698,1498,0,0,12.1,37,362752
up,750,1698,1498,0,0,12.1,37,362752
up,751,1698,1498,0,0,12.1,37,362752
up,751,1698,1498,0,0,12.1,37,362752
up,752,1698,1498,0,0,12.1,37,362752
up,752,1698,1498,0,0,12.1,37,362752
up,753,1698,1498,0,0,12.1,37,362752
up,753,1698,1498,0,0,12.1,37,362752
up,754,1698,1498,0,0,12.1,37,362752
up,754,1698,1498,0,0,12.1,37,362752
up,755,1698,1498,0,0,12.1,37,362752
up,755,1698,1498,0,0,12.1,37,362752
up,756,1698,1498,0,0,12.1,37,362752
up,756,1698,1498,0,0,12.1,37,362752
up,757,1698,1498,0,0,12.1,37,362752
up,757,1698,1498,0,0,12.1,37,362752
up,757,1698,1498,0,0,12.1,37,362752
up,758,1698,1498,0,0,12.1,37,362752
up,758,1698,1498,0,0,12.1,37,362752
up,759,1698,1498,0,0,12.1,37,362752
up,759,1698,1498,0,0,12.1,37,362752
up,760,1698,1498,0,0,12.1,37,362752
up,760,1698,1498,0,0,12.1,37,362752
up,761,1698,1498,0,0,12.1,37,362752
up,761,1698,1498,0,0,12.1,37,362752
up,762,1698,1498,0,0,12.1,37,362752
up,762,1698,1498,0,0,12.1,37,362752
up,762,1698,1498,0,0,12.1,37,362752
up,763,1698,1498,0,0,12.1,37,362752
up,764,1698,1498,0,0,12.1,37,362752
up,764,1698,1498,0,0,12.1,37,362752
up,765,1698,1498,0,0,12.1,37,362752
up,765,1698,1498,0,0,12.1,37,362752
up,766,1698,1498,0,0,12.1,37,362752
up,766,1698,1498,0,0,12.1,37,362752
up,767,1698,1498,0,0,12.1,37,362752
up,767,1698,1498,0,0,12.1,37,362752
up,768,1698,1498,0,0,12.1,37,362752
up,768,1698,1498,0,0,12.1,37,362752
up,769,1698,1498,0,0,12.1,37,362752
up,769,1698,1498,0,0,12.1,37,362752
up,770,1698,1498,0,0,12.1,37,362752
up,770,1698,1498,0,0,12.1,37,362752
up,771,1698,1498,0,0,12.1,37,362752
up,771,1698,1498,0,0,12.1,37,362752
up,772,1698,1498,0,0,12.1,37,362752
up,772,1698,1498,0,0,12.1,37,362752
up,773,1698,1498,0,0,12.1,37,362752
up,773,1698,1498,0,0,12.1,37,362752
up,774,1698,1498,0,0,12.1,37,362752
up,774,1698,1498,0,0,12.1,37,362752
up,775,1698,1498,0,0,12.1,37,362752
up,775,1698,1498,0,0,12.1,37,362752
up,776,1698,1498,0,0,12.1,37,362752
up,776,1698,1498,0,0,12.1,37,362752
up,777,1698,1498,0,0,12.1,37,362752
up,777,1698,1498,0,0,12.1,37,362752
up,778,1698,1498,0,0,12.1,37,362752
up,778,1698,1498,0,0,12.1,37,362752
up,778,1698,1498,0,0,12.1,37,362752
up,779,1698,1498,0,0,12.1,37,362752
up,779,1698,1498,0,0,12.1,37,362752
up,780,1698,1498,0,0,12.1,37,362752
up,780,1698,1498,0,0,12.1,37,362752
up,781,1698,1498,0,0,12.1,37,362752
up,782,1698,1498,0,0,12.1,37,362752
up,782,1698,1498,0,0,12.1,37,362752
up,783,1698,1498,0,0,12.1,37,362752
up,783,1698,1498,0,0,12.1,37,362752
up,784,1698,1498,0,0,12.1,37,362752
up,784,1698,1498,0,0,12.1,37,362752
up,785,1698,1498,0,0,12.1,37,362752
up,785,1698,1498,0,0,12.1,37,362752
up,786,1698,1498,0,0,12.1,37,362752
up,786,1698,1498,0,0,12.1,37,362752
up,787,1698,1498,0,0,12.1,37,362752
up,787,1698,1498,0,0,12.1,37,362752
up,788,1698,1498,0,0,12.1,37,362752
up,788,1698,1498,0,0,12.1,37,362752
up,789,1698,1498,0,0,12.1,37,362752
up,789,1698,1498,0,0,12.1,37,362752
up,790,1698,1498,0,0,12.1,37,362752
up,790,1698,1498,0,0,12.1,37,362752
up,791,1698,1498,0,0,12.1,37,362752
up,791,1698,1498,0,0,12.1,37,362752
up,792,1698,1498,0,0,12.1,37,362752
up,792,1698,1498,0,0,12.1,37,362752
up,792,1698,1498,0,0,12.1,37,362752
up,793,1698,1498,0,0,12.1,37,362752
up,793,1698,1498,0,0,12.1,37,362752
up,794,1698,1498,0,0,12.1,37,362752
up,794,1698,1498,0,0,12.1,37,362752
up,795,1698,1498,0,0,12.1,37,362752
up,795,1698,1498,0,0,12.1,37,362752
up,796,1698,1498,0,0,12.1,37,362752
up,796,1698,1498,0,0,12.1,37,362752
up,797,1698,1498,0,0,12.1,37,362752
up,797,1698,1498,0,0,12.1,37,362752
up,798,1698,1498,0,0,12.1,37,362752
up,798,1698,1498,0,0,12.1,37,362752
up,799,1698,1498,0,0,12.1,37,362752
up,799,1698,1498,0,0,12.1,37,362752
up,800,1698,1498,0,0,12.1,37,362752
up,800,1698,1498,0,0,12.1,37,362752
up,801,1698,1498,0,0,12.1,37,362752
up,801,1698,1498,0,0,12.1,37,362752
up,802,1698,1498,0,0,12.1,37,362752
up,802,1698,1498,0,0,12.1,37,362752
up,803,1698,1498,0,0,12.1,37,362752
up,803,1698,1498,0,0,12.1,37,362752
up,804,1698,1498,0,0,12.1,37,362752
up,804,1698,1498,0,0,12.1,37,362752
up,805,1698,1498,0,0,12.1,37,362752
up,805,1698,1498,0,0,12.1,37,362752
up,806,1698,1498,0,0,12.1,37,362752
up,806,1698,1498,0,0,12.1,37,362752
up,807,1698,1498,0,0,12.1,37,362752
up,807,1698,1498,0,0,12.1,37,362752
up,808,1698,1498,0,0,12.1,37,362752
up,808,1698,1498,0,0,12.1,37,362752
up,809,1698,1498,0,0,12.1,37,362752
up,809,1698,1498,0,0,12.1,37,362752
up,810,1698,1498,0,0,12.1,37,362752
up,810,1698,1498,0,0,12.1,37,362752
up,811,1698,1498,0,0,12.1,37,362752
up,811,1698,1498,0,0,12.1,37,362752
up,812,1698,1498,0,0,12.1,37,362752
up,812,1698,1498,0,0,12.1,37,362752
up,812,1698,1498,0,0,12.1,37,362752
up,813,1698,1498,0,0,12.1,37,362752
up,814,1698,1498,0,0,12.1,37,362752
up,814,1698,1498,0,0,12.1,37,362752
up,815,1698,1498,0,0,12.1,37,362752
up,815,1698,1498,0,0,12.1,37,362752
up,816,1698,1498,0,0,12.1,37,362752
up,816,1698,1498,0,0,12.1,37,362752
up,817,1698,1498,0,0,12.1,37,362752
up,817,1698,1498,0,0,12.1,37,362752
up,818,1698,1498,0,0,12.1,37,362752
up,818,1698,1498,0,0,12.1,37,362752
up,819,1698,1498,0,0,12.1,37,362752
up,819,1698,1498,0,0,12.1,37,362752
up,820,1698,1498,0,0,12.1,37,362752
up,820,1698,1498,0,0,12.1,37,362752
up,821,1698,1498,0,0,12.1,37,362752
up,821,1698,1498,0,0,12.1,37,362752
up,822,1698,1498,0,0,12.1,37,362752
up,822,1698,1498,0,0,12.1,37,362752
up,823,1698,1498,0,0,12.1,37,362752
up,823,1698,1498,0,0,12.1,37,362752
up,824,1698,1498,0,0,12.1,37,362752
up,824,1698,1498,0,0,12.1,37,362752
up,824,1698,1498,0,0,12.1,37,362752
up,825,1698,1498,0,0,12.1,37,362752
up,825,1698,1498,0,0,12.1,37,362752
up,826,1698,1498,0,0,12.1,37,362752
up,826,1698,1498,0,0,12.1,37,362752
up,827,1698,1498,0,0,12.1,37,362752
up,827,1698,1498,0,0,12.1,37,362752
up,828,1698,1498,0,0,12.1,37,362752
up,828,1698,1498,0,0,12.1,37,362752
up,829,1698,1498,0,0,12.1,37,362752
up,829,1698,1498,0,0,12.1,37,362752
up,830,1698,1498,0,0,12.1,37,362752
up,830,1698,1498,0,0,12.1,37,362752
up,831,1698,1498,0,0,12.1,37,362752
up,831,1698,1498,0,0,12.1,37,362752
up,832,1698,1498,0,0,12.1,37,362752
up,832,1698,1498,0,0,12.1,37,362752
up,833,1698,1498,0,0,12.1,37,362752
up,833,1698,1498,0,0,12.1,37,362752
up,834,1698,1498,0,0,12.1,37,362752
up,834,1698,1498,0,0,12.1,37,362752
up,835,1698,1498,0,0,12.1,37,362752
up,835,1698,1498,0,0,12.1,37,362752
up,836,1698,1498,0,0,12.1,37,362752
up,836,1698,1498,0,0,12.1,37,362752
up,837,1698,1498,0,0,12.1,37,362752
up,837,1698,1498,0,0,12.1,37,362752
up,838,1698,1498,0,0,12.1,37,362752
up,838,1698,1498,0,0,12.1,37,362752
up,838,1698,1498,0,0,12.1,37,362752
up,839,1698,1498,0,0,12.1,37,362752
up,839,1698,1498,0,0,12.1,37,362752
up,840,1698,1498,0,0,12.1,37,362752
up,840,1698,1498,0,0,12.1,37,362752
up,841,1698,1498,0,0,12.1,37,362752
up,841,1698,1498,0,0,12.1,37,362752
up,842,1698,1498,0,0,12.1,37,362752
up,842,1698,1498,0,0,12.1,37,362752
up,843,1698,1498,0,0,12.1,37,362752
up,843,1698,1498,0,0,12.1,37,362752
up,844,1698,1498,0,0,12.1,37,362752
up,844,1698,1498,0,0,12.1,37,362752
up,845,1698,1498,0,0,12.1,37,362752
up,845,1698,1498,0,0,12.1,37,362752
up,845,1698,1498,0,0,12.1,37,362752
up,846,1698,1498,0,0,12.1,37,362752
up,846,1698,1498,0,0,12.1,37,362752
up,847,1698,1498,0,0,12.1,37,362752
up,848,1698,1498,0,0,12.1,37,362752
up,848,1698,1498,0,0,12.1,37,362752
up,849,1698,1498,0,0,12.1,37,362752
up,849,1698,1498,0,0,12.1,37,362752
up,850,1698,1498,0,0,12.1,37,362752
up,850,1698,1498,0,0,12.1,37,362752
up,851,1698,1498,0,0,12.1,37,362752
up,851,1698,1498,0,0,12.1,37,362752
up,852,1698,1498,0,0,12.1,37,362752
up,852,1698,1498,0,0,12.1,37,362752
up,853,1698,1498,0,0,12.1,37,362752
up,853,1698,1498,0,0,12.1,37,362752
up,854,1698,1498,0,0,12.1,37,362752
up,854,1698,1498,0,0,12.1,37,362752
up,855,1698,1498,0,0,12.1,37,362752
up,855,1698,1498,0,0,12.1,37,362752
up,856,1698,1498,0,0,12.1,37,362752
up,856,1698,1498,0,0,12.1,37,362752
up,857,1698,1498,0,0,12.1,37,362752
up,857,1698,1498,0,0,12.1,37,362752
up,858,1698,1498,0,0,12.1,37,362752
up,858,1698,1498,0,0,12.1,37,362752
up,858,1698,1498,0,0,12.1,37,362752
up,859,1698,1498,0,0,12.1,37,362752
up,859,1698,1498,0,0,12.1,37,362752
up,860,1698,1498,0,0,12.1,37,362752
up,860,1698,1498,0,0,12.1,37,362752
up,861,1698,1498,0,0,12.1,37,362752
up,861,1698,1498,0,0,12.1,37,362752
up,862,1698,1498,0,0,12.1,37,362752
up,862,1698,1498,0,0,12.1,37,362752
up,863,1698,1498,0,0,12.1,37,362752
up,863,1698,1498,0,0,12.1,37,362752
up,864,1698,1498,0,0,12.1,37,362752
up,864,1698,1498,0,0,12.1,37,362752
up,865,1698,1498,0,0,12.1,37,362752
up,865,1698,1498,0,0,12.1,37,362752
up,866,1698,1498,0,0,12.1,37,362752
up,866,1698,1498,0,0,12.1,37,362752
up,867,1698,1498,0,0,12.1,37,362752
up,867,1698,1498,0,0,12.1,37,362752
up,868,1698,1498,0,0,12.1,37,362752
up,868,1698,1498,0,0,12.1,37,362752
up,869,1698,1498,0,0,12.1,37,362752
up,869,1698,1498,0,0,12.1,37,362752
up,870,1698,1498,0,0,12.1,37,362752
up,871,1698,1498,0,0,12.1,37,362752
up,871,1698,1498,0,0,12.1,37,362752
up,872,1698,1498,0,0,12.1,37,362752
up,872,1698,1498,0,0,12.1,37,362752
up,873,1698,1498,0,0,12.1,37,362752
up,873,1698,1498,0,0,12.1,37,362752
up,874,1698,1498,0,0,12.1,37,362752
up,874,1698,1498,0,0,12.1,37,362752
up,875,1698,1498,0,0,12.1,37,362752
up,875,1698,1498,0,0,12.1,37,362752
up,875,1698,1498,0,0,12.1,37,362752
up,876,1698,1498,0,0,12.1,37,362752
up,876,1698,1498,0,0,12.1,37,362752
up,877,1698,1498,0,0,12.1,37,362752
up,877,1698,1498,0,0,12.1,37,362752
up,878,1698,1498,0,0,12.1,37,362752
up,878,1698,1498,0,0,12.1,37,362752
up,879,1698,1498,0,0,12.1,37,362752
up,879,1698,1498,0,0,12.1,37,362752
up,880,1698,1498,0,0,12.1,37,362752
up,880,1698,1498,0,0,12.1,37,362752
up,881,1698,1498,0,0,12.1,37,362752
up,881,1698,1498,0,0,12.1,37,362752
up,882,1698,1498,0,0,12.1,37,362752
up,882,1698,1498,0,0,12.1,37,362752
up,883,1698,1498,0,0,12.1,37,362752
up,883,1698,1498,0,0,12.1,37,362752
up,884,1698,1498,0,0,12.1,37,362752
up,884,1698,1498,0,0,12.1,37,362752
up,885,1698,1498,0,0,12.1,37,362752
up,885,1698,1498,0,0,12.1,37,362752
up,886,1698,1498,0,0,12.1,37,362752
up,886,1698,1498,0,0,12.1,37,362752
up,887,1698,1498,0,0,12.1,37,362752
up,887,1698,1498,0,0,12.1,37,362752
up,888,1698,1498,0,0,12.1,37,362752
up,888,1698,1498,0,0,12.1,37,362752
up,889,1698,1498,0,0,12.1,37,362752
up,889,1698,1498,0,0,12.1,37,362752
up,890,1698,1498,0,0,12.1,37,362752
up,890,1698,1498,0,0,12.1,37,362752
up,891,1698,1498,0,0,12.1,37,362752
up,891,1698,1498,0,0,12.1,37,362752
up,892,1698,1498,0,0,12.1,37,362752
up,892,1698,1498,0,0,12.1,37,362752
up,892,1698,1498,0,0,12.1,37,362752
up,893,1698,1498,0,0,12.1,37,362752
up,893,1698,1498,0,0,12.1,38,362752
up,894,1698,1498,0,0,12.1,38,362752
up,894,1698,1498,0,0,12.1,37,362752
up,895,1698,1498,0,0,12.1,37,362752
up,895,1698,1498,0,0,11.9,37,362752
up,896,1698,1498,0,0,11.9,37,362752
up,896,1698,1498,0,0,12.1,37,362752
up,897,1698,1498,0,0,12.1,37,362752
up,897,1698,1498,0,0,12.1,37,362752
up,898,1698,1498,0,0,12.1,37,362752
up,898,1698,1498,0,0,12.1,37,362752
up,899,1698,1498,0,0,12.1,37,362752
up,899,1698,1498,0,0,12.1,37,362752
up,900,1698,1498,0,0,12.1,37,362752
up,900,1698,1498,0,0,12.1,37,362752
up,901,1698,1498,0,0,12.1,37,362752
up,901,1698,1498,0,0,12.1,37,362752
up,902,1698,1498,0,0,12.1,37,362752
up,902,1698,1498,0,0,12.1,37,362752
up,903,1698,1498,0,0,12.1,37,362752
up,903,1698,1498,0,0,12.1,37,362752
up,904,1698,1498,0,0,12.1,37,362752
up,904,1698,1498,0,0,12.1,37,362752
up,905,1698,1498,0,0,12.1,37,362752
up,905,1698,1498,0,0,12.1,37,362752
up,906,1698,1498,0,0,12.1,37,362752
up,906,1698,1498,0,0,12.1,37,362752
up,907,1698,1498,0,0,12.1,37,362752
up,907,1698,1498,0,0,12.1,37,362752
up,908,1698,1498,0,0,12.1,37,362752
up,908,1698,1498,0,0,12.1,37,362752
up,909,1698,1498,0,0,12.1,37,362752
up,909,1698,1498,0,0,12.1,37,362752
up,909,1698,1498,0,0,12.1,37,362752
up,910,1698,1498,0,0,12.1,37,362752
up,910,1698,1498,0,0,12.1,37,362752
up,911,1698,1498,0,0,12.1,37,362752
up,911,1698,1498,0,0,12.1,37,362752
up,912,1698,1498,0,0,12.1,37,362752
up,912,1698,1498,0,0,12.1,37,362752
up,913,1698,1498,0,0,12.1,37,362752
up,913,1698,1498,0,0,12.1,37,362752
up,914,1698,1498,0,0,12.1,37,362752
up,914,1698,1498,0,0,12.1,37,362752
up,915,1698,1498,0,0,12.1,37,362752
up,915,1698,1498,0,0,12.1,37,362752
up,916,1698,1498,0,0,12.1,37,362752
up,916,1698,1498,0,0,12.1,37,362752
up,917,1698,1498,0,0,12.1,37,362752
up,917,1698,1498,0,0,12.1,37,362752
up,918,1698,1498,0,0,12.1,37,362752
up,918,1698,1498,0,0,12.1,37,362752
up,919,1698,1498,0,0,12.1,37,362752
up,919,1698,1498,0,0,12.1,37,362752
up,920,1698,1498,0,0,12.1,37,362752
up,920,1698,1498,0,0,12.1,37,362752
up,921,1698,1498,0,0,12.1,37,362752
up,921,1698,1498,0,0,12.1,37,362752
up,922,1698,1498,0,0,12.1,37,362752
up,922,1698,1498,0,0,12.1,37,362752
up,923,1698,1498,0,0,12.1,37,362752
up,923,1698,1498,0,0,12.1,37,362752
up,924,1698,1498,0,0,12.1,37,362752
up,924,1698,1498,0,0,12.1,37,362752
up,925,1698,1498,0,0,12.1,37,362752
up,925,1698,1498,0,0,12.1,37,362752
up,925,1698,1498,0,0,12.1,37,362752
up,926,1698,1498,0,0,12.1,37,362752
up,926,1698,1498,0,0,12.1,37,362752
up,927,1698,1498,0,0,12.1,37,362752
up,927,1698,1498,0,0,12.1,37,362752
up,928,1698,1498,0,0,12.1,37,362752
up,928,1698,1498,0,0,12.1,37,362752
up,929,1698,1498,0,0,12.1,37,362752
up,929,1698,1498,0,0,12.1,37,362752
up,930,1698,1498,0,0,12.1,37,362752
up,931,1698,1498,0,0,12.1,37,362752
up,931,1698,1498,0,0,12.1,37,362752
up,932,1698,1498,0,0,12.1,37,362752
up,932,1698,1498,0,0,12.1,37,362752
up,933,1698,1498,0,0,12.1,37,362752
up,933,1698,1498,0,0,12.1,37,362752
up,934,1698,1498,0,0,12.1,37,362752
up,934,1698,1498,0,0,12.1,37,362752
up,935,1698,1498,0,0,12.1,37,362752
up,935,1698,1498,0,0,12.1,37,362752
up,936,1698,1498,0,0,12.1,37,362752
up,936,1698,1498,0,0,12.1,37,362752
up,937,1698,1498,0,0,12.1,37,362752
up,937,1698,1498,0,0,12.1,37,362752
up,938,1698,1498,0,0,12.1,37,362752
up,938,1698,1498,0,0,12.1,37,362752
up,939,1698,1498,0,0,12.1,37,362752
up,939,1698,1498,0,0,12.1,37,362752
up,940,1698,1498,0,0,12.1,37,362752
up,940,1698,1498,0,0,12.1,37,362752
up,941,1698,1498,0,0,12.1,37,362752
up,941,1698,1498,0,0,12.1,37,362752
up,942,1698,1498,0,0,12.1,37,362752
up,942,1698,1498,0,0,12.1,37,362752
up,942,1698,1498,0,0,12.1,37,362752
up,943,1698,1498,0,0,12.1,37,362752
up,943,1698,1498,0,0,12.1,37,362752
up,944,1698,1498,0,0,12.1,37,362752
up,944,1698,1498,0,0,12.1,37,362752
up,945,1698,1498,0,0,12.1,37,362752
up,945,1698,1498,0,0,12.1,37,362752
up,946,1698,1498,0,0,12.1,37,362752
up,946,1698,1498,0,0,12.1,37,362752
up,947,1698,1498,0,0,12.1,37,362752
up,947,1698,1498,0,0,12.1,37,362752
up,948,1698,1498,0,0,12.1,37,362752
up,948,1698,1498,0,0,12.1,37,362752
up,949,1698,1498,0,0,12.1,37,362752
up,949,1698,1498,0,0,12.1,37,362752
up,950,1698,1498,0,0,12.1,37,362752
up,950,1698,1498,0,0,12.1,37,362752
up,951,1698,1498,0,0,12.1,37,362752
up,951,1698,1498,0,0,12.1,37,362752
up,952,1698,1498,0,0,12.1,37,362752
up,952,1698,1498,0,0,12.1,37,362752
up,953,1698,1498,0,0,12.1,37,362752
up,953,1698,1498,0,0,12.1,37,362752
up,954,1698,1498,0,0,12.1,37,362752
up,954,1698,1498,0,0,12.1,37,362752
up,955,1698,1498,0,0,12.1,37,362752
up,955,1698,1498,0,0,12.1,37,362752
up,956,1698,1498,0,0,12.1,37,362752
up,956,1698,1498,0,0,12.1,37,362752
up,957,1698,1498,0,0,12.1,37,362752
up,957,1698,1498,0,0,12.1,37,362752
up,958,1698,1498,0,0,12.1,37,362752
up,958,1698,1498,0,0,12.1,37,362752
up,959,1698,1498,0,0,12.1,37,362752
up,959,1698,1498,0,0,12.1,37,362752
up,960,1698,1498,0,0,12.1,37,362752
up,960,1698,1498,0,0,12.1,37,362752
up,961,1698,1498,0,0,12.1,37,362752
up,961,1698,1498,0,0,12.1,37,362752
up,961,1698,1498,0,0,12.1,37,362752
up,962,1698,1498,0,0,12.1,37,362752
up,962,1698,1498,0,0,12.1,37,362752
up,963,1698,1498,0,0,12.1,37,362752
up,963,1698,1498,0,0,12.1,37,362752
up,964,1698,1498,0,0,12.1,37,362752
up,965,1698,1498,0,0,12.1,37,362752
up,965,1698,1498,0,0,12.1,37,362752
up,966,1698,1498,0,0,12.1,37,362752
up,966,1698,1498,0,0,12.1,37,362752
up,967,1698,1498,0,0,12.1,37,362752
up,967,1698,1498,0,0,12.1,37,362752
up,968,1698,1498,0,0,12.1,37,362752
up,968,1698,1498,0,0,12.1,37,362752
up,969,1698,1498,0,0,12.1,37,362752
up,969,1698,1498,0,0,12.1,37,362752
up,970,1698,1498,0,0,12.1,37,362752
up,970,1698,1498,0,0,12.1,37,362752
up,971,1698,1498,0,0,12.0,37,362752
up,971,1698,1498,0,0,12.0,37,362752
up,972,1698,1498,0,0,12.1,37,362752
up,972,1698,1498,0,0,12.1,37,362752
up,973,1698,1498,0,0,12.1,37,362752
up,973,1698,1498,0,0,12.1,37,362752
up,974,1698,1498,0,0,12.1,37,362752
up,974,1698,1498,0,0,12.1,37,362752
up,975,1698,1498,0,0,12.1,37,362752
up,975,1698,1498,0,0,12.1,37,362752
up,976,1698,1498,0,0,12.1,37,362752
up,976,1698,1498,0,0,12.1,37,362752
up,977,1698,1498,0,0,12.1,37,362752
up,977,1698,1498,0,0,12.1,37,362752
up,977,1698,1498,0,0,12.1,37,362752
up,978,1698,1498,0,0,12.1,37,362752
up,978,1698,1498,0,0,12.1,37,362752
up,979,1698,1498,0,0,12.1,37,362752
up,979,1698,1498,0,0,12.1,37,362752
up,980,1698,1498,0,0,12.1,37,362752
up,980,1698,1498,0,0,12.1,37,362752
up,981,1698,1498,0,0,12.1,37,362752
up,982,1698,1498,0,0,12.1,37,362752
up,982,1698,1498,0,0,12.1,37,362752
up,983,1698,1498,0,0,12.1,37,362752
up,983,1698,1498,0,0,12.1,37,362752
up,984,1698,1498,0,0,12.1,37,362752
up,984,1698,1498,0,0,12.1,37,362752
up,985,1698,1498,0,0,12.1,37,362752
up,985,1698,1498,0,0,12.1,37,362752
up,986,1698,1498,0,0,12.1,37,362752
up,986,1698,1498,0,0,12.1,37,362752
up,987,1698,1498,0,0,12.1,37,362752
up,987,1698,1498,0,0,12.1,37,362752
up,988,1698,1498,0,0,12.1,37,362752
up,988,1698,1498,0,0,12.1,37,362752
up,989,1698,1498,0,0,12.1,37,362752
up,989,1698,1498,0,0,12.1,37,362752
up,990,1698,1498,0,0,12.1,37,362752
up,990,1698,1498,0,0,12.1,37,362752
up,991,1698,1498,0,0,12.1,37,362752
up,991,1698,1498,0,0,12.1,37,362752
up,992,1698,1498,0,0,12.1,37,362752
up,992,1698,1498,0,0,12.1,37,362752
up,993,1698,1498,0,0,12.1,37,362752
up,993,1698,1498,0,0,12.1,37,362752
up,994,1698,1498,0,0,12.1,37,362752
up,994,1698,1498,0,0,12.1,37,362752
up,994,1698,1498,0,0,12.1,37,362752
up,995,1698,1498,0,0,12.1,37,362752
up,995,1698,1498,0,0,12.1,37,362752
up,996,1698,1498,0,0,12.1,37,362752
up,996,1698,1498,0,0,12.1,37,362752
up,997,1698,1498,0,0,12.1,37,362752
up,997,1698,1498,0,0,12.1,37,362752
up,998,1698,1498,0,0,12.1,37,362752
up,998,1698,1498,0,0,12.1,37,362752
up,999,1698,1498,0,0,12.1,37,362752
up,999,1698,1498,0,0,12.1,37,362752
up,1000,1698,1498,0,0,12.1,37,362752
up,1000,1698,1498,0,0,12.1,37,362752
up,1001,1698,1498,0,0,12.1,37,362752
up,1001,1698,1498,0,0,12.1,37,362752
up,1002,1698,1498,0,0,12.1,37,362752
up,1002,1698,1498,0,0,12.1,37,362752
up,1003,1698,1498,0,0,12.1,37,362752
up,1003,1698,1498,0,0,12.1,37,362752
up,1004,1698,1498,0,0,12.1,37,362752
up,1004,1698,1498,0,0,12.1,37,362752
up,1005,1698,1498,0,0,12.1,37,362752
up,1005,1698,1498,0,0,12.1,37,362752
up,1006,1698,1498,0,0,12.1,37,362752
up,1006,1698,1498,0,0,12.1,37,362752
up,1007,1698,1498,0,0,12.1,37,362752
up,1007,1698,1498,0,0,12.1,37,362752
up,1008,1698,1498,0,0,12.1,37,362752
up,1008,1698,1498,0,0,12.1,37,362752
up,1009,1698,1498,0,0,12.1,37,362752
up,1009,1698,1498,0,0,12.1,37,362752
up,1010,1698,1498,0,0,12.1,37,362752
up,1010,1698,1498,0,0,12.1,37,362752
up,1011,1698,1498,0,0,12.1,37,362752
up,1011,1698,1498,0,0,12.1,37,362752
up,1012,1698,1498,0,0,12.1,37,362752
up,1012,1698,1498,0,0,12.1,37,362752
up,1013,1698,1498,0,0,12.1,37,362752
up,1013,1698,1498,0,0,12.1,37,362752
up,1014,1698,1498,0,0,12.1,37,362752
up,1014,1698,1498,0,0,12.1,37,362752
up,1015,1698,1498,0,0,12.1,37,362752
up,1015,1698,1498,0,0,12.1,37,362752
up,1016,1698,1498,0,0,12.1,37,362752
up,1016,1698,1498,0,0,12.1,37,362752
up,1017,1698,1498,0,0,12.1,37,362752
up,1017,1698,1498,0,0,12.1,37,362752
up,1018,1698,1498,0,0,12.1,37,362752
up,1018,1698,1498,0,0,12.1,37,362752
up,1019,1698,1498,0,0,12.1,37,362752
up,1019,1698,1498,0,0,12.1,37,362752
up,1020,1698,1498,0,0,12.1,37,362752
up,1020,1698,1498,0,0,12.1,37,362752
up,1021,1698,1498,0,0,12.1,37,362752
up,1021,1698,1498,0,0,12.1,37,362752
up,1022,1698,1498,0,0,12.1,37,362752
up,1022,1698,1498,0,0,12.1,37,362752
up,1023,1698,1498,0,0,12.1,37,362752
up,1023,1698,1498,0,0,12.1,37,362752
up,1024,1698,1498,0,0,12.1,37,362752
up,1024,1698,1498,0,0,12.1,37,362752
up,1025,1698,1498,0,0,12.1,37,362752
up,1025,1698,1498,0,0,12.1,37,362752
up,1026,1698,1498,0,0,12.1,37,362752
up,1026,1698,1498,0,0,12.1,37,362752
up,1027,1698,1498,0,0,12.1,37,362752
up,1027,1698,1498,0,0,12.1,37,362752
up,1028,1698,1498,0,0,12.1,37,362752
up,1028,1698,1498,0,0,12.1,37,362752
up,1029,1698,1498,0,0,12.1,37,362752
up,1029,1698,1498,0,0,12.1,37,362752
up,1030,1698,1498,0,0,12.1,37,362752
up,1030,1698,1498,0,0,12.1,37,362752
up,1031,1698,1498,0,0,12.1,37,362752
up,1031,1698,1498,0,0,12.1,37,362752
up,1032,1698,1498,0,0,12.1,37,362752
up,1032,1698,1498,0,0,12.1,37,362752
up,1033,1698,1498,0,0,12.1,37,362752
up,1033,1698,1498,0,0,12.1,37,362752
up,1034,1698,1498,0,0,12.1,37,362752
up,1034,1698,1498,0,0,12.1,37,362752
up,1035,1698,1498,0,0,12.1,37,362752
up,1035,1698,1498,0,0,12.1,37,362752
up,1036,1698,1498,0,0,12.1,37,362752
up,1036,1698,1498,0,0,12.1,37,362752
up,1037,1698,1498,0,0,12.1,37,362752
up,1037,1698,1498,0,0,12.1,37,362752
up,1038,1698,1498,0,0,12.1,37,362752
up,1038,1698,1498,0,0,12.1,37,362752
up,1039,1698,1498,0,0,12.1,37,362752
up,1039,1698,1498,0,0,12.1,37,362752
up,1040,1698,1498,0,0,12.1,37,362752
up,1040,1698,1498,0,0,12.1,37,362752
up,1041,1698,1498,0,0,12.1,37,362752
up,1041,1698,1498,0,0,12.1,37,362752
up,1042,1698,1498,0,0,12.1,37,362752
up,1042,1698,1498,0,0,12.1,37,362752
up,1043,1698,1498,0,0,12.1,37,362752
up,1043,1698,1498,0,0,12.1,37,362752
up,1044,1698,1498,0,0,12.1,37,362752
up,1044,1698,1498,0,0,12.1,37,362752
up,1045,1698,1498,0,0,12.1,37,362752
up,1045,1698,1498,0,0,12.1,37,362752
up,1046,1698,1498,0,0,12.1,37,362752
up,1046,1698,1498,0,0,12.1,37,362752
up,1047,1698,1498,0,0,12.1,37,362752
up,1047,1698,1498,0,0,12.1,37,362752
up,1048,1698,1498,0,0,12.1,37,362752
up,1048,1698,1498,0,0,12.1,37,362752
up,1049,1698,1498,0,0,12.1,37,362752
up,1049,1698,1498,0,0,12.1,37,362752
up,1050,1698,1498,0,0,12.1,37,362752
up,1050,1698,1498,0,0,12.1,37,362752
up,1051,1698,1498,0,0,12.1,37,362752
up,1051,1698,1498,0,0,12.1,37,362752
up,1052,1698,1498,0,0,12.1,37,362752
up,1052,1698,1498,0,0,12.1,37,362752
up,1053,1698,1498,0,0,12.1,37,362752
up,1053,1698,1498,0,0,12.1,37,362752
up,1054,1698,1498,0,0,12.1,37,362752
up,1054,1698,1498,0,0,12.1,37,362752
up,1055,1698,1498,0,0,12.1,37,362752
up,1055,1698,1498,0,0,12.1,37,362752
up,1056,1698,1498,0,0,12.1,37,362752
up,1056,1698,1498,0,0,12.1,37,362752
up,1057,1698,1498,0,0,12.1,37,362752
up,1057,1698,1498,0,0,12.1,37,362752
up,1058,1698,1498,0,0,12.1,37,362752
up,1058,1698,1498,0,0,12.1,37,362752
up,1059,1698,1498,0,0,12.1,37,362752
up,1059,1698,1498,0,0,12.1,37,362752
up,1060,1698,1498,0,0,12.1,37,362752
up,1060,1698,1498,0,0,12.1,37,362752
up,1061,1698,1498,0,0,12.1,37,362752
up,1061,1698,1498,0,0,12.1,37,362752
up,1062,1698,1498,0,0,12.1,37,362752
up,1062,1698,1498,0,0,12.1,37,362752
up,1063,1698,1498,0,0,12.1,37,362752
up,1063,1698,1498,0,0,12.1,37,362752
up,1064,1698,1498,0,0,12.1,37,362752
up,1064,1698,1498,0,0,12.1,37,362752
up,1065,1698,1498,0,0,12.1,37,362752
up,1065,1698,1498,0,0,12.1,37,362752
up,1066,1698,1498,0,0,12.1,37,362752
up,1066,1698,1498,0,0,12.1,37,362752
up,1067,1698,1498,0,0,12.1,37,362752
up,1067,1698,1498,0,0,12.1,37,362752
up,1068,1698,1498,0,0,12.1,37,362752
up,1068,1698,1498,0,0,12.1,37,362752
up,1069,1698,1498,0,0,12.1,37,362752
up,1069,1698,1498,0,0,12.1,37,362752
up,1070,1698,1498,0,0,12.1,37,362752
up,1070,1698,1498,0,0,12.1,37,362752
up,1071,1698,1498,0,0,12.1,37,362752
up,1071,1698,1498,0,0,12.1,37,362752
up,1072,1698,1498,0,0,12.1,37,362752
up,1072,1698,1498,0,0,12.1,37,362752
up,1073,1698,1498,0,0,12.1,37,362752
up,1073,1698,1498,0,0,12.1,37,362752
up,1074,1698,1498,0,0,12.1,37,362752
up,1074,1698,1498,0,0,12.1,37,362752
up,1075,1698,1498,0,0,12.1,37,362752
up,1075,1698,1498,0,0,12.1,37,362752
up,1076,1698,1498,0,0,12.1,37,362752
up,1076,1698,1498,0,0,12.1,37,362752
up,1077,1698,1498,0,0,12.1,37,362752
up,1077,1698,1498,0,0,12.1,37,362752
up,1078,1698,1498,0,0,12.1,37,362752
up,1078,1698,1498,0,0,12.1,37,362752
up,1079,1698,1498,0,0,12.1,37,362752
up,1079,1698,1498,0,0,12.1,37,362752
up,1080,1698,1498,0,0,12.1,37,362752
up,1080,1698,1498,0,0,12.1,37,362752
up,1081,1698,1498,0,0,12.1,37,362752
up,1081,1698,1498,0,0,12.1,37,362752
up,1082,1698,1498,0,0,12.1,37,362752
up,1082,1698,1498,0,0,12.1,37,362752
up,1083,1698,1498,0,0,12.1,37,362752
up,1083,1698,1498,0,0,12.1,37,362752
up,1084,1698,1498,0,0,12.1,37,362752
up,1084,1698,1498,0,0,12.1,37,362752
up,1085,1698,1498,0,0,12.1,37,362752
up,1085,1698,1498,0,0,12.1,37,362752
up,1086,1698,1498,0,0,12.1,37,362752
up,1086,1698,1498,0,0,12.1,37,362752
up,1087,1698,1498,0,0,12.1,37,362752
up,1087,1698,1498,0,0,12.1,37,362752
up,1088,1698,1498,0,0,12.1,37,362752
up,1088,1698,1498,0,0,12.1,37,362752
up,1089,1698,1498,0,0,12.1,37,362752
up,1089,1698,1498,0,0,12.1,37,362752
up,1090,1698,1498,0,0,12.1,37,362752
up,1090,1698,1498,0,0,12.1,37,362752
up,1091,1698,1498,0,0,12.1,37,362752
up,1091,1698,1498,0,0,12.1,37,362752
up,1092,1698,1498,0,0,12.1,37,362752
up,1092,1698,1498,0,0,12.1,37,362752
up,1093,1698,1498,0,0,12.1,37,362752
up,1093,1698,1498,0,0,12.1,37,362752
up,1094,1698,1498,0,0,12.1,37,362752
up,1094,1698,1498,0,0,12.1,37,362752
up,1095,1698,1498,0,0,12.1,37,362752
up,1095,1698,1498,0,0,12.1,37,362752
up,1095,1698,1498,0,0,12.1,37,362752
up,1096,1698,1498,0,0,12.1,37,362752
up,1096,1698,1498,0,0,12.1,37,362752
up,1097,1698,1498,0,0,12.1,37,362752
up,1097,1698,1498,0,0,12.1,37,362752
up,1098,1698,1498,0,0,12.1,37,362752
up,1098,1698,1498,0,0,12.1,37,362752
up,1099,1698,1498,0,0,12.1,37,362752
up,1099,1698,1498,0,0,12.1,37,362752
up,1100,1698,1498,0,0,12.1,37,362752
up,1100,1698,1498,0,0,12.1,37,362752
up,1101,1698,1498,0,0,12.1,37,362752
up,1101,1698,1498,0,0,12.1,37,362752
up,1102,1698,1498,0,0,12.1,37,362752
up,1102,1698,1498,0,0,12.1,37,362752
up,1103,1698,1498,0,0,12.1,37,362752
up,1103,1698,1498,0,0,12.1,37,362752
up,1104,1698,1498,0,0,12.1,37,362752
up,1104,1698,1498,0,0,12.1,37,362752
up,1105,1698,1498,0,0,12.1,37,362752
up,1105,1698,1498,0,0,12.1,37,362752
up,1106,1698,1498,0,0,12.1,37,362752
up,1106,1698,1498,0,0,12.1,37,362752
up,1107,1698,1498,0,0,12.1,37,362752
up,1107,1698,1498,0,0,12.1,37,362752
up,1108,1698,1498,0,0,12.1,37,362752
up,1108,1698,1498,0,0,12.1,37,362752
up,1109,1698,1498,0,0,12.1,37,362752
up,1109,1698,1498,0,0,12.1,37,362752
up,1110,1698,1498,0,0,12.1,37,362752
up,1110,1698,1498,0,0,12.1,37,362752
up,1111,1698,1498,0,0,12.1,37,362752
up,1111,1698,1498,0,0,12.1,37,362752
up,1112,1698,1498,0,0,12.1,37,362752
up,1112,1698,1498,0,0,12.1,37,362752
up,1113,1698,1498,0,0,12.1,37,362752
up,1113,1698,1498,0,0,12.1,37,362752
up,1114,1698,1498,0,0,12.1,37,362752
up,1114,1698,1498,0,0,12.1,37,362752
up,1115,1698,1498,0,0,12.1,37,362752
up,1115,1698,1498,0,0,12.1,37,362752
up,1116,1698,1498,0,0,12.1,37,362752
up,1116,1698,1498,0,0,12.1,37,362752
up,1117,1698,1498,0,0,12.1,37,362752
up,1117,1698,1498,0,0,12.1,37,362752
up,1118,1698,1498,0,0,12.1,37,362752
up,1118,1698,1498,0,0,12.1,37,362752
up,1119,1698,1498,0,0,12.1,37,362752
up,1119,1698,1498,0,0,12.1,37,362752
up,1120,1698,1498,0,0,12.1,37,362752
up,1120,1698,1498,0,0,12.1,37,362752
up,1121,1698,1498,0,0,12.1,37,362752
up,1121,1698,1498,0,0,12.1,37,362752
up,1122,1698,1498,0,0,12.1,37,362752
up,1122,1698,1498,0,0,12.1,37,362752
up,1123,1698,1498,0,0,12.1,37,362752
up,1123,1698,1498,0,0,12.1,37,362752
up,1124,1698,1498,0,0,12.1,37,362752
up,1124,1698,1498,0,0,12.1,37,362752
up,1125,1698,1498,0,0,12.1,37,362752
up,1125,1698,1498,0,0,12.1,37,362752
up,1126,1698,1498,0,0,12.1,37,362752
up,1126,1698,1498,0,0,12.1,37,362752
up,1127,1698,1498,0,0,12.1,37,362752
up,1127,1698,1498,0,0,12.1,37,362752
up,1128,1698,1498,0,0,12.1,37,362752
up,1128,1698,1498,0,0,12.1,37,362752
up,1129,1698,1498,0,0,12.1,37,362752
up,1129,1698,1498,0,0,12.1,37,362752
up,1130,1698,1498,0,0,12.1,37,362752
up,1130,1698,1498,0,0,12.1,37,362752
up,1131,1698,1498,0,0,12.1,37,362752
up,1131,1698,1498,0,0,12.1,37,362752
up,1132,1698,1498,0,0,12.1,37,362752
up,1132,1698,1498,0,0,12.1,37,362752
up,1133,1698,1498,0,0,12.1,37,362752
up,1133,1698,1498,0,0,12.1,37,362752
up,1134,1698,1498,0,0,12.1,37,362752
up,1134,1698,1498,0,0,12.1,37,362752
up,1135,1698,1498,0,0,12.1,37,362752
up,1135,1698,1498,0,0,12.1,37,362752
up,1136,1698,1498,0,0,12.1,37,362752
up,1136,1698,1498,0,0,12.1,37,362752
up,1137,1698,1498,0,0,12.1,37,362752
up,1137,1698,1498,0,0,12.1,37,362752
up,1138,1698,1498,0,0,12.1,37,362752
up,1138,1698,1498,0,0,12.1,37,362752
up,1139,1698,1498,0,0,12.1,37,362752
up,1139,1698,1498,0,0,12.1,37,362752
up,1140,1698,1498,0,0,12.1,37,362752
up,1140,1698,1498,0,0,12.1,37,362752
up,1141,1698,1498,0,0,12.1,37,362752
up,1141,1698,1498,0,0,12.1,37,362752
up,1142,1698,1498,0,0,12.1,37,362752
up,1142,1698,1498,0,0,12.1,37,362752
up,1143,1698,1498,0,0,12.1,37,362752
up,1143,1698,1498,0,0,12.1,37,362752
up,1144,1698,1498,0,0,12.1,37,362752
up,1144,1698,1498,0,0,12.1,37,362752
up,1145,1698,1498,0,0,12.1,37,362752
up,1145,1698,1498,0,0,12.1,37,362752
up,1146,1698,1498,0,0,12.1,37,362752
up,1146,1698,1498,0,0,12.1,37,362752
up,1147,1698,1498,0,0,12.1,37,362752
up,1147,1698,1498,0,0,12.1,37,362752
up,1148,1698,1498,0,0,12.1,37,362752
up,1148,1698,1498,0,0,12.1,37,362752
up,1149,1698,1498,0,0,12.1,37,362752
up,1149,1698,1498,0,0,12.1,37,362752
up,1150,1698,1498,0,0,12.1,37,362752
up,1150,1698,1498,0,0,12.1,37,362752
up,1151,1698,1498,0,0,12.1,37,362752
up,1151,1698,1498,0,0,12.1,37,362752
up,1152,1698,1498,0,0,12.1,37,362752
up,1152,1698,1498,0,0,12.1,37,362752
up,1153,1698,1498,0,0,12.1,37,362752
up,1153,1698,1498,0,0,12.1,37,362752
up,1154,1698,1498,0,0,12.1,37,362752
up,1154,1698,1498,0,0,12.1,37,362752
up,1155,1698,1498,0,0,12.1,37,362752
up,1155,1698,1498,0,0,12.1,37,362752
up,1156,1698,1498,0,0,12.1,37,362752
up,1156,1698,1498,0,0,12.1,37,362752
up,1157,1698,1498,0,0,12.1,37,362752
up,1157,1698,1498,0,0,12.1,37,362752
up,1158,1698,1498,0,0,12.1,37,362752
up,1158,1698,1498,0,0,12.1,37,362752
up,1159,1698,1498,0,0,12.1,37,362752
up,1159,1698,1498,0,0,12.1,37,362752
up,1160,1698,1498,0,0,12.1,37,362752
up,1160,1698,1498,0,0,12.1,37,362752
up,1161,1698,1498,0,0,12.1,37,362752
up,1161,1698,1498,0,0,12.1,37,362752
up,1162,1698,1498,0,0,12.1,37,362752
up,1162,1698,1498,0,0,12.1,37,362752
up,1163,1698,1498,0,0,12.1,37,362752
up,1163,1698,1498,0,0,12.1,37,362752
up,1164,1698,1498,0,0,12.1,37,362752
up,1164,1698,1498,0,0,12.1,37,362752
up,1165,1698,1498,0,0,12.1,37,362752
up,1165,1698,1498,0,0,12.1,37,362752
up,1166,1698,1498,0,0,12.1,37,362752
up,1166,1698,1498,0,0,12.1,37,362752
up,1167,1698,1498,0,0,12.1,37,362752
up,1167,1698,1498,0,0,12.1,37,362752
up,1168,1698,1498,0,0,12.1,37,362752
up,1168,1698,1498,0,0,12.1,37,362752
up,1169,1698,1498,0,0,12.1,37,362752
up,1169,1698,1498,0,0,12.1,37,362752
up,1170,1698,1498,0,0,12.1,37,362752
up,1170,1698,1498,0,0,12.1,37,362752
up,1171,1698,1498,0,0,12.1,37,362752
up,1171,1698,1498,0,0,12.1,37,362752
up,1172,1698,1498,0,0,12.1,37,362752
up,1172,1698,1498,0,0,12.1,37,362752
up,1173,1698,1498,0,0,12.1,37,362752
up,1173,1698,1498,0,0,12.1,37,362752
up,1174,1698,1498,0,0,12.1,37,362752
up,1174,1698,1498,0,0,12.1,37,362752
up,1175,1698,1498,0,0,12.1,37,362752
up,1175,1698,1498,0,0,12.1,37,362752
up,1176,1698,1498,0,0,12.1,37,362752
up,1176,1698,1498,0,0,12.1,37,362752
up,1177,1698,1498,0,0,12.1,37,362752
up,1177,1698,1498,0,0,12.1,37,362752
up,1178,1698,1498,0,0,12.1,37,362752
up,1178,1698,1498,0,0,12.1,37,362752
up,1179,1698,1498,0,0,12.1,37,362752
up,1179,1698,1498,0,0,12.1,37,362752
up,1180,1698,1498,0,0,12.1,37,362752
up,1180,1698,1498,0,0,12.1,37,362752
up,1181,1698,1498,0,0,12.1,37,362752
up,1181,1698,1498,0,0,12.1,37,362752
up,1182,1698,1498,0,0,12.1,37,362752
up,1182,1698,1498,0,0,12.1,37,362752
up,1183,1698,1498,0,0,12.1,37,362752
up,1183,1698,1498,0,0,12.1,37,362752
up,1184,1698,1498,0,0,12.1,37,362752
up,1184,1698,1498,0,0,12.1,37,362752
up,1185,1698,1498,0,0,12.1,37,362752
up,1185,1698,1498,0,0,12.1,37,362752
up,1186,1698,1498,0,0,12.1,37,362752
up,1186,1698,1498,0,0,12.1,37,362752
up,1187,1698,1498,0,0,12.1,37,362752
up,1187,1698,1498,0,0,12.1,37,362752
up,1188,1698,1498,0,0,12.1,37,362752
up,1188,1698,1498,0,0,12.1,37,362752
up,1189,1698,1498,0,0,12.1,37,362752
up,1189,1698,1498,0,0,12.1,37,362752
up,1190,1698,1498,0,0,12.1,37,362752
up,1190,1698,1498,0,0,12.1,37,362752
up,1191,1698,1498,0,0,12.1,37,362752
up,1191,1698,1498,0,0,12.1,37,362752
up,1192,1698,1498,0,0,12.1,37,362752
up,1192,1698,1498,0,0,12.1,37,362752
up,1193,1698,1498,0,0,12.1,37,362752
up,1193,1698,1498,0,0,12.1,37,362752
up,1194,1698,1498,0,0,12.1,37,362752
up,1194,1698,1498,0,0,12.1,37,362752
up,1195,1698,1498,0,0,12.1,37,362752
up,1195,1698,1498,0,0,12.1,37,362752
up,1196,1698,1498,0,0,12.1,37,362752
up,1196,1698,1498,0,0,12.1,37,362752
up,1197,1698,1498,0,0,12.1,37,362752
up,1197,1698,1498,0,0,12.1,37,362752
up,1198,1698,1498,0,0,12.1,37,362752
up,1198,1698,1498,0,0,12.1,37,362752
up,1199,1698,1498,0,0,12.1,37,362752
up,1199,1698,1498,0,0,12.1,37,362752
up,1200,1698,1498,0,0,12.1,37,362752
up,1200,1698,1498,0,0,12.1,37,362752
up,1201,1698,1498,0,0,12.1,37,362752
up,1201,1698,1498,0,0,12.1,37,362752
up,1202,1698,1498,0,0,12.1,37,362752
up,1202,1698,1498,0,0,12.1,37,362752
up,1203,1698,1498,0,0,12.1,37,362752
up,1203,1698,1498,0,0,12.1,37,362752
up,1204,1698,1498,0,0,12.1,37,362752
up,1204,1698,1498,0,0,12.1,37,362752
up,1204,1698,1498,0,0,12.1,37,362752
up,1205,1698,1498,0,0,12.1,37,362752
up,1205,1698,1498,0,0,12.1,37,362752
up,1206,1698,1498,0,0,12.1,37,362752
up,1206,1698,1498,0,0,12.1,37,362752
up,1207,1698,1498,0,0,12.1,37,362752
up,1207,1698,1498,0,0,12.1,37,362752
up,1208,1698,1498,0,0,12.1,37,362752
up,1208,1698,1498,0,0,12.1,37,362752
up,1209,1698,1498,0,0,12.1,37,362752
up,1209,1698,1498,0,0,12.1,37,362752
up,1209,1698,1498,0,0,12.1,37,362752
up,1210,1698,1498,0,0,12.1,37,362752
up,1210,1698,1498,0,0,12.1,37,362752
up,1211,1698,1498,0,0,12.1,37,362752
up,1211,1698,1498,0,0,12.1,37,362752
up,1212,1698,1498,0,0,12.1,37,362752
up,1212,1698,1498,0,0,12.1,37,362752
up,1213,1698,1498,0,0,12.1,37,362752
up,1213,1698,1498,0,0,12.1,37,362752
up,1214,1698,1498,0,0,12.1,37,362752
up,1214,1698,1498,0,0,12.1,37,362752
up,1215,1698,1498,0,0,12.1,37,362752
up,1215,1698,1498,0,0,12.1,37,362752
up,1216,1698,1498,0,0,12.1,37,362752
up,1216,1698,1498,0,0,12.1,37,362752
up,1217,1698,1498,0,0,12.1,37,362752
up,1217,1698,1498,0,0,12.1,37,362752
up,1218,1698,1498,0,0,12.1,37,362752
up,1218,1698,1498,0,0,12.1,37,362752
up,1219,1698,1498,0,0,12.1,37,362752
up,1219,1698,1498,0,0,12.1,37,362752
up,1220,1698,1498,0,0,12.1,37,362752
up,1220,1698,1498,0,0,12.1,37,362752
up,1221,1698,1498,0,0,12.1,37,362752
up,1221,1698,1498,0,0,12.1,37,362752
up,1222,1698,1498,0,0,12.1,37,362752
up,1222,1698,1498,0,0,12.1,37,362752
up,1223,1698,1498,0,0,12.1,37,362752
up,1223,1698,1498,0,0,12.1,37,362752
up,1224,1698,1498,0,0,12.1,37,362752
up,1224,1698,1498,0,0,12.1,37,362752
up,1225,1698,1498,0,0,12.1,37,362752
up,1225,1698,1498,0,0,12.1,37,362752
up,1226,1698,1498,0,0,12.1,37,362752
up,1226,1698,1498,0,0,12.1,37,362752
up,1227,1698,1498,0,0,12.1,37,362752
up,1227,1698,1498,0,0,12.1,37,362752
up,1228,1698,1498,0,0,12.1,37,362752
up,1228,1698,1498,0,0,12.1,37,362752
up,1229,1698,1498,0,0,12.1,37,362752
up,1229,1698,1498,0,0,12.1,37,362752
up,1229,1698,1498,0,0,12.1,37,362752
up,1230,1698,1498,0,0,12.1,37,362752
up,1230,1698,1498,0,0,12.1,37,362752
up,1231,1698,1498,0,0,12.1,37,362752
up,1231,1698,1498,0,0,12.1,37,362752
up,1232,1698,1498,0,0,12.1,37,362752
up,1232,1698,1498,0,0,12.1,37,362752
up,1233,1698,1498,0,0,12.1,37,362752
up,1233,1698,1498,0,0,12.1,37,362752
up,1234,1698,1498,0,0,12.1,37,362752
up,1234,1698,1498,0,0,12.1,37,362752
up,1235,1698,1498,0,0,12.1,37,362752
up,1235,1698,1498,0,0,12.1,37,362752
up,1236,1698,1498,0,0,12.1,37,362752
up,1236,1698,1498,0,0,12.1,37,362752
up,1237,1698,1498,0,0,12.1,37,362752
up,1237,1698,1498,0,0,12.1,37,362752
up,1238,1698,1498,0,0,12.1,37,362752
up,1238,1698,1498,0,0,12.1,37,362752
up,1239,1698,1498,0,0,12.1,37,362752
up,1239,1698,1498,0,0,12.1,37,362752
up,1240,1698,1498,0,0,12.1,37,362752
up,1240,1698,1498,0,0,12.1,37,362752
up,1241,1698,1498,0,0,12.1,37,362752
up,1241,1698,1498,0,0,12.1,37,362752
up,1242,1698,1498,0,0,12.1,37,362752
up,1242,1698,1498,0,0,12.1,37,362752
up,1243,1698,1498,0,0,12.1,37,362752
up,1243,1698,1498,0,0,12.1,37,362752
up,1244,1698,1498,0,0,12.1,37,362752
up,1244,1698,1498,0,0,12.1,37,362752
up,1245,1698,1498,0,0,12.1,37,362752
up,1245,1698,1498,0,0,12.1,37,362752
up,1246,1698,1498,0,0,12.1,37,362752
up,1246,1698,1498,0,0,12.1,37,362752
up,1247,1698,1498,0,0,12.1,37,362752
up,1247,1698,1498,0,0,12.1,37,362752
up,1248,1698,1498,0,0,12.1,37,362752
up,1248,1698,1498,0,0,12.1,37,362752
up,1249,1698,1498,0,0,12.1,37,362752
up,1249,1698,1498,0,0,12.1,37,362752
up,1250,1698,1498,0,0,12.1,37,362752
up,1250,1698,1498,0,0,12.1,37,362752
up,1251,1698,1498,0,0,12.1,37,362752
up,1251,1698,1498,0,0,12.1,37,362752
up,1252,1698,1498,0,0,12.1,37,362752
up,1252,1698,1498,0,0,12.1,37,362752
up,1253,1698,1498,0,0,12.1,37,362752
up,1253,1698,1498,0,0,12.1,37,362752
up,1254,1698,1498,0,0,12.1,37,362752
up,1254,1698,1498,0,0,12.1,37,362752
up,1255,1698,1498,0,0,12.1,37,362752
up,1255,1698,1498,0,0,12.1,37,362752
up,1256,1698,1498,0,0,12.1,37,362752
up,1256,1698,1498,0,0,12.1,37,362752
up,1257,1698,1498,0,0,12.1,37,362752
up,1257,1698,1498,0,0,12.1,37,362752
up,1258,1698,1498,0,0,12.1,37,362752
up,1258,1698,1498,0,0,12.1,37,362752
up,1259,1698,1498,0,0,12.1,37,362752
up,1259,1698,1498,0,0,12.1,37,362752
up,1260,1698,1498,0,0,12.1,37,362752
up,1260,1698,1498,0,0,12.1,37,362752
up,1261,1698,1498,0,0,12.1,37,362752
up,1261,1698,1498,0,0,12.1,37,362752
up,1262,1698,1498,0,0,12.1,37,362752
up,1262,1698,1498,0,0,12.1,38,362752
up,1263,1698,1498,0,0,12.1,38,362752
up,1263,1698,1498,0,0,12.1,37,362752
up,1264,1698,1498,0,0,12.1,37,362752
up,1264,1698,1498,0,0,12.1,37,362752
up,1265,1698,1498,0,0,12.1,37,362752
up,1266,1698,1498,0,0,12.1,37,362752
up,1266,1698,1498,0,0,12.1,37,362752
up,1267,1698,1498,0,0,12.1,37,362752
up,1267,1698,1498,0,0,12.1,37,362752
up,1268,1698,1498,0,0,12.1,37,362752
up,1268,1698,1498,0,0,12.1,37,362752
up,1269,1698,1498,0,0,12.1,37,362752
up,1269,1698,1498,0,0,12.1,37,362752
up,1269,1698,1498,0,0,12.1,37,362752
up,1270,1698,1498,0,0,12.1,37,362752
up,1270,1698,1498,0,0,12.1,37,362752
up,1271,1698,1498,0,0,12.1,37,362752
up,1271,1698,1498,0,0,12.1,37,362752
up,1272,1698,1498,0,0,12.1,37,362752
up,1272,1698,1498,0,0,12.1,37,362752
up,1273,1698,1498,0,0,12.1,37,362752
up,1273,1698,1498,0,0,12.1,37,362752
up,1274,1698,1498,0,0,12.1,37,362752
up,1274,1698,1498,0,0,12.1,37,362752
up,1275,1698,1498,0,0,12.1,37,362752
up,1275,1698,1498,0,0,12.1,37,362752
up,1276,1698,1498,0,0,12.1,37,362752
up,1276,1698,1498,0,0,12.1,37,362752
up,1277,1698,1498,0,0,12.1,37,362752
up,1277,1698,1498,0,0,12.1,37,362752
up,1278,1698,1498,0,0,12.1,37,362752
up,1278,1698,1498,0,0,12.1,37,362752
up,1279,1698,1498,0,0,12.1,37,362752
up,1279,1698,1498,0,0,12.1,37,362752
up,1280,1698,1498,0,0,12.1,37,362752
up,1281,1698,1498,0,0,12.1,37,362752
up,1281,1698,1498,0,0,12.1,37,362752
up,1282,1698,1498,0,0,12.1,37,362752
up,1282,1698,1498,0,0,12.1,37,362752
up,1283,1698,1498,0,0,12.1,37,362752
up,1283,1698,1498,0,0,12.1,37,362752
up,1284,1698,1498,0,0,12.1,37,362752
up,1284,1698,1498,0,0,12.1,37,362752
up,1285,1698,1498,0,0,12.1,37,362752
up,1285,1698,1498,0,0,12.1,37,362752
up,1286,1698,1498,0,0,12.1,37,362752
up,1286,1698,1498,0,0,12.1,37,362752
up,1287,1698,1498,0,0,12.1,37,362752
up,1287,1698,1498,0,0,12.1,37,362752
up,1288,1698,1498,0,0,12.1,37,362752
up,1288,1698,1498,0,0,12.1,37,362752
up,1289,1698,1498,0,0,12.1,37,362752
up,1289,1698,1498,0,0,12.1,37,362752
up,1289,1698,1498,0,0,12.1,37,362752
up,1290,1698,1498,0,0,12.1,37,362752
up,1290,1698,1498,0,0,12.1,37,362752
up,1291,1698,1498,0,0,12.1,37,362752
up,1291,1698,1498,0,0,12.1,37,362752
up,1292,1698,1498,0,0,12.1,37,362752
up,1292,1698,1498,0,0,12.1,37,362752
up,1293,1698,1498,0,0,12.1,37,362752
up,1293,1698,1498,0,0,12.1,37,362752
up,1294,1698,1498,0,0,12.1,37,362752
up,1294,1698,1498,0,0,12.1,37,362752
up,1294,1698,1498,0,0,12.1,37,362752
up,1295,1698,1498,0,0,12.1,37,362752
up,1295,1698,1498,0,0,12.1,37,362752
up,1296,1698,1498,0,0,12.1,37,362752
up,1296,1698,1498,0,0,12.1,37,362752
up,1297,1698,1498,0,0,12.1,37,362752
up,1298,1698,1498,0,0,12.1,37,362752
up,1298,1698,1498,0,0,12.1,37,362752
up,1299,1698,1498,0,0,12.1,37,362752
up,1299,1698,1498,0,0,12.1,37,362752
up,1300,1698,1498,0,0,12.1,37,362752
up,1300,1698,1498,0,0,12.1,37,362752
up,1301,1698,1498,0,0,12.1,37,362752
up,1301,1698,1498,0,0,12.1,37,362752
up,1302,1698,1498,0,0,12.1,37,362752
up,1302,1698,1498,0,0,12.1,37,362752
up,1303,1698,1498,0,0,12.1,37,362752
up,1303,1698,1498,0,0,12.1,37,362752
up,1304,1698,1498,0,0,12.1,37,362752
up,1304,1698,1498,0,0,12.1,37,362752
up,1304,1698,1498,0,0,12.1,37,362752
up,1305,1698,1498,0,0,12.1,37,362752
up,1305,1698,1498,0,0,12.1,37,362752
up,1306,1698,1498,0,0,12.1,37,362752
up,1306,1698,1498,0,0,12.1,37,362752
up,1307,1698,1498,0,0,12.1,37,362752
up,1307,1698,1498,0,0,12.1,37,362752
up,1308,1698,1498,0,0,12.1,37,362752
up,1308,1698,1498,0,0,12.1,37,362752
up,1309,1698,1498,0,0,12.1,37,362752
up,1309,1698,1498,0,0,12.1,37,362752
up,1309,1698,1498,0,0,12.1,37,362752
up,1310,1698,1498,0,0,12.1,37,362752
up,1310,1698,1498,0,0,12.1,37,362752
up,1311,1698,1498,0,0,12.1,37,362752
up,1311,1698,1498,0,0,12.1,37,362752
up,1312,1698,1498,0,0,12.1,37,362752
up,1312,1698,1498,0,0,12.1,37,362752
up,1313,1698,1498,0,0,12.1,37,362752
up,1313,1698,1498,0,0,12.1,37,362752
up,1314,1698,1498,0,0,12.1,37,362752
up,1314,1698,1498,0,0,12.1,37,362752
up,1315,1698,1498,0,0,12.1,37,362752
up,1315,1698,1498,0,0,12.1,37,362752
up,1316,1698,1498,0,0,12.1,37,362752
up,1316,1698,1498,0,0,12.1,37,362752
up,1317,1698,1498,0,0,12.1,37,362752
up,1317,1698,1498,0,0,12.1,37,362752
up,1318,1698,1498,0,0,12.1,37,362752
up,1318,1698,1498,0,0,12.1,37,362752
up,1319,1698,1498,0,0,12.1,37,362752
up,1319,1698,1498,0,0,12.1,38,362752
up,1319,1698,1498,0,0,12.1,38,362752
up,1320,1698,1498,0,0,12.1,37,362752
up,1320,1698,1498,0,0,12.1,37,362752
up,1321,1698,1498,0,0,12.1,37,362752
up,1321,1698,1498,0,0,12.1,37,362752
up,1322,1698,1498,0,0,12.1,37,362752
up,1322,1698,1498,0,0,12.1,37,362752
up,1323,1698,1498,0,0,12.1,37,362752
up,1323,1698,1498,0,0,12.1,37,362752
up,1324,1698,1498,0,0,12.1,37,362752
up,1324,1698,1498,0,0,12.1,37,362752
up,1325,1698,1498,0,0,12.1,37,362752
up,1325,1698,1498,0,0,12.1,37,362752
up,1325,1698,1498,0,0,12.1,37,362752
up,1326,1698,1498,0,0,12.1,37,362752
up,1326,1698,1498,0,0,12.1,37,362752
up,1327,1698,1498,0,0,12.1,37,362752
up,1327,1698,1498,0,0,12.1,37,362752
up,1328,1698,1498,0,0,12.1,37,362752
up,1328,1698,1498,0,0,12.1,37,362752
up,1329,1698,1498,0,0,12.1,37,362752
up,1329,1698,1498,0,0,12.1,37,362752
up,1330,1698,1498,0,0,12.1,37,362752
up,1330,1698,1498,0,0,12.1,37,362752
up,1331,1698,1498,0,0,12.1,37,362752
up,1331,1698,1498,0,0,12.1,37,362752
up,1332,1698,1498,0,0,12.1,37,362752
up,1332,1698,1498,0,0,12.1,37,362752
up,1333,1698,1498,0,0,12.1,37,362752
up,1333,1698,1498,0,0,12.1,37,362752
up,1334,1698,1498,0,0,12.1,37,362752
up,1334,1698,1498,0,0,12.1,37,362752
up,1335,1698,1498,0,0,12.1,37,362752
up,1335,1698,1498,0,0,12.1,37,362752
up,1336,1698,1498,0,0,12.1,37,362752
up,1336,1698,1498,0,0,12.1,38,362752
up,1336,1698,1498,0,0,12.1,38,362752
up,1337,1698,1498,0,0,12.1,37,362752
up,1337,1698,1498,0,0,12.1,37,362752
up,1338,1698,1498,0,0,12.1,37,362752
up,1338,1698,1498,0,0,12.1,37,362752
up,1339,1698,1498,0,0,12.1,37,362752
up,1339,1698,1498,0,0,12.1,37,362752
up,1340,1698,1498,0,0,12.1,37,362752
up,1340,1698,1498,0,0,12.1,37,362752
up,1341,1698,1498,0,0,12.1,37,362752
up,1341,1698,1498,0,0,12.1,37,362752
up,1342,1698,1498,0,0,12.1,37,362752
up,1342,1698,1498,0,0,12.1,37,362752
up,1343,1698,1498,0,0,12.1,37,362752
up,1343,1698,1498,0,0,12.1,37,362752
up,1344,1698,1498,0,0,12.1,37,362752
up,1344,1698,1498,0,0,12.1,37,362752
up,1345,1698,1498,0,0,12.1,37,362752
up,1345,1698,1498,0,0,12.1,37,362752
up,1346,1698,1498,0,0,12.1,37,362752
up,1346,1698,1498,0,0,12.1,37,362752
up,1347,1698,1498,0,0,12.1,37,362752
up,1347,1698,1498,0,0,12.1,37,362752
up,1348,1698,1498,0,0,12.1,37,362752
up,1349,1698,1498,0,0,12.1,37,362752
up,1349,1698,1498,0,0,12.1,37,362752
up,1350,1698,1498,0,0,12.1,37,362752
up,1350,1698,1498,0,0,12.1,37,362752
up,1351,1698,1498,0,0,12.1,37,362752
up,1351,1698,1498,0,0,12.1,37,362752
up,1351,1698,1498,0,0,12.1,37,362752
up,1352,1698,1498,0,0,12.1,37,362752
up,1352,1698,1498,0,0,12.1,37,362752
up,1353,1698,1498,0,0,12.1,37,362752
up,1353,1698,1498,0,0,12.1,37,362752
up,1354,1698,1498,0,0,12.1,37,362752
up,1354,1698,1498,0,0,12.1,37,362752
up,1355,1698,1498,0,0,12.1,37,362752
up,1355,1698,1498,0,0,12.1,37,362752
up,1356,1698,1498,0,0,12.1,37,362752
up,1356,1698,1498,0,0,12.1,37,362752
up,1357,1698,1498,0,0,12.1,37,362752
up,1357,1698,1498,0,0,12.1,37,362752
up,1357,1698,1498,0,0,12.1,37,362752
up,1358,1698,1498,0,0,12.1,37,362752
up,1358,1698,1498,0,0,12.1,37,362752
up,1359,1698,1498,0,0,12.1,37,362752
up,1359,1698,1498,0,0,12.1,37,362752
up,1360,1698,1498,0,0,12.1,37,362752
up,1360,1698,1498,0,0,12.1,37,362752
up,1361,1698,1498,0,0,12.1,37,362752
up,1361,1698,1498,0,0,12.1,37,362752
up,1362,1698,1498,0,0,12.1,37,362752
up,1362,1698,1498,0,0,12.1,37,362752
up,1363,1698,1498,0,0,12.1,37,362752
up,1363,1698,1498,0,0,12.1,37,362752
up,1364,1698,1498,0,0,12.1,37,362752
up,1365,1698,1498,0,0,12.1,37,362752
up,1365,1698,1498,0,0,12.1,37,362752
up,1366,1698,1498,0,0,12.1,37,362752
up,1366,1698,1498,0,0,12.1,37,362752
up,1367,1698,1498,0,0,12.1,37,362752
up,1367,1698,1498,0,0,12.1,37,362752
up,1368,1698,1498,0,0,12.1,37,362752
up,1368,1698,1498,0,0,12.1,37,362752
up,1369,1698,1498,0,0,12.1,37,362752
up,1369,1698,1498,0,0,12.1,37,362752
up,1370,1698,1498,0,0,12.1,37,362752
up,1370,1698,1498,0,0,12.1,37,362752
up,1371,1698,1498,0,0,12.1,37,362752
up,1371,1698,1498,0,0,12.1,37,362752
up,1372,1698,1498,0,0,12.1,37,362752
up,1372,1698,1498,0,0,12.1,37,362752
up,1373,1698,1498,0,0,12.1,37,362752
up,1373,1698,1498,0,0,12.1,37,362752
up,1374,1698,1498,0,0,12.1,37,362752
up,1374,1698,1498,0,0,12.1,37,362752
up,1375,1698,1498,0,0,12.1,37,362752
up,1375,1698,1498,0,0,12.1,37,362752
up,1376,1698,1498,0,0,12.1,37,362752
up,1376,1698,1498,0,0,12.1,37,362752
up,1377,1698,1498,0,0,12.1,37,362752
up,1377,1698,1498,0,0,12.1,37,362752
up,1377,1698,1498,0,0,12.1,37,362752
up,1378,1698,1498,0,0,12.1,37,362752
up,1378,1698,1498,0,0,12.1,37,362752
up,1379,1698,1498,0,0,12.1,37,362752
up,1379,1698,1498,0,0,12.1,37,362752
up,1380,1698,1498,0,0,12.1,37,362752
up,1380,1698,1498,0,0,12.1,37,362752
up,1381,1698,1498,0,0,12.1,37,362752
up,1381,1698,1498,0,0,12.1,37,362752
up,1382,1698,1498,0,0,12.1,37,362752
up,1382,1698,1498,0,0,12.1,37,362752
up,1383,1698,1498,0,0,12.1,37,362752
up,1383,1698,1498,0,0,12.1,37,362752
up,1384,1698,1498,0,0,12.1,37,362752
up,1384,1698,1498,0,0,12.1,37,362752
up,1385,1698,1498,0,0,12.1,37,362752
up,1385,1698,1498,0,0,12.1,37,362752
up,1386,1698,1498,0,0,12.1,37,362752
up,1386,1698,1498,0,0,12.1,37,362752
up,1387,1698,1498,0,0,12.1,37,362752
up,1387,1698,1498,0,0,12.1,37,362752
up,1388,1698,1498,0,0,12.1,37,362752
up,1388,1698,1498,0,0,12.1,37,362752
up,1389,1698,1498,0,0,12.1,37,362752
up,1389,1698,1498,0,0,12.1,37,362752
up,1389,1698,1498,0,0,12.1,37,362752
up,1390,1698,1498,0,0,12.1,37,362752
up,1390,1698,1498,0,0,12.1,37,362752
up,1391,1698,1498,0,0,12.1,37,362752
up,1391,1698,1498,0,0,12.1,37,362752
up,1392,1698,1498,0,0,12.1,37,362752
up,1392,1698,1498,0,0,12.1,37,362752
up,1393,1698,1498,0,0,12.1,37,362752
up,1393,1698,1498,0,0,12.1,37,362752
up,1394,1698,1498,0,0,12.1,37,362752
up,1394,1698,1498,0,0,12.1,37,362752
up,1395,1698,1498,0,0,12.1,37,362752
up,1395,1698,1498,0,0,12.1,37,362752
up,1396,1698,1498,0,0,12.1,37,362752
up,1396,1698,1498,0,0,12.1,37,362752
up,1397,1698,1498,0,0,12.1,37,362752
up,1397,1698,1498,0,0,12.1,37,362752
up,1398,1698,1498,0,0,12.1,37,362752
up,1398,1698,1498,0,0,12.1,37,362752
up,1399,1698,1498,0,0,12.1,37,362752
up,1399,1698,1498,0,0,12.1,37,362752
up,1400,1698,1498,0,0,12.1,37,362752
up,1400,1698,1498,0,0,12.1,37,362752
up,1401,1698,1498,0,0,12.1,37,362752
up,1401,1698,1498,0,0,12.1,37,362752
up,1402,1698,1498,0,0,12.1,37,362752
up,1402,1698,1498,0,0,12.1,37,362752
up,1402,1698,1498,0,0,12.1,37,362752
up,1403,1698,1498,0,0,12.1,37,362752
up,1403,1698,1498,0,0,12.1,37,362752
up,1404,1698,1498,0,0,12.1,37,362752
up,1404,1698,1498,0,0,12.1,37,362752
up,1405,1698,1498,0,0,12.1,37,362752
up,1405,1698,1498,0,0,12.1,37,362752
up,1406,1698,1498,0,0,12.1,37,362752
up,1406,1698,1498,0,0,12.1,37,362752
up,1407,1698,1498,0,0,12.1,37,362752
up,1407,1698,1498,0,0,12.1,37,362752
up,1408,1698,1498,0,0,12.1,37,362752
up,1408,1698,1498,0,0,12.1,37,362752
up,1409,1698,1498,0,0,12.1,37,362752
up,1409,1698,1498,0,0,12.1,37,362752
up,1409,1698,1498,0,0,12.1,37,362752
up,1410,1698,1498,0,0,12.1,37,362752
up,1410,1698,1498,0,0,12.1,37,362752
up,1411,1698,1498,0,0,12.1,37,362752
up,1411,1698,1498,0,0,12.1,37,362752
up,1412,1698,1498,0,0,12.1,37,362752
up,1412,1698,1498,0,0,12.1,37,362752
up,1413,1698,1498,0,0,12.1,37,362752
up,1413,1698,1498,0,0,12.0,37,362752
up,1414,1698,1498,0,0,12.0,37,362752
up,1414,1698,1498,0,0,12.1,37,362752
up,1415,1698,1498,0,0,12.1,37,362752
up,1415,1698,1498,0,0,12.1,37,362752
up,1416,1698,1498,0,0,12.1,37,362752
up,1416,1698,1498,0,0,12.1,37,362752
up,1417,1698,1498,0,0,12.1,37,362752
up,1417,1698,1498,0,0,12.1,37,362752
up,1418,1698,1498,0,0,12.1,37,362752
up,1418,1698,1498,0,0,12.1,37,362752
up,1419,1698,1498,0,0,12.1,37,362752
up,1419,1698,1498,0,0,12.1,37,362752
up,1420,1698,1498,0,0,12.1,37,362752
up,1420,1698,1498,0,0,12.1,37,362752
up,1421,1698,1498,0,0,12.1,37,362752
up,1421,1698,1498,0,0,12.1,37,362752
up,1421,1698,1498,0,0,12.1,37,362752
up,1422,1698,1498,0,0,12.1,37,362752
up,1422,1698,1498,0,0,12.1,37,362752
up,1423,1698,1498,0,0,12.1,37,362752
up,1423,1698,1498,0,0,12.1,37,362752
up,1424,1698,1498,0,0,12.1,37,362752
up,1424,1698,1498,0,0,12.1,37,362752
up,1425,1698,1498,0,0,12.1,37,362752
up,1425,1698,1498,0,0,12.1,37,362752
up,1426,1698,1498,0,0,12.1,37,362752
up,1426,1698,1498,0,0,12.1,37,362752
up,1427,1698,1498,0,0,12.1,37,362752
up,1427,1698,1498,0,0,12.1,37,362752
up,1428,1698,1498,0,0,12.1,37,362752
up,1428,1698,1498,0,0,12.1,37,362752
up,1429,1698,1498,0,0,12.1,37,362752
up,1429,1698,1498,0,0,12.1,37,362752
up,1430,1698,1498,0,0,12.1,37,362752
up,1430,1698,1498,0,0,12.1,37,362752
up,1431,1698,1498,0,0,12.1,37,362752
up,1431,1698,1498,0,0,12.1,37,362752
up,1432,1698,1498,0,0,12.1,37,362752
up,1432,1698,1498,0,0,12.1,37,362752
up,1433,1698,1498,0,0,12.1,37,362752
up,1433,1698,1498,0,0,12.1,37,362752
up,1434,1698,1498,0,0,12.1,37,362752
up,1434,1698,1498,0,0,12.1,37,362752
up,1435,1698,1498,0,0,12.1,37,362752
up,1435,1698,1498,0,0,12.1,37,362752
up,1436,1698,1498,0,0,12.1,37,362752
up,1436,1698,1498,0,0,12.1,37,362752
up,1437,1698,1498,0,0,12.1,37,362752
up,1437,1698,1498,0,0,12.1,37,362752
up,1438,1698,1498,0,0,12.1,37,362752
up,1438,1698,1498,0,0,12.1,37,362752
up,1438,1698,1498,0,0,12.1,37,362752
up,1439,1698,1498,0,0,12.1,37,362752
up,1439,1698,1498,0,0,12.1,37,362752
up,1440,1698,1498,0,0,12.1,37,362752
up,1440,1698,1498,0,0,12.1,37,362752
up,1441,1698,1498,0,0,12.1,37,362752
up,1441,1698,1498,0,0,12.1,37,362752
up,1442,1698,1498,0,0,12.1,37,362752
up,1442,1698,1498,0,0,12.1,37,362752
up,1443,1698,1498,0,0,12.1,37,362752
up,1443,1698,1498,0,0,12.1,37,362752
up,1444,1698,1498,0,0,12.1,37,362752
up,1444,1698,1498,0,0,12.1,37,362752
up,1445,1698,1498,0,0,12.1,37,362752
up,1445,1698,1498,0,0,12.1,37,362752
up,1446,1698,1498,0,0,12.1,37,362752
up,1446,1698,1498,0,0,12.1,37,362752
up,1446,1698,1498,0,0,12.1,37,362752
up,1447,1698,1498,0,0,12.1,37,362752
up,1448,1698,1498,0,0,12.1,37,362752
up,1448,1698,1498,0,0,12.1,37,362752
up,1449,1698,1498,0,0,12.1,37,362752
up,1449,1698,1498,0,0,12.1,37,362752
up,1450,1698,1498,0,0,12.1,37,362752
up,1450,1698,1498,0,0,12.1,37,362752
up,1450,1698,1498,0,0,12.1,37,362752
up,1451,1698,1498,0,0,12.1,37,362752
up,1451,1698,1498,0,0,12.1,37,362752
up,1452,1698,1498,0,0,12.1,37,362752
up,1452,1698,1498,0,0,12.1,37,362752
up,1453,1698,1498,0,0,12.1,37,362752
up,1453,1698,1498,0,0,12.1,37,362752
up,1454,1698,1498,0,0,12.1,37,362752
up,1454,1698,1498,0,0,12.1,37,362752
up,1455,1698,1498,0,0,12.1,37,362752
up,1455,1698,1498,0,0,12.1,37,362752
up,1456,1698,1498,0,0,12.1,37,362752
up,1456,1698,1498,0,0,12.1,37,362752
up,1456,1698,1498,0,0,12.1,37,362752
up,1457,1698,1498,0,0,12.1,37,362752
up,1457,1698,1498,0,0,12.1,37,362752
up,1458,1698,1498,0,0,12.1,37,362752
up,1458,1698,1498,0,0,12.1,37,362752
up,1459,1698,1498,0,0,12.1,37,362752
up,1459,1698,1498,0,0,12.1,37,362752
up,1460,1698,1498,0,0,12.1,37,362752
up,1460,1698,1498,0,0,12.1,37,362752
up,1461,1698,1498,0,0,12.1,37,362752
up,1461,1698,1498,0,0,12.1,37,362752
up,1462,1698,1498,0,0,12.1,37,362752
up,1462,1698,1498,0,0,12.1,37,362752
up,1463,1698,1498,0,0,12.1,37,362752
up,1463,1698,1498,0,0,12.1,37,362752
up,1464,1698,1498,0,0,12.1,37,362752
up,1464,1698,1498,0,0,12.1,37,362752
up,1465,1698,1498,0,0,12.1,37,362752
up,1465,1698,1498,0,0,12.1,37,362752
up,1466,1698,1498,0,0,12.1,37,362752
up,1466,1698,1498,0,0,12.1,37,362752
up,1467,1698,1498,0,0,12.1,37,362752
up,1467,1698,1498,0,0,12.1,37,362752
up,1468,1698,1498,0,0,12.1,37,362752
up,1468,1698,1498,0,0,12.1,37,362752
up,1469,1698,1498,0,0,12.1,37,362752
up,1469,1698,1498,0,0,12.1,37,362752
up,1469,1698,1498,0,0,12.1,37,362752
up,1470,1698,1498,0,0,12.1,37,362752
up,1470,1698,1498,0,0,12.1,37,362752
up,1471,1698,1498,0,0,12.1,37,362752
up,1471,1698,1498,0,0,12.1,37,362752
up,1472,1698,1498,0,0,12.1,37,362752
up,1472,1698,1498,0,0,12.1,37,362752
up,1473,1698,1498,0,0,12.1,37,362752
up,1473,1698,1498,0,0,12.1,37,362752
up,1474,1698,1498,0,0,12.1,37,362752
up,1474,1698,1498,0,0,12.1,37,362752
up,1475,1698,1498,0,0,12.1,37,362752
up,1475,1698,1498,0,0,12.1,37,362752
up,1476,1698,1498,0,0,12.1,37,362752
up,1476,1698,1498,0,0,12.1,37,362752
up,1477,1698,1498,0,0,12.1,37,362752
up,1477,1698,1498,0,0,12.1,37,362752
up,1477,1698,1498,0,0,12.1,37,362752
up,1478,1698,1498,0,0,12.1,37,362752
up,1478,1698,1498,0,0,12.1,37,362752
up,1479,1698,1498,0,0,12.1,37,362752
up,1479,1698,1498,0,0,12.1,37,362752
up,1480,1698,1498,0,0,12.1,37,362752
up,1480,1698,1498,0,0,12.1,37,362752
up,1481,1698,1498,0,0,12.1,37,362752
up,1481,1698,1498,0,0,12.1,37,362752
up,1482,1698,1498,0,0,12.1,37,362752
up,1482,1698,1498,0,0,12.1,37,362752
up,1483,1698,1498,0,0,12.1,37,362752
up,1483,1698,1498,0,0,12.1,37,362752
up,1484,1698,1498,0,0,12.1,37,362752
up,1484,1698,1498,0,0,12.1,37,362752
up,1485,1698,1498,0,0,12.1,37,362752
up,1485,1698,1498,0,0,12.1,37,362752
up,1486,1698,1498,0,0,12.1,37,362752
up,1486,1698,1498,0,0,12.1,37,362752
up,1487,1698,1498,0,0,12.1,37,362752
up,1487,1698,1498,0,0,12.1,37,362752
up,1488,1698,1498,0,0,12.1,37,362752
up,1488,1698,1498,0,0,12.1,37,362752
up,1489,1698,1498,0,0,12.1,37,362752
up,1489,1698,1498,0,0,12.1,37,362752
up,1490,1698,1498,0,0,12.1,37,362752
up,1490,1698,1498,0,0,12.1,37,362752
up,1490,1698,1498,0,0,12.1,37,362752
up,1491,1698,1498,0,0,12.1,37,362752
up,1491,1698,1498,0,0,12.1,37,362752
up,1492,1698,1498,0,0,12.1,37,362752
up,1492,1698,1498,0,0,12.1,37,362752
up,1493,1698,1498,0,0,12.1,37,362752
up,1493,1698,1498,0,0,12.1,37,362752
up,1494,1698,1498,0,0,12.1,37,362752
up,1494,1698,1498,0,0,12.1,37,362752
up,1495,1698,1498,0,0,12.1,37,362752
up,1495,1698,1498,0,0,12.1,37,362752
up,1496,1698,1498,0,0,12.1,37,362752
up,1496,1698,1498,0,0,12.1,37,362752
up,1497,1698,1498,0,0,12.1,37,362752
up,1497,1698,1498,0,0,12.1,37,362752
up,1498,1698,1498,0,0,12.1,37,362752
up,1498,1698,1498,0,0,12.1,37,362752
up,1499,1698,1498,0,0,12.1,37,362752
up,1499,1698,1498,0,0,12.1,37,362752
up,1500,1698,1498,0,0,12.1,37,362752
up,1500,1698,1498,0,0,12.1,37,362752
up,1501,1698,1498,0,0,12.1,37,362752
up,1501,1698,1498,0,0,12.1,37,362752
up,1502,1698,1498,0,0,12.1,37,362752
up,1502,1698,1498,0,0,12.1,37,362752
up,1503,1698,1498,0,0,12.1,37,362752
up,1503,1698,1498,0,0,12.1,37,362752
up,1504,1698,1498,0,0,12.1,37,362752
up,1504,1698,1498,0,0,12.1,37,362752
up,1505,1698,1498,0,0,12.1,37,362752
up,1505,1698,1498,0,0,12.1,37,362752
up,1506,1698,1498,0,0,12.1,37,362752
up,1506,1698,1498,0,0,12.1,37,362752
up,1507,1698,1498,0,0,12.1,37,362752
up,1507,1698,1498,0,0,12.1,37,362752
up,1508,1698,1498,0,0,12.1,37,362752
up,1508,1698,1498,0,0,12.1,37,362752
up,1509,1698,1498,0,0,12.1,37,362752
up,1509,1698,1498,0,0,12.1,37,362752
up,1509,1698,1498,0,0,12.1,37,362752
up,1510,1698,1498,0,0,12.1,37,362752
up,1510,1698,1498,0,0,12.1,37,362752
up,1511,1698,1498,0,0,12.1,37,362752
up,1511,1698,1498,0,0,12.1,37,362752
up,1512,1698,1498,0,0,12.1,37,362752
up,1512,1698,1498,0,0,12.1,37,362752
up,1513,1698,1498,0,0,12.1,37,362752
up,1513,1698,1498,0,0,12.1,37,362752
up,1514,1698,1498,0,0,12.2,37,362752
up,1514,1698,1498,0,0,12.1,37,362752
up,1515,1698,1498,0,0,12.1,37,362752
up,1515,1698,1498,0,0,12.1,37,362752
up,1516,1698,1498,0,0,12.1,37,362752
up,1516,1698,1498,0,0,12.1,37,362752
up,1517,1698,1498,0,0,12.1,37,362752
up,1517,1698,1498,0,0,12.1,37,362752
up,1518,1698,1498,0,0,12.1,37,362752
up,1518,1698,1498,0,0,12.1,37,362752
up,1519,1698,1498,0,0,12.1,37,362752
up,1519,1698,1498,0,0,12.1,37,362752
up,1520,1698,1498,0,0,12.1,37,362752
up,1520,1698,1498,0,0,12.1,37,362752
up,1521,1698,1498,0,0,12.1,37,362752
up,1521,1698,1498,0,0,12.1,37,362752
up,1522,1698,1498,0,0,12.1,37,362752
up,1522,1698,1498,0,0,12.1,37,362752
up,1522,1698,1498,0,0,12.1,37,362752
up,1523,1698,1498,0,0,12.1,37,362752
up,1523,1698,1498,0,0,12.1,37,362752
up,1524,1698,1498,0,0,12.1,37,362752
up,1524,1698,1498,0,0,12.1,37,362752
up,1525,1698,1498,0,0,12.1,37,362752
up,1525,1698,1498,0,0,12.1,37,362752
up,1526,1698,1498,0,0,12.1,37,362752
up,1526,1698,1498,0,0,12.1,37,362752
up,1527,1698,1498,0,0,12.1,37,362752
up,1527,1698,1498,0,0,12.1,37,362752
up,1528,1698,1498,0,0,12.1,37,362752
up,1528,1698,1498,0,0,12.1,37,362752
up,1529,1698,1498,0,0,12.1,37,362752
up,1529,1698,1498,0,0,12.1,37,362752
up,1530,1698,1498,0,0,12.1,37,362752
up,1530,1698,1498,0,0,12.1,37,362752
up,1531,1698,1498,0,0,12.1,37,362752
up,1531,1698,1498,0,0,12.0,37,362752
up,1532,1698,1498,0,0,12.0,37,362752
up,1532,1698,1498,0,0,12.1,37,362752
up,1533,1698,1498,0,0,12.1,37,362752
up,1533,1698,1498,0,0,12.1,37,362752
up,1534,1698,1498,0,0,12.1,37,362752
up,1534,1698,1498,0,0,12.1,37,362752
up,1535,1698,1498,0,0,12.1,37,362752
up,1535,1698,1498,0,0,12.1,37,362752
up,1536,1698,1498,0,0,12.1,37,362752
up,1536,1698,1498,0,0,12.1,37,362752
up,1537,1698,1498,0,0,12.1,37,362752
up,1537,1698,1498,0,0,12.1,37,362752
up,1537,1698,1498,0,0,12.1,37,362752
up,1538,1698,1498,0,0,12.1,37,362752
up,1538,1698,1498,0,0,12.1,37,362752
up,1539,1698,1498,0,0,12.1,37,362752
up,1539,1698,1498,0,0,12.1,37,362752
up,1540,1698,1498,0,0,12.1,37,362752
up,1540,1698,1498,0,0,12.1,37,362752
up,1541,1698,1498,0,0,12.1,37,362752
up,1541,1698,1498,0,0,12.1,37,362752
up,1542,1698,1498,0,0,12.1,37,362752
up,1542,1698,1498,0,0,12.1,37,362752
up,1543,1698,1498,0,0,12.1,37,362752
up,1543,1698,1498,0,0,12.1,37,362752
up,1544,1698,1498,0,0,12.1,37,362752
up,1544,1698,1498,0,0,12.1,37,362752
up,1545,1698,1498,0,0,12.1,37,362752
up,1545,1698,1498,0,0,12.1,37,362752
up,1545,1698,1498,0,0,12.1,37,362752
up,1546,1698,1498,0,0,12.1,37,362752
up,1546,1698,1498,0,0,12.1,37,362752
up,1547,1698,1498,0,0,12.1,37,362752
up,1548,1698,1498,0,0,12.1,37,362752
up,1548,1698,1498,0,0,12.1,37,362752
up,1549,1698,1498,0,0,12.1,37,362752
up,1549,1698,1498,0,0,12.1,37,362752
up,1550,1698,1498,0,0,12.1,37,362752
up,1550,1698,1498,0,0,12.1,37,362752
up,1551,1698,1498,0,0,12.1,37,362752
up,1551,1698,1498,0,0,12.1,37,362752
up,1552,1698,1498,0,0,12.1,37,362752
up,1552,1698,1498,0,0,12.1,37,362752
up,1553,1698,1498,0,0,12.1,37,362752
up,1553,1698,1498,0,0,12.1,37,362752
up,1554,1698,1498,0,0,12.1,37,362752
up,1554,1698,1498,0,0,12.1,37,362752
up,1555,1698,1498,0,0,12.1,37,362752
up,1555,1698,1498,0,0,12.1,37,362752
up,1556,1698,1498,0,0,12.1,37,362752
up,1556,1698,1498,0,0,12.1,37,362752
up,1557,1698,1498,0,0,12.1,37,362752
up,1557,1698,1498,0,0,12.1,37,362752
up,1558,1698,1498,0,0,12.1,37,362752
up,1558,1698,1498,0,0,12.1,37,362752
up,1559,1698,1498,0,0,12.1,37,362752
up,1559,1698,1498,0,0,12.1,37,362752
up,1560,1698,1498,0,0,12.1,37,362752
up,1560,1698,1498,0,0,12.1,37,362752
up,1561,1698,1498,0,0,12.1,37,362752
up,1561,1698,1498,0,0,12.1,37,362752
up,1562,1698,1498,0,0,12.1,37,362752
up,1562,1698,1498,0,0,12.1,37,362752
up,1563,1698,1498,0,0,12.1,37,362752
up,1563,1698,1498,0,0,12.1,37,362752
up,1564,1698,1498,0,0,12.1,37,362752
up,1564,1698,1498,0,0,12.1,37,362752
up,1565,1698,1498,0,0,12.1,37,362752
up,1565,1698,1498,0,0,12.1,37,362752
up,1566,1698,1498,0,0,12.1,37,362752
up,1566,1698,1498,0,0,12.1,37,362752
up,1567,1698,1498,0,0,12.1,37,362752
up,1567,1698,1498,0,0,12.1,37,362752
up,1568,1698,1498,0,0,12.1,37,362752
up,1568,1698,1498,0,0,12.1,37,362752
up,1569,1698,1498,0,0,12.1,37,362752
up,1569,1698,1498,0,0,12.1,37,362752
up,1570,1698,1498,0,0,12.1,37,362752
up,1570,1698,1498,0,0,12.1,37,362752
up,1571,1698,1498,0,0,12.1,37,362752
up,1571,1698,1498,0,0,12.1,37,362752
up,1572,1698,1498,0,0,12.1,37,362752
up,1572,1698,1498,0,0,12.1,37,362752
up,1573,1698,1498,0,0,12.1,37,362752
up,1573,1698,1498,0,0,12.1,37,362752
up,1574,1698,1498,0,0,12.1,37,362752
up,1574,1698,1498,0,0,12.1,37,362752
up,1574,1698,1498,0,0,12.1,37,362752
up,1575,1698,1498,0,0,12.1,37,362752
up,1575,1698,1498,0,0,12.1,37,362752
up,1576,1698,1498,0,0,12.1,37,362752
up,1576,1698,1498,0,0,12.1,37,362752
up,1577,1698,1498,0,0,12.1,37,362752
up,1577,1698,1498,0,0,12.1,37,362752
up,1578,1698,1498,0,0,12.1,37,362752
up,1578,1698,1498,0,0,12.1,37,362752
up,1579,1698,1498,0,0,12.1,37,362752
up,1579,1698,1498,0,0,12.1,37,362752
up,1580,1698,1498,0,0,12.1,37,362752
up,1580,1698,1498,0,0,12.1,37,362752
up,1581,1698,1498,0,0,12.1,37,362752
up,1581,1698,1498,0,0,12.1,37,362752
up,1582,1698,1498,0,0,12.1,37,362752
up,1582,1698,1498,0,0,12.1,37,362752
up,1583,1698,1498,0,0,12.1,37,362752
up,1583,1698,1498,0,0,12.1,37,362752
up,1584,1698,1498,0,0,12.1,37,362752
up,1584,1698,1498,0,0,12.1,37,362752
up,1585,1698,1498,0,0,12.1,37,362752
up,1585,1698,1498,0,0,12.1,37,362752
up,1586,1698,1498,0,0,12.1,37,362752
up,1586,1698,1498,0,0,12.1,37,362752
up,1587,1698,1498,0,0,12.1,37,362752
up,1587,1698,1498,0,0,12.1,37,362752
up,1588,1698,1498,0,0,12.1,37,362752
up,1588,1698,1498,0,0,12.1,37,362752
up,1589,1698,1498,0,0,12.1,37,362752
up,1589,1698,1498,0,0,12.1,37,362752
up,1590,1698,1498,0,0,12.1,37,362752
up,1590,1698,1498,0,0,12.1,37,362752
up,1591,1698,1498,0,0,12.1,37,362752
up,1591,1698,1498,0,0,12.1,37,362752
up,1592,1698,1498,0,0,12.1,37,362752
up,1592,1698,1498,0,0,12.1,37,362752
up,1593,1698,1498,0,0,12.1,37,362752
up,1593,1698,1498,0,0,12.1,37,362752
up,1594,1698,1498,0,0,12.1,37,362752
up,1594,1698,1498,0,0,12.1,37,362752
up,1595,1698,1498,0,0,12.1,37,362752
up,1595,1698,1498,0,0,12.1,37,362752
up,1596,1698,1498,0,0,12.1,37,362752
up,1596,1698,1498,0,0,12.1,37,362752
up,1597,1698,1498,0,0,12.1,37,362752
up,1597,1698,1498,0,0,12.1,37,362752
up,1598,1698,1498,0,0,12.1,37,362752
up,1598,1698,1498,0,0,12.1,37,362752
up,1599,1698,1498,0,0,12.1,37,362752
up,1599,1698,1498,0,0,12.1,37,362752
up,1600,1698,1498,0,0,12.1,37,362752
up,1600,1698,1498,0,0,12.1,37,362752
up,1601,1698,1498,0,0,12.1,37,362752
up,1601,1698,1498,0,0,12.1,37,362752
up,1602,1698,1498,0,0,12.1,37,362752
up,1602,1698,1498,0,0,12.1,37,362752
up,1603,1698,1498,0,0,12.1,37,362752
up,1603,1698,1498,0,0,12.1,37,362752
up,1604,1698,1498,0,0,12.1,37,362752
up,1604,1698,1498,0,0,12.1,37,362752
up,1605,1698,1498,0,0,12.1,37,362752
up,1605,1698,1498,0,0,12.1,37,362752
up,1606,1698,1498,0,0,12.1,37,362752
up,1606,1698,1498,0,0,12.1,37,362752
up,1607,1698,1498,0,0,12.1,37,362752
up,1607,1698,1498,0,0,12.1,37,362752
up,1608,1698,1498,0,0,12.1,37,362752
up,1608,1698,1498,0,0,12.1,37,362752
up,1609,1698,1498,0,0,12.1,37,362752
up,1609,1698,1498,0,0,12.1,37,362752
up,1610,1698,1498,0,0,12.1,37,362752
up,1610,1698,1498,0,0,12.1,37,362752
up,1611,1698,1498,0,0,12.1,37,362752
up,1611,1698,1498,0,0,12.1,37,362752
up,1612,1698,1498,0,0,12.1,37,362752
up,1612,1698,1498,0,0,12.1,37,362752
up,1613,1698,1498,0,0,12.1,37,362752
up,1613,1698,1498,0,0,12.1,37,362752
up,1614,1698,1498,0,0,12.1,37,362752
up,1614,1698,1498,0,0,12.1,37,362752
up,1615,1698,1498,0,0,12.1,37,362752
up,1615,1698,1498,0,0,12.1,37,362752
up,1616,1698,1498,0,0,12.1,37,362752
up,1616,1698,1498,0,0,12.1,37,362752
up,1617,1698,1498,0,0,12.1,37,362752
up,1617,1698,1498,0,0,12.1,37,362752
up,1618,1698,1498,0,0,12.1,37,362752
up,1618,1698,1498,0,0,12.1,37,362752
up,1619,1698,1498,0,0,12.1,37,362752
up,1619,1698,1498,0,0,12.1,37,362752
up,1620,1698,1498,0,0,12.1,37,362752
up,1620,1698,1498,0,0,12.1,37,362752
up,1621,1698,1498,0,0,12.1,37,362752
up,1621,1698,1498,0,0,12.1,37,362752
up,1621,1698,1498,0,0,12.1,37,362752
up,1622,1698,1498,0,0,12.1,37,362752
up,1622,1698,1498,0,0,12.1,37,362752
up,1623,1698,1498,0,0,12.1,37,362752
up,1623,1698,1498,0,0,12.1,37,362752
up,1624,1698,1498,0,0,12.1,37,362752
up,1624,1698,1498,0,0,12.1,37,362752
up,1625,1698,1498,0,0,12.1,37,362752
up,1625,1698,1498,0,0,12.1,37,362752
up,1626,1698,1498,0,0,12.1,37,362752
up,1626,1698,1498,0,0,12.1,37,362752
up,1627,1698,1498,0,0,12.1,37,362752
up,1627,1698,1498,0,0,12.1,37,362752
up,1628,1698,1498,0,0,12.1,37,362752
up,1628,1698,1498,0,0,12.1,37,362752
up,1629,1698,1498,0,0,12.1,37,362752
up,1629,1698,1498,0,0,12.1,37,362752
up,1630,1698,1498,0,0,12.1,37,362752
up,1631,1698,1498,0,0,12.1,37,362752
up,1632,1698,1498,0,0,12.1,37,362752
up,1632,1698,1498,0,0,12.1,37,362752
up,1633,1698,1498,0,0,12.1,37,362752
up,1633,1698,1498,0,0,12.1,37,362752
up,1634,1698,1498,0,0,12.1,37,362752
up,1634,1698,1498,0,0,12.1,37,362752
up,1635,1698,1498,0,0,12.1,37,362752
up,1635,1698,1498,0,0,12.1,37,362752
up,1636,1698,1498,0,0,12.1,37,362752
up,1636,1698,1498,0,0,12.1,37,362752
up,1637,1698,1498,0,0,12.1,37,362752
up,1637,1698,1498,0,0,12.1,37,362752
up,1638,1698,1498,0,0,12.1,37,362752
up,1638,1698,1498,0,0,12.1,37,362752
up,1639,1698,1498,0,0,12.1,37,362752
up,1639,1698,1498,0,0,12.1,37,362752
up,1640,1698,1498,0,0,12.1,37,362752
up,1640,1698,1498,0,0,12.1,37,362752
up,1641,1698,1498,0,0,12.1,37,362752
up,1641,1698,1498,0,0,12.1,37,362752
up,1642,1698,1498,0,0,12.1,37,362752
up,1642,1698,1498,0,0,12.1,37,362752
up,1643,1698,1498,0,0,12.1,37,362752
up,1643,1698,1498,0,0,12.1,37,362752
up,1644,1698,1498,0,0,12.1,37,362752
up,1644,1698,1498,0,0,12.1,37,362752
up,1645,1698,1498,0,0,12.1,37,362752
up,1645,1698,1498,0,0,12.1,37,362752
up,1646,1698,1498,0,0,12.1,37,362752
up,1646,1698,1498,0,0,12.1,37,362752
up,1647,1698,1498,0,0,12.1,37,362752
up,1647,1698,1498,0,0,12.1,37,362752
up,1648,1698,1498,0,0,12.1,37,362752
up,1648,1698,1498,0,0,12.1,37,362752
up,1649,1698,1498,0,0,12.1,37,362752
up,1649,1698,1498,0,0,12.1,37,362752
up,1650,1698,1498,0,0,12.1,37,362752
up,1650,1698,1498,0,0,12.1,37,362752
up,1651,1698,1498,0,0,12.1,37,362752
up,1651,1698,1498,0,0,12.1,37,362752
up,1652,1698,1498,0,0,12.1,37,362752
up,1652,1698,1498,0,0,12.1,37,362752
up,1653,1698,1498,0,0,12.1,37,362752
up,1653,1698,1498,0,0,12.1,37,362752
up,1653,1698,1498,0,0,12.1,37,362752
up,1654,1698,1498,0,0,12.1,37,362752
up,1654,1698,1498,0,0,12.1,37,362752
up,1655,1698,1498,0,0,12.1,37,362752
up,1655,1698,1498,0,0,12.1,37,362752
up,1656,1698,1498,0,0,12.1,37,362752
up,1656,1698,1498,0,0,12.1,37,362752
up,1657,1698,1498,0,0,12.1,37,362752
up,1657,1698,1498,0,0,12.1,37,362752
up,1658,1698,1498,0,0,12.1,37,362752
up,1658,1698,1498,0,0,12.1,37,362752
up,1658,1698,1498,0,0,12.1,37,362752
up,1659,1698,1498,0,0,12.1,37,362752
up,1659,1698,1498,0,0,12.1,37,362752
up,1660,1698,1498,0,0,12.1,37,362752
up,1660,1698,1498,0,0,12.1,37,362752
up,1661,1698,1498,0,0,12.1,37,362752
up,1661,1698,1498,0,0,12.1,37,362752
up,1662,1698,1498,0,0,12.1,37,362752
up,1663,1698,1498,0,0,12.1,37,362752
up,1663,1698,1498,0,0,12.1,37,362752
up,1664,1698,1498,0,0,12.1,37,362752
up,1664,1698,1498,0,0,12.1,37,362752
up,1665,1698,1498,0,0,12.1,37,362752
up,1665,1698,1498,0,0,12.1,37,362752
up,1666,1698,1498,0,0,12.1,37,362752
up,1666,1698,1498,0,0,12.1,37,362752
up,1667,1698,1498,0,0,12.1,37,362752
up,1668,1698,1498,0,0,12.1,37,362752
up,1668,1698,1498,0,0,12.1,37,362752
up,1668,1698,1498,0,0,12.1,37,362752
up,1669,1698,1498,0,0,12.1,37,362752
up,1669,1698,1498,0,0,12.1,37,362752
up,1670,1698,1498,0,0,12.1,37,362752
up,1670,1698,1498,0,0,12.1,37,362752
up,1671,1698,1498,0,0,12.1,37,362752
up,1671,1698,1498,0,0,12.1,37,362752
up,1672,1698,1498,0,0,12.1,37,362752
up,1672,1698,1498,0,0,12.1,37,362752
up,1673,1698,1498,0,0,12.1,37,362752
up,1673,1698,1498,0,0,12.1,37,362752
up,1674,1698,1498,0,0,12.1,37,362752
up,1674,1698,1498,0,0,12.1,37,362752
up,1675,1698,1498,0,0,12.1,37,362752
up,1675,1698,1498,0,0,12.1,37,362752
up,1676,1698,1498,0,0,12.1,37,362752
up,1676,1698,1498,0,0,12.1,37,362752
up,1677,1698,1498,0,0,12.1,37,362752
up,1677,1698,1498,0,0,12.1,37,362752
up,1678,1698,1498,0,0,12.1,37,362752
up,1678,1698,1498,0,0,12.1,37,362752
up,1679,1698,1498,0,0,12.1,37,362752
up,1679,1698,1498,0,0,12.1,37,362752
up,1680,1698,1498,0,0,12.1,37,362752
up,1680,1698,1498,0,0,12.1,37,362752
up,1681,1698,1498,0,0,12.1,37,362752
up,1681,1698,1498,0,0,12.1,37,362752
up,1682,1698,1498,0,0,12.1,37,362752
up,1683,1698,1498,0,0,12.1,37,362752
up,1683,1698,1498,0,0,12.1,37,362752
up,1684,1698,1498,0,0,12.1,37,362752
up,1684,1698,1498,0,0,12.1,37,362752
up,1685,1698,1498,0,0,12.1,37,362752
up,1685,1698,1498,0,0,12.1,37,362752
up,1686,1698,1498,0,0,12.1,37,362752
up,1686,1698,1498,0,0,12.1,37,362752
up,1687,1698,1498,0,0,12.1,37,362752
up,1687,1698,1498,0,0,12.1,37,362752
up,1688,1698,1498,0,0,12.1,37,362752
up,1688,1698,1498,0,0,12.1,37,362752
up,1689,1698,1498,0,0,12.1,37,362752
up,1689,1698,1498,0,0,12.1,37,362752
up,1690,1698,1498,0,0,12.1,37,362752
up,1690,1698,1498,0,0,12.1,37,362752
up,1691,1698,1498,0,0,12.1,37,362752
up,1691,1698,1498,0,0,12.1,37,362752
up,1692,1698,1498,0,0,12.1,37,362752
up,1692,1698,1498,0,0,12.1,37,362752
up,1693,1698,1498,0,0,12.1,37,362752
up,1693,1698,1498,0,0,12.1,37,362752
up,1694,1698,1498,0,0,12.1,37,362752
up,1694,1698,1498,0,0,12.1,37,362752
up,1695,1698,1498,0,0,12.1,37,362752
up,1695,1698,1498,0,0,12.2,37,362752
up,1696,1698,1498,0,0,12.0,37,362752
up,1697,1698,1498,0,0,12.0,37,362752
up,1697,1698,1498,0,0,12.1,37,362752
up,1698,1698,1498,0,0,12.1,37,362752
up,1699,1698,1498,0,0,12.1,37,362752
up,1699,1698,1498,0,0,12.1,37,362752
up,1700,1698,1498,0,0,12.1,37,362752
up,1700,1698,1498,0,0,12.1,37,362752
up,1701,1698,1498,0,0,12.1,37,362752
up,1701,1698,1498,0,0,12.1,37,362752
up,1702,1698,1498,0,0,12.1,37,362752
up,1702,1698,1498,0,0,12.1,37,362752
up,1703,1698,1498,0,0,12.1,37,362752
up,1703,1698,1498,0,0,12.1,37,362752
up,1704,1698,1498,0,0,12.1,37,362752
up,1704,1698,1498,0,0,12.1,37,362752
up,1705,1698,1498,0,0,12.1,37,362752
up,1705,1698,1498,0,0,12.1,37,362752
up,1706,1698,1498,0,0,12.1,37,362752
up,1706,1698,1498,0,0,12.1,37,362752
up,1707,1698,1498,0,0,12.1,37,362752
up,1707,1698,1498,0,0,12.1,37,362752
up,1708,1698,1498,0,0,12.1,37,362752
up,1708,1698,1498,0,0,12.1,37,362752
up,1709,1698,1498,0,0,12.1,37,362752
up,1709,1698,1498,0,0,12.1,37,362752
up,1710,1698,1498,0,0,12.1,37,362752
up,1710,1698,1498,0,0,12.1,37,362752
up,1711,1698,1498,0,0,12.1,37,362752
up,1711,1698,1498,0,0,12.1,37,362752
up,1712,1698,1498,0,0,12.1,37,362752
up,1712,1698,1498,0,0,12.1,37,362752
up,1713,1698,1498,0,0,12.1,37,362752
up,1714,1698,1498,0,0,12.1,37,362752
up,1714,1698,1498,0,0,12.1,37,362752
up,1715,1698,1498,0,0,12.1,37,362752
up,1715,1698,1498,0,0,12.1,37,362752
up,1716,1698,1498,0,0,12.1,37,362752
up,1716,1698,1498,0,0,12.1,37,362752
up,1717,1698,1498,0,0,12.1,37,362752
up,1717,1698,1498,0,0,12.1,37,362752
up,1718,1698,1498,0,0,12.1,37,362752
up,1718,1698,1498,0,0,12.1,37,362752
up,1719,1698,1498,0,0,12.1,37,362752
up,1719,1698,1498,0,0,12.1,37,362752
up,1720,1698,1498,0,0,12.1,37,362752
up,1720,1698,1498,0,0,12.1,37,362752
up,1721,1698,1498,0,0,12.1,37,362752
up,1721,1698,1498,0,0,12.1,37,362752
up,1722,1698,1498,0,0,12.1,37,362752
up,1723,1698,1498,0,0,12.1,37,362752
up,1723,1698,1498,0,0,12.1,37,362752
up,1724,1698,1498,0,0,12.1,37,362752
up,1724,1698,1498,0,0,12.1,37,362752
up,1725,1698,1498,0,0,12.1,37,362752
up,1725,1698,1498,0,0,12.1,37,362752
up,1726,1698,1498,0,0,12.1,37,362752
up,1726,1698,1498,0,0,12.1,37,362752
up,1727,1698,1498,0,0,12.1,37,362752
up,1727,1698,1498,0,0,12.1,37,362752
up,1728,1698,1498,0,0,12.1,37,362752
up,1728,1698,1498,0,0,12.1,37,362752
up,1728,1698,1498,0,0,12.1,37,362752
up,1729,1698,1498,0,0,12.1,37,362752
up,1729,1698,1498,0,0,12.1,37,362752
up,1730,1698,1498,0,0,12.1,37,362752
up,1731,1698,1498,0,0,12.1,37,362752
up,1731,1698,1498,0,0,12.1,37,362752
up,1732,1698,1498,0,0,12.1,37,362752
up,1732,1698,1498,0,0,12.1,37,362752
up,1733,1698,1498,0,0,12.1,37,362752
up,1733,1698,1498,0,0,12.1,37,362752
up,1734,1698,1498,0,0,12.1,37,362752
up,1734,1698,1498,0,0,12.1,37,362752
up,1735,1698,1498,0,0,12.1,37,362752
up,1735,1698,1498,0,0,12.1,37,362752
up,1736,1698,1498,0,0,12.1,37,362752
up,1736,1698,1498,0,0,12.1,37,362752
up,1737,1698,1498,0,0,12.1,37,362752
up,1737,1698,1498,0,0,12.1,37,362752
up,1738,1698,1498,0,0,12.1,37,362752
up,1738,1698,1498,0,0,12.1,37,362752
up,1739,1698,1498,0,0,12.1,37,362752
up,1739,1698,1498,0,0,12.1,37,362752
up,1740,1698,1498,0,0,12.1,37,362752
up,1740,1698,1498,0,0,12.1,37,362752
up,1741,1698,1498,0,0,12.1,37,362752
up,1741,1698,1498,0,0,12.1,37,362752
up,1742,1698,1498,0,0,12.1,37,362752
up,1742,1698,1498,0,0,12.1,37,362752
up,1743,1698,1498,0,0,12.1,37,362752
up,1743,1698,1498,0,0,12.1,37,362752
up,1744,1698,1498,0,0,12.1,37,362752
up,1744,1698,1498,0,0,12.1,37,362752
up,1745,1698,1498,0,0,12.1,37,362752
up,1745,1698,1498,0,0,12.1,37,362752
up,1746,1698,1498,0,0,12.1,37,362752
up,1746,1698,1498,0,0,12.1,37,362752
up,1747,1698,1498,0,0,12.1,37,362752
up,1748,1698,1498,0,0,12.1,37,362752
up,1748,1698,1498,0,0,12.1,37,362752
up,1749,1698,1498,0,0,12.1,37,362752
up,1750,1698,1498,0,0,12.1,37,362752
up,1750,1698,1498,0,0,12.1,37,362752
up,1751,1698,1498,0,0,12.1,37,362752
up,1751,1698,1498,0,0,12.1,37,362752
up,1752,1698,1498,0,0,12.1,37,362752
up,1752,1698,1498,0,0,12.1,37,362752
up,1753,1698,1498,0,0,12.1,37,362752
up,1753,1698,1498,0,0,12.1,37,362752
up,1754,1698,1498,0,0,12.1,37,362752
up,1754,1698,1498,0,0,12.1,37,362752
up,1755,1698,1498,0,0,12.1,37,362752
up,1755,1698,1498,0,0,12.1,37,362752
up,1755,1698,1498,0,0,12.1,37,362752
up,1756,1698,1498,0,0,12.1,37,362752
up,1756,1698,1498,0,0,12.1,37,362752
up,1757,1698,1498,0,0,12.1,37,362752
up,1757,1698,1498,0,0,12.1,37,362752
up,1758,1698,1498,0,0,12.1,37,362752
up,1758,1698,1498,0,0,12.1,37,362752
up,1759,1698,1498,0,0,12.1,37,362752
up,1759,1698,1498,0,0,12.1,37,362752
up,1760,1698,1498,0,0,12.1,37,362752
up,1760,1698,1498,0,0,12.1,37,362752
up,1761,1698,1498,0,0,12.1,37,362752
up,1761,1698,1498,0,0,12.1,37,362752
up,1762,1698,1498,0,0,12.1,37,362752
up,1762,1698,1498,0,0,12.1,37,362752
up,1763,1698,1498,0,0,12.1,37,362752
up,1764,1698,1498,0,0,12.1,37,362752
up,1764,1698,1498,0,0,12.1,37,362752
up,1765,1698,1498,0,0,12.1,37,362752
up,1766,1698,1498,0,0,12.1,37,362752
up,1766,1698,1498,0,0,12.1,37,362752
up,1767,1698,1498,0,0,12.1,37,362752
up,1767,1698,1498,0,0,12.1,37,362752
up,1768,1698,1498,0,0,12.1,37,362752
up,1768,1698,1498,0,0,12.1,37,362752
up,1769,1698,1498,0,0,12.1,37,362752
up,1769,1698,1498,0,0,12.1,37,362752
up,1770,1698,1498,0,0,12.1,37,362752
up,1770,1698,1498,0,0,12.1,37,362752
up,1771,1698,1498,0,0,12.1,37,362752
up,1771,1698,1498,0,0,12.1,37,362752
up,1772,1698,1498,0,0,12.1,37,362752
up,1772,1698,1498,0,0,12.1,37,362752
up,1773,1698,1498,0,0,12.1,37,362752
up,1773,1698,1498,0,0,12.1,37,362752
up,1774,1698,1498,0,0,12.1,37,362752
up,1774,1698,1498,0,0,12.1,37,362752
up,1775,1698,1498,0,0,12.1,37,362752
up,1775,1698,1498,0,0,12.1,37,362752
up,1776,1698,1498,0,0,12.1,37,362752
up,1776,1698,1498,0,0,12.1,37,362752
up,1777,1698,1498,0,0,12.1,37,362752
up,1777,1698,1498,0,0,12.1,37,362752
up,1778,1698,1498,0,0,12.1,37,362752
up,1778,1698,1498,0,0,12.1,37,362752
up,1779,1698,1498,0,0,12.1,37,362752
up,1779,1698,1498,0,0,12.1,37,362752
up,1780,1698,1498,0,0,12.1,37,362752
up,1780,1698,1498,0,0,12.1,37,362752
up,1781,1698,1498,0,0,12.1,37,362752
up,1781,1698,1498,0,0,12.1,37,362752
up,1782,1698,1498,0,0,12.1,37,362752
up,1782,1698,1498,0,0,12.1,37,362752
up,1783,1698,1498,0,0,12.1,37,362752
up,1783,1698,1498,0,0,12.1,37,362752
up,1784,1698,1498,0,0,12.1,37,362752
up,1784,1698,1498,0,0,12.1,37,362752
up,1785,1698,1498,0,0,12.1,37,362752
up,1785,1698,1498,0,0,12.1,37,362752
up,1786,1698,1498,0,0,12.1,37,362752
up,1786,1698,1498,0,0,12.1,37,362752
up,1787,1698,1498,0,0,12.1,37,362752
up,1787,1698,1498,0,0,12.1,37,362752
up,1788,1698,1498,0,0,12.1,37,362752
up,1788,1698,1498,0,0,12.1,37,362752
up,1789,1698,1498,0,0,12.1,37,362752
up,1789,1698,1498,0,0,12.1,37,362752
up,1790,1698,1498,0,0,12.1,37,362752
up,1790,1698,1498,0,0,12.1,37,362752
up,1791,1698,1498,0,0,12.1,37,362752
up,1791,1698,1498,0,0,12.1,37,362752
up,1792,1698,1498,0,0,12.1,37,362752
up,1792,1698,1498,0,0,12.1,37,362752
up,1793,1698,1498,0,0,12.1,37,362752
up,1793,1698,1498,0,0,12.1,37,362752
up,1794,1698,1498,0,0,12.1,37,362752
up,1794,1698,1498,0,0,12.1,37,362752
up,1795,1698,1498,0,0,12.1,37,362752
up,1795,1698,1498,0,0,12.1,37,362752
up,1796,1698,1498,0,0,12.1,37,362752
up,1797,1698,1498,0,0,12.1,37,362752
up,1797,1698,1498,0,0,12.1,37,362752
up,1798,1698,1498,0,0,12.1,37,362752
up,1799,1698,1498,0,0,12.1,37,362752
up,1799,1698,1498,0,0,12.1,37,362752
up,1799,1698,1498,0,0,12.1,37,362752
up,1800,1698,1498,0,0,12.1,37,362752
up,1800,1698,1498,0,0,12.1,37,362752
up,1801,1698,1498,0,0,12.1,37,362752
up,1801,1698,1498,0,0,12.1,37,362752
up,1802,1698,1498,0,0,12.1,37,362752
up,1802,1698,1498,0,0,12.1,37,362752
up,1803,1698,1498,0,0,12.1,37,362752
up,1803,1698,1498,0,0,12.1,37,362752
up,1804,1698,1498,0,0,12.1,37,362752
up,1804,1698,1498,0,0,12.1,37,362752
up,1805,1698,1498,0,0,12.1,37,362752
up,1805,1698,1498,0,0,12.1,37,362752
up,1806,1698,1498,0,0,12.1,37,362752
up,1806,1698,1498,0,0,12.1,37,362752
up,1807,1698,1498,0,0,12.1,37,362752
up,1807,1698,1498,0,0,12.1,37,362752
up,1808,1698,1498,0,0,12.1,37,362752
up,1808,1698,1498,0,0,12.1,37,362752
up,1809,1698,1498,0,0,12.1,37,362752
up,1809,1698,1498,0,0,12.1,37,362752
up,1810,1698,1498,0,0,12.1,37,362752
up,1810,1698,1498,0,0,12.1,37,362752
up,1811,1698,1498,0,0,12.1,37,362752
up,1812,1698,1498,0,0,12.1,37,362752
up,1812,1698,1498,0,0,12.1,37,362752
up,1813,1698,1498,0,0,12.1,37,362752
up,1813,1698,1498,0,0,12.1,37,362752
up,1814,1698,1498,0,0,12.1,37,362752
up,1815,1698,1498,0,0,12.1,37,362752
up,1815,1698,1498,0,0,12.1,37,362752
up,1816,1698,1498,0,0,12.1,37,362752
up,1816,1698,1498,0,0,12.1,37,362752
up,1817,1698,1498,0,0,12.1,37,362752
up,1817,1698,1498,0,0,12.1,37,362752
up,1818,1698,1498,0,0,12.1,37,362752
up,1818,1698,1498,0,0,12.1,37,362752
up,1819,1698,1498,0,0,12.1,37,362752
up,1819,1698,1498,0,0,12.1,37,362752
up,1820,1698,1498,0,0,12.1,37,362752
up,1820,1698,1498,0,0,12.1,37,362752
up,1821,1698,1498,0,0,12.1,37,362752
up,1821,1698,1498,0,0,12.1,37,362752
up,1822,1698,1498,0,0,12.1,37,362752
up,1822,1698,1498,0,0,12.1,37,362752
up,1823,1698,1498,0,0,12.1,37,362752
up,1823,1698,1498,0,0,12.1,37,362752
up,1824,1698,1498,0,0,12.1,37,362752
up,1824,1698,1498,0,0,12.1,37,362752
up,1825,1698,1498,0,0,12.1,37,362752
up,1825,1698,1498,0,0,12.1,37,362752
up,1826,1698,1498,0,0,12.1,37,362752
up,1826,1698,1498,0,0,12.1,37,362752
up,1827,1698,1498,0,0,12.1,37,362752
up,1827,1698,1498,0,0,12.1,37,362752
up,1828,1698,1498,0,0,12.1,37,362752
up,1828,1698,1498,0,0,12.1,37,362752
up,1829,1698,1498,0,0,12.1,37,362752
up,1830,1698,1498,0,0,12.1,37,362752
up,1830,1698,1498,0,0,12.1,37,362752
up,1831,1698,1498,0,0,12.1,37,362752
up,1831,1698,1498,0,0,12.1,37,362752
up,1832,1698,1498,0,0,12.1,37,362752
up,1832,1698,1498,0,0,12.1,37,362752
up,1833,1698,1498,0,0,12.1,37,362752
up,1833,1698,1498,0,0,12.1,37,362752
up,1834,1698,1498,0,0,12.1,37,362752
up,1834,1698,1498,0,0,12.1,37,362752
up,1835,1698,1498,0,0,12.1,37,362752
up,1835,1698,1498,0,0,12.1,37,362752
up,1836,1698,1498,0,0,12.1,37,362752
up,1836,1698,1498,0,0,12.1,37,362752
up,1837,1698,1498,0,0,12.1,37,362752
up,1837,1698,1498,0,0,12.1,37,362752
up,1838,1698,1498,0,0,12.1,37,362752
up,1838,1698,1498,0,0,12.1,37,362752
up,1839,1698,1498,0,0,12.1,37,362752
up,1839,1698,1498,0,0,12.1,37,362752
up,1840,1698,1498,0,0,12.1,37,362752
up,1840,1698,1498,0,0,12.1,37,362752
up,1841,1698,1498,0,0,12.1,37,362752
up,1841,1698,1498,0,0,12.1,37,362752
up,1842,1698,1498,0,0,12.1,37,362752
up,1842,1698,1498,0,0,12.1,37,362752
up,1843,1698,1498,0,0,12.1,37,362752
up,1843,1698,1498,0,0,12.1,37,362752
up,1844,1698,1498,0,0,12.1,37,362752
up,1844,1698,1498,0,0,12.1,37,362752
up,1845,1698,1498,0,0,12.1,37,362752
up,1845,1698,1498,0,0,12.1,37,362752
up,1846,1698,1498,0,0,12.1,37,362752
up,1846,1698,1498,0,0,12.1,37,362752
up,1847,1698,1498,0,0,12.1,37,362752
up,1848,1698,1498,0,0,12.1,37,362752
up,1848,1698,1498,0,0,12.1,37,362752
up,1849,1698,1498,0,0,12.1,37,362752
up,1849,1698,1498,0,0,12.1,37,362752
up,1850,1698,1498,0,0,12.1,37,362752
up,1850,1698,1498,0,0,12.1,37,362752
up,1851,1698,1498,0,0,12.1,37,362752
up,1851,1698,1498,0,0,12.1,37,362752
up,1852,1698,1498,0,0,12.1,37,362752
up,1852,1698,1498,0,0,12.1,37,362752
up,1853,1698,1498,0,0,12.1,37,362752
up,1853,1698,1498,0,0,12.1,37,362752
up,1854,1698,1498,0,0,12.1,37,362752
up,1855,1698,1498,0,0,12.1,37,362752
up,1855,1698,1498,0,0,12.1,37,362752
up,1856,1698,1498,0,0,12.1,37,362752
up,1856,1698,1498,0,0,12.1,37,362752
up,1857,1698,1498,0,0,12.1,37,362752
up,1857,1698,1498,0,0,12.1,37,362752
up,1858,1698,1498,0,0,12.1,37,362752
up,1859,1698,1498,0,0,12.1,37,362752
up,1859,1698,1498,0,0,12.1,37,362752
up,1860,1698,1498,0,0,12.1,37,362752
up,1860,1698,1498,0,0,12.1,37,362752
up,1861,1698,1498,0,0,12.1,37,362752
up,1861,1698,1498,0,0,12.1,37,362752
up,1862,1698,1498,0,0,12.1,37,362752
up,1863,1698,1498,0,0,12.1,37,362752
up,1863,1698,1498,0,0,12.1,37,362752
up,1864,1698,1498,0,0,12.1,37,362752
up,1865,1698,1498,0,0,12.1,37,362752
up,1865,1698,1498,0,0,12.1,37,362752
up,1866,1698,1498,0,0,12.1,37,362752
up,1866,1698,1498,0,0,12.1,37,362752
up,1867,1698,1498,0,0,12.1,37,362752
up,1867,1698,1498,0,0,12.1,37,362752
up,1868,1698,1498,0,0,12.1,37,362752
up,1868,1698,1498,0,0,12.1,37,362752
up,1869,1698,1498,0,0,12.1,37,362752
up,1869,1698,1498,0,0,12.1,37,362752
up,1870,1698,1498,0,0,12.1,37,362752
up,1871,1698,1498,0,0,12.1,37,362752
up,1871,1698,1498,0,0,12.1,37,362752
up,1872,1698,1498,0,0,12.1,37,362752
up,1872,1698,1498,0,0,12.1,37,362752
up,1873,1698,1498,0,0,12.1,37,362752
up,1873,1698,1498,0,0,12.1,37,362752
up,1874,1698,1498,0,0,12.1,37,362752
up,1874,1698,1498,0,0,12.1,37,362752
up,1875,1698,1498,0,0,12.1,37,362752
up,1875,1698,1498,0,0,12.1,37,362752
up,1876,1698,1498,0,0,12.1,37,362752
up,1876,1698,1498,0,0,12.1,37,362752
up,1877,1698,1498,0,0,12.1,37,362752
up,1877,1698,1498,0,0,12.1,37,362752
up,1878,1698,1498,0,0,12.1,37,362752
up,1878,1698,1498,0,0,12.1,37,362752
up,1879,1698,1498,0,0,12.1,37,362752
up,1880,1698,1498,0,0,12.1,37,362752
up,1880,1698,1498,0,0,12.1,37,362752
up,1881,1698,1498,0,0,12.1,37,362752
up,1882,1698,1498,0,0,12.1,37,362752
up,1882,1698,1498,0,0,12.1,37,362752
up,1883,1698,1498,0,0,12.1,37,362752
up,1883,1698,1498,0,0,12.1,37,362752
up,1884,1698,1498,0,0,12.1,37,362752
up,1884,1698,1498,0,0,12.1,37,362752
up,1885,1698,1498,0,0,12.1,37,362752
up,1885,1698,1498,0,0,12.1,37,362752
up,1886,1698,1498,0,0,12.1,37,362752
up,1886,1698,1498,0,0,12.1,37,362752
up,1887,1698,1498,0,0,12.1,37,362752
up,1887,1698,1498,0,0,12.1,37,362752
up,1888,1698,1498,0,0,12.1,37,362752
up,1888,1698,1498,0,0,12.1,37,362752
up,1889,1698,1498,0,0,12.1,37,362752
up,1889,1698,1498,0,0,12.1,37,362752
up,1890,1698,1498,0,0,12.1,37,362752
up,1890,1698,1498,0,0,12.1,37,362752
up,1891,1698,1498,0,0,12.1,37,362752
up,1891,1698,1498,0,0,12.1,37,362752
up,1892,1698,1498,0,0,12.1,37,362752
up,1892,1698,1498,0,0,12.1,37,362752
up,1893,1698,1498,0,0,12.1,37,362752
up,1893,1698,1498,0,0,12.1,37,362752
up,1894,1698,1498,0,0,12.1,37,362752
up,1894,1698,1498,0,0,12.1,37,362752
up,1895,1698,1498,0,0,12.1,37,362752
up,1895,1698,1498,0,0,12.1,37,362752
up,1896,1698,1498,0,0,12.1,37,362752
up,1896,1698,1498,0,0,12.1,37,362752
up,1897,1698,1498,0,0,12.1,37,362752
up,1898,1698,1498,0,0,12.1,37,362752
up,1899,1698,1498,0,0,12.1,37,362752
up,1899,1698,1498,0,0,12.1,37,362752
up,1900,1698,1498,0,0,12.1,37,362752
up,1900,1698,1498,0,0,12.1,37,362752
up,1901,1698,1498,0,0,12.1,37,362752
up,1901,1698,1498,0,0,12.1,37,362752
up,1902,1698,1498,0,0,12.1,37,362752
up,1902,1698,1498,0,0,12.1,37,362752
up,1903,1698,1498,0,0,12.1,37,362752
up,1903,1698,1498,0,0,12.1,37,362752
up,1904,1698,1498,0,0,12.1,37,362752
up,1904,1698,1498,0,0,12.1,37,362752
up,1905,1698,1498,0,0,12.1,37,362752
up,1905,1698,1498,0,0,12.1,37,362752
up,1906,1698,1498,0,0,12.1,37,362752
up,1906,1698,1498,0,0,12.1,37,362752
up,1907,1698,1498,0,0,12.1,37,362752
up,1907,1698,1498,0,0,12.1,37,362752
up,1908,1698,1498,0,0,12.1,37,362752
up,1908,1698,1498,0,0,12.1,37,362752
up,1909,1698,1498,0,0,12.1,37,362752
up,1909,1698,1498,0,0,12.1,37,362752
up,1910,1698,1498,0,0,12.1,37,362752
up,1910,1698,1498,0,0,12.1,37,362752
up,1911,1698,1498,0,0,12.1,37,362752
up,1911,1698,1498,0,0,12.1,37,362752
up,1912,1698,1498,0,0,12.1,37,362752
up,1912,1698,1498,0,0,12.1,37,362752
up,1913,1698,1498,0,0,12.1,37,362752
up,1914,1698,1498,0,0,12.1,37,362752
up,1915,1698,1498,0,0,12.1,37,362752
up,1916,1698,1498,0,0,12.1,37,362752
up,1916,1698,1498,0,0,12.1,37,362752
up,1917,1698,1498,0,0,12.1,37,362752
up,1917,1698,1498,0,0,12.1,37,362752
up,1918,1698,1498,0,0,12.1,37,362752
up,1918,1698,1498,0,0,12.1,37,362752
up,1919,1698,1498,0,0,12.1,37,362752
up,1919,1698,1498,0,0,12.1,37,362752
up,1920,1698,1498,0,0,12.1,37,362752
up,1920,1698,1498,0,0,12.1,37,362752
up,1921,1698,1498,0,0,12.1,37,362752
up,1921,1698,1498,0,0,12.1,37,362752
up,1922,1698,1498,0,0,12.1,37,362752
up,1922,1698,1498,0,0,12.1,37,362752
up,1923,1698,1498,0,0,12.1,37,362752
up,1923,1698,1498,0,0,12.1,37,362752
up,1924,1698,1498,0,0,12.1,37,362752
up,1924,1698,1498,0,0,12.1,37,362752
up,1925,1698,1498,0,0,12.1,37,362752
up,1925,1698,1498,0,0,12.1,37,362752
up,1926,1698,1498,0,0,12.1,37,362752
up,1926,1698,1498,0,0,12.1,37,362752
up,1927,1698,1498,0,0,12.1,37,362752
up,1927,1698,1498,0,0,12.1,37,362752
up,1928,1698,1498,0,0,12.1,37,362752
up,1928,1698,1498,0,0,12.1,37,362752
up,1929,1698,1498,0,0,12.1,37,362752
up,1931,1698,1498,0,0,12.1,37,362752
up,1932,1698,1498,0,0,12.1,37,362752
up,1932,1698,1498,0,0,12.1,37,362752
up,1933,1698,1498,0,0,12.1,37,362752
up,1934,1698,1498,0,0,12.1,38,362752
up,1934,1698,1498,0,0,12.1,37,362752
up,1935,1698,1498,0,0,12.1,37,362752
up,1935,1698,1498,0,0,12.1,37,362752
up,1936,1698,1498,0,0,12.1,37,362752
up,1936,1698,1498,0,0,12.1,37,362752
up,1937,1698,1498,0,0,12.1,37,362752
up,1937,1698,1498,0,0,12.1,37,362752
up,1938,1698,1498,0,0,12.1,37,362752
up,1938,1698,1498,0,0,12.1,37,362752
up,1939,1698,1498,0,0,12.1,37,362752
up,1939,1698,1498,0,0,12.1,37,362752
up,1940,1698,1498,0,0,12.1,37,362752
up,1940,1698,1498,0,0,12.1,37,362752
up,1941,1698,1498,0,0,12.1,37,362752
up,1941,1698,1498,0,0,12.1,37,362752
up,1942,1698,1498,0,0,12.1,37,362752
up,1942,1698,1498,0,0,12.1,37,362752
up,1943,1698,1498,0,0,12.1,37,362752
up,1943,1698,1498,0,0,12.1,37,362752
up,1944,1698,1498,0,0,12.1,37,362752
up,1944,1698,1498,0,0,12.1,37,362752
up,1945,1698,1498,0,0,12.1,37,362752
up,1945,1698,1498,0,0,12.1,37,362752
up,1946,1698,1498,0,0,12.1,37,362752
up,1946,1698,1498,0,0,12.1,37,362752
up,1947,1698,1498,0,0,12.1,37,362752
up,1948,1698,1498,0,0,12.1,37,362752
up,1948,1698,1498,0,0,12.1,37,362752
up,1949,1698,1498,0,0,12.1,37,362752
up,1949,1698,1498,0,0,12.1,37,362752
up,1950,1698,1498,0,0,12.1,37,362752
up,1950,1698,1498,0,0,12.1,37,362752
up,1951,1698,1498,0,0,12.1,37,362752
up,1951,1698,1498,0,0,12.1,37,362752
up,1952,1698,1498,0,0,12.1,37,362752
up,1952,1698,1498,0,0,12.1,37,362752
up,1953,1698,1498,0,0,12.1,37,362752
up,1953,1698,1498,0,0,12.1,37,362752
up,1954,1698,1498,0,0,12.1,37,362752
up,1954,1698,1498,0,0,12.1,37,362752
up,1955,1698,1498,0,0,12.1,37,362752
up,1955,1698,1498,0,0,12.1,37,362752
up,1956,1698,1498,0,0,12.1,37,362752
up,1956,1698,1498,0,0,12.1,37,362752
up,1957,1698,1498,0,0,12.1,37,362752
up,1957,1698,1498,0,0,12.1,37,362752
up,1958,1698,1498,0,0,12.1,37,362752
up,1958,1698,1498,0,0,12.1,37,362752
up,1959,1698,1498,0,0,12.1,37,362752
up,1959,1698,1498,0,0,12.1,37,362752
up,1960,1698,1498,0,0,12.1,37,362752
up,1960,1698,1498,0,0,12.1,37,362752
up,1961,1698,1498,0,0,12.1,37,362752
up,1961,1698,1498,0,0,12.1,37,362752
up,1962,1698,1498,0,0,12.1,37,362752
up,1962,1698,1498,0,0,12.1,37,362752
up,1963,1698,1498,0,0,12.1,37,362752
up,1964,1698,1498,0,0,12.1,37,362752
up,1964,1698,1498,0,0,12.1,37,362752
up,1965,1698,1498,0,0,12.1,37,362752
up,1966,1698,1498,0,0,12.1,37,362752
up,1966,1698,1498,0,0,12.1,37,362752
up,1967,1698,1498,0,0,12.1,37,362752
up,1967,1698,1498,0,0,12.1,37,362752
up,1968,1698,1498,0,0,12.1,37,362752
up,1968,1698,1498,0,0,12.1,37,362752
up,1969,1698,1498,0,0,12.1,37,362752
up,1969,1698,1498,0,0,12.1,37,362752
up,1970,1698,1498,0,0,12.1,37,362752
up,1971,1698,1498,0,0,12.1,37,362752
up,1971,1698,1498,0,0,12.1,37,362752
up,1972,1698,1498,0,0,12.1,37,362752
up,1972,1698,1498,0,0,12.1,37,362752
up,1973,1698,1498,0,0,12.1,37,362752
up,1973,1698,1498,0,0,12.1,37,362752
up,1974,1698,1498,0,0,12.1,37,362752
up,1975,1698,1498,0,0,12.1,37,362752
up,1975,1698,1498,0,0,12.1,37,362752
up,1976,1698,1498,0,0,12.1,37,362752
up,1976,1698,1498,0,0,12.1,37,362752
up,1977,1698,1498,0,0,12.1,37,362752
up,1977,1698,1498,0,0,12.1,37,362752
up,1978,1698,1498,0,0,12.1,37,362752
up,1978,1698,1498,0,0,12.1,37,362752
up,1979,1698,1498,0,0,12.1,37,362752
up,1980,1698,1498,0,0,12.1,37,362752
up,1980,1698,1498,0,0,12.1,37,362752
up,1981,1698,1498,0,0,12.1,37,362752
up,1982,1698,1498,0,0,12.1,37,362752
up,1982,1698,1498,0,0,12.1,37,362752
up,1983,1698,1498,0,0,12.1,37,362752
up,1984,1698,1498,0,0,12.1,37,362752
up,1984,1698,1498,0,0,12.1,37,362752
up,1984,1698,1498,0,0,12.1,37,362752
up,1985,1698,1498,0,0,12.1,37,362752
up,1985,1698,1498,0,0,12.1,37,362752
up,1986,1698,1498,0,0,12.1,37,362752
up,1987,1698,1498,0,0,12.1,37,362752
up,1987,1698,1498,0,0,12.1,37,362752
up,1988,1698,1498,0,0,12.1,37,362752
up,1988,1698,1498,0,0,12.1,37,362752
up,1989,1698,1498,0,0,12.1,37,362752
up,1989,1698,1498,0,0,12.1,37,362752
up,1990,1698,1498,0,0,12.1,37,362752
up,1990,1698,1498,0,0,12.1,37,362752
up,1991,1698,1498,0,0,12.1,37,362752
up,1992,1698,1498,0,0,12.1,37,362752
up,1992,1698,1498,0,0,12.1,37,362752
up,1993,1698,1498,0,0,12.1,37,362752
up,1993,1698,1498,0,0,12.1,37,362752
up,1994,1698,1498,0,0,12.1,37,362752
up,1995,1698,1498,0,0,12.1,37,362752
up,1995,1698,1498,0,0,12.1,37,362752
up,1996,1698,1498,0,0,12.1,37,362752
up,1997,1698,1498,0,0,12.1,37,362752
up,1997,1698,1498,0,0,12.1,37,362752
up,1998,1698,1498,0,0,12.1,37,362752
up,1999,1698,1498,0,0,12.1,37,362752
up,1999,1698,1498,0,0,12.1,37,362752
up,2000,1698,1498,0,0,12.1,37,362752
back,0,1498,1498,0,0,12.1,37,362765
back,23,1498,1498,0,0,12.1,37,362752
back,24,1498,1498,0,0,12.1,37,362752
back,25,1498,1498,0,0,12.1,37,362752
back,25,1498,1498,0,0,12.1,37,362752
back,26,1498,1498,0,0,12.1,37,362752
back,26,1498,1498,0,0,12.1,37,362752
back,27,1498,1498,0,0,12.1,37,362752
back,27,1498,1498,0,0,12.1,37,362752
back,28,1498,1498,0,0,12.1,37,362752
back,29,1498,1498,0,0,12.1,37,362752
back,29,1498,1498,0,0,12.1,37,362752
back,30,1498,1498,0,0,12.1,37,362752
back,31,1498,1498,0,0,12.1,37,362752
back,31,1498,1498,0,0,12.1,37,362752
back,32,1498,1498,0,0,12.1,37,362752
back,33,1498,1498,0,0,12.1,37,362752
back,33,1498,1498,0,0,12.1,37,362752
back,34,1498,1498,0,0,12.1,37,362752
back,34,1498,1498,0,0,12.1,37,362752
back,35,1498,1498,0,0,12.1,37,362752
back,35,1498,1498,0,0,12.1,37,362752
back,36,1498,1498,0,0,12.1,37,362752
back,36,1498,1498,0,0,12.1,37,362752
back,37,1498,1498,0,0,12.1,37,362752
back,37,1498,1498,0,0,12.1,37,362752
back,38,1498,1498,0,0,12.1,37,362752
back,38,1498,1498,0,0,12.1,37,362752
back,39,1498,1498,0,0,12.1,37,362752
back,39,1498,1498,0,0,12.1,37,362752
back,40,1498,1498,0,0,12.1,37,362752
back,40,1498,1498,0,0,12.1,37,362752
back,41,1498,1498,0,0,12.1,37,362752
back,41,1498,1498,0,0,12.1,37,362752
back,42,1498,1498,0,0,12.1,37,362752
back,42,1498,1498,0,0,12.1,37,362752
back,43,1498,1498,0,0,12.1,37,362752
back,44,1498,1498,0,0,12.1,37,362752
back,44,1498,1498,0,0,12.1,37,362752
back,45,1498,1498,0,0,12.1,37,362752
back,45,1498,1498,0,0,12.1,37,362752
back,46,1498,1498,0,0,12.1,37,362752
back,46,1498,1498,0,0,12.1,37,362752
back,47,1498,1498,0,0,12.1,37,362752
back,48,1498,1498,0,0,12.1,37,362752
back,48,1498,1498,0,0,12.1,37,362752
back,49,1498,1498,0,0,12.1,37,362752
back,49,1498,1498,0,0,12.1,37,362752
back,50,1498,1498,0,0,12.1,37,362752
back,50,1498,1498,0,0,12.1,37,362752
back,51,1498,1498,0,0,12.1,37,362752
back,51,1498,1498,0,0,12.1,37,362752
back,52,1498,1498,0,0,12.1,37,362752
back,52,1498,1498,0,0,12.1,37,362752
back,53,1498,1498,0,0,12.1,37,362752
back,53,1498,1498,0,0,12.1,37,362752
back,54,1498,1498,0,0,12.1,37,362752
back,54,1498,1498,0,0,12.1,37,362752
back,55,1498,1498,0,0,12.1,37,362752
back,55,1498,1498,0,0,12.1,37,362752
back,56,1498,1498,0,0,12.1,37,362752
back,56,1498,1498,0,0,12.1,37,362752
back,57,1498,1498,0,0,12.1,37,362752
back,57,1498,1498,0,0,12.1,37,362752
back,58,1498,1498,0,0,12.1,37,362752
back,58,1498,1498,0,0,12.1,37,362752
back,59,1498,1498,0,0,12.1,37,362752
back,59,1498,1498,0,0,12.1,37,362752
back,60,1498,1498,0,0,12.1,37,362752
back,60,1498,1498,0,0,12.1,37,362752
back,61,1498,1498,0,0,12.1,37,362752
back,61,1498,1498,0,0,12.1,37,362752
back,62,1498,1498,0,0,12.1,37,362752
back,63,1498,1498,0,0,12.1,37,362752
back,63,1498,1498,0,0,12.1,37,362752
back,64,1498,1498,0,0,12.1,37,362752
back,65,1498,1498,0,0,12.1,37,362752
back,65,1498,1498,0,0,12.1,37,362752
back,66,1498,1498,0,0,12.1,37,362752
back,66,1498,1498,0,0,12.1,37,362752
back,67,1498,1498,0,0,12.1,37,362752
back,67,1498,1498,0,0,12.1,37,362752
back,68,1498,1498,0,0,12.1,37,362752
back,68,1498,1498,0,0,12.1,37,362752
back,69,1498,1498,0,0,12.1,37,362752
back,70,1498,1498,0,0,12.1,37,362752
back,70,1498,1498,0,0,12.1,37,362752
back,71,1498,1498,0,0,12.1,37,362752
back,72,1498,1498,0,0,12.1,37,362752
back,72,1498,1498,0,0,12.1,37,362752
back,73,1498,1498,0,0,12.1,37,362752
back,73,1498,1498,0,0,12.1,37,362752
back,74,1498,1498,0,0,12.1,37,362752
back,75,1498,1498,0,0,12.1,37,362752
back,75,1498,1498,0,0,12.1,37,362752
back,76,1498,1498,0,0,12.1,37,362752
back,76,1498,1498,0,0,12.1,37,362752
back,77,1498,1498,0,0,12.1,37,362752
back,77,1498,1498,0,0,12.1,37,362752
back,78,1498,1498,0,0,12.1,37,362752
back,78,1498,1498,0,0,12.1,37,362752
back,79,1498,1498,0,0,12.1,37,362752
back,79,1498,1498,0,0,12.1,37,362752
back,80,1498,1498,0,0,12.1,37,362752
back,80,1498,1498,0,0,12.1,37,362752
back,81,1498,1498,0,0,12.1,37,362752
back,81,1498,1498,0,0,12.1,37,362752
back,82,1498,1498,0,0,12.1,37,362752
back,82,1498,1498,0,0,12.1,37,362752
back,83,1498,1498,0,0,12.1,37,362752
back,84,1498,1498,0,0,12.1,37,362752
back,84,1498,1498,0,0,12.1,37,362752
back,85,1498,1498,0,0,12.1,37,362752
back,85,1498,1498,0,0,12.1,37,362752
back,86,1498,1498,0,0,12.1,37,362752
back,86,1498,1498,0,0,12.1,37,362752
back,87,1498,1498,0,0,12.1,37,362752
back,87,1498,1498,0,0,12.1,37,362752
back,88,1498,1498,0,0,12.1,37,362752
back,88,1498,1498,0,0,12.1,37,362752
back,89,1498,1498,0,0,12.1,37,362752
back,89,1498,1498,0,0,12.1,37,362752
back,90,1498,1498,0,0,12.1,37,362752
back,90,1498,1498,0,0,12.1,37,362752
back,91,1498,1498,0,0,12.1,37,362752
back,91,1498,1498,0,0,12.1,37,362752
back,92,1498,1498,0,0,12.1,37,362752
back,92,1498,1498,0,0,12.1,37,362752
back,93,1498,1498,0,0,12.1,37,362752
back,93,1498,1498,0,0,12.1,37,362752
back,94,1498,1498,0,0,12.1,37,362752
back,94,1498,1498,0,0,12.1,37,362752
back,95,1498,1498,0,0,12.1,37,362752
back,95,1498,1498,0,0,12.1,37,362752
back,96,1498,1498,0,0,12.1,37,362752
back,96,1498,1498,0,0,12.1,37,362752
back,97,1498,1498,0,0,12.1,37,362752
back,97,1498,1498,0,0,12.1,37,362752
back,98,1498,1498,0,0,12.1,37,362752
back,98,1498,1498,0,0,12.1,37,362752
back,99,1498,1498,0,0,12.1,37,362752
back,99,1498,1498,0,0,12.1,37,362752
back,100,1498,1498,0,0,12.1,37,362752
back,100,1498,1498,0,0,12.1,37,362752
back,101,1498,1498,0,0,12.1,37,362752
back,101,1498,1498,0,0,12.1,37,362752
back,102,1498,1498,0,0,12.1,37,362752
back,102,1498,1498,0,0,12.1,37,362752
back,103,1498,1498,0,0,12.1,37,362752
back,103,1498,1498,0,0,12.1,37,362752
back,104,1498,1498,0,0,12.1,37,362752
back,104,1498,1498,0,0,12.1,37,362752
back,105,1498,1498,0,0,12.1,37,362752
back,105,1498,1498,0,0,12.1,37,362752
back,106,1498,1498,0,0,12.1,37,362752
back,106,1498,1498,0,0,12.1,37,362752
back,107,1498,1498,0,0,12.1,37,362752
back,107,1498,1498,0,0,12.1,37,362752
back,108,1498,1498,0,0,12.1,37,362752
back,108,1498,1498,0,0,12.1,37,362752
back,109,1498,1498,0,0,12.1,37,362752
back,109,1498,1498,0,0,12.1,37,362752
back,110,1498,1498,0,0,12.1,37,362752
back,110,1498,1498,0,0,12.1,37,362752
back,110,1498,1498,0,0,12.1,37,362752
back,111,1498,1498,0,0,12.1,37,362752
back,111,1498,1498,0,0,12.1,37,362752
back,112,1498,1498,0,0,12.1,37,362752
back,112,1498,1498,0,0,12.1,37,362752
back,113,1498,1498,0,0,12.1,37,362752
back,113,1498,1498,0,0,12.1,37,362752
back,114,1498,1498,0,0,12.1,37,362752
back,114,1498,1498,0,0,12.1,37,362752
back,115,1498,1498,0,0,12.1,37,362752
back,115,1498,1498,0,0,12.1,37,362752
back,116,1498,1498,0,0,12.1,37,362752
back,116,1498,1498,0,0,12.1,37,362752
back,117,1498,1498,0,0,12.1,37,362752
back,117,1498,1498,0,0,12.1,37,362752
back,118,1498,1498,0,0,12.1,37,362752
back,118,1498,1498,0,0,12.1,37,362752
back,119,1498,1498,0,0,12.1,37,362752
back,119,1498,1498,0,0,12.1,37,362752
back,120,1498,1498,0,0,12.1,37,362752
back,120,1498,1498,0,0,12.1,37,362752
back,120,1498,1498,0,0,12.1,37,362752
back,121,1498,1498,0,0,12.1,37,362752
back,121,1498,1498,0,0,12.1,37,362752
back,122,1498,1498,0,0,12.1,37,362752
back,122,1498,1498,0,0,12.1,37,362752
back,123,1498,1498,0,0,12.1,37,362752
back,123,1498,1498,0,0,12.1,37,362752
back,124,1498,1498,0,0,12.1,37,362752
back,124,1498,1498,0,0,12.1,37,362752
back,125,1498,1498,0,0,12.1,37,362752
back,125,1498,1498,0,0,12.1,37,362752
back,126,1498,1498,0,0,12.1,37,362752
back,126,1498,1498,0,0,12.1,37,362752
back,127,1498,1498,0,0,12.1,37,362752
back,127,1498,1498,0,0,12.1,37,362752
back,128,1498,1498,0,0,12.1,37,362752
back,128,1498,1498,0,0,12.1,37,362752
back,129,1498,1498,0,0,12.1,37,362752
back,129,1498,1498,0,0,12.1,37,362752
back,130,1498,1498,0,0,12.1,37,362752
back,130,1498,1498,0,0,12.1,41,362752
back,131,1498,1498,0,0,12.1,41,362752
back,131,1498,1498,0,0,12.1,37,362752
back,132,1498,1498,0,0,12.1,37,362752
back,132,1498,1498,0,0,12.1,37,362752
back,133,1498,1498,0,0,12.1,37,362752
back,133,1498,1498,0,0,12.1,37,362752
back,134,1498,1498,0,0,12.1,37,362752
back,134,1498,1498,0,0,12.1,37,362752
back,135,1498,1498,0,0,12.1,37,362752
back,135,1498,1498,0,0,12.1,37,362752
back,136,1498,1498,0,0,12.1,37,362752
back,136,1498,1498,0,0,12.1,37,362752
back,137,1498,1498,0,0,12.1,37,362752
back,137,1498,1498,0,0,12.1,37,362752
back,138,1498,1498,0,0,12.1,37,362752
back,138,1498,1498,0,0,12.1,37,362752
back,139,1498,1498,0,0,12.1,37,362752
back,139,1498,1498,0,0,12.1,37,362752
back,140,1498,1498,0,0,12.1,37,362752
back,140,1498,1498,0,0,12.1,37,362752
back,141,1498,1498,0,0,12.1,37,362752
back,141,1498,1498,0,0,12.1,37,362752
back,142,1498,1498,0,0,12.1,37,362752
back,142,1498,1498,0,0,12.1,37,362752
back,143,1498,1498,0,0,12.1,37,362752
back,143,1498,1498,0,0,12.1,37,362752
back,144,1498,1498,0,0,12.1,37,362752
back,144,1498,1498,0,0,12.1,37,362752
back,145,1498,1498,0,0,12.1,37,362752
back,145,1498,1498,0,0,12.1,37,362752
back,146,1498,1498,0,0,12.1,37,362752
back,146,1498,1498,0,0,12.1,37,362752
back,147,1498,1498,0,0,12.1,37,362752
back,147,1498,1498,0,0,12.1,37,362752
back,148,1498,1498,0,0,12.1,37,362752
back,148,1498,1498,0,0,12.1,37,362752
back,149,1498,1498,0,0,12.1,37,362752
back,149,1498,1498,0,0,12.1,37,362752
back,150,1498,1498,0,0,12.1,37,362752
back,150,1498,1498,0,0,12.1,37,362752
back,151,1498,1498,0,0,12.1,37,362752
back,151,1498,1498,0,0,12.1,37,362752
back,152,1498,1498,0,0,12.1,37,362752
back,152,1498,1498,0,0,12.1,37,362752
back,153,1498,1498,0,0,12.1,37,362752
back,153,1498,1498,0,0,12.1,37,362752
back,154,1498,1498,0,0,12.1,37,362752
back,154,1498,1498,0,0,12.1,37,362752
back,155,1498,1498,0,0,12.1,37,362752
back,155,1498,1498,0,0,12.1,37,362752
back,156,1498,1498,0,0,12.1,37,362752
back,156,1498,1498,0,0,12.1,37,362752
back,157,1498,1498,0,0,12.1,37,362752
back,157,1498,1498,0,0,12.1,37,362752
back,158,1498,1498,0,0,12.1,37,362752
back,158,1498,1498,0,0,12.1,37,362752
back,159,1498,1498,0,0,12.1,37,362752
back,159,1498,1498,0,0,12.1,37,362752
back,160,1498,1498,0,0,12.1,37,362752
back,160,1498,1498,0,0,12.1,37,362752
back,160,1498,1498,0,0,12.1,37,362752
back,161,1498,1498,0,0,12.1,37,362752
back,161,1498,1498,0,0,12.1,37,362752
back,162,1498,1498,0,0,12.1,37,362752
back,162,1498,1498,0,0,12.1,37,362752
back,163,1498,1498,0,0,12.1,37,362752
back,163,1498,1498,0,0,12.1,37,362752
back,164,1498,1498,0,0,12.1,37,362752
back,164,1498,1498,0,0,12.1,37,362752
back,165,1498,1498,0,0,12.1,37,362752
back,165,1498,1498,0,0,12.1,37,362752
back,166,1498,1498,0,0,12.1,37,362752
back,166,1498,1498,0,0,12.1,37,362752
back,167,1498,1498,0,0,12.1,37,362752
back,167,1498,1498,0,0,12.1,37,362752
back,168,1498,1498,0,0,12.1,37,362752
back,168,1498,1498,0,0,12.1,37,362752
back,169,1498,1498,0,0,12.1,37,362752
back,169,1498,1498,0,0,12.1,37,362752
back,170,1498,1498,0,0,12.1,37,362752
back,170,1498,1498,0,0,12.1,37,362752
back,171,1498,1498,0,0,12.1,37,362752
back,171,1498,1498,0,0,12.1,37,362752
back,172,1498,1498,0,0,12.1,37,362752
back,172,1498,1498,0,0,12.1,37,362752
back,173,1498,1498,0,0,12.1,37,362752
back,173,1498,1498,0,0,12.1,37,362752
back,174,1498,1498,0,0,12.1,37,362752
back,174,1498,1498,0,0,12.1,37,362752
back,175,1498,1498,0,0,12.1,37,362752
back,175,1498,1498,0,0,12.1,37,362752
back,176,1498,1498,0,0,12.1,37,362752
back,176,1498,1498,0,0,12.1,37,362752
back,177,1498,1498,0,0,12.1,37,362752
back,177,1498,1498,0,0,12.1,37,362752
back,178,1498,1498,0,0,12.1,37,362752
back,178,1498,1498,0,0,12.1,37,362752
back,179,1498,1498,0,0,12.1,37,362752
back,179,1498,1498,0,0,12.1,37,362752
back,180,1498,1498,0,0,12.1,37,362752
back,180,1498,1498,0,0,12.1,37,362752
back,181,1498,1498,0,0,12.1,37,362752
back,181,1498,1498,0,0,12.1,37,362752
back,182,1498,1498,0,0,12.1,37,362752
back,182,1498,1498,0,0,12.1,37,362752
back,183,1498,1498,0,0,12.1,37,362752
back,183,1498,1498,0,0,12.1,37,362752
back,184,1498,1498,0,0,12.1,37,362752
back,184,1498,1498,0,0,12.1,37,362752
back,185,1498,1498,0,0,12.1,37,362752
back,185,1498,1498,0,0,12.1,37,362752
back,186,1498,1498,0,0,12.1,37,362752
back,186,1498,1498,0,0,12.1,37,362752
back,187,1498,1498,0,0,12.1,37,362752
back,187,1498,1498,0,0,12.1,37,362752
back,188,1498,1498,0,0,12.1,37,362752
back,188,1498,1498,0,0,12.1,37,362752
back,189,1498,1498,0,0,12.1,37,362752
back,189,1498,1498,0,0,12.1,37,362752
back,190,1498,1498,0,0,12.1,37,362752
back,190,1498,1498,0,0,12.1,37,362752
back,191,1498,1498,0,0,12.1,37,362752
back,191,1498,1498,0,0,12.1,37,362752
back,192,1498,1498,0,0,12.1,37,362752
back,192,1498,1498,0,0,12.1,37,362752
back,193,1498,1498,0,0,12.1,37,362752
back,193,1498,1498,0,0,12.1,37,362752
back,194,1498,1498,0,0,12.1,37,362752
back,194,1498,1498,0,0,12.1,37,362752
back,195,1498,1498,0,0,12.1,37,362752
back,195,1498,1498,0,0,12.1,37,362752
back,196,1498,1498,0,0,12.1,37,362752
back,196,1498,1498,0,0,12.1,37,362752
back,197,1498,1498,0,0,12.1,37,362752
back,197,1498,1498,0,0,12.1,37,362752
back,198,1498,1498,0,0,12.1,37,362752
back,198,1498,1498,0,0,12.1,37,362752
back,199,1498,1498,0,0,12.1,37,362752
back,199,1498,1498,0,0,12.1,37,362752
back,200,1498,1498,0,0,12.1,37,362752
back,200,1498,1498,0,0,12.1,37,362752
back,201,1498,1498,0,0,12.1,37,362752
back,201,1498,1498,0,0,12.1,37,362752
back,202,1498,1498,0,0,12.1,37,362752
back,202,1498,1498,0,0,12.1,37,362752
back,203,1498,1498,0,0,12.1,37,362752
back,203,1498,1498,0,0,12.1,37,362752
back,204,1498,1498,0,0,12.1,37,362752
back,204,1498,1498,0,0,12.1,37,362752
back,205,1498,1498,0,0,12.1,37,362752
back,205,1498,1498,0,0,12.1,37,362752
back,206,1498,1498,0,0,12.1,37,362752
back,206,1498,1498,0,0,12.1,37,362752
back,207,1498,1498,0,0,12.1,37,362752
back,207,1498,1498,0,0,12.1,37,362752
back,208,1498,1498,0,0,12.1,37,362752
back,208,1498,1498,0,0,12.1,37,362752
back,209,1498,1498,0,0,12.1,37,362752
back,209,1498,1498,0,0,12.1,37,362752
back,210,1498,1498,0,0,12.1,37,362752
back,210,1498,1498,0,0,12.1,37,362752
back,211,1498,1498,0,0,12.1,37,362752
back,211,1498,1498,0,0,12.1,37,362752
back,212,1498,1498,0,0,12.1,37,362752
back,212,1498,1498,0,0,12.1,37,362752
back,213,1498,1498,0,0,12.1,37,362752
back,213,1498,1498,0,0,12.1,37,362752
back,214,1498,1498,0,0,12.1,37,362752
back,214,1498,1498,0,0,12.1,37,362752
back,215,1498,1498,0,0,12.1,37,362752
back,215,1498,1498,0,0,12.1,37,362752
back,216,1498,1498,0,0,12.1,37,362752
back,216,1498,1498,0,0,12.1,37,362752
back,217,1498,1498,0,0,12.1,37,362752
back,217,1498,1498,0,0,12.1,37,362752
back,218,1498,1498,0,0,12.1,37,362752
back,218,1498,1498,0,0,12.1,37,362752
back,219,1498,1498,0,0,12.1,37,362752
back,219,1498,1498,0,0,12.1,37,362752
back,220,1498,1498,0,0,12.1,37,362752
back,220,1498,1498,0,0,12.1,37,362752
back,221,1498,1498,0,0,12.1,37,362752
back,221,1498,1498,0,0,12.1,37,362752
back,222,1498,1498,0,0,12.1,37,362752
back,222,1498,1498,0,0,12.1,37,362752
back,223,1498,1498,0,0,12.1,37,362752
back,223,1498,1498,0,0,12.1,37,362752
back,224,1498,1498,0,0,12.1,37,362752
back,224,1498,1498,0,0,12.1,37,362752
back,225,1498,1498,0,0,12.1,37,362752
back,225,1498,1498,0,0,12.1,37,362752
back,226,1498,1498,0,0,12.1,37,362752
back,226,1498,1498,0,0,12.1,37,362752
back,227,1498,1498,0,0,12.1,37,362752
back,227,1498,1498,0,0,12.1,37,362752
back,228,1498,1498,0,0,12.1,37,362752
back,228,1498,1498,0,0,12.1,37,362752
back,229,1498,1498,0,0,12.1,37,362752
back,229,1498,1498,0,0,12.1,37,362752
back,230,1498,1498,0,0,12.1,37,362752
back,230,1498,1498,0,0,12.1,37,362752
back,231,1498,1498,0,0,12.1,37,362752
back,231,1498,1498,0,0,12.1,37,362752
back,232,1498,1498,0,0,12.1,37,362752
back,232,1498,1498,0,0,12.1,37,362752
back,233,1498,1498,0,0,12.1,37,362752
back,233,1498,1498,0,0,12.1,37,362752
back,234,1498,1498,0,0,12.1,37,362752
back,234,1498,1498,0,0,12.1,37,362752
back,235,1498,1498,0,0,12.1,37,362752
back,235,1498,1498,0,0,12.1,37,362752
back,236,1498,1498,0,0,12.1,37,362752
back,236,1498,1498,0,0,12.1,37,362752
back,237,1498,1498,0,0,12.1,37,362752
back,237,1498,1498,0,0,12.1,37,362752
back,238,1498,1498,0,0,12.1,37,362752
back,238,1498,1498,0,0,12.1,37,362752
back,239,1498,1498,0,0,12.1,37,362752
back,239,1498,1498,0,0,12.1,37,362752
back,240,1498,1498,0,0,12.1,37,362752
back,240,1498,1498,0,0,12.1,37,362752
back,241,1498,1498,0,0,12.1,37,362752
back,241,1498,1498,0,0,12.1,37,362752
back,242,1498,1498,0,0,12.1,37,362752
back,242,1498,1498,0,0,12.1,37,362752
back,243,1498,1498,0,0,12.1,37,362752
back,243,1498,1498,0,0,12.1,37,362752
back,244,1498,1498,0,0,12.1,37,362752
back,244,1498,1498,0,0,12.1,37,362752
back,245,1498,1498,0,0,12.1,37,362752
back,245,1498,1498,0,0,12.1,37,362752
back,246,1498,1498,0,0,12.1,37,362752
back,246,1498,1498,0,0,12.1,37,362752
back,247,1498,1498,0,0,12.1,37,362752
back,247,1498,1498,0,0,12.1,37,362752
back,248,1498,1498,0,0,12.1,37,362752
back,248,1498,1498,0,0,12.1,37,362752
back,249,1498,1498,0,0,12.1,37,362752
back,249,1498,1498,0,0,12.1,37,362752
back,250,1498,1498,0,0,12.1,37,362752
back,250,1498,1498,0,0,12.1,37,362752
back,251,1498,1498,0,0,12.1,37,362752
back,251,1498,1498,0,0,12.1,37,362752
back,252,1498,1498,0,0,12.1,37,362752
back,252,1498,1498,0,0,12.1,37,362752
back,253,1498,1498,0,0,12.1,37,362752
back,253,1498,1498,0,0,12.1,37,362752
back,254,1498,1498,0,0,12.1,37,362752
back,254,1498,1498,0,0,12.1,37,362752
back,255,1498,1498,0,0,12.1,37,362752
back,255,1498,1498,0,0,12.1,37,362752
back,256,1498,1498,0,0,12.1,37,362752
back,256,1498,1498,0,0,12.1,37,362752
back,257,1498,1498,0,0,12.1,37,362752
back,257,1498,1498,0,0,12.1,37,362752
back,258,1498,1498,0,0,12.1,37,362752
back,258,1498,1498,0,0,12.1,37,362752
back,259,1498,1498,0,0,12.1,37,362752
back,259,1498,1498,0,0,12.1,37,362752
back,260,1498,1498,0,0,12.1,37,362752
back,260,1498,1498,0,0,12.1,37,362752
back,261,1498,1498,0,0,12.1,37,362752
back,261,1498,1498,0,0,12.1,37,362752
back,262,1498,1498,0,0,12.1,37,362752
back,262,1498,1498,0,0,12.1,37,362752
back,263,1498,1498,0,0,12.1,37,362752
back,263,1498,1498,0,0,12.1,37,362752
back,264,1498,1498,0,0,12.1,37,362752
back,265,1498,1498,0,0,12.1,37,362752
back,265,1498,1498,0,0,12.1,37,362752
back,266,1498,1498,0,0,12.1,37,362752
back,266,1498,1498,0,0,12.1,37,362752
back,267,1498,1498,0,0,12.1,37,362752
back,267,1498,1498,0,0,12.1,37,362752
back,268,1498,1498,0,0,12.1,37,362752
back,268,1498,1498,0,0,12.1,37,362752
back,269,1498,1498,0,0,12.1,37,362752
back,269,1498,1498,0,0,12.1,37,362752
back,270,1498,1498,0,0,12.1,37,362752
back,270,1498,1498,0,0,12.1,37,362752
back,271,1498,1498,0,0,12.1,37,362752
back,271,1498,1498,0,0,12.1,37,362752
back,272,1498,1498,0,0,12.1,37,362752
back,272,1498,1498,0,0,12.1,37,362752
back,273,1498,1498,0,0,12.1,37,362752
back,273,1498,1498,0,0,12.1,37,362752
back,274,1498,1498,0,0,12.1,37,362752
back,274,1498,1498,0,0,12.1,37,362752
back,275,1498,1498,0,0,12.1,37,362752
back,275,1498,1498,0,0,12.1,37,362752
back,276,1498,1498,0,0,12.1,37,362752
back,276,1498,1498,0,0,12.1,37,362752
back,277,1498,1498,0,0,12.1,37,362752
back,277,1498,1498,0,0,12.1,37,362752
back,278,1498,1498,0,0,12.1,37,362752
back,278,1498,1498,0,0,12.1,37,362752
back,279,1498,1498,0,0,12.1,37,362752
back,279,1498,1498,0,0,12.1,37,362752
back,280,1498,1498,0,0,12.1,37,362752
back,280,1498,1498,0,0,12.1,37,362752
back,281,1498,1498,0,0,12.1,37,362752
back,281,1498,1498,0,0,12.1,37,362752
back,282,1498,1498,0,0,12.1,37,362752
back,282,1498,1498,0,0,12.1,37,362752
back,283,1498,1498,0,0,12.1,37,362752
back,283,1498,1498,0,0,12.1,37,362752
back,284,1498,1498,0,0,12.1,37,362752
back,284,1498,1498,0,0,12.1,37,362752
back,285,1498,1498,0,0,12.1,37,362752
back,285,1498,1498,0,0,12.1,37,362752
back,286,1498,1498,0,0,12.1,37,362752
back,286,1498,1498,0,0,12.1,37,362752
back,287,1498,1498,0,0,12.1,37,362752
back,287,1498,1498,0,0,12.1,37,362752
back,288,1498,1498,0,0,12.1,37,362752
back,288,1498,1498,0,0,12.1,37,362752
back,289,1498,1498,0,0,12.1,37,362752
back,289,1498,1498,0,0,12.1,37,362752
back,290,1498,1498,0,0,12.1,37,362752
back,290,1498,1498,0,0,12.1,37,362752
back,291,1498,1498,0,0,12.1,37,362752
back,291,1498,1498,0,0,12.1,37,362752
back,292,1498,1498,0,0,12.1,37,362752
back,292,1498,1498,0,0,12.1,37,362752
back,293,1498,1498,0,0,12.1,37,362752
back,293,1498,1498,0,0,12.1,37,362752
back,294,1498,1498,0,0,12.1,37,362752
back,294,1498,1498,0,0,12.1,37,362752
back,295,1498,1498,0,0,12.1,37,362752
back,295,1498,1498,0,0,12.1,37,362752
back,296,1498,1498,0,0,12.1,37,362752
back,296,1498,1498,0,0,12.1,37,362752
back,297,1498,1498,0,0,12.1,37,362752
back,297,1498,1498,0,0,12.1,37,362752
back,298,1498,1498,0,0,12.1,37,362752
back,298,1498,1498,0,0,12.1,37,362752
back,299,1498,1498,0,0,12.1,37,362752
back,299,1498,1498,0,0,12.1,37,362752
back,300,1498,1498,0,0,12.1,37,362752
back,300,1498,1498,0,0,12.1,37,362752
back,301,1498,1498,0,0,12.1,37,362752
back,301,1498,1498,0,0,12.1,37,362752
back,302,1498,1498,0,0,12.1,37,362752
back,302,1498,1498,0,0,12.1,37,362752
back,303,1498,1498,0,0,12.1,37,362752
back,303,1498,1498,0,0,12.1,37,362752
back,304,1498,1498,0,0,12.1,37,362752
back,304,1498,1498,0,0,12.1,37,362752
back,305,1498,1498,0,0,12.1,37,362752
back,305,1498,1498,0,0,12.1,37,362752
back,306,1498,1498,0,0,12.1,37,362752
back,306,1498,1498,0,0,12.1,37,362752
back,307,1498,1498,0,0,12.1,37,362752
back,307,1498,1498,0,0,12.1,37,362752
back,308,1498,1498,0,0,12.1,37,362752
back,308,1498,1498,0,0,12.1,37,362752
back,309,1498,1498,0,0,12.1,37,362752
back,309,1498,1498,0,0,12.1,37,362752
back,310,1498,1498,0,0,12.1,37,362752
back,310,1498,1498,0,0,12.1,37,362752
back,311,1498,1498,0,0,12.1,37,362752
back,311,1498,1498,0,0,12.1,37,362752
back,312,1498,1498,0,0,12.1,37,362752
back,312,1498,1498,0,0,12.1,37,362752
back,313,1498,1498,0,0,12.1,37,362752
back,313,1498,1498,0,0,12.1,37,362752
back,314,1498,1498,0,0,12.1,37,362752
back,314,1498,1498,0,0,12.1,37,362752
back,315,1498,1498,0,0,12.1,37,362752
back,315,1498,1498,0,0,12.1,37,362752
back,316,1498,1498,0,0,12.1,37,362752
back,316,1498,1498,0,0,12.1,37,362752
back,317,1498,1498,0,0,12.1,37,362752
back,317,1498,1498,0,0,12.1,37,362752
back,318,1498,1498,0,0,12.1,37,362752
back,318,1498,1498,0,0,12.1,37,362752
back,319,1498,1498,0,0,12.1,37,362752
back,319,1498,1498,0,0,12.1,37,362752
back,320,1498,1498,0,0,12.1,37,362752
back,320,1498,1498,0,0,12.1,37,362752
back,321,1498,1498,0,0,12.1,37,362752
back,321,1498,1498,0,0,12.1,37,362752
back,322,1498,1498,0,0,12.1,37,362752
back,322,1498,1498,0,0,12.1,37,362752
back,323,1498,1498,0,0,12.1,37,362752
back,323,1498,1498,0,0,12.1,37,362752
back,324,1498,1498,0,0,12.1,37,362752
back,324,1498,1498,0,0,12.1,37,362752
back,325,1498,1498,0,0,12.1,37,362752
back,325,1498,1498,0,0,12.1,37,362752
back,326,1498,1498,0,0,12.1,37,362752
back,326,1498,1498,0,0,12.1,37,362752
back,327,1498,1498,0,0,12.1,37,362752
back,327,1498,1498,0,0,12.1,37,362752
back,328,1498,1498,0,0,12.1,37,362752
back,328,1498,1498,0,0,12.1,37,362752
back,329,1498,1498,0,0,12.1,37,362752
back,329,1498,1498,0,0,12.1,37,362752
back,330,1498,1498,0,0,12.1,37,362752
back,330,1498,1498,0,0,12.1,37,362752
back,331,1498,1498,0,0,12.1,37,362752
back,331,1498,1498,0,0,12.1,37,362752
back,332,1498,1498,0,0,12.1,37,362752
back,332,1498,1498,0,0,12.1,37,362752
back,333,1498,1498,0,0,12.1,37,362752
back,333,1498,1498,0,0,12.1,37,362752
back,334,1498,1498,0,0,12.1,37,362752
back,334,1498,1498,0,0,12.1,37,362752
back,335,1498,1498,0,0,12.1,37,362752
back,335,1498,1498,0,0,12.1,37,362752
back,336,1498,1498,0,0,12.1,37,362752
back,336,1498,1498,0,0,12.1,37,362752
back,337,1498,1498,0,0,12.1,37,362752
back,337,1498,1498,0,0,12.1,37,362752
back,338,1498,1498,0,0,12.1,37,362752
back,338,1498,1498,0,0,12.1,37,362752
back,339,1498,1498,0,0,12.1,37,362752
back,339,1498,1498,0,0,12.1,37,362752
back,340,1498,1498,0,0,12.1,37,362752
back,340,1498,1498,0,0,12.1,37,362752
back,341,1498,1498,0,0,12.1,37,362752
back,341,1498,1498,0,0,12.1,37,362752
back,342,1498,1498,0,0,12.1,37,362752
back,342,1498,1498,0,0,12.1,37,362752
back,343,1498,1498,0,0,12.1,37,362752
back,343,1498,1498,0,0,12.1,37,362752
back,344,1498,1498,0,0,12.1,37,362752
back,344,1498,1498,0,0,12.1,37,362752
back,345,1498,1498,0,0,12.1,37,362752
back,345,1498,1498,0,0,12.1,37,362752
back,346,1498,1498,0,0,12.1,37,362752
back,346,1498,1498,0,0,12.1,37,362752
back,347,1498,1498,0,0,12.1,37,362752
back,347,1498,1498,0,0,12.1,37,362752
back,348,1498,1498,0,0,12.1,37,362752
back,348,1498,1498,0,0,12.1,37,362752
back,349,1498,1498,0,0,12.1,37,362752
back,349,1498,1498,0,0,12.1,37,362752
back,350,1498,1498,0,0,12.1,37,362752
back,350,1498,1498,0,0,12.1,37,362752
back,351,1498,1498,0,0,12.1,37,362752
back,351,1498,1498,0,0,12.1,37,362752
back,352,1498,1498,0,0,12.1,37,362752
back,352,1498,1498,0,0,12.1,37,362752
back,353,1498,1498,0,0,12.1,37,362752
back,353,1498,1498,0,0,12.1,37,362752
back,354,1498,1498,0,0,12.1,37,362752
back,354,1498,1498,0,0,12.1,37,362752
back,355,1498,1498,0,0,12.1,37,362752
back,355,1498,1498,0,0,12.1,37,362752
back,356,1498,1498,0,0,12.1,37,362752
back,356,1498,1498,0,0,12.1,37,362752
back,357,1498,1498,0,0,12.1,37,362752
back,357,1498,1498,0,0,12.1,37,362752
back,358,1498,1498,0,0,12.1,37,362752
back,358,1498,1498,0,0,12.1,37,362752
back,359,1498,1498,0,0,12.1,37,362752
back,359,1498,1498,0,0,12.1,37,362752
back,360,1498,1498,0,0,12.1,37,362752
back,360,1498,1498,0,0,12.1,37,362752
back,361,1498,1498,0,0,12.1,37,362752
back,361,1498,1498,0,0,12.1,37,362752
back,362,1498,1498,0,0,12.1,37,362752
back,362,1498,1498,0,0,12.1,37,362752
back,363,1498,1498,0,0,12.1,37,362752
back,363,1498,1498,0,0,12.1,37,362752
back,363,1498,1498,0,0,12.1,37,362752
back,364,1498,1498,0,0,12.1,37,362752
back,364,1498,1498,0,0,12.1,37,362752
back,365,1498,1498,0,0,12.1,37,362752
back,365,1498,1498,0,0,12.1,37,362752
back,366,1498,1498,0,0,12.1,37,362752
back,366,1498,1498,0,0,12.1,37,362752
back,367,1498,1498,0,0,12.1,37,362752
back,367,1498,1498,0,0,12.1,37,362752
back,368,1498,1498,0,0,12.1,37,362752
back,368,1498,1498,0,0,12.1,37,362752
back,369,1498,1498,0,0,12.1,37,362752
back,369,1498,1498,0,0,12.1,37,362752
back,370,1498,1498,0,0,12.1,37,362752
back,370,1498,1498,0,0,12.1,37,362752
back,371,1498,1498,0,0,12.1,37,362752
back,371,1498,1498,0,0,12.1,37,362752
back,372,1498,1498,0,0,12.1,37,362752
back,372,1498,1498,0,0,12.1,37,362752
back,373,1498,1498,0,0,12.1,37,362752
back,373,1498,1498,0,0,12.1,37,362752
back,374,1498,1498,0,0,12.1,37,362752
back,374,1498,1498,0,0,12.1,37,362752
back,375,1498,1498,0,0,12.1,37,362752
back,375,1498,1498,0,0,12.1,37,362752
back,376,1498,1498,0,0,12.1,37,362752
back,376,1498,1498,0,0,12.1,37,362752
back,377,1498,1498,0,0,12.1,37,362752
back,377,1498,1498,0,0,12.1,37,362752
back,378,1498,1498,0,0,12.1,37,362752
back,378,1498,1498,0,0,12.1,37,362752
back,379,1498,1498,0,0,12.1,37,362752
back,379,1498,1498,0,0,12.1,37,362752
back,380,1498,1498,0,0,12.1,37,362752
back,380,1498,1498,0,0,12.1,37,362752
back,381,1498,1498,0,0,12.1,37,362752
back,381,1498,1498,0,0,12.1,37,362752
back,382,1498,1498,0,0,12.1,37,362752
back,382,1498,1498,0,0,12.1,37,362752
back,383,1498,1498,0,0,12.1,37,362752
back,383,1498,1498,0,0,12.1,37,362752
back,384,1498,1498,0,0,12.1,37,362752
back,384,1498,1498,0,0,12.1,37,362752
back,385,1498,1498,0,0,12.1,37,362752
back,385,1498,1498,0,0,12.1,37,362752
back,386,1498,1498,0,0,12.1,37,362752
back,386,1498,1498,0,0,12.1,37,362752
back,387,1498,1498,0,0,12.1,37,362752
back,387,1498,1498,0,0,12.1,37,362752
back,388,1498,1498,0,0,12.1,37,362752
back,388,1498,1498,0,0,12.1,37,362752
back,389,1498,1498,0,0,12.1,37,362752
back,389,1498,1498,0,0,12.1,37,362752
back,390,1498,1498,0,0,12.1,37,362752
back,390,1498,1498,0,0,12.1,37,362752
back,391,1498,1498,0,0,12.1,37,362752
back,391,1498,1498,0,0,12.1,37,362752
back,392,1498,1498,0,0,12.1,37,362752
back,392,1498,1498,0,0,12.1,37,362752
back,393,1498,1498,0,0,12.1,37,362752
back,393,1498,1498,0,0,12.1,37,362752
back,394,1498,1498,0,0,12.1,37,362752
back,394,1498,1498,0,0,12.1,37,362752
back,395,1498,1498,0,0,12.1,37,362752
back,395,1498,1498,0,0,12.1,37,362752
back,396,1498,1498,0,0,12.1,37,362752
back,396,1498,1498,0,0,12.1,37,362752
back,397,1498,1498,0,0,12.1,37,362752
back,397,1498,1498,0,0,12.1,37,362752
back,398,1498,1498,0,0,12.1,37,362752
back,398,1498,1498,0,0,12.1,37,362752
back,399,1498,1498,0,0,12.1,37,362752
back,399,1498,1498,0,0,12.1,37,362752
back,400,1498,1498,0,0,12.1,37,362752
back,400,1498,1498,0,0,12.1,37,362752
back,401,1498,1498,0,0,12.1,37,362752
back,401,1498,1498,0,0,12.1,37,362752
back,402,1498,1498,0,0,12.1,37,362752
back,402,1498,1498,0,0,12.1,37,362752
back,403,1498,1498,0,0,12.1,37,362752
back,403,1498,1498,0,0,12.1,37,362752
back,404,1498,1498,0,0,12.1,37,362752
back,404,1498,1498,0,0,12.1,37,362752
back,405,1498,1498,0,0,12.1,37,362752
back,405,1498,1498,0,0,12.1,37,362752
back,406,1498,1498,0,0,12.1,37,362752
back,406,1498,1498,0,0,12.1,37,362752
back,407,1498,1498,0,0,12.1,37,362752
back,407,1498,1498,0,0,12.1,37,362752
back,408,1498,1498,0,0,12.1,37,362752
back,408,1498,1498,0,0,12.1,37,362752
back,409,1498,1498,0,0,12.1,37,362752
back,409,1498,1498,0,0,12.1,37,362752
back,410,1498,1498,0,0,12.1,37,362752
back,410,1498,1498,0,0,12.1,37,362752
back,411,1498,1498,0,0,12.1,37,362752
back,411,1498,1498,0,0,12.1,37,362752
back,412,1498,1498,0,0,12.1,37,362752
back,412,1498,1498,0,0,12.1,37,362752
back,413,1498,1498,0,0,12.1,37,362752
back,413,1498,1498,0,0,12.1,37,362752
back,414,1498,1498,0,0,12.1,37,362752
back,414,1498,1498,0,0,12.1,37,362752
back,415,1498,1498,0,0,12.1,37,362752
back,415,1498,1498,0,0,12.1,37,362752
back,416,1498,1498,0,0,12.1,37,362752
back,416,1498,1498,0,0,12.1,37,362752
back,417,1498,1498,0,0,12.1,37,362752
back,417,1498,1498,0,0,12.1,37,362752
back,418,1498,1498,0,0,12.1,37,362752
back,418,1498,1498,0,0,12.1,37,362752
back,419,1498,1498,0,0,12.1,37,362752
back,419,1498,1498,0,0,12.1,37,362752
back,420,1498,1498,0,0,12.1,37,362752
back,420,1498,1498,0,0,12.1,37,362752
back,421,1498,1498,0,0,12.1,37,362752
back,421,1498,1498,0,0,12.1,37,362752
back,422,1498,1498,0,0,12.1,37,362752
back,422,1498,1498,0,0,12.1,37,362752
back,423,1498,1498,0,0,12.1,37,362752
back,423,1498,1498,0,0,12.1,37,362752
back,424,1498,1498,0,0,12.1,37,362752
back,424,1498,1498,0,0,12.1,37,362752
back,425,1498,1498,0,0,12.1,37,362752
back,425,1498,1498,0,0,12.1,37,362752
back,426,1498,1498,0,0,12.1,37,362752
back,426,1498,1498,0,0,12.1,37,362752
back,427,1498,1498,0,0,12.1,37,362752
back,427,1498,1498,0,0,12.1,37,362752
back,428,1498,1498,0,0,12.1,37,362752
back,428,1498,1498,0,0,12.1,37,362752
back,429,1498,1498,0,0,12.1,37,362752
back,429,1498,1498,0,0,12.1,37,362752
back,430,1498,1498,0,0,12.1,37,362752
back,430,1498,1498,0,0,12.1,37,362752
back,431,1498,1498,0,0,12.1,37,362752
back,431,1498,1498,0,0,12.1,37,362752
back,432,1498,1498,0,0,12.1,37,362752
back,432,1498,1498,0,0,12.1,37,362752
back,433,1498,1498,0,0,12.1,37,362752
back,433,1498,1498,0,0,12.1,37,362752
back,434,1498,1498,0,0,12.1,37,362752
back,434,1498,1498,0,0,12.1,37,362752
back,435,1498,1498,0,0,12.1,37,362752
back,435,1498,1498,0,0,12.1,37,362752
back,436,1498,1498,0,0,12.1,37,362752
back,436,1498,1498,0,0,12.1,37,362752
back,437,1498,1498,0,0,12.1,37,362752
back,437,1498,1498,0,0,12.1,37,362752
back,438,1498,1498,0,0,12.1,37,362752
back,438,1498,1498,0,0,12.1,37,362752
back,439,1498,1498,0,0,12.1,37,362752
back,439,1498,1498,0,0,12.1,37,362752
back,440,1498,1498,0,0,12.1,37,362752
back,440,1498,1498,0,0,12.1,37,362752
back,441,1498,1498,0,0,12.1,37,362752
back,441,1498,1498,0,0,12.1,37,362752
back,442,1498,1498,0,0,12.1,37,362752
back,442,1498,1498,0,0,12.1,37,362752
back,443,1498,1498,0,0,12.1,37,362752
back,443,1498,1498,0,0,12.1,37,362752
back,444,1498,1498,0,0,12.1,37,362752
back,444,1498,1498,0,0,12.1,37,362752
back,445,1498,1498,0,0,12.1,37,362752
back,445,1498,1498,0,0,12.1,37,362752
back,446,1498,1498,0,0,12.1,37,362752
back,446,1498,1498,0,0,12.1,37,362752
back,447,1498,1498,0,0,12.1,37,362752
back,447,1498,1498,0,0,12.1,37,362752
back,448,1498,1498,0,0,12.1,37,362752
back,448,1498,1498,0,0,12.1,37,362752
back,449,1498,1498,0,0,12.1,37,362752
back,449,1498,1498,0,0,12.1,37,362752
back,450,1498,1498,0,0,12.1,37,362752
back,450,1498,1498,0,0,12.1,37,362752
back,451,1498,1498,0,0,12.1,37,362752
back,451,1498,1498,0,0,12.1,37,362752
back,452,1498,1498,0,0,12.1,37,362752
back,452,1498,1498,0,0,12.1,37,362752
back,453,1498,1498,0,0,12.1,37,362752
back,453,1498,1498,0,0,12.1,37,362752
back,454,1498,1498,0,0,12.1,37,362752
back,454,1498,1498,0,0,12.1,37,362752
back,455,1498,1498,0,0,12.1,37,362752
back,455,1498,1498,0,0,12.1,37,362752
back,456,1498,1498,0,0,12.1,37,362752
back,456,1498,1498,0,0,12.1,37,362752
back,457,1498,1498,0,0,12.1,37,362752
back,457,1498,1498,0,0,12.1,37,362752
back,458,1498,1498,0,0,12.1,37,362752
back,458,1498,1498,0,0,12.1,37,362752
back,459,1498,1498,0,0,12.1,37,362752
back,459,1498,1498,0,0,12.1,37,362752
back,460,1498,1498,0,0,12.1,37,362752
back,460,1498,1498,0,0,12.1,37,362752
back,461,1498,1498,0,0,12.1,37,362752
back,461,1498,1498,0,0,12.1,37,362752
back,462,1498,1498,0,0,12.1,37,362752
back,462,1498,1498,0,0,12.1,37,362752
back,463,1498,1498,0,0,12.1,37,362752
back,463,1498,1498,0,0,12.1,37,362752
back,464,1498,1498,0,0,12.1,37,362752
back,464,1498,1498,0,0,12.1,37,362752
back,465,1498,1498,0,0,12.1,37,362752
back,465,1498,1498,0,0,12.1,37,362752
back,466,1498,1498,0,0,12.1,37,362752
back,466,1498,1498,0,0,12.1,37,362752
back,467,1498,1498,0,0,12.1,37,362752
back,467,1498,1498,0,0,12.1,37,362752
back,468,1498,1498,0,0,12.1,37,362752
back,468,1498,1498,0,0,12.1,37,362752
back,469,1498,1498,0,0,12.1,37,362752
back,469,1498,1498,0,0,12.1,37,362752
back,470,1498,1498,0,0,12.1,37,362752
back,470,1498,1498,0,0,12.1,37,362752
back,471,1498,1498,0,0,12.1,37,362752
back,471,1498,1498,0,0,12.1,37,362752
back,472,1498,1498,0,0,12.1,37,362752
back,472,1498,1498,0,0,12.1,37,362752
back,473,1498,1498,0,0,12.1,37,362752
back,473,1498,1498,0,0,12.1,37,362752
back,474,1498,1498,0,0,12.1,37,362752
back,474,1498,1498,0,0,12.1,37,362752
back,475,1498,1498,0,0,12.1,37,362752
back,475,1498,1498,0,0,12.1,37,362752
back,476,1498,1498,0,0,12.1,37,362752
back,476,1498,1498,0,0,12.1,37,362752
back,477,1498,1498,0,0,12.1,37,362752
back,477,1498,1498,0,0,12.1,37,362752
back,478,1498,1498,0,0,12.1,37,362752
back,478,1498,1498,0,0,12.1,37,362752
back,479,1498,1498,0,0,12.1,37,362752
back,479,1498,1498,0,0,12.1,37,362752
back,480,1498,1498,0,0,12.1,37,362752
back,480,1498,1498,0,0,12.1,37,362752
back,481,1498,1498,0,0,12.1,37,362752
back,481,1498,1498,0,0,12.1,37,362752
back,482,1498,1498,0,0,12.1,37,362752
back,482,1498,1498,0,0,12.1,37,362752
back,483,1498,1498,0,0,12.1,37,362752
back,483,1498,1498,0,0,12.1,37,362752
back,484,1498,1498,0,0,12.1,37,362752
back,484,1498,1498,0,0,12.1,37,362752
back,485,1498,1498,0,0,12.1,37,362752
back,485,1498,1498,0,0,12.1,37,362752
back,486,1498,1498,0,0,12.1,37,362752
back,486,1498,1498,0,0,12.1,37,362752
back,487,1498,1498,0,0,12.1,37,362752
back,487,1498,1498,0,0,12.1,37,362752
back,488,1498,1498,0,0,12.1,37,362752
back,488,1498,1498,0,0,12.1,37,362752
back,489,1498,1498,0,0,12.1,37,362752
back,489,1498,1498,0,0,12.1,37,362752
back,490,1498,1498,0,0,12.1,37,362752
back,490,1498,1498,0,0,12.1,37,362752
back,491,1498,1498,0,0,12.1,37,362752
back,491,1498,1498,0,0,12.1,37,362752
back,492,1498,1498,0,0,12.1,37,362752
back,492,1498,1498,0,0,12.1,37,362752
back,493,1498,1498,0,0,12.1,37,362752
back,493,1498,1498,0,0,12.1,37,362752
back,494,1498,1498,0,0,12.1,37,362752
back,494,1498,1498,0,0,12.1,37,362752
back,495,1498,1498,0,0,12.1,37,362752
back,495,1498,1498,0,0,12.1,37,362752
back,496,1498,1498,0,0,12.1,37,362752
back,496,1498,1498,0,0,12.1,37,362752
back,497,1498,1498,0,0,12.1,37,362752
back,497,1498,1498,0,0,12.1,37,362752
back,498,1498,1498,0,0,12.1,37,362752
back,498,1498,1498,0,0,12.1,37,362752
back,499,1498,1498,0,0,12.1,37,362752
back,499,1498,1498,0,0,12.1,37,362752
back,500,1498,1498,0,0,12.1,37,362752
back,500,1498,1498,0,0,12.1,37,362752
back,501,1498,1498,0,0,12.1,37,362752
back,501,1498,1498,0,0,12.1,37,362752
back,502,1498,1498,0,0,12.1,37,362752
back,502,1498,1498,0,0,12.1,37,362752
back,503,1498,1498,0,0,12.1,37,362752
back,503,1498,1498,0,0,12.1,37,362752
back,504,1498,1498,0,0,12.1,37,362752
back,504,1498,1498,0,0,12.1,37,362752
back,505,1498,1498,0,0,12.1,37,362752
back,505,1498,1498,0,0,12.1,37,362752
back,506,1498,1498,0,0,12.1,37,362752
back,506,1498,1498,0,0,12.1,37,362752
back,507,1498,1498,0,0,12.1,37,362752
back,507,1498,1498,0,0,12.1,37,362752
back,508,1498,1498,0,0,12.1,37,362752
back,508,1498,1498,0,0,12.1,37,362752
back,509,1498,1498,0,0,12.1,37,362752
back,509,1498,1498,0,0,12.1,37,362752
back,510,1498,1498,0,0,12.1,37,362752
back,510,1498,1498,0,0,12.1,37,362752
back,511,1498,1498,0,0,12.1,37,362752
back,511,1498,1498,0,0,12.1,37,362752
back,512,1498,1498,0,0,12.1,37,362752
back,512,1498,1498,0,0,12.1,37,362752
back,513,1498,1498,0,0,12.1,37,362752
back,513,1498,1498,0,0,12.1,37,362752
back,514,1498,1498,0,0,12.1,37,362752
back,514,1498,1498,0,0,12.1,37,362752
back,515,1498,1498,0,0,12.1,37,362752
back,515,1498,1498,0,0,12.1,37,362752
back,516,1498,1498,0,0,12.1,37,362752
back,516,1498,1498,0,0,12.1,37,362752
back,517,1498,1498,0,0,12.1,37,362752
back,517,1498,1498,0,0,12.1,37,362752
back,518,1498,1498,0,0,12.1,37,362752
back,518,1498,1498,0,0,12.1,37,362752
back,519,1498,1498,0,0,12.1,37,362752
back,519,1498,1498,0,0,12.1,37,362752
back,520,1498,1498,0,0,12.1,37,362752
back,520,1498,1498,0,0,12.1,37,362752
back,521,1498,1498,0,0,12.1,37,362752
back,521,1498,1498,0,0,12.1,37,362752
back,522,1498,1498,0,0,12.1,37,362752
back,522,1498,1498,0,0,12.1,37,362752
back,523,1498,1498,0,0,12.1,37,362752
back,523,1498,1498,0,0,12.1,37,362752
back,524,1498,1498,0,0,12.1,37,362752
back,524,1498,1498,0,0,12.1,37,362752
back,525,1498,1498,0,0,12.1,37,362752
back,525,1498,1498,0,0,12.1,37,362752
back,526,1498,1498,0,0,12.1,37,362752
back,526,1498,1498,0,0,12.1,37,362752
back,527,1498,1498,0,0,12.1,37,362752
back,527,1498,1498,0,0,12.1,37,362752
back,528,1498,1498,0,0,12.1,37,362752
back,528,1498,1498,0,0,12.1,37,362752
back,529,1498,1498,0,0,12.1,37,362752
back,529,1498,1498,0,0,12.1,37,362752
back,530,1498,1498,0,0,12.1,37,362752
back,530,1498,1498,0,0,12.1,37,362752
back,531,1498,1498,0,0,12.1,37,362752
back,531,1498,1498,0,0,12.1,37,362752
back,532,1498,1498,0,0,12.1,37,362752
back,532,1498,1498,0,0,12.1,37,362752
back,533,1498,1498,0,0,12.1,37,362752
back,533,1498,1498,0,0,12.1,37,362752
back,534,1498,1498,0,0,12.1,37,362752
back,534,1498,1498,0,0,12.1,37,362752
back,535,1498,1498,0,0,12.1,37,362752
back,535,1498,1498,0,0,12.1,37,362752
back,536,1498,1498,0,0,12.1,37,362752
back,536,1498,1498,0,0,12.1,37,362752
back,537,1498,1498,0,0,12.1,37,362752
back,537,1498,1498,0,0,12.1,37,362752
back,538,1498,1498,0,0,12.1,37,362752
back,538,1498,1498,0,0,12.1,37,362752
back,539,1498,1498,0,0,12.1,37,362752
back,539,1498,1498,0,0,12.1,37,362752
back,540,1498,1498,0,0,12.1,37,362752
back,540,1498,1498,0,0,12.1,37,362752
back,541,1498,1498,0,0,12.1,37,362752
back,541,1498,1498,0,0,12.1,37,362752
back,542,1498,1498,0,0,12.1,37,362752
back,542,1498,1498,0,0,12.1,37,362752
back,543,1498,1498,0,0,12.1,37,362752
back,543,1498,1498,0,0,12.1,37,362752
back,544,1498,1498,0,0,12.1,37,362752
back,544,1498,1498,0,0,12.1,37,362752
back,545,1498,1498,0,0,12.1,37,362752
back,545,1498,1498,0,0,12.1,37,362752
back,546,1498,1498,0,0,12.1,37,362752
back,546,1498,1498,0,0,12.1,37,362752
back,547,1498,1498,0,0,12.1,37,362752
back,547,1498,1498,0,0,12.1,37,362752
back,548,1498,1498,0,0,12.1,37,362752
back,548,1498,1498,0,0,12.1,37,362752
back,549,1498,1498,0,0,12.1,37,362752
back,549,1498,1498,0,0,12.1,37,362752
back,550,1498,1498,0,0,12.1,37,362752
back,550,1498,1498,0,0,12.1,37,362752
back,551,1498,1498,0,0,12.1,37,362752
back,551,1498,1498,0,0,12.1,37,362752
back,552,1498,1498,0,0,12.1,37,362752
back,552,1498,1498,0,0,12.1,37,362752
back,553,1498,1498,0,0,12.1,37,362752
back,553,1498,1498,0,0,12.1,37,362752
back,554,1498,1498,0,0,12.1,37,362752
back,554,1498,1498,0,0,12.1,37,362752
back,555,1498,1498,0,0,12.1,37,362752
back,555,1498,1498,0,0,12.1,37,362752
back,556,1498,1498,0,0,12.1,37,362752
back,556,1498,1498,0,0,12.1,37,362752
back,557,1498,1498,0,0,12.1,37,362752
back,557,1498,1498,0,0,12.1,37,362752
back,558,1498,1498,0,0,12.1,37,362752
back,558,1498,1498,0,0,12.1,37,362752
back,559,1498,1498,0,0,12.1,37,362752
back,559,1498,1498,0,0,12.1,37,362752
back,560,1498,1498,0,0,12.1,37,362752
back,560,1498,1498,0,0,12.1,37,362752
back,561,1498,1498,0,0,12.1,37,362752
back,561,1498,1498,0,0,12.1,37,362752
back,562,1498,1498,0,0,12.1,37,362752
back,562,1498,1498,0,0,12.1,37,362752
back,563,1498,1498,0,0,12.1,37,362752
back,563,1498,1498,0,0,12.1,37,362752
back,564,1498,1498,0,0,12.1,37,362752
back,564,1498,1498,0,0,12.1,37,362752
back,565,1498,1498,0,0,12.1,37,362752
back,565,1498,1498,0,0,12.1,37,362752
back,566,1498,1498,0,0,12.1,37,362752
back,566,1498,1498,0,0,12.1,37,362752
back,567,1498,1498,0,0,12.1,37,362752
back,567,1498,1498,0,0,12.1,37,362752
back,568,1498,1498,0,0,12.1,37,362752
back,568,1498,1498,0,0,12.1,37,362752
back,569,1498,1498,0,0,12.1,37,362752
back,569,1498,1498,0,0,12.1,37,362752
back,570,1498,1498,0,0,12.1,37,362752
back,570,1498,1498,0,0,12.1,37,362752
back,571,1498,1498,0,0,12.1,37,362752
back,571,1498,1498,0,0,12.1,37,362752
back,572,1498,1498,0,0,12.1,37,362752
back,572,1498,1498,0,0,12.1,37,362752
back,573,1498,1498,0,0,12.1,37,362752
back,573,1498,1498,0,0,12.1,37,362752
back,574,1498,1498,0,0,12.1,37,362752
back,574,1498,1498,0,0,12.1,37,362752
back,575,1498,1498,0,0,12.1,37,362752
back,575,1498,1498,0,0,12.1,37,362752
back,576,1498,1498,0,0,12.1,37,362752
back,576,1498,1498,0,0,12.1,37,362752
back,577,1498,1498,0,0,12.1,37,362752
back,577,1498,1498,0,0,12.1,37,362752
back,578,1498,1498,0,0,12.1,37,362752
back,578,1498,1498,0,0,12.1,37,362752
back,579,1498,1498,0,0,12.1,37,362752
back,579,1498,1498,0,0,12.1,37,362752
back,580,1498,1498,0,0,12.1,37,362752
back,580,1498,1498,0,0,12.1,37,362752
back,581,1498,1498,0,0,12.1,37,362752
back,581,1498,1498,0,0,12.1,37,362752
back,582,1498,1498,0,0,12.1,37,362752
back,582,1498,1498,0,0,12.1,37,362752
back,583,1498,1498,0,0,12.1,37,362752
back,583,1498,1498,0,0,12.1,37,362752
back,584,1498,1498,0,0,12.1,37,362752
back,584,1498,1498,0,0,12.1,37,362752
back,585,1498,1498,0,0,12.1,37,362752
back,585,1498,1498,0,0,12.1,37,362752
back,586,1498,1498,0,0,12.1,37,362752
back,586,1498,1498,0,0,12.1,37,362752
back,587,1498,1498,0,0,12.1,37,362752
back,587,1498,1498,0,0,12.1,37,362752
back,588,1498,1498,0,0,12.1,37,362752
back,588,1498,1498,0,0,12.1,37,362752
back,589,1498,1498,0,0,12.1,37,362752
back,589,1498,1498,0,0,12.1,37,362752
back,590,1498,1498,0,0,12.1,37,362752
back,590,1498,1498,0,0,12.1,37,362752
back,591,1498,1498,0,0,12.1,37,362752
back,591,1498,1498,0,0,12.1,37,362752
back,592,1498,1498,0,0,12.1,37,362752
back,592,1498,1498,0,0,12.1,37,362752
back,593,1498,1498,0,0,12.1,37,362752
back,593,1498,1498,0,0,12.1,37,362752
back,594,1498,1498,0,0,12.1,37,362752
back,594,1498,1498,0,0,12.1,37,362752
back,595,1498,1498,0,0,12.1,37,362752
back,595,1498,1498,0,0,12.1,37,362752
back,596,1498,1498,0,0,12.1,37,362752
back,596,1498,1498,0,0,12.1,37,362752
back,597,1498,1498,0,0,12.1,37,362752
back,597,1498,1498,0,0,12.1,37,362752
back,598,1498,1498,0,0,12.1,37,362752
back,598,1498,1498,0,0,12.1,37,362752
back,599,1498,1498,0,0,12.1,37,362752
back,599,1498,1498,0,0,12.1,37,362752
back,600,1498,1498,0,0,12.1,37,362752
back,600,1498,1498,0,0,12.1,37,362752
back,601,1498,1498,0,0,12.1,37,362752
back,601,1498,1498,0,0,12.1,37,362752
back,602,1498,1498,0,0,12.1,37,362752
back,602,1498,1498,0,0,12.1,37,362752
back,603,1498,1498,0,0,12.1,37,362752
back,603,1498,1498,0,0,12.1,37,362752
back,603,1498,1498,0,0,12.1,37,362752
back,604,1498,1498,0,0,12.1,37,362752
back,604,1498,1498,0,0,12.1,37,362752
back,605,1498,1498,0,0,12.1,37,362752
back,605,1498,1498,0,0,12.1,37,362752
back,606,1498,1498,0,0,12.1,37,362752
back,606,1498,1498,0,0,12.1,37,362752
back,607,1498,1498,0,0,12.1,37,362752
back,607,1498,1498,0,0,12.1,37,362752
back,608,1498,1498,0,0,12.1,37,362752
back,608,1498,1498,0,0,12.1,37,362752
back,609,1498,1498,0,0,12.1,37,362752
back,609,1498,1498,0,0,12.1,37,362752
back,609,1498,1498,0,0,12.1,37,362752
back,610,1498,1498,0,0,12.1,37,362752
back,610,1498,1498,0,0,12.1,37,362752
back,611,1498,1498,0,0,12.1,37,362752
back,611,1498,1498,0,0,12.1,37,362752
back,612,1498,1498,0,0,12.1,37,362752
back,612,1498,1498,0,0,12.1,37,362752
back,613,1498,1498,0,0,12.1,37,362752
back,613,1498,1498,0,0,12.1,37,362752
back,614,1498,1498,0,0,12.1,37,362752
back,614,1498,1498,0,0,12.1,37,362752
back,615,1498,1498,0,0,12.1,37,362752
back,615,1498,1498,0,0,12.1,37,362752
back,616,1498,1498,0,0,12.1,37,362752
back,616,1498,1498,0,0,12.1,37,362752
back,617,1498,1498,0,0,12.1,37,362752
back,617,1498,1498,0,0,12.1,37,362752
back,618,1498,1498,0,0,12.1,37,362752
back,618,1498,1498,0,0,12.1,37,362752
back,619,1498,1498,0,0,12.1,37,362752
back,619,1498,1498,0,0,12.1,37,362752
back,620,1498,1498,0,0,12.1,37,362752
back,620,1498,1498,0,0,12.1,37,362752
back,621,1498,1498,0,0,12.1,37,362752
back,621,1498,1498,0,0,12.1,37,362752
back,622,1498,1498,0,0,12.1,37,362752
back,622,1498,1498,0,0,12.1,37,362752
back,623,1498,1498,0,0,12.1,37,362752
back,623,1498,1498,0,0,12.1,37,362752
back,624,1498,1498,0,0,12.1,37,362752
back,624,1498,1498,0,0,12.1,37,362752
back,625,1498,1498,0,0,12.1,37,362752
back,625,1498,1498,0,0,12.1,37,362752
back,626,1498,1498,0,0,12.1,37,362752
back,626,1498,1498,0,0,12.1,37,362752
back,627,1498,1498,0,0,12.1,37,362752
back,627,1498,1498,0,0,12.1,37,362752
back,628,1498,1498,0,0,12.1,37,362752
back,628,1498,1498,0,0,12.1,37,362752
back,629,1498,1498,0,0,12.1,37,362752
back,629,1498,1498,0,0,12.1,37,362752
back,630,1498,1498,0,0,12.1,37,362752
back,630,1498,1498,0,0,12.1,37,362752
back,631,1498,1498,0,0,12.1,37,362752
back,631,1498,1498,0,0,12.1,37,362752
back,632,1498,1498,0,0,12.1,37,362752
back,632,1498,1498,0,0,12.1,37,362752
back,633,1498,1498,0,0,12.1,37,362752
back,633,1498,1498,0,0,12.1,37,362752
back,634,1498,1498,0,0,12.1,37,362752
back,634,1498,1498,0,0,12.1,37,362752
back,635,1498,1498,0,0,12.1,37,362752
back,635,1498,1498,0,0,12.1,37,362752
back,636,1498,1498,0,0,12.1,37,362752
back,636,1498,1498,0,0,12.1,37,362752
back,637,1498,1498,0,0,12.1,37,362752
back,637,1498,1498,0,0,12.1,37,362752
back,638,1498,1498,0,0,12.1,37,362752
back,638,1498,1498,0,0,12.1,37,362752
back,639,1498,1498,0,0,12.1,37,362752
back,639,1498,1498,0,0,12.1,37,362752
back,640,1498,1498,0,0,12.1,37,362752
back,640,1498,1498,0,0,12.1,37,362752
back,641,1498,1498,0,0,12.1,37,362752
back,641,1498,1498,0,0,12.1,37,362752
back,642,1498,1498,0,0,12.1,37,362752
back,642,1498,1498,0,0,12.1,37,362752
back,643,1498,1498,0,0,12.1,37,362752
back,643,1498,1498,0,0,12.1,37,362752
back,644,1498,1498,0,0,12.1,37,362752
back,644,1498,1498,0,0,12.1,37,362752
back,645,1498,1498,0,0,12.1,37,362752
back,645,1498,1498,0,0,12.1,37,362752
back,646,1498,1498,0,0,12.1,37,362752
back,646,1498,1498,0,0,12.1,37,362752
back,647,1498,1498,0,0,12.1,37,362752
back,647,1498,1498,0,0,12.1,37,362752
back,648,1498,1498,0,0,12.1,37,362752
back,648,1498,1498,0,0,12.1,37,362752
back,649,1498,1498,0,0,12.1,37,362752
back,649,1498,1498,0,0,12.1,37,362752
back,650,1498,1498,0,0,12.1,37,362752
back,650,1498,1498,0,0,12.1,37,362752
back,651,1498,1498,0,0,12.1,37,362752
back,651,1498,1498,0,0,12.1,37,362752
back,652,1498,1498,0,0,12.1,37,362752
back,652,1498,1498,0,0,12.1,37,362752
back,653,1498,1498,0,0,12.1,37,362752
back,653,1498,1498,0,0,12.1,37,362752
back,657,1498,1498,0,0,12.1,37,362752
back,657,1498,1498,0,0,12.1,37,362752
back,658,1498,1498,0,0,12.1,37,362752
back,658,1498,1498,0,0,12.1,37,362752
back,659,1498,1498,0,0,12.1,37,362752
back,659,1498,1498,0,0,12.1,37,362752
back,660,1498,1498,0,0,12.1,37,362752
back,660,1498,1498,0,0,12.1,37,362752
back,661,1498,1498,0,0,12.1,37,362752
back,661,1498,1498,0,0,12.1,37,362752
back,662,1498,1498,0,0,12.1,37,362752
back,662,1498,1498,0,0,12.1,37,362752
back,663,1498,1498,0,0,12.1,37,362752
back,663,1498,1498,0,0,12.1,37,362752
back,664,1498,1498,0,0,12.1,37,362752
back,664,1498,1498,0,0,12.1,37,362752
back,665,1498,1498,0,0,12.1,37,362752
back,665,1498,1498,0,0,12.1,37,362752
back,666,1498,1498,0,0,12.1,37,362752
back,666,1498,1498,0,0,12.1,37,362752
back,667,1498,1498,0,0,12.1,37,362752
back,667,1498,1498,0,0,12.1,37,362752
back,668,1498,1498,0,0,12.1,37,362752
back,668,1498,1498,0,0,12.1,37,362752
back,669,1498,1498,0,0,12.1,37,362752
back,669,1498,1498,0,0,12.1,37,362752
back,670,1498,1498,0,0,12.1,37,362752
back,670,1498,1498,0,0,12.1,37,362752
back,671,1498,1498,0,0,12.1,37,362752
back,671,1498,1498,0,0,12.1,37,362752
back,672,1498,1498,0,0,12.1,37,362752
back,672,1498,1498,0,0,12.1,37,362752
back,673,1498,1498,0,0,12.1,37,362752
back,673,1498,1498,0,0,12.1,37,362752
back,674,1498,1498,0,0,12.1,37,362752
back,674,1498,1498,0,0,12.1,37,362752
back,675,1498,1498,0,0,12.1,37,362752
back,675,1498,1498,0,0,12.1,37,362752
back,676,1498,1498,0,0,12.1,37,362752
back,676,1498,1498,0,0,12.1,37,362752
back,677,1498,1498,0,0,12.1,37,362752
back,677,1498,1498,0,0,12.1,37,362752
back,678,1498,1498,0,0,12.1,37,362752
back,678,1498,1498,0,0,12.1,37,362752
back,679,1498,1498,0,0,12.1,37,362752
back,679,1498,1498,0,0,12.1,37,362752
back,680,1498,1498,0,0,12.1,37,362752
back,680,1498,1498,0,0,12.1,37,362752
back,681,1498,1498,0,0,12.1,37,362752
back,681,1498,1498,0,0,12.1,37,362752
back,682,1498,1498,0,0,12.1,37,362752
back,682,1498,1498,0,0,12.1,37,362752
back,683,1498,1498,0,0,12.1,37,362752
back,683,1498,1498,0,0,12.1,37,362752
back,684,1498,1498,0,0,12.1,37,362752
back,684,1498,1498,0,0,12.1,37,362752
back,685,1498,1498,0,0,12.1,37,362752
back,685,1498,1498,0,0,12.1,37,362752
back,686,1498,1498,0,0,12.1,37,362752
back,686,1498,1498,0,0,12.1,37,362752
back,687,1498,1498,0,0,12.1,37,362752
back,687,1498,1498,0,0,12.1,37,362752
back,688,1498,1498,0,0,12.1,37,362752
back,688,1498,1498,0,0,12.1,37,362752
back,689,1498,1498,0,0,12.1,37,362752
back,689,1498,1498,0,0,12.1,37,362752
back,690,1498,1498,0,0,12.1,37,362752
back,690,1498,1498,0,0,12.1,37,362752
back,691,1498,1498,0,0,12.1,37,362752
back,691,1498,1498,0,0,12.1,37,362752
back,692,1498,1498,0,0,12.1,37,362752
back,692,1498,1498,0,0,12.1,37,362752
back,693,1498,1498,0,0,12.1,37,362752
back,693,1498,1498,0,0,12.1,37,362752
back,694,1498,1498,0,0,12.1,37,362752
back,694,1498,1498,0,0,12.1,37,362752
back,695,1498,1498,0,0,12.1,37,362752
back,695,1498,1498,0,0,12.1,37,362752
back,696,1498,1498,0,0,12.1,37,362752
back,696,1498,1498,0,0,12.1,37,362752
back,697,1498,1498,0,0,12.1,37,362752
back,697,1498,1498,0,0,12.1,37,362752
back,698,1498,1498,0,0,12.1,37,362752
back,698,1498,1498,0,0,12.1,37,362752
back,699,1498,1498,0,0,12.1,37,362752
back,699,1498,1498,0,0,12.1,37,362752
back,700,1498,1498,0,0,12.1,37,362752
back,700,1498,1498,0,0,12.1,37,362752
back,701,1498,1498,0,0,12.1,37,362752
back,701,1498,1498,0,0,12.1,37,362752
back,702,1498,1498,0,0,12.1,37,362752
back,702,1498,1498,0,0,12.1,37,362752
back,703,1498,1498,0,0,12.1,37,362752
back,703,1498,1498,0,0,12.1,37,362752
back,704,1498,1498,0,0,12.1,37,362752
back,704,1498,1498,0,0,12.1,37,362752
back,705,1498,1498,0,0,12.1,37,362752
back,705,1498,1498,0,0,12.1,37,362752
back,706,1498,1498,0,0,12.1,37,362752
back,706,1498,1498,0,0,12.1,37,362752
back,707,1498,1498,0,0,12.1,37,362752
back,707,1498,1498,0,0,12.1,37,362752
back,708,1498,1498,0,0,12.1,37,362752
back,708,1498,1498,0,0,12.1,37,362752
back,709,1498,1498,0,0,12.1,37,362752
back,709,1498,1498,0,0,12.1,37,362752
back,710,1498,1498,0,0,12.1,37,362752
back,710,1498,1498,0,0,12.1,37,362752
back,711,1498,1498,0,0,12.1,37,362752
back,711,1498,1498,0,0,12.1,37,362752
back,712,1498,1498,0,0,12.1,37,362752
back,712,1498,1498,0,0,12.1,37,362752
back,713,1498,1498,0,0,12.1,37,362752
back,713,1498,1498,0,0,12.1,37,362752
back,714,1498,1498,0,0,12.1,37,362752
back,714,1498,1498,0,0,12.1,37,362752
back,715,1498,1498,0,0,12.1,37,362752
back,715,1498,1498,0,0,12.1,37,362752
back,716,1498,1498,0,0,12.1,37,362752
back,716,1498,1498,0,0,12.1,37,362752
back,717,1498,1498,0,0,12.1,37,362752
back,717,1498,1498,0,0,12.1,37,362752
back,718,1498,1498,0,0,12.1,37,362752
back,718,1498,1498,0,0,12.1,37,362752
back,719,1498,1498,0,0,12.1,37,362752
back,719,1498,1498,0,0,12.1,37,362752
back,720,1498,1498,0,0,12.1,37,362752
back,720,1498,1498,0,0,12.1,37,362752
back,721,1498,1498,0,0,12.1,37,362752
back,721,1498,1498,0,0,12.1,37,362752
back,722,1498,1498,0,0,12.1,37,362752
back,722,1498,1498,0,0,12.1,37,362752
back,723,1498,1498,0,0,12.1,37,362752
back,723,1498,1498,0,0,12.1,37,362752
back,724,1498,1498,0,0,12.1,37,362752
back,724,1498,1498,0,0,12.1,37,362752
back,725,1498,1498,0,0,12.1,37,362752
back,725,1498,1498,0,0,12.1,37,362752
back,726,1498,1498,0,0,12.1,37,362752
back,726,1498,1498,0,0,12.1,37,362752
back,727,1498,1498,0,0,12.1,37,362752
back,727,1498,1498,0,0,12.1,37,362752
back,728,1498,1498,0,0,12.1,37,362752
back,728,1498,1498,0,0,12.1,37,362752
back,729,1498,1498,0,0,12.1,37,362752
back,729,1498,1498,0,0,12.1,37,362752
back,730,1498,1498,0,0,12.1,37,362752
back,730,1498,1498,0,0,12.1,37,362752
back,731,1498,1498,0,0,12.1,37,362752
back,731,1498,1498,0,0,12.1,37,362752
back,732,1498,1498,0,0,12.1,37,362752
back,732,1498,1498,0,0,12.1,37,362752
back,733,1498,1498,0,0,12.1,37,362752
back,733,1498,1498,0,0,12.1,37,362752
back,734,1498,1498,0,0,12.1,37,362752
back,734,1498,1498,0,0,12.1,37,362752
back,735,1498,1498,0,0,12.1,37,362752
back,735,1498,1498,0,0,12.1,37,362752
back,736,1498,1498,0,0,12.1,37,362752
back,736,1498,1498,0,0,12.1,37,362752
back,737,1498,1498,0,0,12.1,37,362752
back,737,1498,1498,0,0,12.1,37,362752
back,738,1498,1498,0,0,12.1,37,362752
back,738,1498,1498,0,0,12.1,37,362752
back,739,1498,1498,0,0,12.1,37,362752
back,739,1498,1498,0,0,12.1,37,362752
back,740,1498,1498,0,0,12.1,37,362752
back,740,1498,1498,0,0,12.1,37,362752
back,741,1498,1498,0,0,12.1,37,362752
back,741,1498,1498,0,0,12.1,37,362752
back,742,1498,1498,0,0,12.1,37,362752
back,742,1498,1498,0,0,12.1,37,362752
back,743,1498,1498,0,0,12.1,37,362752
back,743,1498,1498,0,0,12.1,37,362752
back,744,1498,1498,0,0,12.1,37,362752
back,744,1498,1498,0,0,12.1,37,362752
back,745,1498,1498,0,0,12.1,37,362752
back,745,1498,1498,0,0,12.1,37,362752
back,746,1498,1498,0,0,12.1,37,362752
back,746,1498,1498,0,0,12.1,37,362752
back,747,1498,1498,0,0,12.1,37,362752
back,747,1498,1498,0,0,12.1,37,362752
back,748,1498,1498,0,0,12.1,37,362752
back,748,1498,1498,0,0,12.1,37,362752
back,749,1498,1498,0,0,12.1,37,362752
back,749,1498,1498,0,0,12.1,37,362752
back,750,1498,1498,0,0,12.1,37,362752
back,750,1498,1498,0,0,12.1,37,362752
back,751,1498,1498,0,0,12.1,37,362752
back,751,1498,1498,0,0,12.1,37,362752
back,752,1498,1498,0,0,12.1,37,362752
back,752,1498,1498,0,0,12.1,37,362752
back,753,1498,1498,0,0,12.1,37,362752
back,753,1498,1498,0,0,12.1,37,362752
back,754,1498,1498,0,0,12.1,37,362752
back,754,1498,1498,0,0,12.1,37,362752
back,755,1498,1498,0,0,12.1,37,362752
back,755,1498,1498,0,0,12.1,37,362752
back,756,1498,1498,0,0,12.1,37,362752
back,756,1498,1498,0,0,12.1,37,362752
back,757,1498,1498,0,0,12.1,37,362752
back,757,1498,1498,0,0,12.1,37,362752
back,758,1498,1498,0,0,12.1,37,362752
back,758,1498,1498,0,0,12.1,37,362752
back,759,1498,1498,0,0,12.1,37,362752
back,759,1498,1498,0,0,12.1,37,362752
back,760,1498,1498,0,0,12.1,37,362752
back,760,1498,1498,0,0,12.1,37,362752
back,761,1498,1498,0,0,12.1,37,362752
back,761,1498,1498,0,0,12.1,37,362752
back,762,1498,1498,0,0,12.1,37,362752
back,762,1498,1498,0,0,12.1,37,362752
back,763,1498,1498,0,0,12.1,37,362752
back,763,1498,1498,0,0,12.1,37,362752
back,764,1498,1498,0,0,12.1,37,362752
back,764,1498,1498,0,0,12.1,37,362752
back,765,1498,1498,0,0,12.1,37,362752
back,765,1498,1498,0,0,12.1,37,362752
back,766,1498,1498,0,0,12.1,37,362752
back,766,1498,1498,0,0,12.1,37,362752
back,767,1498,1498,0,0,12.1,37,362752
back,767,1498,1498,0,0,12.1,37,362752
back,768,1498,1498,0,0,12.1,37,362752
back,768,1498,1498,0,0,12.1,37,362752
back,769,1498,1498,0,0,12.1,37,362752
back,769,1498,1498,0,0,12.1,37,362752
back,770,1498,1498,0,0,12.1,37,362752
back,770,1498,1498,0,0,12.1,37,362752
back,771,1498,1498,0,0,12.1,37,362752
back,771,1498,1498,0,0,12.1,37,362752
back,772,1498,1498,0,0,12.1,37,362752
back,772,1498,1498,0,0,12.1,37,362752
back,773,1498,1498,0,0,12.1,37,362752
back,773,1498,1498,0,0,12.1,37,362752
back,774,1498,1498,0,0,12.1,37,362752
back,774,1498,1498,0,0,12.1,37,362752
back,775,1498,1498,0,0,12.1,37,362752
back,775,1498,1498,0,0,12.1,37,362752
back,776,1498,1498,0,0,12.1,37,362752
back,776,1498,1498,0,0,12.1,37,362752
back,777,1498,1498,0,0,12.1,37,362752
back,777,1498,1498,0,0,12.1,37,362752
back,778,1498,1498,0,0,12.1,37,362752
back,778,1498,1498,0,0,12.1,37,362752
back,779,1498,1498,0,0,12.1,37,362752
back,779,1498,1498,0,0,12.1,37,362752
back,780,1498,1498,0,0,12.1,37,362752
back,780,1498,1498,0,0,12.1,37,362752
back,781,1498,1498,0,0,12.1,37,362752
back,781,1498,1498,0,0,12.1,37,362752
back,782,1498,1498,0,0,12.1,37,362752
back,782,1498,1498,0,0,12.1,37,362752
back,783,1498,1498,0,0,12.1,37,362752
back,783,1498,1498,0,0,12.1,37,362752
back,784,1498,1498,0,0,12.1,37,362752
back,784,1498,1498,0,0,12.1,37,362752
back,785,1498,1498,0,0,12.1,37,362752
back,785,1498,1498,0,0,12.1,37,362752
back,786,1498,1498,0,0,12.1,37,362752
back,786,1498,1498,0,0,12.1,37,362752
back,787,1498,1498,0,0,12.1,37,362752
back,787,1498,1498,0,0,12.1,37,362752
back,788,1498,1498,0,0,12.1,37,362752
back,788,1498,1498,0,0,12.1,37,362752
back,789,1498,1498,0,0,12.1,37,362752
back,789,1498,1498,0,0,12.1,37,362752
back,790,1498,1498,0,0,12.1,37,362752
back,790,1498,1498,0,0,12.1,37,362752
back,791,1498,1498,0,0,12.1,37,362752
back,791,1498,1498,0,0,12.1,37,362752
back,792,1498,1498,0,0,12.1,37,362752
back,792,1498,1498,0,0,12.1,37,362752
back,793,1498,1498,0,0,12.1,37,362752
back,793,1498,1498,0,0,12.1,37,362752
back,794,1498,1498,0,0,12.1,37,362752
back,794,1498,1498,0,0,12.1,37,362752
back,795,1498,1498,0,0,12.1,37,362752
back,795,1498,1498,0,0,12.1,37,362752
back,796,1498,1498,0,0,12.1,37,362752
back,796,1498,1498,0,0,12.1,37,362752
back,797,1498,1498,0,0,12.1,37,362752
back,797,1498,1498,0,0,12.1,37,362752
back,798,1498,1498,0,0,12.1,37,362752
back,798,1498,1498,0,0,12.1,37,362752
back,799,1498,1498,0,0,12.1,37,362752
back,799,1498,1498,0,0,12.1,37,362752
back,800,1498,1498,0,0,12.1,37,362752
back,800,1498,1498,0,0,12.1,37,362752
back,801,1498,1498,0,0,12.1,37,362752
back,801,1498,1498,0,0,12.1,37,362752
back,802,1498,1498,0,0,12.1,37,362752
back,802,1498,1498,0,0,12.1,37,362752
back,803,1498,1498,0,0,12.1,37,362752
back,803,1498,1498,0,0,12.1,37,362752
back,804,1498,1498,0,0,12.1,37,362752
back,804,1498,1498,0,0,12.1,37,362752
back,805,1498,1498,0,0,12.1,37,362752
back,805,1498,1498,0,0,12.1,37,362752
back,806,1498,1498,0,0,12.1,37,362752
back,806,1498,1498,0,0,12.1,37,362752
back,807,1498,1498,0,0,12.0,37,362752
back,807,1498,1498,0,0,12.0,37,362752
back,808,1498,1498,0,0,12.1,37,362752
back,808,1498,1498,0,0,12.0,37,362752
back,809,1498,1498,0,0,12.0,37,362752
back,809,1498,1498,0,0,12.1,37,362752
back,810,1498,1498,0,0,12.1,37,362752
back,810,1498,1498,0,0,12.1,37,362752
back,811,1498,1498,0,0,12.1,37,362752
back,811,1498,1498,0,0,12.1,37,362752
back,812,1498,1498,0,0,12.1,37,362752
back,812,1498,1498,0,0,12.1,37,362752
back,813,1498,1498,0,0,12.1,37,362752
back,813,1498,1498,0,0,12.1,37,362752
back,814,1498,1498,0,0,12.1,37,362752
back,814,1498,1498,0,0,12.1,37,362752
back,815,1498,1498,0,0,12.1,37,362752
back,815,1498,1498,0,0,12.1,37,362752
back,816,1498,1498,0,0,12.1,37,362752
back,816,1498,1498,0,0,12.1,37,362752
back,817,1498,1498,0,0,12.1,37,362752
back,817,1498,1498,0,0,12.1,37,362752
back,818,1498,1498,0,0,12.1,37,362752
back,818,1498,1498,0,0,12.1,37,362752
back,819,1498,1498,0,0,12.1,37,362752
back,819,1498,1498,0,0,12.1,37,362752
back,820,1498,1498,0,0,12.1,37,362752
back,820,1498,1498,0,0,12.1,37,362752
back,821,1498,1498,0,0,12.1,37,362752
back,821,1498,1498,0,0,12.1,37,362752
back,822,1498,1498,0,0,12.1,37,362752
back,822,1498,1498,0,0,12.1,37,362752
back,823,1498,1498,0,0,12.1,37,362752
back,823,1498,1498,0,0,12.1,37,362752
back,824,1498,1498,0,0,12.1,37,362752
back,824,1498,1498,0,0,12.1,37,362752
back,825,1498,1498,0,0,12.1,37,362752
back,825,1498,1498,0,0,12.1,37,362752
back,826,1498,1498,0,0,12.1,37,362752
back,826,1498,1498,0,0,12.1,37,362752
back,827,1498,1498,0,0,12.1,37,362752
back,827,1498,1498,0,0,12.1,37,362752
back,828,1498,1498,0,0,12.1,37,362752
back,828,1498,1498,0,0,12.1,37,362752
back,829,1498,1498,0,0,12.1,37,362752
back,829,1498,1498,0,0,12.1,37,362752
back,830,1498,1498,0,0,12.1,37,362752
back,830,1498,1498,0,0,12.1,37,362752
back,831,1498,1498,0,0,12.1,37,362752
back,831,1498,1498,0,0,12.1,37,362752
back,832,1498,1498,0,0,12.1,37,362752
back,832,1498,1498,0,0,12.1,37,362752
back,833,1498,1498,0,0,12.1,37,362752
back,833,1498,1498,0,0,12.1,37,362752
back,834,1498,1498,0,0,12.1,37,362752
back,834,1498,1498,0,0,12.1,37,362752
back,835,1498,1498,0,0,12.1,37,362752
back,835,1498,1498,0,0,12.1,37,362752
back,836,1498,1498,0,0,12.1,37,362752
back,836,1498,1498,0,0,12.1,37,362752
back,837,1498,1498,0,0,12.1,37,362752
back,837,1498,1498,0,0,12.1,37,362752
back,838,1498,1498,0,0,12.1,37,362752
back,838,1498,1498,0,0,12.1,37,362752
back,839,1498,1498,0,0,12.1,37,362752
back,839,1498,1498,0,0,12.1,37,362752
back,840,1498,1498,0,0,12.1,37,362752
back,840,1498,1498,0,0,12.1,37,362752
back,841,1498,1498,0,0,12.1,37,362752
back,841,1498,1498,0,0,12.1,37,362752
back,842,1498,1498,0,0,12.1,37,362752
back,842,1498,1498,0,0,12.1,37,362752
back,843,1498,1498,0,0,12.1,37,362752
back,843,1498,1498,0,0,12.1,37,362752
back,844,1498,1498,0,0,12.1,37,362752
back,844,1498,1498,0,0,12.1,37,362752
back,845,1498,1498,0,0,12.1,37,362752
back,845,1498,1498,0,0,12.1,37,362752
back,846,1498,1498,0,0,12.1,37,362752
back,846,1498,1498,0,0,12.1,37,362752
back,847,1498,1498,0,0,12.1,37,362752
back,847,1498,1498,0,0,11.9,37,362752
back,848,1498,1498,0,0,11.9,37,362752
back,848,1498,1498,0,0,12.1,37,362752
back,849,1498,1498,0,0,12.1,37,362752
back,849,1498,1498,0,0,12.1,37,362752
back,850,1498,1498,0,0,12.1,37,362752
back,850,1498,1498,0,0,12.1,37,362752
back,851,1498,1498,0,0,12.1,37,362752
back,851,1498,1498,0,0,12.1,37,362752
back,852,1498,1498,0,0,12.1,37,362752
back,852,1498,1498,0,0,12.1,37,362752
back,853,1498,1498,0,0,12.1,37,362752
back,853,1498,1498,0,0,12.1,37,362752
back,854,1498,1498,0,0,12.1,37,362752
back,854,1498,1498,0,0,12.1,37,362752
back,855,1498,1498,0,0,12.1,37,362752
back,855,1498,1498,0,0,12.1,37,362752
back,856,1498,1498,0,0,12.1,37,362752
back,856,1498,1498,0,0,12.1,37,362752
back,857,1498,1498,0,0,12.1,37,362752
back,857,1498,1498,0,0,12.1,37,362752
back,858,1498,1498,0,0,12.1,37,362752
back,858,1498,1498,0,0,12.1,37,362752
back,859,1498,1498,0,0,12.1,37,362752
back,859,1498,1498,0,0,12.1,37,362752
back,859,1498,1498,0,0,12.1,37,362752
back,860,1498,1498,0,0,12.1,37,362752
back,860,1498,1498,0,0,12.1,37,362752
back,861,1498,1498,0,0,12.1,37,362752
back,861,1498,1498,0,0,12.1,37,362752
back,862,1498,1498,0,0,12.1,37,362752
back,862,1498,1498,0,0,12.1,37,362752
back,863,1498,1498,0,0,12.1,37,362752
back,863,1498,1498,0,0,12.1,37,362752
back,864,1498,1498,0,0,12.1,37,362752
back,864,1498,1498,0,0,12.1,37,362752
back,865,1498,1498,0,0,12.1,37,362752
back,865,1498,1498,0,0,12.1,37,362752
back,866,1498,1498,0,0,12.1,37,362752
back,866,1498,1498,0,0,12.1,37,362752
back,867,1498,1498,0,0,12.1,37,362752
back,867,1498,1498,0,0,12.1,37,362752
back,868,1498,1498,0,0,12.1,37,362752
back,868,1498,1498,0,0,12.1,37,362752
back,869,1498,1498,0,0,12.1,37,362752
back,869,1498,1498,0,0,12.1,37,362752
back,870,1498,1498,0,0,12.1,37,362752
back,870,1498,1498,0,0,12.1,37,362752
back,871,1498,1498,0,0,12.1,37,362752
back,871,1498,1498,0,0,12.1,37,362752
back,872,1498,1498,0,0,12.1,37,362752
back,872,1498,1498,0,0,12.1,37,362752
back,873,1498,1498,0,0,12.1,37,362752
back,873,1498,1498,0,0,12.1,37,362752
back,874,1498,1498,0,0,12.1,37,362752
back,874,1498,1498,0,0,12.1,38,362752
back,874,1498,1498,0,0,12.1,38,362752
back,875,1498,1498,0,0,12.1,37,362752
back,875,1498,1498,0,0,12.1,37,362752
back,876,1498,1498,0,0,12.1,37,362752
back,876,1498,1498,0,0,12.1,37,362752
back,877,1498,1498,0,0,12.1,37,362752
back,877,1498,1498,0,0,12.1,37,362752
back,878,1498,1498,0,0,12.1,37,362752
back,878,1498,1498,0,0,12.1,37,362752
back,879,1498,1498,0,0,12.1,37,362752
back,879,1498,1498,0,0,12.1,37,362752
back,880,1498,1498,0,0,12.1,37,362752
back,880,1498,1498,0,0,12.1,37,362752
back,880,1498,1498,0,0,12.1,37,362752
back,881,1498,1498,0,0,12.1,37,362752
back,881,1498,1498,0,0,12.1,37,362752
back,882,1498,1498,0,0,12.1,37,362752
back,882,1498,1498,0,0,12.1,37,362752
back,883,1498,1498,0,0,12.1,37,362752
back,883,1498,1498,0,0,12.1,37,362752
back,884,1498,1498,0,0,12.1,37,362752
back,884,1498,1498,0,0,12.1,37,362752
back,885,1498,1498,0,0,12.1,37,362752
back,885,1498,1498,0,0,12.1,37,362752
back,886,1498,1498,0,0,12.1,37,362752
back,886,1498,1498,0,0,12.1,37,362752
back,887,1498,1498,0,0,12.1,37,362752
back,888,1498,1498,0,0,12.1,37,362752
back,888,1498,1498,0,0,12.1,37,362752
back,889,1498,1498,0,0,12.1,37,362752
back,889,1498,1498,0,0,12.1,37,362752
back,889,1498,1498,0,0,12.1,37,362752
back,890,1498,1498,0,0,12.1,37,362752
back,890,1498,1498,0,0,12.1,37,362752
back,891,1498,1498,0,0,12.1,37,362752
back,891,1498,1498,0,0,12.1,37,362752
back,892,1498,1498,0,0,12.1,37,362752
back,892,1498,1498,0,0,12.1,37,362752
back,893,1498,1498,0,0,12.1,37,362752
back,893,1498,1498,0,0,12.1,37,362752
back,894,1498,1498,0,0,12.1,37,362752
back,894,1498,1498,0,0,12.1,37,362752
back,895,1498,1498,0,0,12.1,37,362752
back,895,1498,1498,0,0,12.1,37,362752
back,896,1498,1498,0,0,12.1,37,362752
back,896,1498,1498,0,0,12.1,37,362752
back,897,1498,1498,0,0,12.1,37,362752
back,897,1498,1498,0,0,12.1,37,362752
back,898,1498,1498,0,0,12.1,37,362752
back,898,1498,1498,0,0,12.1,37,362752
back,899,1498,1498,0,0,12.1,37,362752
back,899,1498,1498,0,0,12.1,37,362752
back,900,1498,1498,0,0,12.1,37,362752
back,900,1498,1498,0,0,12.1,37,362752
back,901,1498,1498,0,0,12.1,37,362752
back,901,1498,1498,0,0,12.1,37,362752
back,902,1498,1498,0,0,12.0,37,362752
back,902,1498,1498,0,0,12.0,37,362752
back,903,1498,1498,0,0,12.1,37,362752
back,903,1498,1498,0,0,12.1,37,362752
back,904,1498,1498,0,0,12.1,37,362752
back,904,1498,1498,0,0,12.1,37,362752
back,905,1498,1498,0,0,12.1,37,362752
back,905,1498,1498,0,0,12.1,37,362752
back,906,1498,1498,0,0,12.1,37,362752
back,906,1498,1498,0,0,12.1,37,362752
back,907,1498,1498,0,0,12.1,37,362752
back,907,1498,1498,0,0,12.1,37,362752
back,908,1498,1498,0,0,12.1,37,362752
back,908,1498,1498,0,0,12.1,37,362752
back,909,1498,1498,0,0,12.1,37,362752
back,909,1498,1498,0,0,12.1,37,362752
back,910,1498,1498,0,0,12.1,37,362752
back,910,1498,1498,0,0,12.1,37,362752
back,911,1498,1498,0,0,12.1,37,362752
back,911,1498,1498,0,0,12.1,37,362752
back,912,1498,1498,0,0,12.1,37,362752
back,912,1498,1498,0,0,12.1,37,362752
back,913,1498,1498,0,0,12.1,37,362752
back,913,1498,1498,0,0,12.1,37,362752
back,914,1498,1498,0,0,12.1,37,362752
back,914,1498,1498,0,0,12.1,37,362752
back,915,1498,1498,0,0,12.1,37,362752
back,915,1498,1498,0,0,12.1,37,362752
back,916,1498,1498,0,0,12.1,37,362752
back,916,1498,1498,0,0,12.1,37,362752
back,917,1498,1498,0,0,12.1,37,362752
back,917,1498,1498,0,0,12.1,37,362752
back,918,1498,1498,0,0,12.1,37,362752
back,918,1498,1498,0,0,12.1,37,362752
back,919,1498,1498,0,0,12.1,37,362752
back,919,1498,1498,0,0,12.1,37,362752
back,920,1498,1498,0,0,12.1,37,362752
back,920,1498,1498,0,0,12.1,37,362752
back,921,1498,1498,0,0,12.1,37,362752
back,921,1498,1498,0,0,12.1,37,362752
back,922,1498,1498,0,0,12.1,37,362752
back,922,1498,1498,0,0,12.1,37,362752
back,923,1498,1498,0,0,12.1,37,362752
back,923,1498,1498,0,0,12.1,37,362752
back,924,1498,1498,0,0,12.1,37,362752
back,924,1498,1498,0,0,12.1,37,362752
back,925,1498,1498,0,0,12.1,37,362752
back,925,1498,1498,0,0,12.1,37,362752
back,926,1498,1498,0,0,12.1,37,362752
back,926,1498,1498,0,0,12.1,37,362752
back,927,1498,1498,0,0,12.1,37,362752
back,927,1498,1498,0,0,12.1,37,362752
back,928,1498,1498,0,0,12.1,37,362752
back,928,1498,1498,0,0,12.1,37,362752
back,929,1498,1498,0,0,12.1,37,362752
back,929,1498,1498,0,0,12.1,37,362752
back,930,1498,1498,0,0,12.1,37,362752
back,930,1498,1498,0,0,12.1,37,362752
back,931,1498,1498,0,0,12.1,37,362752
back,931,1498,1498,0,0,12.1,37,362752
back,932,1498,1498,0,0,12.1,37,362752
back,932,1498,1498,0,0,12.1,37,362752
back,933,1498,1498,0,0,12.1,37,362752
back,933,1498,1498,0,0,12.1,37,362752
back,934,1498,1498,0,0,12.1,37,362752
back,934,1498,1498,0,0,12.1,37,362752
back,935,1498,1498,0,0,12.1,37,362752
back,935,1498,1498,0,0,12.1,37,362752
back,936,1498,1498,0,0,12.1,37,362752
back,936,1498,1498,0,0,12.1,37,362752
back,937,1498,1498,0,0,12.1,37,362752
back,937,1498,1498,0,0,12.1,37,362752
back,938,1498,1498,0,0,12.1,37,362752
back,938,1498,1498,0,0,12.0,37,362752
back,939,1498,1498,0,0,12.0,37,362752
back,939,1498,1498,0,0,12.1,37,362752
back,940,1498,1498,0,0,12.1,37,362752
back,940,1498,1498,0,0,12.1,37,362752
back,941,1498,1498,0,0,12.1,37,362752
back,941,1498,1498,0,0,12.1,37,362752
back,942,1498,1498,0,0,12.1,37,362752
back,942,1498,1498,0,0,12.1,37,362752
back,943,1498,1498,0,0,12.1,37,362752
back,943,1498,1498,0,0,12.1,37,362752
back,944,1498,1498,0,0,12.1,37,362752
back,944,1498,1498,0,0,12.1,37,362752
back,945,1498,1498,0,0,12.1,37,362752
back,945,1498,1498,0,0,12.1,37,362752
back,946,1498,1498,0,0,12.1,37,362752
back,946,1498,1498,0,0,12.1,37,362752
back,947,1498,1498,0,0,12.1,37,362752
back,947,1498,1498,0,0,12.1,37,362752
back,948,1498,1498,0,0,12.1,37,362752
back,948,1498,1498,0,0,12.1,37,362752
back,949,1498,1498,0,0,12.1,37,362752
back,949,1498,1498,0,0,12.1,37,362752
back,950,1498,1498,0,0,12.1,37,362752
back,950,1498,1498,0,0,12.1,37,362752
back,951,1498,1498,0,0,12.1,37,362752
back,951,1498,1498,0,0,12.1,37,362752
back,952,1498,1498,0,0,12.1,37,362752
back,952,1498,1498,0,0,12.1,37,362752
back,953,1498,1498,0,0,12.1,37,362752
back,953,1498,1498,0,0,12.1,37,362752
back,954,1498,1498,0,0,12.1,37,362752
back,954,1498,1498,0,0,12.1,37,362752
back,955,1498,1498,0,0,12.1,37,362752
back,955,1498,1498,0,0,12.1,37,362752
back,956,1498,1498,0,0,12.1,37,362752
back,956,1498,1498,0,0,12.1,37,362752
back,957,1498,1498,0,0,12.1,37,362752
back,957,1498,1498,0,0,12.1,37,362752
back,958,1498,1498,0,0,12.1,37,362752
back,958,1498,1498,0,0,12.1,37,362752
back,959,1498,1498,0,0,12.1,37,362752
back,959,1498,1498,0,0,12.1,37,362752
back,960,1498,1498,0,0,12.1,37,362752
back,960,1498,1498,0,0,12.1,37,362752
back,961,1498,1498,0,0,12.1,37,362752
back,961,1498,1498,0,0,12.1,37,362752
back,962,1498,1498,0,0,12.1,37,362752
back,962,1498,1498,0,0,12.1,37,362752
back,963,1498,1498,0,0,12.1,37,362752
back,963,1498,1498,0,0,12.1,37,362752
back,964,1498,1498,0,0,12.1,37,362752
back,964,1498,1498,0,0,12.1,37,362752
back,965,1498,1498,0,0,12.1,37,362752
back,965,1498,1498,0,0,12.1,37,362752
back,966,1498,1498,0,0,12.1,37,362752
back,966,1498,1498,0,0,12.1,37,362752
back,967,1498,1498,0,0,12.1,37,362752
back,967,1498,1498,0,0,12.1,37,362752
back,968,1498,1498,0,0,12.1,37,362752
back,968,1498,1498,0,0,12.1,37,362752
back,969,1498,1498,0,0,12.1,37,362752
back,969,1498,1498,0,0,12.1,37,362752
back,970,1498,1498,0,0,12.1,37,362752
back,970,1498,1498,0,0,12.1,37,362752
back,971,1498,1498,0,0,12.1,37,362752
back,971,1498,1498,0,0,12.1,37,362752
back,972,1498,1498,0,0,12.1,37,362752
back,972,1498,1498,0,0,12.1,37,362752
back,973,1498,1498,0,0,12.1,37,362752
back,973,1498,1498,0,0,12.1,37,362752
back,974,1498,1498,0,0,12.1,37,362752
back,974,1498,1498,0,0,12.1,37,362752
back,975,1498,1498,0,0,12.1,37,362752
back,975,1498,1498,0,0,12.1,37,362752
back,976,1498,1498,0,0,12.1,37,362752
back,976,1498,1498,0,0,12.1,37,362752
back,977,1498,1498,0,0,12.1,37,362752
back,977,1498,1498,0,0,12.1,37,362752
back,978,1498,1498,0,0,12.1,37,362752
back,978,1498,1498,0,0,12.1,37,362752
back,979,1498,1498,0,0,12.1,37,362752
back,979,1498,1498,0,0,12.1,37,362752
back,980,1498,1498,0,0,12.1,37,362752
back,980,1498,1498,0,0,12.1,37,362752
back,981,1498,1498,0,0,12.1,37,362752
back,981,1498,1498,0,0,12.1,37,362752
back,982,1498,1498,0,0,12.1,37,362752
back,982,1498,1498,0,0,12.1,37,362752
back,983,1498,1498,0,0,12.1,37,362752
back,983,1498,1498,0,0,12.1,37,362752
back,984,1498,1498,0,0,12.1,37,362752
back,984,1498,1498,0,0,12.1,37,362752
back,985,1498,1498,0,0,12.1,37,362752
back,985,1498,1498,0,0,12.1,37,362752
back,986,1498,1498,0,0,12.1,37,362752
back,986,1498,1498,0,0,12.1,37,362752
back,987,1498,1498,0,0,12.1,37,362752
back,987,1498,1498,0,0,12.1,37,362752
back,988,1498,1498,0,0,12.1,37,362752
back,988,1498,1498,0,0,12.1,37,362752
back,989,1498,1498,0,0,12.1,37,362752
back,989,1498,1498,0,0,12.1,37,362752
back,990,1498,1498,0,0,12.1,37,362752
back,990,1498,1498,0,0,12.1,37,362752
back,991,1498,1498,0,0,12.1,37,362752
back,991,1498,1498,0,0,12.1,37,362752
back,992,1498,1498,0,0,12.1,37,362752
back,992,1498,1498,0,0,12.1,37,362752
back,993,1498,1498,0,0,12.1,37,362752
back,993,1498,1498,0,0,12.1,37,362752
back,994,1498,1498,0,0,12.1,37,362752
back,994,1498,1498,0,0,12.1,37,362752
back,995,1498,1498,0,0,12.1,37,362752
back,995,1498,1498,0,0,12.1,37,362752
back,996,1498,1498,0,0,12.1,37,362752
back,996,1498,1498,0,0,12.1,37,362752
back,997,1498,1498,0,0,12.1,37,362752
back,997,1498,1498,0,0,12.1,37,362752
back,998,1498,1498,0,0,12.1,37,362752
back,998,1498,1498,0,0,12.1,37,362752
back,999,1498,1498,0,0,12.1,37,362752
back,999,1498,1498,0,0,12.1,37,362752
back,1000,1498,1498,0,0,12.1,37,362752
back,1000,1498,1498,0,0,12.1,37,362752
back,1001,1498,1498,0,0,12.1,37,362752
back,1001,1498,1498,0,0,12.1,37,362752
back,1002,1498,1498,0,0,12.1,37,362752
back,1002,1498,1498,0,0,12.1,37,362752
back,1003,1498,1498,0,0,12.1,37,362752
back,1003,1498,1498,0,0,12.1,37,362752
back,1004,1498,1498,0,0,12.1,37,362752
back,1004,1498,1498,0,0,12.1,37,362752
back,1005,1498,1498,0,0,12.1,37,362752
back,1005,1498,1498,0,0,12.1,37,362752
back,1006,1498,1498,0,0,12.1,37,362752
back,1006,1498,1498,0,0,12.1,37,362752
back,1007,1498,1498,0,0,12.1,37,362752
back,1007,1498,1498,0,0,12.1,37,362752
back,1008,1498,1498,0,0,12.1,37,362752
back,1008,1498,1498,0,0,12.1,37,362752
back,1009,1498,1498,0,0,12.1,37,362752
back,1009,1498,1498,0,0,12.1,37,362752
back,1010,1498,1498,0,0,12.1,37,362752
back,1010,1498,1498,0,0,12.1,37,362752
back,1011,1498,1498,0,0,12.1,37,362752
back,1011,1498,1498,0,0,12.1,37,362752
back,1012,1498,1498,0,0,12.1,37,362752
back,1012,1498,1498,0,0,12.1,37,362752
back,1013,1498,1498,0,0,12.1,37,362752
back,1013,1498,1498,0,0,12.1,37,362752
back,1014,1498,1498,0,0,12.1,37,362752
back,1014,1498,1498,0,0,12.1,37,362752
back,1015,1498,1498,0,0,12.1,37,362752
back,1015,1498,1498,0,0,12.1,37,362752
back,1016,1498,1498,0,0,12.1,37,362752
back,1016,1498,1498,0,0,12.1,37,362752
back,1017,1498,1498,0,0,12.1,37,362752
back,1017,1498,1498,0,0,12.1,37,362752
back,1018,1498,1498,0,0,12.1,37,362752
back,1018,1498,1498,0,0,12.1,37,362752
back,1019,1498,1498,0,0,12.1,37,362752
back,1019,1498,1498,0,0,12.1,37,362752
back,1020,1498,1498,0,0,12.1,37,362752
back,1020,1498,1498,0,0,12.1,37,362752
back,1021,1498,1498,0,0,12.1,37,362752
back,1021,1498,1498,0,0,12.1,37,362752
back,1022,1498,1498,0,0,12.1,37,362752
back,1022,1498,1498,0,0,12.1,37,362752
back,1023,1498,1498,0,0,12.1,37,362752
back,1024,1498,1498,0,0,12.1,37,362752
back,1024,1498,1498,0,0,12.1,37,362752
back,1025,1498,1498,0,0,12.1,37,362752
back,1025,1498,1498,0,0,12.1,37,362752
back,1026,1498,1498,0,0,12.1,37,362752
back,1026,1498,1498,0,0,12.1,37,362752
back,1027,1498,1498,0,0,12.1,37,362752
back,1027,1498,1498,0,0,12.1,37,362752
back,1028,1498,1498,0,0,12.1,37,362752
back,1028,1498,1498,0,0,12.1,37,362752
back,1029,1498,1498,0,0,12.1,37,362752
back,1029,1498,1498,0,0,12.1,37,362752
back,1030,1498,1498,0,0,12.1,37,362752
back,1030,1498,1498,0,0,12.1,37,362752
back,1031,1498,1498,0,0,12.1,37,362752
back,1031,1498,1498,0,0,12.1,37,362752
back,1032,1498,1498,0,0,12.1,37,362752
back,1032,1498,1498,0,0,12.1,37,362752
back,1033,1498,1498,0,0,12.1,37,362752
back,1033,1498,1498,0,0,12.1,37,362752
back,1034,1498,1498,0,0,12.1,37,362752
back,1034,1498,1498,0,0,12.1,37,362752
back,1035,1498,1498,0,0,12.1,37,362752
back,1035,1498,1498,0,0,12.1,37,362752
back,1036,1498,1498,0,0,12.1,37,362752
back,1036,1498,1498,0,0,12.1,37,362752
back,1037,1498,1498,0,0,12.1,37,362752
back,1037,1498,1498,0,0,12.1,37,362752
back,1038,1498,1498,0,0,12.1,37,362752
back,1038,1498,1498,0,0,12.1,37,362752
back,1039,1498,1498,0,0,12.1,37,362752
back,1039,1498,1498,0,0,12.1,37,362752
back,1040,1498,1498,0,0,12.1,37,362752
back,1040,1498,1498,0,0,12.1,37,362752
back,1041,1498,1498,0,0,12.1,37,362752
back,1041,1498,1498,0,0,12.1,37,362752
back,1041,1498,1498,0,0,12.1,37,362752
back,1042,1498,1498,0,0,12.1,37,362752
back,1042,1498,1498,0,0,12.1,37,362752
back,1043,1498,1498,0,0,12.1,37,362752
back,1043,1498,1498,0,0,12.1,37,362752
back,1044,1498,1498,0,0,12.1,37,362752
back,1044,1498,1498,0,0,12.1,37,362752
back,1045,1498,1498,0,0,12.1,37,362752
back,1045,1498,1498,0,0,12.1,37,362752
back,1046,1498,1498,0,0,12.1,37,362752
back,1046,1498,1498,0,0,12.1,37,362752
back,1047,1498,1498,0,0,12.1,37,362752
back,1047,1498,1498,0,0,12.1,37,362752
back,1048,1498,1498,0,0,12.1,37,362752
back,1048,1498,1498,0,0,12.1,37,362752
back,1049,1498,1498,0,0,12.1,37,362752
back,1049,1498,1498,0,0,12.1,37,362752
back,1050,1498,1498,0,0,12.1,37,362752
back,1050,1498,1498,0,0,12.1,37,362752
back,1051,1498,1498,0,0,12.1,37,362752
back,1051,1498,1498,0,0,12.1,37,362752
back,1052,1498,1498,0,0,12.1,37,362752
back,1052,1498,1498,0,0,12.1,37,362752
back,1053,1498,1498,0,0,12.1,37,362752
back,1053,1498,1498,0,0,12.1,37,362752
back,1054,1498,1498,0,0,12.1,37,362752
back,1054,1498,1498,0,0,12.1,37,362752
back,1055,1498,1498,0,0,12.1,37,362752
back,1055,1498,1498,0,0,12.1,37,362752
back,1056,1498,1498,0,0,12.1,37,362752
back,1056,1498,1498,0,0,12.1,37,362752
back,1057,1498,1498,0,0,12.1,37,362752
back,1057,1498,1498,0,0,12.1,37,362752
back,1058,1498,1498,0,0,12.1,37,362752
back,1058,1498,1498,0,0,12.1,37,362752
back,1059,1498,1498,0,0,12.1,37,362752
back,1059,1498,1498,0,0,12.1,37,362752
back,1060,1498,1498,0,0,12.1,37,362752
back,1060,1498,1498,0,0,12.1,37,362752
back,1061,1498,1498,0,0,12.1,37,362752
back,1061,1498,1498,0,0,12.1,37,362752
back,1062,1498,1498,0,0,12.1,37,362752
back,1062,1498,1498,0,0,12.1,37,362752
back,1063,1498,1498,0,0,12.1,37,362752
back,1063,1498,1498,0,0,12.1,37,362752
back,1064,1498,1498,0,0,12.1,37,362752
back,1064,1498,1498,0,0,12.1,37,362752
back,1065,1498,1498,0,0,12.1,37,362752
back,1065,1498,1498,0,0,12.1,37,362752
back,1066,1498,1498,0,0,12.1,37,362752
back,1066,1498,1498,0,0,12.1,37,362752
back,1067,1498,1498,0,0,12.1,37,362752
back,1067,1498,1498,0,0,12.1,37,362752
back,1068,1498,1498,0,0,12.1,37,362752
back,1068,1498,1498,0,0,12.1,37,362752
back,1069,1498,1498,0,0,12.1,37,362752
back,1069,1498,1498,0,0,12.1,37,362752
back,1070,1498,1498,0,0,12.1,37,362752
back,1070,1498,1498,0,0,12.1,37,362752
back,1071,1498,1498,0,0,12.1,37,362752
back,1071,1498,1498,0,0,12.1,37,362752
back,1072,1498,1498,0,0,12.1,37,362752
back,1072,1498,1498,0,0,12.1,37,362752
back,1073,1498,1498,0,0,12.1,37,362752
back,1073,1498,1498,0,0,12.1,37,362752
back,1074,1498,1498,0,0,12.0,37,362752
back,1074,1498,1498,0,0,12.0,37,362752
back,1075,1498,1498,0,0,12.1,37,362752
back,1075,1498,1498,0,0,12.1,37,362752
back,1076,1498,1498,0,0,12.1,37,362752
back,1076,1498,1498,0,0,12.1,37,362752
back,1077,1498,1498,0,0,12.1,37,362752
back,1077,1498,1498,0,0,12.1,37,362752
back,1078,1498,1498,0,0,12.1,37,362752
back,1078,1498,1498,0,0,12.1,37,362752
back,1079,1498,1498,0,0,12.1,37,362752
back,1079,1498,1498,0,0,12.1,37,362752
back,1080,1498,1498,0,0,12.1,37,362752
back,1080,1498,1498,0,0,12.1,37,362752
back,1081,1498,1498,0,0,12.1,37,362752
back,1081,1498,1498,0,0,12.1,37,362752
back,1082,1498,1498,0,0,12.1,37,362752
back,1082,1498,1498,0,0,12.1,37,362752
back,1083,1498,1498,0,0,12.1,37,362752
back,1083,1498,1498,0,0,12.1,37,362752
back,1084,1498,1498,0,0,12.1,37,362752
back,1084,1498,1498,0,0,12.1,37,362752
back,1085,1498,1498,0,0,12.1,37,362752
back,1085,1498,1498,0,0,12.1,37,362752
back,1086,1498,1498,0,0,12.1,37,362752
back,1086,1498,1498,0,0,12.1,37,362752
back,1086,1498,1498,0,0,12.1,37,362752
back,1087,1498,1498,0,0,12.1,37,362752
back,1087,1498,1498,0,0,12.1,37,362752
back,1088,1498,1498,0,0,12.1,37,362752
back,1088,1498,1498,0,0,12.1,37,362752
back,1089,1498,1498,0,0,12.1,37,362752
back,1089,1498,1498,0,0,12.1,37,362752
back,1090,1498,1498,0,0,12.1,37,362752
back,1090,1498,1498,0,0,12.1,37,362752
back,1090,1498,1498,0,0,12.1,37,362752
back,1091,1498,1498,0,0,12.1,37,362752
back,1091,1498,1498,0,0,12.1,37,362752
back,1092,1498,1498,0,0,12.1,37,362752
back,1092,1498,1498,0,0,12.1,37,362752
back,1093,1498,1498,0,0,12.1,37,362752
back,1093,1498,1498,0,0,12.1,37,362752
back,1094,1498,1498,0,0,12.1,37,362752
back,1094,1498,1498,0,0,12.1,37,362752
back,1095,1498,1498,0,0,12.1,37,362752
back,1095,1498,1498,0,0,12.1,37,362752
back,1096,1498,1498,0,0,12.1,37,362752
back,1096,1498,1498,0,0,12.1,37,362752
back,1097,1498,1498,0,0,12.1,37,362752
back,1097,1498,1498,0,0,12.1,37,362752
back,1098,1498,1498,0,0,12.1,37,362752
back,1098,1498,1498,0,0,12.1,37,362752
back,1099,1498,1498,0,0,12.1,37,362752
back,1099,1498,1498,0,0,12.1,37,362752
back,1100,1498,1498,0,0,12.1,37,362752
back,1100,1498,1498,0,0,12.1,37,362752
back,1101,1498,1498,0,0,12.1,37,362752
back,1101,1498,1498,0,0,12.1,37,362752
back,1102,1498,1498,0,0,12.1,37,362752
back,1102,1498,1498,0,0,12.1,37,362752
back,1103,1498,1498,0,0,12.1,37,362752
back,1103,1498,1498,0,0,12.1,37,362752
back,1104,1498,1498,0,0,12.1,37,362752
back,1104,1498,1498,0,0,12.1,37,362752
back,1105,1498,1498,0,0,12.1,37,362752
back,1105,1498,1498,0,0,12.1,37,362752
back,1106,1498,1498,0,0,12.1,37,362752
back,1106,1498,1498,0,0,12.1,37,362752
back,1107,1498,1498,0,0,12.1,37,362752
back,1107,1498,1498,0,0,12.1,37,362752
back,1108,1498,1498,0,0,12.1,37,362752
back,1108,1498,1498,0,0,12.1,37,362752
back,1109,1498,1498,0,0,12.1,37,362752
back,1109,1498,1498,0,0,12.1,37,362752
back,1110,1498,1498,0,0,12.1,37,362752
back,1110,1498,1498,0,0,12.1,37,362752
back,1111,1498,1498,0,0,12.1,37,362752
back,1111,1498,1498,0,0,12.1,37,362752
back,1112,1498,1498,0,0,12.1,37,362752
back,1112,1498,1498,0,0,12.1,37,362752
back,1113,1498,1498,0,0,12.1,37,362752
back,1113,1498,1498,0,0,12.1,37,362752
back,1114,1498,1498,0,0,12.1,37,362752
back,1114,1498,1498,0,0,12.1,37,362752
back,1115,1498,1498,0,0,12.1,37,362752
back,1115,1498,1498,0,0,12.1,37,362752
back,1116,1498,1498,0,0,12.1,37,362752
back,1116,1498,1498,0,0,12.1,37,362752
back,1117,1498,1498,0,0,12.1,37,362752
back,1117,1498,1498,0,0,12.1,37,362752
back,1118,1498,1498,0,0,12.1,37,362752
back,1118,1498,1498,0,0,12.1,37,362752
back,1119,1498,1498,0,0,12.1,37,362752
back,1119,1498,1498,0,0,12.1,37,362752
back,1120,1498,1498,0,0,12.1,37,362752
back,1120,1498,1498,0,0,12.1,37,362752
back,1121,1498,1498,0,0,12.1,37,362752
back,1121,1498,1498,0,0,12.1,37,362752
back,1122,1498,1498,0,0,12.1,37,362752
back,1122,1498,1498,0,0,12.1,37,362752
back,1123,1498,1498,0,0,12.1,37,362752
back,1123,1498,1498,0,0,12.1,37,362752
back,1124,1498,1498,0,0,12.1,37,362752
back,1124,1498,1498,0,0,12.1,37,362752
back,1125,1498,1498,0,0,12.1,37,362752
back,1125,1498,1498,0,0,12.1,37,362752
back,1126,1498,1498,0,0,12.1,37,362752
back,1126,1498,1498,0,0,12.1,37,362752
back,1127,1498,1498,0,0,12.1,37,362752
back,1127,1498,1498,0,0,12.1,37,362752
back,1128,1498,1498,0,0,12.1,37,362752
back,1128,1498,1498,0,0,12.1,37,362752
back,1129,1498,1498,0,0,12.1,37,362752
back,1129,1498,1498,0,0,12.1,37,362752
back,1130,1498,1498,0,0,12.1,37,362752
back,1130,1498,1498,0,0,12.1,37,362752
back,1131,1498,1498,0,0,12.1,37,362752
back,1131,1498,1498,0,0,12.1,37,362752
back,1132,1498,1498,0,0,12.1,37,362752
back,1132,1498,1498,0,0,12.1,37,362752
back,1133,1498,1498,0,0,12.1,37,362752
back,1133,1498,1498,0,0,12.1,37,362752
back,1134,1498,1498,0,0,12.1,37,362752
back,1134,1498,1498,0,0,12.1,37,362752
back,1135,1498,1498,0,0,12.1,37,362752
back,1135,1498,1498,0,0,12.1,37,362752
back,1136,1498,1498,0,0,12.1,37,362752
back,1136,1498,1498,0,0,12.1,37,362752
back,1136,1498,1498,0,0,12.1,37,362752
back,1137,1498,1498,0,0,12.1,37,362752
back,1137,1498,1498,0,0,12.1,37,362752
back,1138,1498,1498,0,0,12.1,37,362752
back,1138,1498,1498,0,0,12.1,37,362752
back,1139,1498,1498,0,0,12.1,37,362752
back,1139,1498,1498,0,0,12.1,37,362752
back,1140,1498,1498,0,0,12.1,37,362752
back,1140,1498,1498,0,0,12.1,37,362752
back,1141,1498,1498,0,0,12.1,37,362752
back,1141,1498,1498,0,0,12.1,37,362752
back,1142,1498,1498,0,0,12.1,37,362752
back,1142,1498,1498,0,0,12.1,37,362752
back,1143,1498,1498,0,0,12.1,37,362752
back,1143,1498,1498,0,0,12.1,37,362752
back,1143,1498,1498,0,0,12.1,37,362752
back,1144,1498,1498,0,0,12.1,37,362752
back,1144,1498,1498,0,0,12.1,37,362752
back,1145,1498,1498,0,0,12.1,37,362752
back,1145,1498,1498,0,0,12.1,37,362752
back,1146,1498,1498,0,0,12.1,37,362752
back,1146,1498,1498,0,0,12.1,37,362752
back,1147,1498,1498,0,0,12.1,37,362752
back,1147,1498,1498,0,0,12.1,37,362752
back,1148,1498,1498,0,0,12.1,37,362752
back,1148,1498,1498,0,0,12.1,37,362752
back,1149,1498,1498,0,0,12.1,37,362752
back,1149,1498,1498,0,0,12.1,37,362752
back,1150,1498,1498,0,0,12.1,37,362752
back,1150,1498,1498,0,0,12.1,37,362752
back,1151,1498,1498,0,0,12.1,37,362752
back,1151,1498,1498,0,0,12.1,37,362752
back,1152,1498,1498,0,0,12.1,37,362752
back,1152,1498,1498,0,0,12.1,37,362752
back,1153,1498,1498,0,0,12.1,37,362752
back,1153,1498,1498,0,0,12.1,37,362752
back,1154,1498,1498,0,0,12.1,37,362752
back,1154,1498,1498,0,0,12.1,37,362752
back,1155,1498,1498,0,0,12.1,37,362752
back,1155,1498,1498,0,0,12.1,37,362752
back,1156,1498,1498,0,0,12.1,37,362752
back,1156,1498,1498,0,0,12.1,37,362752
back,1157,1498,1498,0,0,12.1,37,362752
back,1157,1498,1498,0,0,12.1,37,362752
back,1158,1498,1498,0,0,12.1,37,362752
back,1158,1498,1498,0,0,12.1,37,362752
back,1159,1498,1498,0,0,12.1,37,362752
back,1159,1498,1498,0,0,12.1,37,362752
back,1160,1498,1498,0,0,12.1,37,362752
back,1160,1498,1498,0,0,12.1,37,362752
back,1161,1498,1498,0,0,12.1,37,362752
back,1161,1498,1498,0,0,12.1,37,362752
back,1162,1498,1498,0,0,12.1,37,362752
back,1162,1498,1498,0,0,12.1,37,362752
back,1163,1498,1498,0,0,12.1,37,362752
back,1163,1498,1498,0,0,12.1,37,362752
back,1164,1498,1498,0,0,12.1,37,362752
back,1164,1498,1498,0,0,12.1,37,362752
back,1165,1498,1498,0,0,12.1,37,362752
back,1165,1498,1498,0,0,12.1,37,362752
back,1166,1498,1498,0,0,12.1,37,362752
back,1166,1498,1498,0,0,12.1,37,362752
back,1167,1498,1498,0,0,12.1,37,362752
back,1167,1498,1498,0,0,12.1,37,362752
back,1168,1498,1498,0,0,12.1,37,362752
back,1168,1498,1498,0,0,12.1,37,362752
back,1169,1498,1498,0,0,12.1,37,362752
back,1169,1498,1498,0,0,12.1,37,362752
back,1170,1498,1498,0,0,12.1,37,362752
back,1170,1498,1498,0,0,12.1,37,362752
back,1171,1498,1498,0,0,12.1,37,362752
back,1171,1498,1498,0,0,12.1,37,362752
back,1172,1498,1498,0,0,12.1,37,362752
back,1172,1498,1498,0,0,12.1,37,362752
back,1173,1498,1498,0,0,12.1,37,362752
back,1173,1498,1498,0,0,12.1,37,362752
back,1174,1498,1498,0,0,12.1,37,362752
back,1174,1498,1498,0,0,12.1,37,362752
back,1175,1498,1498,0,0,12.1,37,362752
back,1175,1498,1498,0,0,12.1,37,362752
back,1176,1498,1498,0,0,12.1,37,362752
back,1176,1498,1498,0,0,12.1,37,362752
back,1177,1498,1498,0,0,12.1,37,362752
back,1177,1498,1498,0,0,12.1,37,362752
back,1178,1498,1498,0,0,12.1,37,362752
back,1178,1498,1498,0,0,12.1,37,362752
back,1179,1498,1498,0,0,12.1,37,362752
back,1179,1498,1498,0,0,12.1,37,362752
back,1180,1498,1498,0,0,12.1,37,362752
back,1180,1498,1498,0,0,12.1,37,362752
back,1181,1498,1498,0,0,12.1,37,362752
back,1181,1498,1498,0,0,12.1,37,362752
back,1182,1498,1498,0,0,12.1,37,362752
back,1182,1498,1498,0,0,12.1,37,362752
back,1183,1498,1498,0,0,12.1,37,362752
back,1183,1498,1498,0,0,12.1,37,362752
back,1184,1498,1498,0,0,12.1,37,362752
back,1184,1498,1498,0,0,12.1,37,362752
back,1185,1498,1498,0,0,12.1,37,362752
back,1185,1498,1498,0,0,12.1,37,362752
back,1186,1498,1498,0,0,12.1,37,362752
back,1186,1498,1498,0,0,12.1,37,362752
back,1187,1498,1498,0,0,12.1,37,362752
back,1187,1498,1498,0,0,12.1,37,362752
back,1188,1498,1498,0,0,12.1,37,362752
back,1188,1498,1498,0,0,12.1,37,362752
back,1189,1498,1498,0,0,12.1,37,362752
back,1189,1498,1498,0,0,12.1,37,362752
back,1190,1498,1498,0,0,12.1,37,362752
back,1190,1498,1498,0,0,12.1,37,362752
back,1191,1498,1498,0,0,12.1,37,362752
back,1191,1498,1498,0,0,12.1,37,362752
back,1192,1498,1498,0,0,12.1,37,362752
back,1192,1498,1498,0,0,12.1,37,362752
back,1193,1498,1498,0,0,12.1,37,362752
back,1193,1498,1498,0,0,12.1,37,362752
back,1194,1498,1498,0,0,12.1,37,362752
back,1194,1498,1498,0,0,12.1,37,362752
back,1195,1498,1498,0,0,12.1,37,362752
back,1195,1498,1498,0,0,12.1,37,362752
back,1196,1498,1498,0,0,12.1,37,362752
back,1196,1498,1498,0,0,12.1,37,362752
back,1197,1498,1498,0,0,12.1,37,362752
back,1197,1498,1498,0,0,12.1,37,362752
back,1198,1498,1498,0,0,12.1,37,362752
back,1198,1498,1498,0,0,12.1,37,362752
back,1199,1498,1498,0,0,12.1,37,362752
back,1199,1498,1498,0,0,12.1,37,362752
back,1200,1498,1498,0,0,12.1,37,362752
back,1200,1498,1498,0,0,12.1,37,362752
back,1201,1498,1498,0,0,12.1,37,362752
back,1201,1498,1498,0,0,12.1,37,362752
back,1202,1498,1498,0,0,12.1,37,362752
back,1202,1498,1498,0,0,12.1,37,362752
back,1203,1498,1498,0,0,12.1,37,362752
back,1203,1498,1498,0,0,12.1,37,362752
back,1204,1498,1498,0,0,12.1,37,362752
back,1204,1498,1498,0,0,12.1,37,362752
back,1205,1498,1498,0,0,12.1,37,362752
back,1205,1498,1498,0,0,12.1,37,362752
back,1206,1498,1498,0,0,12.1,37,362752
back,1206,1498,1498,0,0,12.1,37,362752
back,1207,1498,1498,0,0,12.1,37,362752
back,1207,1498,1498,0,0,12.1,37,362752
back,1208,1498,1498,0,0,12.1,37,362752
back,1208,1498,1498,0,0,12.1,37,362752
back,1209,1498,1498,0,0,12.1,37,362752
back,1209,1498,1498,0,0,12.1,37,362752
back,1210,1498,1498,0,0,12.1,37,362752
back,1210,1498,1498,0,0,12.1,37,362752
back,1211,1498,1498,0,0,12.1,37,362752
back,1211,1498,1498,0,0,12.1,37,362752
back,1212,1498,1498,0,0,12.1,37,362752
back,1212,1498,1498,0,0,12.1,37,362752
back,1213,1498,1498,0,0,12.1,37,362752
back,1213,1498,1498,0,0,12.1,37,362752
back,1214,1498,1498,0,0,12.1,37,362752
back,1214,1498,1498,0,0,12.1,37,362752
back,1215,1498,1498,0,0,12.1,37,362752
back,1215,1498,1498,0,0,12.1,37,362752
back,1216,1498,1498,0,0,12.1,37,362752
back,1216,1498,1498,0,0,12.1,37,362752
back,1217,1498,1498,0,0,12.1,37,362752
back,1217,1498,1498,0,0,12.1,37,362752
back,1218,1498,1498,0,0,12.1,37,362752
back,1218,1498,1498,0,0,12.1,37,362752
back,1219,1498,1498,0,0,12.1,37,362752
back,1219,1498,1498,0,0,12.1,37,362752
back,1220,1498,1498,0,0,12.1,37,362752
back,1220,1498,1498,0,0,12.1,37,362752
back,1221,1498,1498,0,0,12.1,37,362752
back,1221,1498,1498,0,0,12.1,37,362752
back,1222,1498,1498,0,0,12.1,37,362752
back,1222,1498,1498,0,0,12.1,37,362752
back,1223,1498,1498,0,0,12.1,37,362752
back,1223,1498,1498,0,0,12.1,37,362752
back,1224,1498,1498,0,0,12.1,37,362752
back,1224,1498,1498,0,0,12.1,37,362752
back,1225,1498,1498,0,0,12.1,37,362752
back,1225,1498,1498,0,0,12.1,37,362752
back,1226,1498,1498,0,0,12.1,37,362752
back,1226,1498,1498,0,0,12.1,37,362752
back,1227,1498,1498,0,0,12.1,37,362752
back,1227,1498,1498,0,0,12.1,37,362752
back,1228,1498,1498,0,0,12.1,37,362752
back,1228,1498,1498,0,0,12.1,37,362752
back,1229,1498,1498,0,0,12.1,37,362752
back,1229,1498,1498,0,0,12.1,37,362752
back,1230,1498,1498,0,0,12.1,37,362752
back,1230,1498,1498,0,0,12.1,37,362752
back,1231,1498,1498,0,0,12.1,37,362752
back,1231,1498,1498,0,0,12.1,37,362752
back,1232,1498,1498,0,0,12.1,37,362752
back,1232,1498,1498,0,0,12.1,37,362752
back,1233,1498,1498,0,0,12.1,37,362752
back,1233,1498,1498,0,0,12.1,37,362752
back,1234,1498,1498,0,0,12.1,37,362752
back,1234,1498,1498,0,0,12.1,37,362752
back,1235,1498,1498,0,0,12.1,37,362752
back,1235,1498,1498,0,0,12.1,37,362752
back,1236,1498,1498,0,0,12.1,37,362752
back,1236,1498,1498,0,0,12.1,37,362752
back,1237,1498,1498,0,0,12.1,37,362752
back,1237,1498,1498,0,0,12.1,37,362752
back,1238,1498,1498,0,0,12.1,37,362752
back,1238,1498,1498,0,0,12.1,37,362752
back,1239,1498,1498,0,0,12.1,37,362752
back,1239,1498,1498,0,0,12.1,37,362752
back,1240,1498,1498,0,0,12.1,37,362752
back,1240,1498,1498,0,0,12.1,37,362752
back,1241,1498,1498,0,0,12.1,37,362752
back,1241,1498,1498,0,0,12.1,37,362752
back,1242,1498,1498,0,0,12.1,37,362752
back,1242,1498,1498,0,0,12.1,37,362752
back,1243,1498,1498,0,0,12.1,37,362752
back,1243,1498,1498,0,0,12.1,37,362752
back,1244,1498,1498,0,0,12.1,37,362752
back,1244,1498,1498,0,0,12.1,37,362752
back,1245,1498,1498,0,0,12.1,37,362752
back,1245,1498,1498,0,0,12.1,37,362752
back,1246,1498,1498,0,0,12.1,37,362752
back,1246,1498,1498,0,0,12.1,37,362752
back,1247,1498,1498,0,0,12.1,37,362752
back,1247,1498,1498,0,0,12.1,37,362752
back,1248,1498,1498,0,0,12.1,37,362752
back,1248,1498,1498,0,0,12.1,37,362752
back,1249,1498,1498,0,0,12.1,37,362752
back,1249,1498,1498,0,0,12.1,37,362752
back,1250,1498,1498,0,0,12.1,37,362752
back,1250,1498,1498,0,0,12.1,37,362752
back,1251,1498,1498,0,0,12.1,37,362752
back,1251,1498,1498,0,0,12.1,37,362752
back,1252,1498,1498,0,0,12.1,37,362752
back,1252,1498,1498,0,0,12.1,37,362752
back,1253,1498,1498,0,0,12.1,37,362752
back,1253,1498,1498,0,0,12.1,37,362752
back,1254,1498,1498,0,0,12.1,37,362752
back,1254,1498,1498,0,0,12.1,37,362752
back,1255,1498,1498,0,0,12.1,37,362752
back,1255,1498,1498,0,0,12.1,37,362752
back,1256,1498,1498,0,0,12.1,37,362752
back,1256,1498,1498,0,0,12.1,37,362752
back,1257,1498,1498,0,0,12.1,37,362752
back,1257,1498,1498,0,0,12.1,37,362752
back,1258,1498,1498,0,0,12.1,37,362752
back,1258,1498,1498,0,0,12.1,37,362752
back,1259,1498,1498,0,0,12.1,37,362752
back,1259,1498,1498,0,0,12.1,37,362752
back,1260,1498,1498,0,0,12.1,37,362752
back,1260,1498,1498,0,0,12.1,37,362752
back,1261,1498,1498,0,0,12.1,37,362752
back,1261,1498,1498,0,0,12.1,37,362752
back,1262,1498,1498,0,0,12.1,37,362752
back,1262,1498,1498,0,0,12.1,37,362752
back,1263,1498,1498,0,0,12.1,37,362752
back,1263,1498,1498,0,0,12.1,37,362752
back,1264,1498,1498,0,0,12.1,37,362752
back,1264,1498,1498,0,0,12.1,37,362752
back,1265,1498,1498,0,0,12.1,37,362752
back,1265,1498,1498,0,0,12.1,37,362752
back,1266,1498,1498,0,0,12.1,37,362752
back,1266,1498,1498,0,0,12.1,37,362752
back,1267,1498,1498,0,0,12.1,37,362752
back,1267,1498,1498,0,0,12.1,37,362752
back,1268,1498,1498,0,0,12.1,37,362752
back,1268,1498,1498,0,0,12.1,37,362752
back,1269,1498,1498,0,0,12.1,37,362752
back,1269,1498,1498,0,0,12.1,37,362752
back,1270,1498,1498,0,0,12.1,37,362752
back,1270,1498,1498,0,0,12.1,37,362752
back,1271,1498,1498,0,0,12.1,37,362752
back,1271,1498,1498,0,0,12.1,37,362752
back,1272,1498,1498,0,0,12.1,37,362752
back,1272,1498,1498,0,0,12.1,37,362752
back,1273,1498,1498,0,0,12.1,37,362752
back,1273,1498,1498,0,0,12.1,37,362752
back,1274,1498,1498,0,0,12.1,37,362752
back,1274,1498,1498,0,0,12.1,37,362752
back,1275,1498,1498,0,0,12.1,37,362752
back,1275,1498,1498,0,0,12.1,37,362752
back,1276,1498,1498,0,0,12.1,37,362752
back,1276,1498,1498,0,0,12.1,37,362752
back,1277,1498,1498,0,0,12.1,37,362752
back,1277,1498,1498,0,0,12.1,37,362752
back,1278,1498,1498,0,0,12.1,37,362752
back,1278,1498,1498,0,0,12.1,37,362752
back,1279,1498,1498,0,0,12.1,37,362752
back,1279,1498,1498,0,0,12.1,37,362752
back,1280,1498,1498,0,0,12.1,37,362752
back,1280,1498,1498,0,0,12.1,37,362752
back,1281,1498,1498,0,0,12.1,37,362752
back,1281,1498,1498,0,0,12.1,37,362752
back,1282,1498,1498,0,0,12.1,37,362752
back,1282,1498,1498,0,0,12.1,37,362752
back,1283,1498,1498,0,0,12.0,37,362752
back,1283,1498,1498,0,0,12.0,37,362752
back,1284,1498,1498,0,0,12.1,37,362752
back,1284,1498,1498,0,0,12.1,37,362752
back,1285,1498,1498,0,0,12.1,37,362752
back,1285,1498,1498,0,0,12.1,37,362752
back,1286,1498,1498,0,0,12.1,37,362752
back,1286,1498,1498,0,0,12.1,37,362752
back,1287,1498,1498,0,0,12.1,37,362752
back,1287,1498,1498,0,0,12.1,37,362752
back,1288,1498,1498,0,0,12.1,37,362752
back,1288,1498,1498,0,0,12.1,37,362752
back,1289,1498,1498,0,0,12.1,37,362752
back,1289,1498,1498,0,0,12.1,37,362752
back,1290,1498,1498,0,0,12.1,37,362752
back,1290,1498,1498,0,0,12.1,37,362752
back,1291,1498,1498,0,0,12.1,37,362752
back,1291,1498,1498,0,0,12.1,37,362752
back,1292,1498,1498,0,0,12.1,37,362752
back,1292,1498,1498,0,0,12.1,37,362752
back,1293,1498,1498,0,0,12.1,37,362752
back,1293,1498,1498,0,0,12.1,37,362752
back,1294,1498,1498,0,0,12.1,37,362752
back,1294,1498,1498,0,0,12.1,37,362752
back,1295,1498,1498,0,0,12.1,37,362752
back,1295,1498,1498,0,0,12.1,37,362752
back,1296,1498,1498,0,0,12.1,37,362752
back,1296,1498,1498,0,0,12.1,37,362752
back,1297,1498,1498,0,0,12.1,37,362752
back,1297,1498,1498,0,0,12.1,37,362752
back,1298,1498,1498,0,0,12.1,37,362752
back,1298,1498,1498,0,0,12.1,37,362752
back,1299,1498,1498,0,0,12.1,37,362752
back,1299,1498,1498,0,0,12.1,37,362752
back,1300,1498,1498,0,0,12.1,37,362752
back,1300,1498,1498,0,0,12.1,37,362752
back,1301,1498,1498,0,0,12.1,37,362752
back,1301,1498,1498,0,0,12.1,37,362752
back,1302,1498,1498,0,0,12.1,37,362752
back,1302,1498,1498,0,0,12.1,37,362752
back,1303,1498,1498,0,0,12.1,37,362752
back,1303,1498,1498,0,0,12.1,37,362752
back,1304,1498,1498,0,0,12.1,37,362752
back,1304,1498,1498,0,0,12.1,37,362752
back,1305,1498,1498,0,0,12.1,37,362752
back,1305,1498,1498,0,0,12.1,37,362752
back,1306,1498,1498,0,0,12.1,37,362752
back,1306,1498,1498,0,0,12.1,37,362752
back,1307,1498,1498,0,0,12.1,37,362752
back,1307,1498,1498,0,0,12.1,37,362752
back,1308,1498,1498,0,0,12.1,37,362752
back,1308,1498,1498,0,0,12.1,37,362752
back,1309,1498,1498,0,0,12.1,37,362752
back,1309,1498,1498,0,0,12.1,37,362752
back,1310,1498,1498,0,0,12.1,37,362752
back,1310,1498,1498,0,0,12.1,37,362752
back,1311,1498,1498,0,0,12.1,37,362752
back,1311,1498,1498,0,0,12.1,37,362752
back,1312,1498,1498,0,0,12.1,37,362752
back,1312,1498,1498,0,0,12.1,37,362752
back,1313,1498,1498,0,0,12.1,37,362752
back,1313,1498,1498,0,0,12.1,37,362752
back,1314,1498,1498,0,0,12.1,37,362752
back,1314,1498,1498,0,0,12.1,37,362752
back,1315,1498,1498,0,0,12.1,37,362752
back,1315,1498,1498,0,0,12.1,37,362752
back,1316,1498,1498,0,0,12.1,37,362752
back,1316,1498,1498,0,0,12.1,37,362752
back,1317,1498,1498,0,0,12.1,37,362752
back,1317,1498,1498,0,0,12.1,37,362752
back,1318,1498,1498,0,0,12.1,37,362752
back,1318,1498,1498,0,0,12.1,37,362752
back,1319,1498,1498,0,0,12.1,37,362752
back,1319,1498,1498,0,0,12.1,37,362752
back,1320,1498,1498,0,0,12.1,37,362752
back,1320,1498,1498,0,0,12.1,37,362752
back,1321,1498,1498,0,0,12.1,37,362752
back,1321,1498,1498,0,0,12.1,37,362752
back,1322,1498,1498,0,0,12.1,37,362752
back,1322,1498,1498,0,0,12.1,37,362752
back,1323,1498,1498,0,0,12.1,37,362752
back,1323,1498,1498,0,0,12.1,37,362752
back,1324,1498,1498,0,0,12.1,37,362752
back,1324,1498,1498,0,0,12.1,37,362752
back,1325,1498,1498,0,0,12.1,37,362752
back,1325,1498,1498,0,0,12.1,37,362752
back,1326,1498,1498,0,0,12.1,37,362752
back,1326,1498,1498,0,0,12.1,37,362752
back,1327,1498,1498,0,0,12.1,37,362752
back,1327,1498,1498,0,0,12.1,37,362752
back,1328,1498,1498,0,0,12.1,37,362752
back,1328,1498,1498,0,0,12.1,37,362752
back,1329,1498,1498,0,0,12.1,37,362752
back,1329,1498,1498,0,0,12.1,37,362752
back,1330,1498,1498,0,0,12.1,37,362752
back,1330,1498,1498,0,0,12.1,37,362752
back,1331,1498,1498,0,0,12.1,37,362752
back,1331,1498,1498,0,0,12.1,37,362752
back,1332,1498,1498,0,0,12.1,37,362752
back,1332,1498,1498,0,0,12.1,37,362752
back,1333,1498,1498,0,0,12.1,37,362752
back,1333,1498,1498,0,0,12.1,37,362752
back,1334,1498,1498,0,0,12.1,37,362752
back,1334,1498,1498,0,0,12.1,37,362752
back,1335,1498,1498,0,0,12.1,37,362752
back,1335,1498,1498,0,0,12.1,37,362752
back,1336,1498,1498,0,0,12.1,37,362752
back,1336,1498,1498,0,0,12.1,37,362752
back,1337,1498,1498,0,0,12.1,37,362752
back,1337,1498,1498,0,0,12.1,37,362752
back,1338,1498,1498,0,0,12.1,37,362752
back,1338,1498,1498,0,0,12.1,37,362752
back,1339,1498,1498,0,0,12.1,37,362752
back,1339,1498,1498,0,0,12.1,37,362752
back,1340,1498,1498,0,0,12.1,37,362752
back,1340,1498,1498,0,0,12.1,37,362752
back,1341,1498,1498,0,0,12.1,37,362752
back,1341,1498,1498,0,0,12.1,37,362752
back,1342,1498,1498,0,0,12.1,37,362752
back,1342,1498,1498,0,0,12.1,37,362752
back,1343,1498,1498,0,0,12.1,37,362752
back,1343,1498,1498,0,0,12.1,37,362752
back,1344,1498,1498,0,0,12.1,37,362752
back,1344,1498,1498,0,0,12.1,37,362752
back,1345,1498,1498,0,0,12.1,37,362752
back,1345,1498,1498,0,0,12.1,37,362752
back,1346,1498,1498,0,0,12.1,37,362752
back,1346,1498,1498,0,0,12.1,37,362752
back,1347,1498,1498,0,0,12.1,37,362752
back,1347,1498,1498,0,0,12.1,37,362752
back,1348,1498,1498,0,0,12.1,37,362752
back,1348,1498,1498,0,0,12.0,37,362752
back,1349,1498,1498,0,0,12.0,37,362752
back,1349,1498,1498,0,0,12.1,37,362752
back,1350,1498,1498,0,0,12.1,37,362752
back,1350,1498,1498,0,0,12.1,37,362752
back,1351,1498,1498,0,0,12.1,37,362752
back,1351,1498,1498,0,0,12.1,37,362752
back,1352,1498,1498,0,0,12.1,37,362752
back,1352,1498,1498,0,0,12.1,37,362752
back,1353,1498,1498,0,0,12.1,37,362752
back,1353,1498,1498,0,0,12.1,37,362752
back,1354,1498,1498,0,0,12.1,37,362752
back,1354,1498,1498,0,0,12.1,37,362752
back,1355,1498,1498,0,0,12.1,37,362752
back,1355,1498,1498,0,0,12.1,37,362752
back,1356,1498,1498,0,0,12.1,37,362752
back,1356,1498,1498,0,0,12.1,37,362752
back,1357,1498,1498,0,0,12.1,37,362752
back,1357,1498,1498,0,0,12.1,37,362752
back,1358,1498,1498,0,0,12.1,37,362752
back,1358,1498,1498,0,0,12.1,37,362752
back,1359,1498,1498,0,0,12.1,37,362752
back,1359,1498,1498,0,0,12.1,37,362752
back,1360,1498,1498,0,0,12.1,37,362752
back,1360,1498,1498,0,0,12.1,37,362752
back,1361,1498,1498,0,0,12.1,37,362752
back,1361,1498,1498,0,0,12.1,37,362752
back,1362,1498,1498,0,0,12.1,37,362752
back,1362,1498,1498,0,0,12.1,37,362752
back,1363,1498,1498,0,0,12.1,37,362752
back,1363,1498,1498,0,0,12.1,37,362752
back,1364,1498,1498,0,0,12.1,37,362752
back,1364,1498,1498,0,0,12.1,37,362752
back,1365,1498,1498,0,0,12.1,37,362752
back,1365,1498,1498,0,0,12.1,37,362752
back,1366,1498,1498,0,0,12.1,37,362752
back,1366,1498,1498,0,0,12.1,37,362752
back,1367,1498,1498,0,0,12.1,37,362752
back,1367,1498,1498,0,0,12.1,37,362752
back,1368,1498,1498,0,0,12.1,37,362752
back,1368,1498,1498,0,0,12.1,37,362752
back,1369,1498,1498,0,0,12.1,37,362752
back,1369,1498,1498,0,0,12.1,37,362752
back,1370,1498,1498,0,0,12.1,37,362752
back,1370,1498,1498,0,0,12.1,37,362752
back,1370,1498,1498,0,0,12.1,37,362752
back,1371,1498,1498,0,0,12.1,37,362752
back,1371,1498,1498,0,0,12.1,37,362752
back,1372,1498,1498,0,0,12.1,37,362752
back,1372,1498,1498,0,0,12.1,37,362752
back,1373,1498,1498,0,0,12.1,37,362752
back,1373,1498,1498,0,0,12.1,37,362752
back,1374,1498,1498,0,0,12.1,37,362752
back,1374,1498,1498,0,0,12.1,38,362752
back,1375,1498,1498,0,0,12.1,38,362752
back,1375,1498,1498,0,0,12.1,37,362752
back,1376,1498,1498,0,0,12.1,37,362752
back,1376,1498,1498,0,0,12.1,37,362752
back,1376,1498,1498,0,0,12.1,37,362752
back,1377,1498,1498,0,0,12.1,37,362752
back,1377,1498,1498,0,0,12.1,37,362752
back,1378,1498,1498,0,0,12.1,37,362752
back,1378,1498,1498,0,0,12.1,37,362752
back,1379,1498,1498,0,0,12.1,37,362752
back,1379,1498,1498,0,0,12.1,37,362752
back,1380,1498,1498,0,0,12.1,37,362752
back,1380,1498,1498,0,0,12.1,37,362752
back,1381,1498,1498,0,0,12.1,37,362752
back,1381,1498,1498,0,0,12.1,37,362752
back,1382,1498,1498,0,0,12.1,37,362752
back,1382,1498,1498,0,0,12.1,37,362752
back,1383,1498,1498,0,0,12.1,37,362752
back,1383,1498,1498,0,0,12.1,37,362752
back,1384,1498,1498,0,0,12.1,37,362752
back,1384,1498,1498,0,0,12.1,37,362752
back,1385,1498,1498,0,0,12.1,37,362752
back,1385,1498,1498,0,0,12.1,37,362752
back,1386,1498,1498,0,0,12.1,37,362752
back,1386,1498,1498,0,0,12.1,37,362752
back,1387,1498,1498,0,0,12.1,37,362752
back,1387,1498,1498,0,0,12.1,37,362752
back,1388,1498,1498,0,0,12.1,37,362752
back,1388,1498,1498,0,0,12.1,37,362752
back,1389,1498,1498,0,0,12.1,37,362752
back,1389,1498,1498,0,0,12.1,37,362752
back,1390,1498,1498,0,0,12.1,37,362752
back,1390,1498,1498,0,0,12.1,37,362752
back,1391,1498,1498,0,0,12.1,37,362752
back,1391,1498,1498,0,0,12.1,37,362752
back,1392,1498,1498,0,0,12.1,37,362752
back,1392,1498,1498,0,0,12.1,37,362752
back,1393,1498,1498,0,0,12.1,37,362752
back,1393,1498,1498,0,0,12.1,37,362752
back,1394,1498,1498,0,0,12.1,37,362752
back,1394,1498,1498,0,0,12.1,37,362752
back,1395,1498,1498,0,0,12.1,37,362752
back,1395,1498,1498,0,0,12.1,37,362752
back,1396,1498,1498,0,0,12.1,37,362752
back,1396,1498,1498,0,0,12.1,37,362752
back,1397,1498,1498,0,0,12.1,37,362752
back,1397,1498,1498,0,0,12.1,37,362752
back,1398,1498,1498,0,0,12.1,37,362752
back,1398,1498,1498,0,0,12.1,37,362752
back,1399,1498,1498,0,0,12.1,37,362752
back,1399,1498,1498,0,0,12.1,37,362752
back,1400,1498,1498,0,0,12.1,37,362752
back,1400,1498,1498,0,0,12.1,37,362752
back,1401,1498,1498,0,0,12.1,37,362752
back,1401,1498,1498,0,0,12.1,37,362752
back,1402,1498,1498,0,0,12.1,37,362752
back,1402,1498,1498,0,0,12.1,37,362752
back,1403,1498,1498,0,0,12.1,37,362752
back,1403,1498,1498,0,0,12.1,37,362752
back,1404,1498,1498,0,0,12.1,37,362752
back,1404,1498,1498,0,0,12.1,37,362752
back,1405,1498,1498,0,0,12.1,37,362752
back,1405,1498,1498,0,0,12.1,37,362752
back,1406,1498,1498,0,0,12.1,37,362752
back,1406,1498,1498,0,0,12.1,37,362752
back,1407,1498,1498,0,0,12.1,37,362752
back,1407,1498,1498,0,0,12.1,37,362752
back,1408,1498,1498,0,0,12.1,37,362752
back,1408,1498,1498,0,0,12.1,37,362752
back,1409,1498,1498,0,0,12.1,37,362752
back,1409,1498,1498,0,0,12.1,37,362752
back,1410,1498,1498,0,0,12.1,37,362752
back,1410,1498,1498,0,0,12.1,37,362752
back,1411,1498,1498,0,0,12.1,37,362752
back,1411,1498,1498,0,0,12.1,37,362752
back,1412,1498,1498,0,0,12.1,37,362752
back,1412,1498,1498,0,0,12.1,37,362752
back,1413,1498,1498,0,0,12.1,37,362752
back,1413,1498,1498,0,0,12.1,37,362752
back,1414,1498,1498,0,0,12.1,37,362752
back,1414,1498,1498,0,0,12.1,37,362752
back,1415,1498,1498,0,0,12.1,37,362752
back,1415,1498,1498,0,0,12.1,37,362752
back,1416,1498,1498,0,0,12.1,37,362752
back,1416,1498,1498,0,0,12.1,37,362752
back,1417,1498,1498,0,0,12.1,37,362752
back,1417,1498,1498,0,0,12.1,37,362752
back,1418,1498,1498,0,0,12.1,37,362752
back,1418,1498,1498,0,0,12.1,37,362752
back,1419,1498,1498,0,0,12.1,37,362752
back,1419,1498,1498,0,0,12.1,37,362752
back,1420,1498,1498,0,0,12.1,37,362752
back,1420,1498,1498,0,0,12.1,37,362752
back,1421,1498,1498,0,0,12.1,37,362752
back,1421,1498,1498,0,0,12.1,37,362752
back,1422,1498,1498,0,0,12.1,37,362752
back,1422,1498,1498,0,0,12.1,37,362752
back,1423,1498,1498,0,0,12.1,37,362752
back,1423,1498,1498,0,0,12.1,37,362752
back,1424,1498,1498,0,0,12.1,37,362752
back,1424,1498,1498,0,0,12.1,37,362752
back,1425,1498,1498,0,0,12.1,37,362752
back,1425,1498,1498,0,0,12.1,37,362752
back,1426,1498,1498,0,0,12.1,37,362752
back,1426,1498,1498,0,0,12.1,37,362752
back,1427,1498,1498,0,0,12.1,37,362752
back,1427,1498,1498,0,0,12.1,37,362752
back,1428,1498,1498,0,0,12.1,37,362752
back,1428,1498,1498,0,0,12.1,37,362752
back,1429,1498,1498,0,0,12.1,37,362752
back,1429,1498,1498,0,0,12.1,37,362752
back,1430,1498,1498,0,0,12.1,37,362752
back,1430,1498,1498,0,0,12.1,37,362752
back,1431,1498,1498,0,0,12.1,37,362752
back,1431,1498,1498,0,0,12.1,37,362752
back,1432,1498,1498,0,0,12.1,37,362752
back,1432,1498,1498,0,0,12.1,37,362752
back,1433,1498,1498,0,0,12.1,37,362752
back,1433,1498,1498,0,0,12.1,37,362752
back,1434,1498,1498,0,0,12.1,37,362752
back,1434,1498,1498,0,0,12.1,37,362752
back,1435,1498,1498,0,0,12.1,37,362752
back,1435,1498,1498,0,0,12.1,37,362752
back,1436,1498,1498,0,0,12.1,37,362752
back,1436,1498,1498,0,0,12.1,37,362752
back,1437,1498,1498,0,0,12.1,37,362752
back,1437,1498,1498,0,0,12.1,37,362752
back,1438,1498,1498,0,0,12.1,37,362752
back,1438,1498,1498,0,0,12.1,37,362752
back,1439,1498,1498,0,0,12.1,37,362752
back,1439,1498,1498,0,0,12.1,37,362752
back,1440,1498,1498,0,0,12.1,37,362752
back,1440,1498,1498,0,0,12.1,37,362752
back,1441,1498,1498,0,0,12.1,37,362752
back,1441,1498,1498,0,0,12.1,37,362752
back,1442,1498,1498,0,0,12.1,37,362752
back,1442,1498,1498,0,0,12.1,37,362752
back,1443,1498,1498,0,0,12.1,37,362752
back,1443,1498,1498,0,0,12.1,37,362752
back,1443,1498,1498,0,0,12.1,37,362752
back,1444,1498,1498,0,0,12.1,37,362752
back,1444,1498,1498,0,0,12.1,37,362752
back,1445,1498,1498,0,0,12.1,37,362752
back,1445,1498,1498,0,0,12.1,37,362752
back,1446,1498,1498,0,0,12.1,37,362752
back,1446,1498,1498,0,0,12.1,37,362752
back,1447,1498,1498,0,0,12.1,37,362752
back,1447,1498,1498,0,0,12.1,37,362752
back,1448,1498,1498,0,0,12.1,37,362752
back,1448,1498,1498,0,0,12.1,37,362752
back,1449,1498,1498,0,0,12.1,37,362752
back,1449,1498,1498,0,0,12.1,37,362752
back,1450,1498,1498,0,0,12.1,37,362752
back,1450,1498,1498,0,0,12.1,37,362752
back,1451,1498,1498,0,0,12.1,37,362752
back,1451,1498,1498,0,0,12.1,37,362752
back,1452,1498,1498,0,0,12.1,37,362752
back,1452,1498,1498,0,0,12.1,37,362752
back,1453,1498,1498,0,0,12.1,37,362752
back,1453,1498,1498,0,0,12.1,37,362752
back,1454,1498,1498,0,0,12.1,37,362752
back,1454,1498,1498,0,0,12.1,37,362752
back,1455,1498,1498,0,0,12.1,37,362752
back,1455,1498,1498,0,0,12.1,37,362752
back,1456,1498,1498,0,0,12.1,37,362752
back,1456,1498,1498,0,0,12.1,37,362752
back,1457,1498,1498,0,0,12.1,37,362752
back,1457,1498,1498,0,0,12.1,37,362752
back,1458,1498,1498,0,0,12.1,37,362752
back,1458,1498,1498,0,0,12.1,37,362752
back,1459,1498,1498,0,0,12.1,37,362752
back,1459,1498,1498,0,0,12.1,37,362752
back,1460,1498,1498,0,0,12.1,37,362752
back,1460,1498,1498,0,0,12.1,37,362752
back,1461,1498,1498,0,0,12.1,37,362752
back,1461,1498,1498,0,0,12.1,37,362752
back,1462,1498,1498,0,0,12.1,37,362752
back,1462,1498,1498,0,0,12.1,37,362752
back,1463,1498,1498,0,0,12.1,37,362752
back,1463,1498,1498,0,0,12.1,37,362752
back,1464,1498,1498,0,0,12.1,37,362752
back,1464,1498,1498,0,0,12.1,37,362752
back,1465,1498,1498,0,0,12.1,37,362752
back,1465,1498,1498,0,0,12.1,37,362752
back,1466,1498,1498,0,0,12.1,37,362752
back,1466,1498,1498,0,0,12.1,37,362752
back,1467,1498,1498,0,0,12.1,37,362752
back,1467,1498,1498,0,0,12.1,37,362752
back,1468,1498,1498,0,0,12.1,37,362752
back,1468,1498,1498,0,0,12.1,37,362752
back,1469,1498,1498,0,0,12.1,37,362752
back,1469,1498,1498,0,0,12.1,37,362752
back,1470,1498,1498,0,0,12.1,37,362752
back,1470,1498,1498,0,0,12.1,37,362752
back,1471,1498,1498,0,0,12.1,37,362752
back,1471,1498,1498,0,0,12.1,37,362752
back,1472,1498,1498,0,0,12.1,37,362752
back,1472,1498,1498,0,0,12.1,37,362752
back,1473,1498,1498,0,0,12.1,37,362752
back,1473,1498,1498,0,0,12.1,37,362752
back,1474,1498,1498,0,0,12.1,37,362752
back,1474,1498,1498,0,0,12.1,37,362752
back,1475,1498,1498,0,0,12.1,37,362752
back,1475,1498,1498,0,0,12.1,37,362752
back,1476,1498,1498,0,0,12.1,37,362752
back,1476,1498,1498,0,0,12.1,37,362752
back,1477,1498,1498,0,0,12.1,37,362752
back,1477,1498,1498,0,0,12.1,37,362752
back,1478,1498,1498,0,0,12.1,37,362752
back,1478,1498,1498,0,0,12.1,37,362752
back,1479,1498,1498,0,0,12.1,37,362752
back,1479,1498,1498,0,0,12.1,37,362752
back,1480,1498,1498,0,0,12.1,37,362752
back,1480,1498,1498,0,0,12.1,37,362752
back,1481,1498,1498,0,0,12.1,37,362752
back,1481,1498,1498,0,0,12.1,37,362752
back,1482,1498,1498,0,0,12.1,37,362752
back,1482,1498,1498,0,0,12.1,37,362752
back,1483,1498,1498,0,0,12.1,37,362752
back,1483,1498,1498,0,0,12.1,37,362752
back,1484,1498,1498,0,0,12.1,37,362752
back,1484,1498,1498,0,0,12.1,37,362752
back,1485,1498,1498,0,0,12.1,37,362752
back,1485,1498,1498,0,0,12.1,37,362752
back,1486,1498,1498,0,0,12.1,37,362752
back,1486,1498,1498,0,0,12.1,37,362752
back,1487,1498,1498,0,0,12.1,37,362752
back,1487,1498,1498,0,0,12.1,37,362752
back,1488,1498,1498,0,0,12.1,37,362752
back,1488,1498,1498,0,0,12.1,37,362752
back,1489,1498,1498,0,0,12.1,37,362752
back,1489,1498,1498,0,0,12.1,37,362752
back,1490,1498,1498,0,0,12.1,37,362752
back,1490,1498,1498,0,0,12.1,37,362752
back,1491,1498,1498,0,0,12.1,37,362752
back,1491,1498,1498,0,0,12.1,37,362752
back,1492,1498,1498,0,0,12.1,37,362752
back,1492,1498,1498,0,0,12.1,37,362752
back,1493,1498,1498,0,0,12.1,37,362752
back,1493,1498,1498,0,0,12.1,37,362752
back,1494,1498,1498,0,0,12.1,37,362752
back,1494,1498,1498,0,0,12.1,37,362752
back,1495,1498,1498,0,0,12.1,37,362752
back,1495,1498,1498,0,0,12.1,37,362752
back,1496,1498,1498,0,0,12.1,37,362752
back,1496,1498,1498,0,0,12.1,37,362752
back,1497,1498,1498,0,0,12.1,37,362752
back,1497,1498,1498,0,0,12.1,37,362752
back,1498,1498,1498,0,0,12.1,37,362752
back,1498,1498,1498,0,0,12.1,37,362752
back,1499,1498,1498,0,0,12.1,37,362752
back,1499,1498,1498,0,0,12.1,37,362752
back,1500,1498,1498,0,0,12.1,37,362752
back,1500,1498,1498,0,0,12.1,37,362752
back,1501,1498,1498,0,0,12.1,37,362752
back,1501,1498,1498,0,0,12.1,37,362752
back,1502,1498,1498,0,0,12.1,37,362752
back,1502,1498,1498,0,0,12.1,37,362752
back,1503,1498,1498,0,0,12.1,37,362752
back,1503,1498,1498,0,0,12.1,37,362752
back,1504,1498,1498,0,0,12.1,37,362752
back,1504,1498,1498,0,0,12.1,37,362752
back,1505,1498,1498,0,0,12.1,37,362752
back,1505,1498,1498,0,0,12.1,37,362752
back,1506,1498,1498,0,0,12.1,37,362752
back,1506,1498,1498,0,0,12.1,37,362752
back,1507,1498,1498,0,0,12.1,37,362752
back,1507,1498,1498,0,0,12.1,37,362752
back,1508,1498,1498,0,0,12.1,37,362752
back,1508,1498,1498,0,0,12.1,37,362752
back,1509,1498,1498,0,0,12.1,37,362752
back,1509,1498,1498,0,0,12.1,37,362752
back,1510,1498,1498,0,0,12.1,37,362752
back,1510,1498,1498,0,0,12.1,37,362752
back,1511,1498,1498,0,0,12.1,37,362752
back,1511,1498,1498,0,0,12.1,37,362752
back,1512,1498,1498,0,0,12.1,37,362752
back,1512,1498,1498,0,0,12.1,37,362752
back,1513,1498,1498,0,0,12.1,37,362752
back,1513,1498,1498,0,0,12.1,37,362752
back,1514,1498,1498,0,0,12.1,37,362752
back,1514,1498,1498,0,0,12.1,37,362752
back,1515,1498,1498,0,0,12.1,37,362752
back,1515,1498,1498,0,0,12.1,37,362752
back,1516,1498,1498,0,0,12.1,37,362752
back,1516,1498,1498,0,0,12.1,37,362752
back,1517,1498,1498,0,0,12.1,37,362752
back,1517,1498,1498,0,0,12.1,37,362752
back,1518,1498,1498,0,0,12.1,37,362752
back,1518,1498,1498,0,0,12.1,37,362752
back,1519,1498,1498,0,0,12.1,37,362752
back,1519,1498,1498,0,0,12.1,37,362752
back,1520,1498,1498,0,0,12.1,37,362752
back,1520,1498,1498,0,0,12.1,37,362752
back,1521,1498,1498,0,0,12.1,37,362752
back,1521,1498,1498,0,0,12.1,37,362752
back,1522,1498,1498,0,0,12.1,37,362752
back,1522,1498,1498,0,0,12.1,37,362752
back,1523,1498,1498,0,0,12.1,37,362752
back,1523,1498,1498,0,0,12.1,37,362752
back,1524,1498,1498,0,0,12.1,37,362752
back,1524,1498,1498,0,0,12.1,37,362752
back,1525,1498,1498,0,0,12.1,37,362752
back,1525,1498,1498,0,0,12.1,37,362752
back,1526,1498,1498,0,0,12.1,37,362752
back,1526,1498,1498,0,0,12.1,37,362752
back,1527,1498,1498,0,0,12.1,37,362752
back,1527,1498,1498,0,0,12.1,37,362752
back,1528,1498,1498,0,0,12.1,37,362752
back,1528,1498,1498,0,0,12.1,37,362752
back,1529,1498,1498,0,0,12.1,37,362752
back,1529,1498,1498,0,0,12.1,37,362752
back,1530,1498,1498,0,0,12.1,37,362752
back,1530,1498,1498,0,0,12.1,37,362752
back,1531,1498,1498,0,0,12.1,37,362752
back,1531,1498,1498,0,0,12.1,37,362752
back,1532,1498,1498,0,0,12.1,37,362752
back,1532,1498,1498,0,0,12.1,37,362752
back,1533,1498,1498,0,0,12.1,37,362752
back,1533,1498,1498,0,0,12.1,37,362752
back,1534,1498,1498,0,0,12.1,37,362752
back,1534,1498,1498,0,0,12.1,37,362752
back,1535,1498,1498,0,0,12.1,37,362752
back,1535,1498,1498,0,0,12.1,37,362752
back,1536,1498,1498,0,0,12.1,37,362752
back,1536,1498,1498,0,0,12.1,37,362752
back,1537,1498,1498,0,0,12.1,37,362752
back,1537,1498,1498,0,0,12.1,37,362752
back,1538,1498,1498,0,0,12.1,37,362752
back,1538,1498,1498,0,0,12.1,37,362752
back,1539,1498,1498,0,0,12.1,37,362752
back,1539,1498,1498,0,0,12.1,37,362752
back,1540,1498,1498,0,0,12.1,37,362752
back,1540,1498,1498,0,0,12.1,37,362752
back,1541,1498,1498,0,0,12.1,37,362752
back,1541,1498,1498,0,0,12.1,37,362752
back,1542,1498,1498,0,0,12.1,37,362752
back,1542,1498,1498,0,0,12.1,37,362752
back,1543,1498,1498,0,0,12.1,37,362752
back,1543,1498,1498,0,0,12.1,37,362752
back,1544,1498,1498,0,0,12.1,37,362752
back,1544,1498,1498,0,0,12.1,37,362752
back,1545,1498,1498,0,0,12.1,37,362752
back,1545,1498,1498,0,0,12.1,37,362752
back,1546,1498,1498,0,0,12.1,37,362752
back,1546,1498,1498,0,0,12.1,37,362752
back,1547,1498,1498,0,0,12.1,37,362752
back,1547,1498,1498,0,0,12.1,37,362752
back,1548,1498,1498,0,0,12.1,37,362752
back,1548,1498,1498,0,0,12.1,37,362752
back,1549,1498,1498,0,0,12.1,37,362752
back,1549,1498,1498,0,0,12.1,37,362752
back,1550,1498,1498,0,0,12.1,37,362752
back,1550,1498,1498,0,0,12.1,37,362752
back,1551,1498,1498,0,0,12.1,37,362752
back,1551,1498,1498,0,0,12.1,37,362752
back,1552,1498,1498,0,0,12.1,37,362752
back,1552,1498,1498,0,0,12.1,37,362752
back,1553,1498,1498,0,0,12.1,37,362752
back,1553,1498,1498,0,0,12.1,37,362752
back,1554,1498,1498,0,0,12.1,37,362752
back,1554,1498,1498,0,0,12.1,37,362752
back,1555,1498,1498,0,0,12.1,37,362752
back,1555,1498,1498,0,0,12.1,37,362752
back,1556,1498,1498,0,0,12.1,37,362752
back,1556,1498,1498,0,0,12.1,37,362752
back,1557,1498,1498,0,0,12.1,37,362752
back,1557,1498,1498,0,0,12.1,37,362752
back,1558,1498,1498,0,0,12.1,37,362752
back,1558,1498,1498,0,0,12.1,37,362752
back,1559,1498,1498,0,0,12.1,37,362752
back,1559,1498,1498,0,0,12.1,37,362752
back,1560,1498,1498,0,0,12.1,37,362752
back,1560,1498,1498,0,0,12.1,37,362752
back,1561,1498,1498,0,0,12.1,37,362752
back,1561,1498,1498,0,0,12.1,37,362752
back,1562,1498,1498,0,0,12.1,37,362752
back,1562,1498,1498,0,0,12.1,37,362752
back,1563,1498,1498,0,0,12.1,37,362752
back,1563,1498,1498,0,0,12.1,37,362752
back,1564,1498,1498,0,0,12.1,37,362752
back,1564,1498,1498,0,0,12.1,37,362752
back,1565,1498,1498,0,0,12.1,37,362752
back,1565,1498,1498,0,0,12.1,37,362752
back,1566,1498,1498,0,0,12.1,37,362752
back,1566,1498,1498,0,0,12.1,37,362752
back,1567,1498,1498,0,0,12.1,37,362752
back,1567,1498,1498,0,0,12.1,37,362752
back,1568,1498,1498,0,0,12.1,37,362752
back,1568,1498,1498,0,0,12.1,37,362752
back,1569,1498,1498,0,0,12.1,37,362752
back,1569,1498,1498,0,0,12.1,37,362752
back,1570,1498,1498,0,0,12.1,37,362752
back,1570,1498,1498,0,0,12.1,37,362752
back,1571,1498,1498,0,0,12.1,37,362752
back,1571,1498,1498,0,0,12.1,37,362752
back,1572,1498,1498,0,0,12.1,37,362752
back,1572,1498,1498,0,0,12.1,37,362752
back,1573,1498,1498,0,0,12.1,37,362752
back,1573,1498,1498,0,0,12.1,37,362752
back,1574,1498,1498,0,0,12.1,37,362752
back,1574,1498,1498,0,0,12.1,37,362752
back,1575,1498,1498,0,0,12.1,37,362752
back,1575,1498,1498,0,0,12.1,37,362752
back,1576,1498,1498,0,0,12.1,37,362752
back,1576,1498,1498,0,0,12.1,37,362752
back,1577,1498,1498,0,0,12.1,37,362752
back,1577,1498,1498,0,0,12.1,37,362752
back,1578,1498,1498,0,0,12.1,37,362752
back,1578,1498,1498,0,0,12.1,37,362752
back,1579,1498,1498,0,0,12.1,37,362752
back,1579,1498,1498,0,0,12.1,37,362752
back,1580,1498,1498,0,0,12.1,37,362752
back,1580,1498,1498,0,0,12.1,37,362752
back,1581,1498,1498,0,0,12.1,37,362752
back,1581,1498,1498,0,0,12.1,37,362752
back,1582,1498,1498,0,0,12.1,37,362752
back,1582,1498,1498,0,0,12.1,37,362752
back,1583,1498,1498,0,0,12.1,37,362752
back,1583,1498,1498,0,0,12.1,37,362752
back,1584,1498,1498,0,0,12.1,37,362752
back,1584,1498,1498,0,0,12.1,37,362752
back,1585,1498,1498,0,0,12.1,37,362752
back,1585,1498,1498,0,0,12.1,37,362752
back,1586,1498,1498,0,0,12.1,37,362752
back,1586,1498,1498,0,0,12.1,37,362752
back,1587,1498,1498,0,0,12.1,37,362752
back,1587,1498,1498,0,0,12.1,37,362752
back,1588,1498,1498,0,0,12.1,37,362752
back,1588,1498,1498,0,0,12.1,37,362752
back,1589,1498,1498,0,0,12.1,37,362752
back,1589,1498,1498,0,0,12.1,37,362752
back,1590,1498,1498,0,0,12.1,37,362752
back,1590,1498,1498,0,0,12.1,37,362752
back,1591,1498,1498,0,0,12.1,37,362752
back,1591,1498,1498,0,0,12.1,37,362752
back,1592,1498,1498,0,0,12.1,37,362752
back,1592,1498,1498,0,0,12.1,37,362752
back,1593,1498,1498,0,0,12.1,37,362752
back,1593,1498,1498,0,0,12.1,37,362752
back,1594,1498,1498,0,0,12.1,37,362752
back,1594,1498,1498,0,0,12.1,37,362752
back,1595,1498,1498,0,0,12.1,37,362752
back,1595,1498,1498,0,0,12.1,37,362752
back,1596,1498,1498,0,0,12.1,37,362752
back,1596,1498,1498,0,0,12.1,37,362752
back,1597,1498,1498,0,0,12.1,37,362752
back,1597,1498,1498,0,0,12.1,37,362752
back,1598,1498,1498,0,0,12.1,37,362752
back,1598,1498,1498,0,0,12.1,37,362752
back,1599,1498,1498,0,0,12.1,37,362752
back,1599,1498,1498,0,0,12.1,37,362752
back,1600,1498,1498,0,0,12.1,37,362752
back,1600,1498,1498,0,0,12.1,37,362752
back,1601,1498,1498,0,0,12.1,37,362752
back,1601,1498,1498,0,0,12.1,37,362752
back,1602,1498,1498,0,0,12.1,37,362752
back,1602,1498,1498,0,0,12.1,37,362752
back,1603,1498,1498,0,0,12.1,37,362752
back,1603,1498,1498,0,0,12.1,37,362752
back,1604,1498,1498,0,0,12.1,37,362752
back,1604,1498,1498,0,0,12.1,37,362752
back,1605,1498,1498,0,0,12.1,37,362752
back,1605,1498,1498,0,0,12.1,37,362752
back,1606,1498,1498,0,0,12.1,37,362752
back,1606,1498,1498,0,0,12.1,37,362752
back,1607,1498,1498,0,0,12.1,37,362752
back,1607,1498,1498,0,0,12.1,37,362752
back,1608,1498,1498,0,0,12.1,37,362752
back,1608,1498,1498,0,0,12.1,37,362752
back,1609,1498,1498,0,0,12.1,37,362752
back,1609,1498,1498,0,0,12.1,37,362752
back,1610,1498,1498,0,0,12.1,37,362752
back,1610,1498,1498,0,0,12.1,37,362752
back,1611,1498,1498,0,0,12.1,37,362752
back,1611,1498,1498,0,0,12.1,37,362752
back,1612,1498,1498,0,0,12.1,37,362752
back,1612,1498,1498,0,0,12.1,37,362752
back,1613,1498,1498,0,0,12.1,37,362752
back,1613,1498,1498,0,0,12.1,37,362752
back,1614,1498,1498,0,0,12.1,37,362752
back,1614,1498,1498,0,0,12.1,37,362752
back,1615,1498,1498,0,0,12.1,37,362752
back,1615,1498,1498,0,0,12.1,37,362752
back,1616,1498,1498,0,0,12.1,37,362752
back,1616,1498,1498,0,0,12.1,37,362752
back,1617,1498,1498,0,0,12.1,37,362752
back,1617,1498,1498,0,0,12.1,37,362752
back,1618,1498,1498,0,0,12.1,37,362752
back,1618,1498,1498,0,0,12.1,37,362752
back,1619,1498,1498,0,0,12.1,37,362752
back,1619,1498,1498,0,0,12.1,37,362752
back,1620,1498,1498,0,0,12.1,37,362752
back,1620,1498,1498,0,0,12.1,37,362752
back,1621,1498,1498,0,0,12.1,37,362752
back,1621,1498,1498,0,0,12.1,37,362752
back,1622,1498,1498,0,0,12.1,37,362752
back,1622,1498,1498,0,0,12.1,37,362752
back,1623,1498,1498,0,0,12.1,37,362752
back,1623,1498,1498,0,0,12.1,37,362752
back,1624,1498,1498,0,0,12.1,37,362752
back,1624,1498,1498,0,0,12.1,37,362752
back,1625,1498,1498,0,0,12.1,37,362752
back,1625,1498,1498,0,0,12.1,37,362752
back,1626,1498,1498,0,0,12.1,37,362752
back,1626,1498,1498,0,0,12.1,37,362752
back,1627,1498,1498,0,0,12.1,37,362752
back,1627,1498,1498,0,0,12.1,37,362752
back,1628,1498,1498,0,0,12.1,37,362752
back,1628,1498,1498,0,0,12.1,37,362752
back,1629,1498,1498,0,0,12.1,37,362752
back,1629,1498,1498,0,0,12.1,37,362752
back,1630,1498,1498,0,0,12.1,37,362752
back,1630,1498,1498,0,0,12.1,37,362752
back,1631,1498,1498,0,0,12.1,37,362752
back,1631,1498,1498,0,0,12.1,37,362752
back,1632,1498,1498,0,0,12.1,37,362752
back,1632,1498,1498,0,0,12.1,37,362752
back,1633,1498,1498,0,0,12.1,37,362752
back,1633,1498,1498,0,0,12.1,37,362752
back,1634,1498,1498,0,0,12.1,37,362752
back,1634,1498,1498,0,0,12.1,37,362752
back,1635,1498,1498,0,0,12.1,37,362752
back,1635,1498,1498,0,0,12.1,37,362752
back,1636,1498,1498,0,0,12.1,37,362752
back,1636,1498,1498,0,0,12.1,37,362752
back,1637,1498,1498,0,0,12.1,37,362752
back,1637,1498,1498,0,0,12.1,37,362752
back,1638,1498,1498,0,0,12.1,37,362752
back,1638,1498,1498,0,0,12.1,37,362752
back,1639,1498,1498,0,0,12.1,37,362752
back,1639,1498,1498,0,0,12.1,37,362752
back,1640,1498,1498,0,0,12.1,37,362752
back,1640,1498,1498,0,0,12.1,37,362752
back,1641,1498,1498,0,0,12.1,37,362752
back,1641,1498,1498,0,0,12.1,37,362752
back,1642,1498,1498,0,0,12.1,37,362752
back,1642,1498,1498,0,0,12.1,37,362752
back,1643,1498,1498,0,0,12.1,37,362752
back,1643,1498,1498,0,0,12.1,37,362752
back,1644,1498,1498,0,0,12.1,37,362752
back,1644,1498,1498,0,0,12.1,37,362752
back,1645,1498,1498,0,0,12.1,37,362752
back,1645,1498,1498,0,0,12.1,37,362752
back,1646,1498,1498,0,0,12.1,37,362752
back,1646,1498,1498,0,0,12.1,37,362752
back,1647,1498,1498,0,0,12.1,37,362752
back,1647,1498,1498,0,0,12.1,37,362752
back,1648,1498,1498,0,0,12.1,37,362752
back,1648,1498,1498,0,0,12.1,37,362752
back,1649,1498,1498,0,0,12.1,37,362752
back,1649,1498,1498,0,0,12.1,37,362752
back,1650,1498,1498,0,0,12.1,37,362752
back,1650,1498,1498,0,0,12.1,37,362752
back,1651,1498,1498,0,0,12.1,37,362752
back,1651,1498,1498,0,0,12.1,37,362752
back,1652,1498,1498,0,0,12.1,37,362752
back,1652,1498,1498,0,0,12.1,37,362752
back,1653,1498,1498,0,0,12.1,37,362752
back,1653,1498,1498,0,0,12.1,37,362752
back,1654,1498,1498,0,0,12.1,37,362752
back,1654,1498,1498,0,0,12.1,37,362752
back,1655,1498,1498,0,0,12.1,37,362752
back,1655,1498,1498,0,0,12.1,37,362752
back,1656,1498,1498,0,0,12.1,37,362752
back,1656,1498,1498,0,0,12.1,37,362752
back,1657,1498,1498,0,0,12.1,37,362752
back,1657,1498,1498,0,0,12.1,37,362752
back,1658,1498,1498,0,0,12.1,37,362752
back,1658,1498,1498,0,0,12.1,37,362752
back,1659,1498,1498,0,0,12.1,37,362752
back,1659,1498,1498,0,0,12.1,37,362752
back,1660,1498,1498,0,0,12.1,37,362752
back,1660,1498,1498,0,0,12.1,37,362752
back,1661,1498,1498,0,0,12.1,37,362752
back,1661,1498,1498,0,0,12.1,37,362752
back,1662,1498,1498,0,0,12.1,37,362752
back,1662,1498,1498,0,0,12.1,37,362752
back,1663,1498,1498,0,0,12.1,37,362752
back,1663,1498,1498,0,0,12.1,37,362752
back,1664,1498,1498,0,0,12.1,37,362752
back,1664,1498,1498,0,0,12.1,37,362752
back,1665,1498,1498,0,0,12.1,37,362752
back,1665,1498,1498,0,0,12.1,37,362752
back,1666,1498,1498,0,0,12.1,37,362752
back,1666,1498,1498,0,0,12.1,37,362752
back,1667,1498,1498,0,0,12.1,37,362752
back,1667,1498,1498,0,0,12.1,37,362752
back,1668,1498,1498,0,0,12.1,37,362752
back,1668,1498,1498,0,0,12.1,37,362752
back,1669,1498,1498,0,0,12.1,37,362752
back,1669,1498,1498,0,0,12.1,37,362752
back,1670,1498,1498,0,0,12.1,37,362752
back,1670,1498,1498,0,0,12.1,37,362752
back,1671,1498,1498,0,0,12.1,37,362752
back,1671,1498,1498,0,0,12.1,37,362752
back,1672,1498,1498,0,0,12.1,37,362752
back,1672,1498,1498,0,0,12.1,37,362752
back,1673,1498,1498,0,0,12.1,37,362752
back,1673,1498,1498,0,0,12.1,37,362752
back,1674,1498,1498,0,0,12.1,37,362752
back,1674,1498,1498,0,0,12.1,37,362752
back,1675,1498,1498,0,0,12.1,37,362752
back,1675,1498,1498,0,0,12.1,37,362752
back,1676,1498,1498,0,0,12.1,37,362752
back,1676,1498,1498,0,0,12.1,37,362752
back,1677,1498,1498,0,0,12.1,37,362752
back,1677,1498,1498,0,0,12.1,37,362752
back,1678,1498,1498,0,0,12.1,37,362752
back,1678,1498,1498,0,0,12.1,37,362752
back,1679,1498,1498,0,0,12.1,37,362752
back,1679,1498,1498,0,0,12.1,37,362752
back,1680,1498,1498,0,0,12.1,37,362752
back,1680,1498,1498,0,0,12.1,37,362752
back,1681,1498,1498,0,0,12.1,37,362752
back,1681,1498,1498,0,0,12.1,37,362752
back,1682,1498,1498,0,0,12.1,37,362752
back,1682,1498,1498,0,0,12.1,37,362752
back,1683,1498,1498,0,0,12.1,37,362752
back,1683,1498,1498,0,0,12.1,37,362752
back,1684,1498,1498,0,0,12.1,37,362752
back,1684,1498,1498,0,0,12.1,37,362752
back,1685,1498,1498,0,0,12.1,37,362752
back,1685,1498,1498,0,0,12.1,37,362752
back,1686,1498,1498,0,0,12.1,37,362752
back,1686,1498,1498,0,0,12.1,37,362752
back,1687,1498,1498,0,0,12.1,37,362752
back,1687,1498,1498,0,0,12.1,37,362752
back,1688,1498,1498,0,0,12.1,37,362752
back,1688,1498,1498,0,0,12.1,37,362752
back,1689,1498,1498,0,0,12.1,37,362752
back,1689,1498,1498,0,0,12.1,37,362752
back,1690,1498,1498,0,0,12.1,37,362752
back,1690,1498,1498,0,0,12.1,37,362752
back,1690,1498,1498,0,0,12.1,37,362752
back,1691,1498,1498,0,0,12.1,37,362752
back,1691,1498,1498,0,0,12.1,37,362752
back,1692,1498,1498,0,0,12.1,37,362752
back,1692,1498,1498,0,0,12.1,37,362752
back,1693,1498,1498,0,0,12.1,37,362752
back,1693,1498,1498,0,0,12.1,37,362752
back,1694,1498,1498,0,0,12.1,37,362752
back,1694,1498,1498,0,0,12.1,37,362752
back,1695,1498,1498,0,0,12.1,37,362752
back,1695,1498,1498,0,0,12.1,37,362752
back,1696,1498,1498,0,0,12.1,37,362752
back,1696,1498,1498,0,0,12.1,37,362752
back,1697,1498,1498,0,0,12.1,37,362752
back,1697,1498,1498,0,0,12.1,37,362752
back,1698,1498,1498,0,0,12.1,37,362752
back,1698,1498,1498,0,0,12.1,37,362752
back,1699,1498,1498,0,0,12.1,37,362752
back,1699,1498,1498,0,0,12.1,37,362752
back,1700,1498,1498,0,0,12.1,37,362752
back,1700,1498,1498,0,0,12.1,37,362752
back,1701,1498,1498,0,0,12.1,37,362752
back,1701,1498,1498,0,0,12.1,37,362752
back,1702,1498,1498,0,0,12.1,37,362752
back,1702,1498,1498,0,0,12.1,37,362752
back,1703,1498,1498,0,0,12.1,37,362752
back,1703,1498,1498,0,0,12.1,37,362752
back,1704,1498,1498,0,0,12.1,37,362752
back,1704,1498,1498,0,0,12.1,37,362752
back,1705,1498,1498,0,0,12.1,37,362752
back,1705,1498,1498,0,0,12.1,37,362752
back,1706,1498,1498,0,0,12.1,37,362752
back,1706,1498,1498,0,0,12.1,37,362752
back,1707,1498,1498,0,0,12.1,37,362752
back,1707,1498,1498,0,0,12.1,37,362752
back,1708,1498,1498,0,0,12.1,37,362752
back,1708,1498,1498,0,0,12.1,37,362752
back,1709,1498,1498,0,0,12.1,37,362752
back,1709,1498,1498,0,0,12.1,37,362752
back,1710,1498,1498,0,0,12.1,37,362752
back,1710,1498,1498,0,0,12.1,37,362752
back,1711,1498,1498,0,0,12.1,37,362752
back,1711,1498,1498,0,0,12.1,37,362752
back,1712,1498,1498,0,0,12.1,37,362752
back,1712,1498,1498,0,0,12.1,37,362752
back,1713,1498,1498,0,0,12.1,37,362752
back,1713,1498,1498,0,0,12.1,37,362752
back,1714,1498,1498,0,0,12.1,37,362752
back,1714,1498,1498,0,0,12.1,37,362752
back,1715,1498,1498,0,0,12.1,37,362752
back,1715,1498,1498,0,0,12.1,37,362752
back,1716,1498,1498,0,0,12.1,37,362752
back,1716,1498,1498,0,0,12.1,37,362752
back,1717,1498,1498,0,0,12.1,37,362752
back,1717,1498,1498,0,0,12.1,37,362752
back,1718,1498,1498,0,0,12.1,37,362752
back,1718,1498,1498,0,0,12.1,37,362752
back,1719,1498,1498,0,0,12.1,37,362752
back,1719,1498,1498,0,0,12.1,37,362752
back,1720,1498,1498,0,0,12.1,37,362752
back,1720,1498,1498,0,0,12.1,37,362752
back,1721,1498,1498,0,0,12.1,37,362752
back,1721,1498,1498,0,0,12.1,37,362752
back,1722,1498,1498,0,0,12.1,37,362752
back,1722,1498,1498,0,0,12.1,37,362752
back,1723,1498,1498,0,0,12.1,37,362752
back,1723,1498,1498,0,0,12.1,37,362752
back,1724,1498,1498,0,0,12.1,37,362752
back,1724,1498,1498,0,0,12.1,37,362752
back,1725,1498,1498,0,0,12.1,37,362752
back,1725,1498,1498,0,0,12.1,37,362752
back,1725,1498,1498,0,0,12.1,37,362752
back,1726,1498,1498,0,0,12.1,37,362752
back,1726,1498,1498,0,0,12.1,37,362752
back,1727,1498,1498,0,0,12.1,37,362752
back,1727,1498,1498,0,0,12.1,37,362752
back,1728,1498,1498,0,0,12.1,37,362752
back,1728,1498,1498,0,0,12.1,37,362752
back,1729,1498,1498,0,0,12.1,37,362752
back,1729,1498,1498,0,0,12.1,37,362752
back,1730,1498,1498,0,0,12.1,37,362752
back,1730,1498,1498,0,0,12.1,37,362752
back,1731,1498,1498,0,0,12.1,37,362752
back,1731,1498,1498,0,0,12.1,37,362752
back,1732,1498,1498,0,0,12.1,37,362752
back,1733,1498,1498,0,0,12.1,37,362752
back,1733,1498,1498,0,0,12.1,37,362752
back,1734,1498,1498,0,0,12.1,37,362752
back,1734,1498,1498,0,0,12.1,37,362752
back,1735,1498,1498,0,0,12.1,37,362752
back,1735,1498,1498,0,0,12.1,37,362752
back,1736,1498,1498,0,0,12.1,37,362752
back,1736,1498,1498,0,0,12.1,37,362752
back,1737,1498,1498,0,0,12.1,37,362752
back,1737,1498,1498,0,0,12.1,37,362752
back,1738,1498,1498,0,0,12.1,37,362752
back,1738,1498,1498,0,0,12.1,37,362752
back,1739,1498,1498,0,0,12.1,37,362752
back,1739,1498,1498,0,0,12.1,37,362752
back,1740,1498,1498,0,0,12.1,37,362752
back,1740,1498,1498,0,0,12.1,37,362752
back,1741,1498,1498,0,0,12.1,37,362752
back,1741,1498,1498,0,0,12.1,37,362752
back,1742,1498,1498,0,0,12.1,37,362752
back,1742,1498,1498,0,0,12.1,37,362752
back,1743,1498,1498,0,0,12.1,37,362752
back,1743,1498,1498,0,0,12.1,37,362752
back,1744,1498,1498,0,0,12.1,37,362752
back,1744,1498,1498,0,0,12.1,37,362752
back,1745,1498,1498,0,0,12.1,37,362752
back,1745,1498,1498,0,0,12.1,37,362752
back,1746,1498,1498,0,0,12.1,37,362752
back,1746,1498,1498,0,0,12.1,37,362752
back,1747,1498,1498,0,0,12.1,37,362752
back,1747,1498,1498,0,0,12.1,37,362752
back,1748,1498,1498,0,0,12.1,37,362752
back,1748,1498,1498,0,0,12.1,37,362752
back,1749,1498,1498,0,0,12.1,37,362752
back,1749,1498,1498,0,0,12.1,37,362752
back,1750,1498,1498,0,0,12.1,37,362752
back,1750,1498,1498,0,0,12.1,37,362752
back,1751,1498,1498,0,0,12.1,37,362752
back,1751,1498,1498,0,0,12.1,37,362752
back,1752,1498,1498,0,0,12.1,37,362752
back,1752,1498,1498,0,0,12.1,37,362752
back,1753,1498,1498,0,0,12.1,37,362752
back,1753,1498,1498,0,0,12.1,37,362752
back,1754,1498,1498,0,0,12.1,37,362752
back,1754,1498,1498,0,0,12.1,37,362752
back,1755,1498,1498,0,0,12.1,37,362752
back,1755,1498,1498,0,0,12.1,37,362752
back,1756,1498,1498,0,0,12.1,37,362752
back,1756,1498,1498,0,0,12.1,37,362752
back,1757,1498,1498,0,0,12.1,37,362752
back,1757,1498,1498,0,0,12.1,37,362752
back,1758,1498,1498,0,0,12.1,37,362752
back,1758,1498,1498,0,0,12.1,37,362752
back,1759,1498,1498,0,0,12.1,37,362752
back,1759,1498,1498,0,0,12.1,37,362752
back,1760,1498,1498,0,0,12.1,37,362752
back,1760,1498,1498,0,0,12.1,37,362752
back,1761,1498,1498,0,0,12.1,37,362752
back,1761,1498,1498,0,0,12.1,37,362752
back,1762,1498,1498,0,0,12.1,37,362752
back,1762,1498,1498,0,0,12.1,37,362752
back,1763,1498,1498,0,0,12.1,37,362752
back,1763,1498,1498,0,0,12.1,37,362752
back,1764,1498,1498,0,0,12.1,37,362752
back,1764,1498,1498,0,0,12.1,37,362752
back,1765,1498,1498,0,0,12.1,37,362752
back,1765,1498,1498,0,0,12.1,37,362752
back,1766,1498,1498,0,0,12.1,37,362752
back,1766,1498,1498,0,0,12.1,37,362752
back,1767,1498,1498,0,0,12.1,37,362752
back,1767,1498,1498,0,0,12.1,37,362752
back,1768,1498,1498,0,0,12.1,37,362752
back,1768,1498,1498,0,0,12.1,37,362752
back,1769,1498,1498,0,0,12.1,37,362752
back,1769,1498,1498,0,0,12.1,37,362752
back,1770,1498,1498,0,0,12.1,37,362752
back,1770,1498,1498,0,0,12.1,37,362752
back,1771,1498,1498,0,0,12.1,37,362752
back,1771,1498,1498,0,0,12.1,37,362752
back,1772,1498,1498,0,0,12.1,37,362752
back,1772,1498,1498,0,0,12.1,37,362752
back,1773,1498,1498,0,0,12.1,37,362752
back,1773,1498,1498,0,0,12.1,37,362752
back,1774,1498,1498,0,0,12.1,37,362752
back,1774,1498,1498,0,0,12.1,37,362752
back,1775,1498,1498,0,0,12.1,37,362752
back,1775,1498,1498,0,0,12.1,37,362752
back,1776,1498,1498,0,0,12.1,37,362752
back,1776,1498,1498,0,0,12.1,37,362752
back,1776,1498,1498,0,0,12.1,37,362752
back,1777,1498,1498,0,0,12.1,37,362752
back,1777,1498,1498,0,0,12.1,37,362752
back,1778,1498,1498,0,0,12.1,37,362752
back,1778,1498,1498,0,0,12.1,37,362752
back,1779,1498,1498,0,0,12.1,37,362752
back,1779,1498,1498,0,0,12.1,37,362752
back,1780,1498,1498,0,0,12.1,37,362752
back,1780,1498,1498,0,0,12.1,37,362752
back,1781,1498,1498,0,0,12.1,37,362752
back,1781,1498,1498,0,0,12.1,37,362752
back,1782,1498,1498,0,0,12.1,37,362752
back,1782,1498,1498,0,0,12.1,37,362752
back,1783,1498,1498,0,0,12.1,37,362752
back,1783,1498,1498,0,0,12.1,37,362752
back,1784,1498,1498,0,0,12.1,37,362752
back,1784,1498,1498,0,0,12.1,37,362752
back,1785,1498,1498,0,0,12.1,37,362752
back,1785,1498,1498,0,0,12.1,37,362752
back,1786,1498,1498,0,0,12.1,37,362752
back,1786,1498,1498,0,0,12.1,37,362752
back,1787,1498,1498,0,0,12.1,37,362752
back,1787,1498,1498,0,0,12.1,37,362752
back,1788,1498,1498,0,0,12.1,37,362752
back,1788,1498,1498,0,0,12.1,37,362752
back,1789,1498,1498,0,0,12.1,37,362752
back,1789,1498,1498,0,0,12.1,37,362752
back,1790,1498,1498,0,0,12.1,37,362752
back,1790,1498,1498,0,0,12.1,37,362752
back,1791,1498,1498,0,0,12.1,37,362752
back,1791,1498,1498,0,0,12.1,37,362752
back,1792,1498,1498,0,0,12.1,37,362752
back,1792,1498,1498,0,0,12.1,37,362752
back,1793,1498,1498,0,0,12.1,37,362752
back,1793,1498,1498,0,0,12.1,37,362752
back,1794,1498,1498,0,0,12.1,37,362752
back,1794,1498,1498,0,0,12.1,37,362752
back,1795,1498,1498,0,0,12.1,37,362752
back,1795,1498,1498,0,0,12.1,37,362752
back,1796,1498,1498,0,0,12.1,37,362752
back,1796,1498,1498,0,0,12.1,37,362752
back,1797,1498,1498,0,0,12.1,37,362752
back,1797,1498,1498,0,0,12.1,37,362752
back,1798,1498,1498,0,0,12.1,37,362752
back,1798,1498,1498,0,0,12.1,37,362752
back,1799,1498,1498,0,0,12.1,37,362752
back,1799,1498,1498,0,0,12.1,37,362752
back,1800,1498,1498,0,0,12.1,37,362752
back,1800,1498,1498,0,0,12.1,37,362752
back,1801,1498,1498,0,0,12.1,37,362752
back,1801,1498,1498,0,0,12.1,37,362752
back,1802,1498,1498,0,0,12.1,37,362752
back,1802,1498,1498,0,0,12.1,37,362752
back,1803,1498,1498,0,0,12.1,37,362752
back,1803,1498,1498,0,0,12.1,37,362752
back,1804,1498,1498,0,0,12.1,37,362752
back,1804,1498,1498,0,0,12.1,37,362752
back,1805,1498,1498,0,0,12.1,37,362752
back,1805,1498,1498,0,0,12.1,37,362752
back,1806,1498,1498,0,0,12.1,37,362752
back,1806,1498,1498,0,0,12.1,37,362752
back,1807,1498,1498,0,0,12.1,37,362752
back,1807,1498,1498,0,0,12.1,37,362752
back,1808,1498,1498,0,0,12.1,37,362752
back,1808,1498,1498,0,0,12.1,37,362752
back,1809,1498,1498,0,0,12.1,37,362752
back,1809,1498,1498,0,0,12.1,37,362752
back,1810,1498,1498,0,0,12.1,37,362752
back,1810,1498,1498,0,0,12.1,37,362752
back,1811,1498,1498,0,0,12.1,37,362752
back,1811,1498,1498,0,0,12.1,37,362752
back,1812,1498,1498,0,0,12.1,37,362752
back,1812,1498,1498,0,0,12.1,37,362752
back,1813,1498,1498,0,0,12.1,37,362752
back,1813,1498,1498,0,0,12.1,37,362752
back,1814,1498,1498,0,0,12.1,37,362752
back,1814,1498,1498,0,0,12.1,37,362752
back,1815,1498,1498,0,0,12.1,37,362752
back,1815,1498,1498,0,0,12.1,37,362752
back,1816,1498,1498,0,0,12.1,37,362752
back,1816,1498,1498,0,0,12.1,37,362752
back,1817,1498,1498,0,0,12.1,37,362752
back,1817,1498,1498,0,0,12.1,37,362752
back,1818,1498,1498,0,0,12.1,37,362752
back,1818,1498,1498,0,0,12.1,37,362752
back,1819,1498,1498,0,0,12.1,37,362752
back,1819,1498,1498,0,0,12.1,37,362752
back,1820,1498,1498,0,0,12.1,37,362752
back,1820,1498,1498,0,0,12.1,37,362752
back,1821,1498,1498,0,0,12.1,37,362752
back,1821,1498,1498,0,0,12.1,37,362752
back,1822,1498,1498,0,0,12.1,37,362752
back,1822,1498,1498,0,0,12.1,37,362752
back,1823,1498,1498,0,0,12.1,37,362752
back,1823,1498,1498,0,0,12.1,37,362752
back,1824,1498,1498,0,0,12.1,37,362752
back,1824,1498,1498,0,0,12.1,37,362752
back,1825,1498,1498,0,0,12.1,37,362752
back,1825,1498,1498,0,0,12.1,37,362752
back,1826,1498,1498,0,0,12.1,37,362752
back,1826,1498,1498,0,0,12.1,37,362752
back,1827,1498,1498,0,0,12.1,37,362752
back,1827,1498,1498,0,0,12.1,37,362752
back,1828,1498,1498,0,0,12.1,37,362752
back,1828,1498,1498,0,0,12.1,37,362752
back,1829,1498,1498,0,0,12.1,37,362752
back,1829,1498,1498,0,0,12.1,37,362752
back,1830,1498,1498,0,0,12.1,37,362752
back,1830,1498,1498,0,0,12.1,37,362752
back,1831,1498,1498,0,0,12.1,37,362752
back,1831,1498,1498,0,0,12.1,37,362752
back,1832,1498,1498,0,0,12.1,37,362752
back,1832,1498,1498,0,0,12.1,37,362752
back,1833,1498,1498,0,0,12.1,37,362752
back,1833,1498,1498,0,0,12.1,37,362752
back,1834,1498,1498,0,0,12.1,37,362752
back,1834,1498,1498,0,0,12.1,37,362752
back,1835,1498,1498,0,0,12.1,37,362752
back,1835,1498,1498,0,0,12.1,37,362752
back,1836,1498,1498,0,0,12.1,37,362752
back,1836,1498,1498,0,0,12.1,37,362752
back,1837,1498,1498,0,0,12.1,37,362752
back,1837,1498,1498,0,0,12.1,37,362752
back,1838,1498,1498,0,0,12.1,37,362752
back,1838,1498,1498,0,0,12.1,37,362752
back,1839,1498,1498,0,0,12.1,37,362752
back,1839,1498,1498,0,0,12.1,37,362752
back,1840,1498,1498,0,0,12.1,37,362752
back,1840,1498,1498,0,0,12.1,37,362752
back,1841,1498,1498,0,0,12.1,37,362752
back,1841,1498,1498,0,0,12.1,37,362752
back,1842,1498,1498,0,0,12.1,37,362752
back,1842,1498,1498,0,0,12.1,37,362752
back,1843,1498,1498,0,0,12.1,37,362752
back,1843,1498,1498,0,0,12.1,37,362752
back,1844,1498,1498,0,0,12.1,37,362752
back,1844,1498,1498,0,0,12.1,37,362752
back,1845,1498,1498,0,0,12.1,37,362752
back,1845,1498,1498,0,0,12.1,37,362752
back,1846,1498,1498,0,0,12.1,37,362752
back,1846,1498,1498,0,0,12.1,37,362752
back,1847,1498,1498,0,0,12.1,37,362752
back,1847,1498,1498,0,0,12.1,37,362752
back,1848,1498,1498,0,0,12.1,37,362752
back,1848,1498,1498,0,0,12.1,37,362752
back,1849,1498,1498,0,0,12.1,37,362752
back,1849,1498,1498,0,0,12.1,37,362752
back,1850,1498,1498,0,0,12.1,37,362752
back,1850,1498,1498,0,0,12.1,37,362752
back,1851,1498,1498,0,0,12.1,37,362752
back,1851,1498,1498,0,0,12.1,37,362752
back,1852,1498,1498,0,0,12.1,37,362752
back,1852,1498,1498,0,0,12.1,37,362752
back,1853,1498,1498,0,0,12.1,37,362752
back,1853,1498,1498,0,0,12.1,37,362752
back,1854,1498,1498,0,0,12.1,37,362752
back,1854,1498,1498,0,0,12.1,37,362752
back,1855,1498,1498,0,0,12.1,37,362752
back,1855,1498,1498,0,0,12.1,37,362752
back,1856,1498,1498,0,0,12.1,37,362752
back,1856,1498,1498,0,0,12.1,37,362752
back,1857,1498,1498,0,0,12.1,37,362752
back,1857,1498,1498,0,0,12.1,37,362752
back,1858,1498,1498,0,0,12.1,37,362752
back,1858,1498,1498,0,0,12.1,37,362752
back,1859,1498,1498,0,0,12.1,37,362752
back,1859,1498,1498,0,0,12.1,37,362752
back,1860,1498,1498,0,0,12.1,37,362752
back,1860,1498,1498,0,0,12.1,37,362752
back,1861,1498,1498,0,0,12.1,37,362752
back,1861,1498,1498,0,0,12.1,37,362752
back,1862,1498,1498,0,0,12.1,37,362752
back,1862,1498,1498,0,0,12.1,37,362752
back,1863,1498,1498,0,0,12.1,37,362752
back,1863,1498,1498,0,0,12.1,37,362752
back,1864,1498,1498,0,0,12.1,37,362752
back,1864,1498,1498,0,0,12.1,37,362752
back,1865,1498,1498,0,0,12.1,37,362752
back,1865,1498,1498,0,0,12.1,37,362752
back,1866,1498,1498,0,0,12.1,37,362752
back,1866,1498,1498,0,0,12.1,37,362752
back,1867,1498,1498,0,0,12.1,37,362752
back,1867,1498,1498,0,0,12.1,37,362752
back,1868,1498,1498,0,0,12.1,37,362752
back,1868,1498,1498,0,0,12.1,37,362752
back,1869,1498,1498,0,0,12.1,37,362752
back,1869,1498,1498,0,0,12.1,37,362752
back,1870,1498,1498,0,0,12.1,37,362752
back,1870,1498,1498,0,0,12.1,37,362752
back,1871,1498,1498,0,0,12.1,37,362752
back,1871,1498,1498,0,0,12.1,37,362752
back,1872,1498,1498,0,0,12.1,37,362752
back,1872,1498,1498,0,0,12.1,37,362752
back,1873,1498,1498,0,0,12.1,37,362752
back,1873,1498,1498,0,0,12.1,37,362752
back,1874,1498,1498,0,0,12.1,37,362752
back,1874,1498,1498,0,0,12.1,37,362752
back,1875,1498,1498,0,0,12.1,37,362752
back,1875,1498,1498,0,0,12.1,37,362752
back,1876,1498,1498,0,0,12.1,37,362752
back,1876,1498,1498,0,0,12.1,37,362752
back,1877,1498,1498,0,0,12.1,37,362752
back,1877,1498,1498,0,0,12.1,37,362752
back,1878,1498,1498,0,0,12.1,37,362752
back,1878,1498,1498,0,0,12.1,37,362752
back,1879,1498,1498,0,0,12.1,37,362752
back,1879,1498,1498,0,0,12.1,37,362752
back,1880,1498,1498,0,0,12.1,37,362752
back,1880,1498,1498,0,0,12.1,37,362752
back,1881,1498,1498,0,0,12.1,37,362752
back,1881,1498,1498,0,0,12.1,37,362752
back,1882,1498,1498,0,0,12.1,37,362752
back,1882,1498,1498,0,0,12.1,37,362752
back,1883,1498,1498,0,0,12.1,37,362752
back,1883,1498,1498,0,0,12.1,37,362752
back,1884,1498,1498,0,0,12.1,37,362752
back,1884,1498,1498,0,0,12.1,37,362752
back,1885,1498,1498,0,0,12.1,37,362752
back,1885,1498,1498,0,0,12.1,37,362752
back,1886,1498,1498,0,0,12.1,37,362752
back,1886,1498,1498,0,0,12.1,37,362752
back,1887,1498,1498,0,0,12.1,37,362752
back,1887,1498,1498,0,0,12.1,37,362752
back,1887,1498,1498,0,0,12.1,37,362752
back,1888,1498,1498,0,0,12.1,37,362752
back,1888,1498,1498,0,0,12.1,37,362752
back,1889,1498,1498,0,0,12.1,37,362752
back,1889,1498,1498,0,0,12.1,37,362752
back,1890,1498,1498,0,0,12.1,37,362752
back,1890,1498,1498,0,0,12.1,37,362752
back,1891,1498,1498,0,0,12.1,37,362752
back,1891,1498,1498,0,0,12.1,37,362752
back,1892,1498,1498,0,0,12.1,37,362752
back,1892,1498,1498,0,0,12.1,37,362752
back,1893,1498,1498,0,0,12.1,37,362752
back,1893,1498,1498,0,0,12.1,37,362752
back,1894,1498,1498,0,0,12.1,37,362752
back,1894,1498,1498,0,0,12.1,37,362752
back,1895,1498,1498,0,0,12.1,37,362752
back,1895,1498,1498,0,0,12.1,37,362752
back,1896,1498,1498,0,0,12.1,37,362752
back,1896,1498,1498,0,0,12.1,37,362752
back,1897,1498,1498,0,0,12.1,37,362752
back,1897,1498,1498,0,0,12.1,37,362752
back,1898,1498,1498,0,0,12.1,37,362752
back,1898,1498,1498,0,0,12.1,37,362752
back,1899,1498,1498,0,0,12.1,37,362752
back,1899,1498,1498,0,0,12.1,37,362752
back,1900,1498,1498,0,0,12.1,37,362752
back,1900,1498,1498,0,0,12.1,37,362752
back,1901,1498,1498,0,0,12.1,37,362752
back,1901,1498,1498,0,0,12.1,37,362752
back,1902,1498,1498,0,0,12.1,37,362752
back,1902,1498,1498,0,0,12.1,37,362752
back,1903,1498,1498,0,0,12.1,37,362752
back,1903,1498,1498,0,0,12.1,37,362752
back,1904,1498,1498,0,0,12.1,37,362752
back,1904,1498,1498,0,0,12.1,37,362752
back,1905,1498,1498,0,0,12.1,37,362752
back,1905,1498,1498,0,0,12.1,37,362752
back,1906,1498,1498,0,0,12.1,37,362752
back,1906,1498,1498,0,0,12.1,37,362752
back,1907,1498,1498,0,0,12.1,37,362752
back,1907,1498,1498,0,0,12.1,37,362752
back,1908,1498,1498,0,0,12.1,37,362752
back,1908,1498,1498,0,0,12.1,37,362752
back,1909,1498,1498,0,0,12.1,37,362752
back,1909,1498,1498,0,0,12.1,37,362752
back,1910,1498,1498,0,0,12.1,37,362752
back,1910,1498,1498,0,0,12.1,37,362752
back,1911,1498,1498,0,0,12.1,37,362752
back,1911,1498,1498,0,0,12.1,37,362752
back,1912,1498,1498,0,0,12.1,37,362752
back,1912,1498,1498,0,0,12.1,37,362752
back,1913,1498,1498,0,0,12.1,37,362752
back,1913,1498,1498,0,0,12.1,37,362752
back,1914,1498,1498,0,0,12.1,37,362752
back,1914,1498,1498,0,0,12.1,37,362752
back,1915,1498,1498,0,0,12.1,37,362752
back,1915,1498,1498,0,0,12.1,37,362752
back,1916,1498,1498,0,0,12.1,37,362752
back,1916,1498,1498,0,0,12.1,37,362752
back,1917,1498,1498,0,0,12.1,37,362752
back,1917,1498,1498,0,0,12.1,37,362752
back,1918,1498,1498,0,0,12.1,37,362752
back,1918,1498,1498,0,0,12.1,37,362752
back,1919,1498,1498,0,0,12.1,37,362752
back,1919,1498,1498,0,0,12.1,37,362752
back,1920,1498,1498,0,0,12.1,37,362752
back,1920,1498,1498,0,0,12.1,37,362752
back,1921,1498,1498,0,0,12.1,37,362752
back,1921,1498,1498,0,0,12.1,37,362752
back,1922,1498,1498,0,0,12.1,37,362752
back,1922,1498,1498,0,0,12.1,37,362752
back,1923,1498,1498,0,0,12.1,37,362752
back,1923,1498,1498,0,0,12.1,37,362752
back,1924,1498,1498,0,0,12.1,37,362752
back,1924,1498,1498,0,0,12.1,37,362752
back,1925,1498,1498,0,0,12.1,37,362752
back,1925,1498,1498,0,0,12.1,37,362752
back,1926,1498,1498,0,0,12.1,37,362752
back,1926,1498,1498,0,0,12.1,37,362752
back,1926,1498,1498,0,0,12.1,37,362752
back,1927,1498,1498,0,0,12.1,37,362752
back,1927,1498,1498,0,0,12.1,37,362752
back,1928,1498,1498,0,0,12.1,37,362752
back,1928,1498,1498,0,0,12.1,37,362752
back,1929,1498,1498,0,0,12.1,37,362752
back,1929,1498,1498,0,0,12.1,37,362752
back,1930,1498,1498,0,0,12.1,37,362752
back,1930,1498,1498,0,0,12.1,37,362752
back,1931,1498,1498,0,0,12.1,37,362752
back,1931,1498,1498,0,0,12.1,37,362752
back,1932,1498,1498,0,0,12.1,37,362752
back,1932,1498,1498,0,0,12.1,37,362752
back,1933,1498,1498,0,0,12.1,37,362752
back,1933,1498,1498,0,0,12.1,37,362752
back,1934,1498,1498,0,0,12.1,37,362752
back,1934,1498,1498,0,0,12.1,37,362752
back,1935,1498,1498,0,0,12.1,37,362752
back,1935,1498,1498,0,0,12.1,37,362752
back,1936,1498,1498,0,0,12.1,37,362752
back,1936,1498,1498,0,0,12.1,37,362752
back,1937,1498,1498,0,0,12.1,37,362752
back,1937,1498,1498,0,0,12.1,37,362752
back,1938,1498,1498,0,0,12.1,37,362752
back,1938,1498,1498,0,0,12.1,37,362752
back,1939,1498,1498,0,0,12.1,37,362752
back,1939,1498,1498,0,0,12.1,37,362752
back,1940,1498,1498,0,0,12.1,37,362752
back,1940,1498,1498,0,0,12.1,37,362752
back,1941,1498,1498,0,0,12.1,37,362752
back,1941,1498,1498,0,0,12.1,37,362752
back,1942,1498,1498,0,0,12.1,37,362752
back,1942,1498,1498,0,0,12.1,37,362752
back,1943,1498,1498,0,0,12.1,37,362752
back,1943,1498,1498,0,0,12.1,37,362752
back,1944,1498,1498,0,0,12.1,37,362752
back,1944,1498,1498,0,0,12.1,37,362752
back,1945,1498,1498,0,0,12.1,37,362752
back,1945,1498,1498,0,0,12.1,37,362752
back,1946,1498,1498,0,0,12.1,37,362752
back,1946,1498,1498,0,0,12.1,37,362752
back,1947,1498,1498,0,0,12.1,37,362752
back,1947,1498,1498,0,0,12.1,37,362752
back,1948,1498,1498,0,0,12.1,37,362752
back,1948,1498,1498,0,0,12.1,37,362752
back,1949,1498,1498,0,0,12.1,37,362752
back,1949,1498,1498,0,0,12.1,37,362752
back,1950,1498,1498,0,0,12.1,37,362752
back,1950,1498,1498,0,0,12.1,37,362752
back,1951,1498,1498,0,0,12.1,37,362752
back,1951,1498,1498,0,0,12.1,37,362752
back,1952,1498,1498,0,0,12.0,37,362752
back,1952,1498,1498,0,0,12.0,37,362752
back,1953,1498,1498,0,0,12.1,37,362752
back,1953,1498,1498,0,0,12.1,37,362752
back,1954,1498,1498,0,0,12.1,37,362752
back,1954,1498,1498,0,0,12.1,37,362752
back,1955,1498,1498,0,0,12.0,37,362752
back,1955,1498,1498,0,0,12.0,37,362752
back,1956,1498,1498,0,0,12.1,37,362752
back,1956,1498,1498,0,0,12.1,37,362752
back,1957,1498,1498,0,0,12.1,37,362752
back,1957,1498,1498,0,0,12.1,37,362752
back,1958,1498,1498,0,0,12.1,37,362752
back,1958,1498,1498,0,0,12.1,37,362752
back,1959,1498,1498,0,0,12.1,37,362752
back,1959,1498,1498,0,0,12.1,37,362752
back,1960,1498,1498,0,0,12.1,37,362752
back,1960,1498,1498,0,0,12.1,37,362752
back,1961,1498,1498,0,0,12.1,37,362752
back,1961,1498,1498,0,0,12.1,37,362752
back,1962,1498,1498,0,0,12.1,37,362752
back,1962,1498,1498,0,0,12.1,37,362752
back,1963,1498,1498,0,0,12.1,37,362752
back,1963,1498,1498,0,0,12.1,37,362752
back,1964,1498,1498,0,0,12.1,37,362752
back,1964,1498,1498,0,0,12.1,37,362752
back,1965,1498,1498,0,0,12.1,37,362752
back,1965,1498,1498,0,0,12.1,37,362752
back,1966,1498,1498,0,0,12.1,37,362752
back,1966,1498,1498,0,0,12.1,37,362752
back,1967,1498,1498,0,0,12.1,37,362752
back,1967,1498,1498,0,0,12.1,37,362752
back,1968,1498,1498,0,0,12.1,37,362752
back,1968,1498,1498,0,0,12.1,37,362752
back,1969,1498,1498,0,0,12.1,37,362752
back,1969,1498,1498,0,0,12.1,37,362752
back,1970,1498,1498,0,0,12.1,37,362752
back,1970,1498,1498,0,0,12.1,37,362752
back,1971,1498,1498,0,0,12.1,37,362752
back,1971,1498,1498,0,0,12.1,37,362752
back,1972,1498,1498,0,0,12.1,37,362752
back,1972,1498,1498,0,0,12.1,37,362752
back,1973,1498,1498,0,0,12.1,37,362752
back,1973,1498,1498,0,0,12.1,37,362752
back,1974,1498,1498,0,0,12.1,37,362752
back,1974,1498,1498,0,0,12.1,37,362752
back,1975,1498,1498,0,0,12.1,37,362752
back,1975,1498,1498,0,0,12.1,37,362752
back,1976,1498,1498,0,0,12.1,37,362752
back,1976,1498,1498,0,0,12.1,37,362752
back,1977,1498,1498,0,0,12.1,37,362752
back,1977,1498,1498,0,0,12.1,37,362752
back,1978,1498,1498,0,0,12.1,37,362752
back,1978,1498,1498,0,0,12.1,37,362752
back,1979,1498,1498,0,0,12.1,37,362752
back,1979,1498,1498,0,0,12.1,37,362752
back,1980,1498,1498,0,0,12.1,37,362752
back,1980,1498,1498,0,0,12.1,37,362752
back,1981,1498,1498,0,0,12.1,37,362752
back,1981,1498,1498,0,0,12.1,37,362752
back,1982,1498,1498,0,0,12.1,37,362752
back,1982,1498,1498,0,0,12.1,37,362752
back,1983,1498,1498,0,0,12.1,37,362752
back,1983,1498,1498,0,0,12.1,37,362752
back,1984,1498,1498,0,0,12.1,37,362752
back,1984,1498,1498,0,0,12.1,37,362752
back,1985,1498,1498,0,0,12.1,37,362752
back,1985,1498,1498,0,0,12.1,37,362752
back,1986,1498,1498,0,0,12.1,37,362752
back,1986,1498,1498,0,0,12.1,37,362752
back,1987,1498,1498,0,0,12.1,37,362752
back,1987,1498,1498,0,0,12.1,37,362752
back,1988,1498,1498,0,0,12.1,37,362752
back,1988,1498,1498,0,0,12.1,37,362752
back,1989,1498,1498,0,0,12.1,37,362752
back,1989,1498,1498,0,0,12.1,37,362752
back,1990,1498,1498,0,0,12.1,37,362752
back,1990,1498,1498,0,0,12.1,37,362752
back,1991,1498,1498,0,0,12.1,37,362752
back,1991,1498,1498,0,0,12.1,37,362752
back,1992,1498,1498,0,0,12.1,37,362752
back,1992,1498,1498,0,0,12.1,37,362752
back,1993,1498,1498,0,0,12.1,37,362752
back,1993,1498,1498,0,0,12.1,37,362752
back,1994,1498,1498,0,0,12.1,37,362752
back,1994,1498,1498,0,0,12.1,37,362752
back,1995,1498,1498,0,0,12.1,37,362752
back,1995,1498,1498,0,0,12.1,37,362752
back,1996,1498,1498,0,0,12.1,37,362752
back,1996,1498,1498,0,0,12.1,37,362752
back,1997,1498,1498,0,0,12.1,37,362752
back,1997,1498,1498,0,0,12.1,37,362752
back,1998,1498,1498,0,0,12.1,37,362752
back,1998,1498,1498,0,0,12.1,37,362752
back,1999,1498,1498,0,0,12.1,37,362752
back,1999,1498,1498,0,0,12.1,37,362752
back,2000,1498,1498,0,0,12.1,37,362752
