phase,t_ms,target,pos,speed,load,volt,temp_c,current_ma
pre,0,1802,1802,0,0,12.1,42,16640
pre,24,1802,1802,0,0,12.1,42,16640
pre,25,1802,1802,0,0,12.1,42,16640
pre,26,1802,1802,0,0,12.1,42,16640
pre,26,1802,1802,0,0,12.1,42,16640
pre,27,1802,1802,0,0,12.1,42,16640
pre,28,1802,1802,0,0,12.1,42,16640
pre,28,1802,1802,0,0,12.1,42,16640
pre,29,1802,1802,0,0,12.1,42,16640
pre,30,1802,1802,0,0,12.1,42,16640
pre,31,1802,1802,0,0,12.1,42,16640
pre,31,1802,1802,0,0,12.1,42,16640
pre,32,1802,1802,0,0,12.1,42,16640
pre,33,1802,1802,0,0,12.1,42,16640
pre,33,1802,1802,0,0,12.1,42,16640
pre,34,1802,1802,0,0,12.1,42,16640
pre,34,1802,1802,0,0,12.1,42,16640
pre,35,1802,1802,0,0,12.1,42,16640
pre,35,1802,1802,0,0,12.1,42,16640
pre,35,1802,1802,0,0,12.1,42,16640
pre,36,1802,1802,0,0,12.1,42,16640
pre,36,1802,1802,0,0,12.1,42,16640
pre,37,1802,1802,0,0,12.1,42,16640
pre,37,1802,1802,0,0,12.1,42,16640
pre,38,1802,1802,0,0,12.1,42,16640
pre,38,1802,1802,0,0,12.1,42,16640
pre,39,1802,1802,0,0,12.1,42,16640
pre,39,1802,1802,0,0,12.1,42,16640
pre,40,1802,1802,0,0,12.1,42,16640
pre,40,1802,1802,0,0,12.1,42,16640
pre,41,1802,1802,0,0,12.1,42,16640
pre,41,1802,1802,0,0,12.1,42,16640
pre,42,1802,1802,0,0,12.1,42,16640
pre,42,1802,1802,0,0,12.1,42,16640
pre,43,1802,1802,0,0,12.1,42,16640
pre,43,1802,1802,0,0,12.1,41,16640
pre,44,1802,1802,0,0,12.1,41,16640
pre,44,1802,1802,0,0,12.1,42,16640
pre,45,1802,1802,0,0,12.1,42,16640
pre,45,1802,1802,0,0,12.1,42,16640
pre,46,1802,1802,0,0,12.1,42,16640
pre,47,1802,1802,0,0,12.1,42,16640
pre,47,1802,1802,0,0,12.1,42,16640
pre,48,1802,1802,0,0,12.1,42,16640
pre,48,1802,1802,0,0,12.1,42,16640
pre,49,1802,1802,0,0,12.1,42,16640
pre,49,1802,1802,0,0,12.1,42,16640
pre,50,1802,1802,0,0,12.1,42,16640
pre,50,1802,1802,0,0,12.1,42,16640
pre,51,1802,1802,0,0,12.1,42,16640
pre,51,1802,1802,0,0,12.1,42,16640
pre,52,1802,1802,0,0,12.1,42,16640
pre,52,1802,1802,0,0,12.1,41,16640
pre,53,1802,1802,0,0,12.1,41,16640
pre,53,1802,1802,0,0,12.1,42,16640
pre,54,1802,1802,0,0,12.1,42,16640
pre,54,1802,1802,0,0,12.1,42,16640
pre,55,1802,1802,0,0,12.1,42,16640
pre,55,1802,1802,0,0,12.1,42,16640
pre,56,1802,1802,0,0,12.1,42,16640
pre,56,1802,1802,0,0,12.1,42,16640
pre,57,1802,1802,0,0,12.1,42,16640
pre,57,1802,1802,0,0,12.1,42,16640
pre,58,1802,1802,0,0,12.1,42,16640
pre,58,1802,1802,0,0,12.1,42,16640
pre,59,1802,1802,0,0,12.1,42,16640
pre,59,1802,1802,0,0,12.1,42,16640
pre,60,1802,1802,0,0,12.1,42,16640
pre,60,1802,1802,0,0,12.1,42,16640
pre,61,1802,1802,0,0,12.1,42,16640
pre,62,1802,1802,0,0,12.1,42,16640
pre,62,1802,1802,0,0,12.1,42,16640
pre,63,1802,1802,0,0,12.1,42,16640
pre,63,1802,1802,0,0,12.1,42,16640
pre,64,1802,1802,0,0,12.1,42,16640
pre,64,1802,1802,0,0,12.1,42,16640
pre,65,1802,1802,0,0,12.1,42,16640
pre,65,1802,1802,0,0,12.1,42,16640
pre,66,1802,1802,0,0,12.1,42,16640
pre,66,1802,1802,0,0,12.1,42,16640
pre,67,1802,1802,0,0,12.1,42,16640
pre,67,1802,1802,0,0,12.1,42,16640
pre,68,1802,1802,0,0,12.1,42,16640
pre,68,1802,1802,0,0,12.1,42,16640
pre,69,1802,1802,0,0,12.1,42,16640
pre,69,1802,1802,0,0,12.1,42,16640
pre,70,1802,1802,0,0,12.1,42,16640
pre,70,1802,1802,0,0,12.1,42,16640
pre,70,1802,1802,0,0,12.1,42,16640
pre,71,1802,1802,0,0,12.1,42,16640
pre,71,1802,1802,0,0,12.1,42,16640
pre,72,1802,1802,0,0,12.1,42,16640
pre,72,1802,1802,0,0,12.1,42,16640
pre,73,1802,1802,0,0,12.1,42,16640
pre,73,1802,1802,0,0,12.1,42,16640
pre,74,1802,1802,0,0,12.1,42,16640
pre,74,1802,1802,0,0,12.1,42,16640
pre,75,1802,1802,0,0,12.1,42,16640
pre,75,1802,1802,0,0,12.1,42,16640
pre,76,1802,1802,0,0,12.1,42,16640
pre,76,1802,1802,0,0,12.1,42,16640
pre,77,1802,1802,0,0,12.1,42,16640
pre,78,1802,1802,0,0,12.1,42,16640
pre,78,1802,1802,0,0,12.1,42,16640
pre,79,1802,1802,0,0,12.1,42,16640
pre,80,1802,1802,0,0,12.1,42,16640
pre,80,1802,1802,0,0,12.1,42,16640
pre,81,1802,1802,0,0,12.1,42,16640
pre,81,1802,1802,0,0,12.1,42,16640
pre,82,1802,1802,0,0,12.1,42,16640
pre,82,1802,1802,0,0,12.1,42,16640
pre,83,1802,1802,0,0,12.1,42,16640
pre,83,1802,1802,0,0,12.1,42,16640
pre,84,1802,1802,0,0,12.1,42,16640
pre,84,1802,1802,0,0,12.1,42,16640
pre,85,1802,1802,0,0,12.1,42,16640
pre,85,1802,1802,0,0,12.1,42,16640
pre,86,1802,1802,0,0,12.1,42,16640
pre,86,1802,1802,0,0,12.1,42,16640
pre,87,1802,1802,0,0,12.1,42,16640
pre,87,1802,1802,0,0,12.1,42,16640
pre,88,1802,1802,0,0,12.1,42,16640
pre,88,1802,1802,0,0,12.1,42,16640
pre,89,1802,1802,0,0,12.1,42,16640
pre,89,1802,1802,0,0,12.1,42,16640
pre,89,1802,1802,0,0,12.1,42,16640
pre,90,1802,1802,0,0,12.1,42,16640
pre,90,1802,1802,0,0,12.1,42,16640
pre,91,1802,1802,0,0,12.1,42,16640
pre,91,1802,1802,0,0,12.1,42,16640
pre,92,1802,1802,0,0,12.1,42,16640
pre,92,1802,1802,0,0,12.1,42,16640
pre,93,1802,1802,0,0,12.1,42,16640
pre,93,1802,1802,0,0,12.1,42,16640
pre,94,1802,1802,0,0,12.1,42,16640
pre,95,1802,1802,0,0,12.1,42,16640
pre,95,1802,1802,0,0,12.1,42,16640
pre,96,1802,1802,0,0,12.1,42,16640
pre,96,1802,1802,0,0,12.1,42,16640
pre,97,1802,1802,0,0,12.1,42,16640
pre,97,1802,1802,0,0,12.1,42,16640
pre,98,1802,1802,0,0,12.1,42,16640
pre,98,1802,1802,0,0,12.1,42,16640
pre,99,1802,1802,0,0,12.1,42,16640
pre,99,1802,1802,0,0,12.1,42,16640
pre,100,1802,1802,0,0,12.1,42,16640
pre,100,1802,1802,0,0,12.1,42,16640
pre,101,1802,1802,0,0,12.1,42,16640
pre,101,1802,1802,0,0,12.1,42,16640
pre,102,1802,1802,0,0,12.1,42,16640
pre,102,1802,1802,0,0,12.1,42,16640
pre,103,1802,1802,0,0,12.1,42,16640
pre,103,1802,1802,0,0,12.1,42,16640
pre,104,1802,1802,0,0,12.1,42,16640
pre,104,1802,1802,0,0,12.1,42,16640
pre,105,1802,1802,0,0,12.1,42,16640
pre,106,1802,1802,0,0,12.1,42,16640
pre,106,1802,1802,0,0,12.1,41,16640
pre,107,1802,1802,0,0,12.1,41,16640
pre,107,1802,1802,0,0,12.1,42,16640
pre,108,1802,1802,0,0,12.1,42,16640
pre,108,1802,1802,0,0,12.1,42,16640
pre,109,1802,1802,0,0,12.1,42,16640
pre,109,1802,1802,0,0,12.1,42,16640
pre,110,1802,1802,0,0,12.1,42,16640
pre,110,1802,1802,0,0,12.1,42,16640
pre,111,1802,1802,0,0,12.1,42,16640
pre,111,1802,1802,0,0,12.1,42,16640
pre,112,1802,1802,0,0,12.1,42,16640
pre,112,1802,1802,0,0,12.1,42,16640
pre,113,1802,1802,0,0,12.1,42,16640
pre,113,1802,1802,0,0,12.1,42,16640
pre,114,1802,1802,0,0,12.1,42,16640
pre,114,1802,1802,0,0,12.1,42,16640
pre,115,1802,1802,0,0,12.1,42,16640
pre,115,1802,1802,0,0,12.1,42,16640
pre,116,1802,1802,0,0,12.1,42,16640
pre,116,1802,1802,0,0,12.1,42,16640
pre,117,1802,1802,0,0,12.1,42,16640
pre,117,1802,1802,0,0,12.1,42,16640
pre,118,1802,1802,0,0,12.2,42,16640
pre,118,1802,1802,0,0,12.2,42,16640
pre,119,1802,1802,0,0,12.1,42,16640
pre,119,1802,1802,0,0,12.1,42,16640
pre,120,1802,1802,0,0,12.1,42,16640
pre,120,1802,1802,0,0,12.1,42,16640
pre,121,1802,1802,0,0,12.1,42,16640
pre,121,1802,1802,0,0,12.1,42,16640
pre,122,1802,1802,0,0,12.1,42,16640
pre,122,1802,1802,0,0,12.1,42,16640
pre,123,1802,1802,0,0,12.1,42,16640
pre,123,1802,1802,0,0,12.1,42,16640
pre,124,1802,1802,0,0,12.1,42,16640
pre,124,1802,1802,0,0,12.1,42,16640
pre,125,1802,1802,0,0,12.1,42,16640
pre,125,1802,1802,0,0,12.1,42,16640
pre,126,1802,1802,0,0,12.1,42,16640
pre,126,1802,1802,0,0,12.1,42,16640
pre,126,1802,1802,0,0,12.1,42,16640
pre,127,1802,1802,0,0,12.1,42,16640
pre,128,1802,1802,0,0,12.1,42,16640
pre,128,1802,1802,0,0,12.1,41,16640
pre,129,1802,1802,0,0,12.2,42,16640
pre,130,1802,1802,0,0,12.2,42,16640
pre,130,1802,1802,0,0,12.1,42,16640
pre,131,1802,1802,0,0,12.1,42,16640
pre,131,1802,1802,0,0,12.1,42,16640
pre,132,1802,1802,0,0,12.1,42,16640
pre,132,1802,1802,0,0,12.1,42,16640
pre,132,1802,1802,0,0,12.1,42,16640
pre,133,1802,1802,0,0,12.1,42,16640
pre,133,1802,1802,0,0,12.1,42,16640
pre,134,1802,1802,0,0,12.1,42,16640
pre,134,1802,1802,0,0,12.1,42,16640
pre,135,1802,1802,0,0,12.1,42,16640
pre,135,1802,1802,0,0,12.1,42,16640
pre,136,1802,1802,0,0,12.1,41,16640
pre,136,1802,1802,0,0,12.1,41,16640
pre,137,1802,1802,0,0,12.1,42,16640
pre,137,1802,1802,0,0,12.1,42,16640
pre,138,1802,1802,0,0,12.1,42,16640
pre,138,1802,1802,0,0,12.1,42,16640
pre,139,1802,1802,0,0,12.1,42,16640
pre,139,1802,1802,0,0,12.1,42,16640
pre,140,1802,1802,0,0,12.1,42,16640
pre,140,1802,1802,0,0,12.1,42,16640
pre,141,1802,1802,0,0,12.1,42,16640
pre,141,1802,1802,0,0,12.1,42,16640
pre,142,1802,1802,0,0,12.1,41,16640
pre,142,1802,1802,0,0,12.1,41,16640
pre,143,1802,1802,0,0,12.1,41,16640
pre,143,1802,1802,0,0,12.1,41,16640
pre,144,1802,1802,0,0,12.1,42,16640
pre,145,1802,1802,0,0,12.1,42,16640
pre,145,1802,1802,0,0,12.1,42,16640
pre,146,1802,1802,0,0,12.1,42,16640
pre,146,1802,1802,0,0,12.1,42,16640
pre,147,1802,1802,0,0,12.1,42,16640
pre,147,1802,1802,0,0,12.1,42,16640
pre,148,1802,1802,0,0,12.1,42,16640
pre,148,1802,1802,0,0,12.1,42,16640
pre,149,1802,1802,0,0,12.1,42,16640
pre,149,1802,1802,0,0,12.1,42,16640
pre,150,1802,1802,0,0,12.1,42,16640
pre,150,1802,1802,0,0,12.1,42,16640
pre,151,1802,1802,0,0,12.1,42,16640
pre,151,1802,1802,0,0,12.1,42,16640
pre,152,1802,1802,0,0,12.1,42,16640
pre,152,1802,1802,0,0,12.1,42,16640
pre,153,1802,1802,0,0,12.1,42,16640
pre,153,1802,1802,0,0,12.1,42,16640
pre,154,1802,1802,0,0,12.1,42,16640
pre,154,1802,1802,0,0,12.1,42,16640
pre,155,1802,1802,0,0,12.1,42,16640
pre,155,1802,1802,0,0,12.1,42,16640
pre,156,1802,1802,0,0,12.1,42,16640
pre,156,1802,1802,0,0,12.1,42,16640
pre,157,1802,1802,0,0,12.1,42,16640
pre,157,1802,1802,0,0,12.1,42,16640
pre,158,1802,1802,0,0,12.1,42,16640
pre,158,1802,1802,0,0,12.1,42,16640
pre,159,1802,1802,0,0,12.1,42,16640
pre,159,1802,1802,0,0,12.1,42,16640
pre,160,1802,1802,0,0,12.1,42,16640
pre,160,1802,1802,0,0,12.1,42,16640
pre,161,1802,1802,0,0,12.1,42,16640
pre,161,1802,1802,0,0,12.1,42,16640
pre,162,1802,1802,0,0,12.1,42,16640
pre,163,1802,1802,0,0,12.1,42,16640
pre,163,1802,1802,0,0,12.1,42,16640
pre,164,1802,1802,0,0,12.1,42,16640
pre,164,1802,1802,0,0,12.1,42,16640
pre,165,1802,1802,0,0,12.1,42,16640
pre,165,1802,1802,0,0,12.1,42,16640
pre,166,1802,1802,0,0,12.1,42,16640
pre,166,1802,1802,0,0,12.1,42,16640
pre,167,1802,1802,0,0,12.1,42,16640
pre,167,1802,1802,0,0,12.1,42,16640
pre,168,1802,1802,0,0,12.1,42,16640
pre,168,1802,1802,0,0,12.1,42,16640
pre,169,1802,1802,0,0,12.1,42,16640
pre,169,1802,1802,0,0,12.1,42,16640
pre,170,1802,1802,0,0,12.1,42,16640
pre,170,1802,1802,0,0,12.1,42,16640
pre,171,1802,1802,0,0,12.1,42,16640
pre,171,1802,1802,0,0,12.1,42,16640
pre,172,1802,1802,0,0,12.1,42,16640
pre,172,1802,1802,0,0,12.1,42,16640
pre,172,1802,1802,0,0,12.1,42,16640
pre,173,1802,1802,0,0,12.1,42,16640
pre,173,1802,1802,0,0,12.1,42,16640
pre,174,1802,1802,0,0,12.1,42,16640
pre,174,1802,1802,0,0,12.1,42,16640
pre,175,1802,1802,0,0,12.1,42,16640
pre,175,1802,1802,0,0,12.1,42,16640
pre,176,1802,1802,0,0,12.1,42,16640
pre,176,1802,1802,0,0,12.1,42,16640
pre,177,1802,1802,0,0,12.1,42,16640
pre,177,1802,1802,0,0,12.1,42,16640
pre,178,1802,1802,0,0,12.1,42,16640
pre,178,1802,1802,0,0,12.1,42,16640
pre,179,1802,1802,0,0,12.1,42,16640
pre,179,1802,1802,0,0,12.1,42,16640
pre,180,1802,1802,0,0,12.1,42,16640
pre,181,1802,1802,0,0,12.1,42,16640
pre,181,1802,1802,0,0,12.1,42,16640
pre,182,1802,1802,0,0,12.1,42,16640
pre,182,1802,1802,0,0,12.1,42,16640
pre,182,1802,1802,0,0,12.1,42,16640
pre,183,1802,1802,0,0,12.1,42,16640
pre,183,1802,1802,0,0,12.1,42,16640
pre,184,1802,1802,0,0,12.1,42,16640
pre,184,1802,1802,0,0,12.1,42,16640
pre,185,1802,1802,0,0,12.1,42,16640
pre,185,1802,1802,0,0,12.1,42,16640
pre,186,1802,1802,0,0,12.1,42,16640
pre,186,1802,1802,0,0,12.1,42,16640
pre,187,1802,1802,0,0,12.1,42,16640
pre,187,1802,1802,0,0,12.1,42,16640
pre,188,1802,1802,0,0,12.1,42,16640
pre,188,1802,1802,0,0,12.1,42,16640
pre,189,1802,1802,0,0,12.1,42,16640
pre,189,1802,1802,0,0,12.1,42,16640
pre,190,1802,1802,0,0,12.1,42,16640
pre,190,1802,1802,0,0,12.1,42,16640
pre,191,1802,1802,0,0,12.1,42,16640
pre,191,1802,1802,0,0,12.1,42,16640
pre,192,1802,1802,0,0,12.1,42,16640
pre,192,1802,1802,0,0,12.1,42,16640
pre,193,1802,1802,0,0,12.1,42,16640
pre,193,1802,1802,0,0,12.1,42,16640
pre,194,1802,1802,0,0,12.1,42,16640
pre,194,1802,1802,0,0,12.1,42,16640
pre,195,1802,1802,0,0,12.2,42,16640
pre,195,1802,1802,0,0,12.2,42,16640
pre,196,1802,1802,0,0,12.1,42,16640
pre,196,1802,1802,0,0,12.1,42,16640
pre,197,1802,1802,0,0,12.1,42,16640
pre,197,1802,1802,0,0,12.1,42,16640
pre,198,1802,1802,0,0,12.1,42,16640
pre,198,1802,1802,0,0,12.1,42,16640
pre,199,1802,1802,0,0,12.1,42,16640
pre,199,1802,1802,0,0,12.1,42,16640
pre,200,1802,1802,0,0,12.1,42,16640
pre,200,1802,1802,0,0,12.1,42,16640
pre,201,1802,1802,0,0,12.1,42,16640
pre,201,1802,1802,0,0,12.1,42,16640
pre,202,1802,1802,0,0,12.1,41,16640
pre,202,1802,1802,0,0,12.1,41,16640
pre,203,1802,1802,0,0,12.1,42,16640
pre,203,1802,1802,0,0,12.1,42,16640
pre,204,1802,1802,0,0,12.1,42,16640
pre,204,1802,1802,0,0,12.1,42,16640
pre,205,1802,1802,0,0,12.1,42,16640
pre,205,1802,1802,0,0,12.1,42,16640
pre,206,1802,1802,0,0,12.1,42,16640
pre,206,1802,1802,0,0,12.1,42,16640
pre,207,1802,1802,0,0,12.1,42,16640
pre,207,1802,1802,0,0,12.1,42,16640
pre,208,1802,1802,0,0,12.1,42,16640
pre,208,1802,1802,0,0,12.1,42,16640
pre,209,1802,1802,0,0,12.1,42,16640
pre,210,1802,1802,0,0,12.1,42,16640
pre,210,1802,1802,0,0,12.1,42,16640
pre,211,1802,1802,0,0,12.1,42,16640
pre,212,1802,1802,0,0,12.1,42,16640
pre,212,1802,1802,0,0,12.1,42,16640
pre,213,1802,1802,0,0,12.1,42,16640
pre,214,1802,1802,0,0,12.1,42,16640
pre,214,1802,1802,0,0,12.1,42,16640
pre,215,1802,1802,0,0,12.1,41,16640
pre,215,1802,1802,0,0,12.1,41,16640
pre,216,1802,1802,0,0,12.1,42,16640
pre,216,1802,1802,0,0,12.1,42,16640
pre,217,1802,1802,0,0,12.1,42,16640
pre,217,1802,1802,0,0,12.1,42,16640
pre,218,1802,1802,0,0,12.1,42,16640
pre,218,1802,1802,0,0,12.1,42,16640
pre,219,1802,1802,0,0,12.1,42,16640
pre,219,1802,1802,0,0,12.1,42,16640
pre,220,1802,1802,0,0,12.1,42,16640
pre,220,1802,1802,0,0,12.1,42,16640
pre,221,1802,1802,0,0,12.1,42,16640
pre,221,1802,1802,0,0,12.1,42,16640
pre,222,1802,1802,0,0,12.1,42,16640
pre,222,1802,1802,0,0,12.1,42,16640
pre,222,1802,1802,0,0,12.1,42,16640
pre,223,1802,1802,0,0,12.1,42,16640
pre,223,1802,1802,0,0,12.1,42,16640
pre,224,1802,1802,0,0,12.1,42,16640
pre,224,1802,1802,0,0,12.1,42,16640
pre,225,1802,1802,0,0,12.1,42,16640
pre,225,1802,1802,0,0,12.1,42,16640
pre,226,1802,1802,0,0,12.1,42,16640
pre,226,1802,1802,0,0,12.1,42,16640
pre,227,1802,1802,0,0,12.1,42,16640
pre,227,1802,1802,0,0,12.1,42,16640
pre,228,1802,1802,0,0,12.1,42,16640
pre,229,1802,1802,0,0,12.1,42,16640
pre,229,1802,1802,0,0,12.1,42,16640
pre,230,1802,1802,0,0,12.1,42,16640
pre,231,1802,1802,0,0,12.1,42,16640
pre,231,1802,1802,0,0,12.1,42,16640
pre,232,1802,1802,0,0,12.1,42,16640
pre,232,1802,1802,0,0,12.1,42,16640
pre,233,1802,1802,0,0,12.1,42,16640
pre,233,1802,1802,0,0,12.1,42,16640
pre,234,1802,1802,0,0,12.1,42,16640
pre,234,1802,1802,0,0,12.1,42,16640
pre,235,1802,1802,0,0,12.1,42,16640
pre,235,1802,1802,0,0,12.1,42,16640
pre,236,1802,1802,0,0,12.1,42,16640
pre,236,1802,1802,0,0,12.1,42,16640
pre,237,1802,1802,0,0,12.1,42,16640
pre,237,1802,1802,0,0,12.1,42,16640
pre,238,1802,1802,0,0,12.1,42,16640
pre,238,1802,1802,0,0,12.1,42,16640
pre,239,1802,1802,0,0,12.1,42,16640
pre,239,1802,1802,0,0,12.1,42,16640
pre,240,1802,1802,0,0,12.1,42,16640
pre,240,1802,1802,0,0,12.1,42,16640
pre,241,1802,1802,0,0,12.1,42,16640
pre,241,1802,1802,0,0,12.1,42,16640
pre,242,1802,1802,0,0,12.1,42,16640
pre,242,1802,1802,0,0,12.1,42,16640
pre,243,1802,1802,0,0,12.1,42,16640
pre,243,1802,1802,0,0,12.1,42,16640
pre,244,1802,1802,0,0,12.1,42,16640
pre,245,1802,1802,0,0,12.1,42,16640
pre,245,1802,1802,0,0,12.1,42,16640
pre,246,1802,1802,0,0,12.1,42,16640
pre,247,1802,1802,0,0,12.1,42,16640
pre,247,1802,1802,0,0,12.1,42,16640
pre,248,1802,1802,0,0,12.1,42,16640
pre,248,1802,1802,0,0,12.1,42,16640
pre,249,1802,1802,0,0,12.1,42,16640
pre,249,1802,1802,0,0,12.1,42,16640
pre,250,1802,1802,0,0,12.1,42,16640
pre,250,1802,1802,0,0,12.1,42,16640
pre,251,1802,1802,0,0,12.1,42,16640
pre,252,1802,1802,0,0,12.1,42,16640
pre,252,1802,1802,0,0,12.1,42,16640
pre,253,1802,1802,0,0,12.1,42,16640
pre,253,1802,1802,0,0,12.1,42,16640
pre,254,1802,1802,0,0,12.1,42,16640
pre,254,1802,1802,0,0,12.1,42,16640
pre,255,1802,1802,0,0,12.1,42,16640
pre,255,1802,1802,0,0,12.1,42,16640
pre,256,1802,1802,0,0,12.1,42,16640
pre,256,1802,1802,0,0,12.1,42,16640
pre,257,1802,1802,0,0,12.1,42,16640
pre,257,1802,1802,0,0,12.1,42,16640
pre,258,1802,1802,0,0,12.1,42,16640
pre,258,1802,1802,0,0,12.1,42,16640
pre,259,1802,1802,0,0,12.1,42,16640
pre,259,1802,1802,0,0,12.1,42,16640
pre,260,1802,1802,0,0,12.1,42,16640
pre,260,1802,1802,0,0,12.1,42,16640
pre,261,1802,1802,0,0,12.1,42,16640
pre,261,1802,1802,0,0,12.0,42,16640
pre,262,1802,1802,0,0,12.0,42,16640
pre,263,1802,1802,0,0,12.1,42,16640
pre,263,1802,1802,0,0,12.1,42,16640
pre,264,1802,1802,0,0,12.1,42,16640
pre,264,1802,1802,0,0,12.1,42,16640
pre,265,1802,1802,0,0,12.1,42,16640
pre,265,1802,1802,0,0,12.1,42,16640
pre,265,1802,1802,0,0,12.1,42,16640
pre,266,1802,1802,0,0,12.1,42,16640
pre,266,1802,1802,0,0,12.1,42,16640
pre,267,1802,1802,0,0,12.1,42,16640
pre,267,1802,1802,0,0,12.1,42,16640
pre,268,1802,1802,0,0,12.1,42,16640
pre,268,1802,1802,0,0,12.1,42,16640
pre,269,1802,1802,0,0,12.1,42,16640
pre,269,1802,1802,0,0,12.1,42,16640
pre,270,1802,1802,0,0,12.1,42,16640
pre,270,1802,1802,0,0,12.1,42,16640
pre,271,1802,1802,0,0,12.1,42,16640
pre,271,1802,1802,0,0,12.1,42,16640
pre,272,1802,1802,0,0,12.1,42,16640
pre,272,1802,1802,0,0,12.1,42,16640
pre,273,1802,1802,0,0,12.1,42,16640
pre,273,1802,1802,0,0,12.1,42,16640
pre,274,1802,1802,0,0,12.1,42,16640
pre,274,1802,1802,0,0,12.1,42,16640
pre,275,1802,1802,0,0,12.1,42,16640
pre,275,1802,1802,0,0,12.1,42,16640
pre,276,1802,1802,0,0,12.1,42,16640
pre,276,1802,1802,0,0,12.1,42,16640
pre,277,1802,1802,0,0,12.1,42,16640
pre,278,1802,1802,0,0,12.1,42,16640
pre,278,1802,1802,0,0,12.1,42,16640
pre,279,1802,1802,0,0,12.1,42,16640
pre,280,1802,1802,0,0,12.1,42,16640
pre,280,1802,1802,0,0,12.1,42,16640
pre,281,1802,1802,0,0,12.1,42,16640
pre,281,1802,1802,0,0,12.1,41,16640
pre,282,1802,1802,0,0,12.1,41,16640
pre,282,1802,1802,0,0,12.1,42,16640
pre,283,1802,1802,0,0,12.1,42,16640
pre,283,1802,1802,0,0,12.1,41,16640
pre,284,1802,1802,0,0,12.1,41,16640
pre,284,1802,1802,0,0,12.1,42,16640
pre,285,1802,1802,0,0,12.1,42,16640
pre,285,1802,1802,0,0,12.1,42,16640
pre,286,1802,1802,0,0,12.1,42,16640
pre,286,1802,1802,0,0,12.1,42,16640
pre,287,1802,1802,0,0,12.1,42,16640
pre,287,1802,1802,0,0,12.1,42,16640
pre,288,1802,1802,0,0,12.1,42,16640
pre,288,1802,1802,0,0,12.1,42,16640
pre,289,1802,1802,0,0,12.1,42,16640
pre,289,1802,1802,0,0,12.1,41,16640
pre,290,1802,1802,0,0,12.1,41,16640
pre,290,1802,1802,0,0,12.1,42,16640
pre,291,1802,1802,0,0,12.1,42,16640
pre,291,1802,1802,0,0,12.1,42,16640
pre,292,1802,1802,0,0,12.1,42,16640
pre,292,1802,1802,0,0,12.1,42,16640
pre,293,1802,1802,0,0,12.1,42,16640
pre,293,1802,1802,0,0,12.1,42,16640
pre,294,1802,1802,0,0,12.1,42,16640
pre,294,1802,1802,0,0,12.1,42,16640
pre,295,1802,1802,0,0,12.1,42,16640
pre,295,1802,1802,0,0,12.1,42,16640
pre,296,1802,1802,0,0,12.1,42,16640
pre,297,1802,1802,0,0,12.1,42,16640
pre,297,1802,1802,0,0,12.2,42,16640
pre,298,1802,1802,0,0,12.2,42,16640
pre,298,1802,1802,0,0,12.1,41,16640
pre,299,1802,1802,0,0,12.1,41,16640
pre,299,1802,1802,0,0,12.1,42,16640
pre,299,1802,1802,0,0,12.1,42,16640
pre,300,1802,1802,0,0,12.1,42,16640
pre,300,1802,1802,0,0,12.1,42,16640
pre,301,1802,1802,0,0,12.1,42,16640
pre,301,1802,1802,0,0,12.1,42,16640
pre,302,1802,1802,0,0,12.1,42,16640
pre,302,1802,1802,0,0,12.1,42,16640
pre,303,1802,1802,0,0,12.1,42,16640
pre,303,1802,1802,0,0,12.1,42,16640
pre,304,1802,1802,0,0,12.1,42,16640
pre,304,1802,1802,0,0,12.1,42,16640
pre,305,1802,1802,0,0,12.1,42,16640
pre,305,1802,1802,0,0,12.1,42,16640
pre,306,1802,1802,0,0,12.1,42,16640
pre,306,1802,1802,0,0,12.1,42,16640
pre,307,1802,1802,0,0,12.1,42,16640
pre,307,1802,1802,0,0,12.1,42,16640
pre,308,1802,1802,0,0,12.1,42,16640
pre,308,1802,1802,0,0,12.1,42,16640
pre,309,1802,1802,0,0,12.1,42,16640
pre,309,1802,1802,0,0,12.1,42,16640
pre,310,1802,1802,0,0,12.1,42,16640
pre,311,1802,1802,0,0,12.1,42,16640
pre,311,1802,1802,0,0,12.1,42,16640
pre,312,1802,1802,0,0,12.1,42,16640
pre,313,1802,1802,0,0,12.1,42,16640
pre,313,1802,1802,0,0,12.1,42,16640
pre,314,1802,1802,0,0,12.1,42,16640
pre,314,1802,1802,0,0,12.1,42,16640
pre,315,1802,1802,0,0,12.1,42,16640
pre,315,1802,1802,0,0,12.1,42,16640
pre,316,1802,1802,0,0,12.1,42,16640
pre,316,1802,1802,0,0,12.1,42,16640
pre,317,1802,1802,0,0,12.1,42,16640
pre,317,1802,1802,0,0,12.1,42,16640
pre,318,1802,1802,0,0,12.1,42,16640
pre,318,1802,1802,0,0,12.1,42,16640
pre,319,1802,1802,0,0,12.1,42,16640
pre,319,1802,1802,0,0,12.1,42,16640
pre,320,1802,1802,0,0,12.1,42,16640
pre,320,1802,1802,0,0,12.1,42,16640
pre,321,1802,1802,0,0,12.1,42,16640
pre,321,1802,1802,0,0,12.1,42,16640
pre,322,1802,1802,0,0,12.1,42,16640
pre,322,1802,1802,0,0,12.1,42,16640
pre,323,1802,1802,0,0,12.1,42,16640
pre,323,1802,1802,0,0,12.1,42,16640
pre,324,1802,1802,0,0,12.1,42,16640
pre,324,1802,1802,0,0,12.1,42,16640
pre,325,1802,1802,0,0,12.1,42,16640
pre,325,1802,1802,0,0,12.1,42,16640
pre,326,1802,1802,0,0,12.1,42,16640
pre,326,1802,1802,0,0,12.1,42,16640
pre,327,1802,1802,0,0,12.1,42,16640
pre,328,1802,1802,0,0,12.1,42,16640
pre,328,1802,1802,0,0,12.1,42,16640
pre,329,1802,1802,0,0,12.1,42,16640
pre,329,1802,1802,0,0,12.2,42,16640
pre,330,1802,1802,0,0,12.1,42,16640
pre,331,1802,1802,0,0,12.1,42,16640
pre,331,1802,1802,0,0,12.1,42,16640
pre,332,1802,1802,0,0,12.1,42,16640
pre,332,1802,1802,0,0,12.1,42,16640
pre,333,1802,1802,0,0,12.1,42,16640
pre,333,1802,1802,0,0,12.1,42,16640
pre,334,1802,1802,0,0,12.1,42,16640
pre,334,1802,1802,0,0,12.1,42,16640
pre,335,1802,1802,0,0,12.1,42,16640
pre,335,1802,1802,0,0,12.1,42,16640
pre,336,1802,1802,0,0,12.1,42,16640
pre,336,1802,1802,0,0,12.1,42,16640
pre,337,1802,1802,0,0,12.1,42,16640
pre,337,1802,1802,0,0,12.1,42,16640
pre,338,1802,1802,0,0,12.1,42,16640
pre,338,1802,1802,0,0,12.1,42,16640
pre,339,1802,1802,0,0,12.1,42,16640
pre,339,1802,1802,0,0,12.1,42,16640
pre,339,1802,1802,0,0,12.1,42,16640
pre,340,1802,1802,0,0,12.1,42,16640
pre,340,1802,1802,0,0,12.1,42,16640
pre,341,1802,1802,0,0,12.1,42,16640
pre,341,1802,1802,0,0,12.1,42,16640
pre,342,1802,1802,0,0,12.1,42,16640
pre,342,1802,1802,0,0,12.1,42,16640
pre,343,1802,1802,0,0,12.1,42,16640
pre,343,1802,1802,0,0,12.1,42,16640
pre,344,1802,1802,0,0,12.1,42,16640
pre,345,1802,1802,0,0,12.1,42,16640
pre,345,1802,1802,0,0,12.1,42,16640
pre,346,1802,1802,0,0,12.1,42,16640
pre,347,1802,1802,0,0,12.1,42,16640
pre,347,1802,1802,0,0,12.1,42,16640
pre,348,1802,1802,0,0,12.1,42,16640
pre,348,1802,1802,0,0,12.1,42,16640
pre,349,1802,1802,0,0,12.1,42,16640
pre,349,1802,1802,0,0,12.1,42,16640
pre,350,1802,1802,0,0,12.1,42,16640
pre,350,1802,1802,0,0,12.1,42,16640
pre,351,1802,1802,0,0,12.1,42,16640
pre,351,1802,1802,0,0,12.1,42,16640
pre,352,1802,1802,0,0,12.1,42,16640
pre,352,1802,1802,0,0,12.1,42,16640
pre,353,1802,1802,0,0,12.1,42,16640
pre,353,1802,1802,0,0,12.1,42,16640
pre,354,1802,1802,0,0,12.1,42,16640
pre,354,1802,1802,0,0,12.1,42,16640
pre,355,1802,1802,0,0,12.1,42,16640
pre,355,1802,1802,0,0,12.1,42,16640
pre,356,1802,1802,0,0,12.1,42,16640
pre,356,1802,1802,0,0,12.1,42,16640
pre,357,1802,1802,0,0,12.1,42,16640
pre,357,1802,1802,0,0,12.1,42,16640
pre,358,1802,1802,0,0,12.1,42,16640
pre,358,1802,1802,0,0,12.1,42,16640
pre,359,1802,1802,0,0,12.1,42,16640
pre,359,1802,1802,0,0,12.1,42,16640
pre,360,1802,1802,0,0,12.2,42,16640
pre,361,1802,1802,0,0,12.1,42,16640
pre,361,1802,1802,0,0,12.1,42,16640
pre,362,1802,1802,0,0,12.1,42,16640
pre,363,1802,1802,0,0,12.1,42,16640
pre,363,1802,1802,0,0,12.1,42,16640
pre,364,1802,1802,0,0,12.1,42,16640
pre,364,1802,1802,0,0,12.1,42,16640
pre,365,1802,1802,0,0,12.1,42,16640
pre,365,1802,1802,0,0,12.1,42,16640
pre,366,1802,1802,0,0,12.1,41,16640
pre,366,1802,1802,0,0,12.1,41,16640
pre,367,1802,1802,0,0,12.1,41,16640
pre,367,1802,1802,0,0,12.1,42,16640
pre,368,1802,1802,0,0,12.1,42,16640
pre,368,1802,1802,0,0,12.1,42,16640
pre,369,1802,1802,0,0,12.1,42,16640
pre,369,1802,1802,0,0,12.1,42,16640
pre,370,1802,1802,0,0,12.1,42,16640
pre,370,1802,1802,0,0,12.1,42,16640
pre,371,1802,1802,0,0,12.1,42,16640
pre,371,1802,1802,0,0,12.1,42,16640
pre,372,1802,1802,0,0,12.1,42,16640
pre,372,1802,1802,0,0,12.1,42,16640
pre,372,1802,1802,0,0,12.1,42,16640
pre,373,1802,1802,0,0,12.1,41,16640
pre,373,1802,1802,0,0,12.1,41,16640
pre,374,1802,1802,0,0,12.1,42,16640
pre,374,1802,1802,0,0,12.1,42,16640
pre,375,1802,1802,0,0,12.1,42,16640
pre,375,1802,1802,0,0,12.1,42,16640
pre,376,1802,1802,0,0,12.1,42,16640
pre,376,1802,1802,0,0,12.1,42,16640
pre,377,1802,1802,0,0,12.1,42,16640
pre,377,1802,1802,0,0,12.1,42,16640
pre,378,1802,1802,0,0,12.1,42,16640
pre,378,1802,1802,0,0,12.1,42,16640
pre,379,1802,1802,0,0,12.1,42,16640
pre,380,1802,1802,0,0,12.1,42,16640
pre,380,1802,1802,0,0,12.1,42,16640
pre,380,1802,1802,0,0,12.1,42,16640
pre,381,1802,1802,0,0,12.1,42,16640
pre,381,1802,1802,0,0,12.1,42,16640
pre,382,1802,1802,0,0,12.1,42,16640
pre,382,1802,1802,0,0,12.1,42,16640
pre,383,1802,1802,0,0,12.1,41,16640
pre,383,1802,1802,0,0,12.1,41,16640
pre,384,1802,1802,0,0,12.1,42,16640
pre,384,1802,1802,0,0,12.1,42,16640
pre,385,1802,1802,0,0,12.1,42,16640
pre,385,1802,1802,0,0,12.1,42,16640
pre,386,1802,1802,0,0,12.1,42,16640
pre,386,1802,1802,0,0,12.1,42,16640
pre,387,1802,1802,0,0,12.1,42,16640
pre,387,1802,1802,0,0,12.1,42,16640
pre,388,1802,1802,0,0,12.1,42,16640
pre,388,1802,1802,0,0,12.1,42,16640
pre,389,1802,1802,0,0,12.1,42,16640
pre,389,1802,1802,0,0,12.1,42,16640
pre,389,1802,1802,0,0,12.1,42,16640
pre,390,1802,1802,0,0,12.1,42,16640
pre,390,1802,1802,0,0,12.1,42,16640
pre,391,1802,1802,0,0,12.1,42,16640
pre,391,1802,1802,0,0,12.1,42,16640
pre,392,1802,1802,0,0,12.1,42,16640
pre,392,1802,1802,0,0,12.1,42,16640
pre,393,1802,1802,0,0,12.1,42,16640
pre,393,1802,1802,0,0,12.1,42,16640
pre,394,1802,1802,0,0,12.1,42,16640
pre,394,1802,1802,0,0,12.1,42,16640
pre,395,1802,1802,0,0,12.1,42,16640
pre,396,1802,1802,0,0,12.1,42,16640
pre,396,1802,1802,0,0,12.1,42,16640
pre,397,1802,1802,0,0,12.2,42,16640
pre,397,1802,1802,0,0,12.2,42,16640
pre,398,1802,1802,0,0,12.1,42,16640
pre,398,1802,1802,0,0,12.1,42,16640
pre,399,1802,1802,0,0,12.1,42,16640
pre,399,1802,1802,0,0,12.1,42,16640
pre,400,1802,1802,0,0,12.1,42,16640
pre,400,1802,1802,0,0,12.1,42,16640
pre,401,1802,1802,0,0,12.1,42,16640
pre,401,1802,1802,0,0,12.1,42,16640
pre,402,1802,1802,0,0,12.1,42,16640
pre,402,1802,1802,0,0,12.1,42,16640
pre,403,1802,1802,0,0,12.1,42,16640
pre,403,1802,1802,0,0,12.1,42,16640
pre,404,1802,1802,0,0,12.1,42,16640
pre,404,1802,1802,0,0,12.1,41,16640
pre,404,1802,1802,0,0,12.1,41,16640
pre,405,1802,1802,0,0,12.1,42,16640
pre,405,1802,1802,0,0,12.1,42,16640
pre,406,1802,1802,0,0,12.1,42,16640
pre,406,1802,1802,0,0,12.1,42,16640
pre,407,1802,1802,0,0,12.1,42,16640
pre,407,1802,1802,0,0,12.1,42,16640
pre,408,1802,1802,0,0,12.1,42,16640
pre,408,1802,1802,0,0,12.1,42,16640
pre,409,1802,1802,0,0,12.1,42,16640
pre,409,1802,1802,0,0,12.1,42,16640
pre,409,1802,1802,0,0,12.1,42,16640
pre,410,1802,1802,0,0,12.1,42,16640
pre,411,1802,1802,0,0,12.1,42,16640
pre,411,1802,1802,0,0,12.1,42,16640
pre,412,1802,1802,0,0,12.1,42,16640
pre,412,1802,1802,0,0,12.1,42,16640
pre,413,1802,1802,0,0,12.1,42,16640
pre,413,1802,1802,0,0,12.1,42,16640
pre,414,1802,1802,0,0,12.1,42,16640
pre,414,1802,1802,0,0,12.1,42,16640
pre,415,1802,1802,0,0,12.1,42,16640
pre,415,1802,1802,0,0,12.1,42,16640
pre,416,1802,1802,0,0,12.1,42,16640
pre,416,1802,1802,0,0,12.1,42,16640
pre,417,1802,1802,0,0,12.1,42,16640
pre,417,1802,1802,0,0,12.1,42,16640
pre,418,1802,1802,0,0,12.1,42,16640
pre,418,1802,1802,0,0,12.1,42,16640
pre,419,1802,1802,0,0,12.1,42,16640
pre,419,1802,1802,0,0,12.1,42,16640
pre,419,1802,1802,0,0,12.1,42,16640
pre,420,1802,1802,0,0,12.1,42,16640
pre,420,1802,1802,0,0,12.1,42,16640
pre,421,1802,1802,0,0,12.1,42,16640
pre,421,1802,1802,0,0,12.1,42,16640
pre,422,1802,1802,0,0,12.1,42,16640
pre,422,1802,1802,0,0,12.1,42,16640
pre,423,1802,1802,0,0,12.1,42,16640
pre,423,1802,1802,0,0,12.1,42,16640
pre,424,1802,1802,0,0,12.1,42,16640
pre,424,1802,1802,0,0,12.1,42,16640
pre,425,1802,1802,0,0,12.1,42,16640
pre,425,1802,1802,0,0,12.1,42,16640
pre,426,1802,1802,0,0,12.1,42,16640
pre,426,1802,1802,0,0,12.1,42,16640
pre,427,1802,1802,0,0,12.1,42,16640
pre,428,1802,1802,0,0,12.1,42,16640
pre,428,1802,1802,0,0,12.1,42,16640
pre,429,1802,1802,0,0,12.1,42,16640
pre,429,1802,1802,0,0,12.1,42,16640
pre,430,1802,1802,0,0,12.1,42,16640
pre,430,1802,1802,0,0,12.1,42,16640
pre,431,1802,1802,0,0,12.1,42,16640
pre,431,1802,1802,0,0,12.1,42,16640
pre,432,1802,1802,0,0,12.1,42,16640
pre,432,1802,1802,0,0,12.1,42,16640
pre,433,1802,1802,0,0,12.1,41,16640
pre,433,1802,1802,0,0,12.1,41,16640
pre,434,1802,1802,0,0,12.1,42,16640
pre,434,1802,1802,0,0,12.1,42,16640
pre,434,1802,1802,0,0,12.1,42,16640
pre,435,1802,1802,0,0,12.1,42,16640
pre,435,1802,1802,0,0,12.1,42,16640
pre,436,1802,1802,0,0,12.1,42,16640
pre,436,1802,1802,0,0,12.1,42,16640
pre,437,1802,1802,0,0,12.1,42,16640
pre,437,1802,1802,0,0,12.1,42,16640
pre,438,1802,1802,0,0,12.1,42,16640
pre,438,1802,1802,0,0,12.1,42,16640
pre,439,1802,1802,0,0,12.1,42,16640
pre,439,1802,1802,0,0,12.1,42,16640
pre,440,1802,1802,0,0,12.1,42,16640
pre,440,1802,1802,0,0,12.1,42,16640
pre,441,1802,1802,0,0,12.1,42,16640
pre,441,1802,1802,0,0,12.1,42,16640
pre,442,1802,1802,0,0,12.1,42,16640
pre,442,1802,1802,0,0,12.1,42,16640
pre,443,1802,1802,0,0,12.1,42,16640
pre,443,1802,1802,0,0,12.1,42,16640
pre,444,1802,1802,0,0,12.1,42,16640
pre,444,1802,1802,0,0,12.1,42,16640
pre,445,1802,1802,0,0,12.1,42,16640
pre,446,1802,1802,0,0,12.1,42,16640
pre,446,1802,1802,0,0,12.1,42,16640
pre,447,1802,1802,0,0,12.1,42,16640
pre,447,1802,1802,0,0,12.1,42,16640
pre,448,1802,1802,0,0,12.1,42,16640
pre,448,1802,1802,0,0,12.1,42,16640
pre,449,1802,1802,0,0,12.1,42,16640
pre,449,1802,1802,0,0,12.1,42,16640
pre,450,1802,1802,0,0,12.1,42,16640
pre,450,1802,1802,0,0,12.1,42,16640
pre,450,1802,1802,0,0,12.1,42,16640
pre,451,1802,1802,0,0,12.1,42,16640
pre,451,1802,1802,0,0,12.1,42,16640
pre,452,1802,1802,0,0,12.1,42,16640
pre,452,1802,1802,0,0,12.1,42,16640
pre,453,1802,1802,0,0,12.1,42,16640
pre,453,1802,1802,0,0,12.1,42,16640
pre,454,1802,1802,0,0,12.1,42,16640
pre,454,1802,1802,0,0,12.1,42,16640
pre,455,1802,1802,0,0,12.1,42,16640
pre,455,1802,1802,0,0,12.1,42,16640
pre,456,1802,1802,0,0,12.1,42,16640
pre,456,1802,1802,0,0,12.1,42,16640
pre,457,1802,1802,0,0,12.1,42,16640
pre,457,1802,1802,0,0,12.1,42,16640
pre,457,1802,1802,0,0,12.1,42,16640
pre,458,1802,1802,0,0,12.1,42,16640
pre,458,1802,1802,0,0,12.1,42,16640
pre,459,1802,1802,0,0,12.1,42,16640
pre,459,1802,1802,0,0,12.1,42,16640
pre,460,1802,1802,0,0,12.1,42,16640
pre,460,1802,1802,0,0,12.1,42,16640
pre,461,1802,1802,0,0,12.1,42,16640
pre,462,1802,1802,0,0,12.1,42,16640
pre,462,1802,1802,0,0,12.1,42,16640
pre,463,1802,1802,0,0,12.1,42,16640
pre,463,1802,1802,0,0,12.1,42,16640
pre,464,1802,1802,0,0,12.1,42,16640
pre,465,1802,1802,0,0,12.1,42,16640
pre,465,1802,1802,0,0,12.1,42,16640
pre,466,1802,1802,0,0,12.1,42,16640
pre,466,1802,1802,0,0,12.1,42,16640
pre,466,1802,1802,0,0,12.1,42,16640
pre,467,1802,1802,0,0,12.1,42,16640
pre,467,1802,1802,0,0,12.1,42,16640
pre,468,1802,1802,0,0,12.1,42,16640
pre,468,1802,1802,0,0,12.1,42,16640
pre,469,1802,1802,0,0,12.1,42,16640
pre,469,1802,1802,0,0,12.1,42,16640
pre,470,1802,1802,0,0,12.1,42,16640
pre,470,1802,1802,0,0,12.1,42,16640
pre,471,1802,1802,0,0,12.1,42,16640
pre,471,1802,1802,0,0,12.1,42,16640
pre,472,1802,1802,0,0,12.2,42,16640
pre,472,1802,1802,0,0,12.2,42,16640
pre,472,1802,1802,0,0,12.2,42,16640
pre,473,1802,1802,0,0,12.2,42,16640
pre,473,1802,1802,0,0,12.1,42,16640
pre,474,1802,1802,0,0,12.1,42,16640
pre,474,1802,1802,0,0,12.1,42,16640
pre,475,1802,1802,0,0,12.1,42,16640
pre,475,1802,1802,0,0,12.1,42,16640
pre,476,1802,1802,0,0,12.1,42,16640
pre,476,1802,1802,0,0,12.1,42,16640
pre,477,1802,1802,0,0,12.1,42,16640
pre,477,1802,1802,0,0,12.1,42,16640
pre,478,1802,1802,0,0,12.1,42,16640
pre,479,1802,1802,0,0,12.2,42,16640
pre,480,1802,1802,0,0,12.1,42,16640
pre,480,1802,1802,0,0,12.1,42,16640
pre,481,1802,1802,0,0,12.1,42,16640
pre,481,1802,1802,0,0,12.1,42,16640
pre,481,1802,1802,0,0,12.1,42,16640
pre,482,1802,1802,0,0,12.1,42,16640
pre,482,1802,1802,0,0,12.1,42,16640
pre,483,1802,1802,0,0,12.1,42,16640
pre,483,1802,1802,0,0,12.1,42,16640
pre,484,1802,1802,0,0,12.1,42,16640
pre,484,1802,1802,0,0,12.1,42,16640
pre,485,1802,1802,0,0,12.1,42,16640
pre,485,1802,1802,0,0,12.1,42,16640
pre,486,1802,1802,0,0,12.1,42,16640
pre,486,1802,1802,0,0,12.1,42,16640
pre,487,1802,1802,0,0,12.1,41,16640
pre,487,1802,1802,0,0,12.1,41,16640
pre,488,1802,1802,0,0,12.1,42,16640
pre,488,1802,1802,0,0,12.1,42,16640
pre,489,1802,1802,0,0,12.1,42,16640
pre,489,1802,1802,0,0,12.1,42,16640
pre,489,1802,1802,0,0,12.1,42,16640
pre,490,1802,1802,0,0,12.1,42,16640
pre,490,1802,1802,0,0,12.1,42,16640
pre,491,1802,1802,0,0,12.1,42,16640
pre,491,1802,1802,0,0,12.1,42,16640
pre,492,1802,1802,0,0,12.1,42,16640
pre,492,1802,1802,0,0,12.1,42,16640
pre,493,1802,1802,0,0,12.1,42,16640
pre,493,1802,1802,0,0,12.1,42,16640
pre,494,1802,1802,0,0,12.1,42,16640
pre,494,1802,1802,0,0,12.1,42,16640
pre,495,1802,1802,0,0,12.1,42,16640
pre,496,1802,1802,0,0,12.1,41,16640
pre,496,1802,1802,0,0,12.1,41,16640
pre,497,1802,1802,0,0,12.1,42,16640
pre,497,1802,1802,0,0,12.1,42,16640
pre,498,1802,1802,0,0,12.1,42,16640
pre,498,1802,1802,0,0,12.1,42,16640
pre,498,1802,1802,0,0,12.1,42,16640
pre,499,1802,1802,0,0,12.1,42,16640
pre,499,1802,1802,0,0,12.1,42,16640
pre,500,1802,1802,0,0,12.1,42,16640
up,0,2002,1802,0,0,12.1,42,16640
up,24,2002,1802,0,0,12.1,42,16640
up,25,2002,1802,0,0,12.1,42,16640
up,26,2002,1802,0,0,12.1,42,16640
up,26,2002,1802,0,0,12.1,42,16640
up,27,2002,1802,0,0,12.1,42,16640
up,28,2002,1802,0,0,12.1,42,16640
up,28,2002,1802,0,0,12.1,42,16640
up,29,2002,1802,0,0,12.1,42,16640
up,30,2002,1802,0,0,12.1,42,16640
up,31,2002,1802,0,0,12.1,42,16640
up,31,2002,1802,0,0,12.1,42,16640
up,32,2002,1802,0,0,12.1,42,16640
up,32,2002,1802,0,0,12.1,42,16640
up,33,2002,1802,0,0,12.1,42,16640
up,33,2002,1802,0,0,12.1,42,16640
up,34,2002,1802,0,0,12.1,42,16640
up,34,2002,1802,0,0,12.1,42,16640
up,34,2002,1802,0,0,12.1,42,16640
up,35,2002,1802,0,0,12.1,42,16640
up,35,2002,1802,0,0,12.1,42,16640
up,36,2002,1802,0,0,12.1,42,16640
up,36,2002,1802,0,0,12.1,42,16640
up,37,2002,1802,0,0,12.1,42,16640
up,37,2002,1802,0,0,12.1,42,16640
up,38,2002,1802,0,0,12.1,42,16640
up,38,2002,1802,0,0,12.1,42,16640
up,39,2002,1802,0,0,12.1,42,16640
up,39,2002,1802,0,0,12.1,42,16640
up,40,2002,1802,0,0,12.1,42,16640
up,40,2002,1802,0,0,12.1,42,16640
up,41,2002,1802,0,0,12.1,42,16640
up,41,2002,1802,0,0,12.1,42,16640
up,41,2002,1802,0,0,12.1,42,16640
up,42,2002,1802,0,0,12.1,42,16640
up,42,2002,1802,0,0,12.1,42,16640
up,43,2002,1802,0,0,12.1,42,16640
up,44,2002,1802,0,0,12.1,42,16640
up,44,2002,1802,0,0,12.1,42,16640
up,45,2002,1802,0,0,12.1,42,16640
up,45,2002,1802,0,0,12.1,42,16640
up,46,2002,1802,0,0,12.1,42,16640
up,46,2002,1802,0,0,12.1,42,16640
up,47,2002,1802,0,0,12.1,42,16640
up,47,2002,1802,0,0,12.1,42,16640
up,48,2002,1802,0,0,12.1,42,16640
up,48,2002,1802,0,0,12.1,42,16640
up,49,2002,1802,0,0,12.1,42,16640
up,49,2002,1802,0,0,12.1,42,16640
up,50,2002,1802,0,0,12.1,42,16640
up,50,2002,1802,0,0,12.1,42,16640
up,50,2002,1802,0,0,12.1,42,16640
up,51,2002,1802,0,0,12.1,42,16640
up,51,2002,1802,0,0,12.2,42,16640
up,52,2002,1802,0,0,12.2,42,16640
up,52,2002,1802,0,0,12.1,42,16640
up,53,2002,1802,0,0,12.1,42,16640
up,53,2002,1802,0,0,12.1,42,16640
up,54,2002,1802,0,0,12.1,42,16640
up,54,2002,1802,0,0,12.1,42,16640
up,55,2002,1802,0,0,12.1,42,16640
up,55,2002,1802,0,0,12.1,42,16640
up,56,2002,1802,0,0,12.1,42,16640
up,56,2002,1802,0,0,12.1,42,16640
up,57,2002,1802,0,0,12.1,42,16640
up,57,2002,1802,0,0,12.1,42,16640
up,58,2002,1802,0,0,12.1,42,16640
up,58,2002,1802,0,0,12.1,42,16640
up,59,2002,1802,0,0,12.1,42,16640
up,60,2002,1802,0,0,12.1,42,16640
up,60,2002,1802,0,0,12.1,42,16640
up,61,2002,1802,0,0,12.1,42,16640
up,61,2002,1802,0,0,12.1,42,16640
up,62,2002,1802,0,0,12.1,42,16640
up,63,2002,1802,0,0,12.1,42,16640
up,63,2002,1802,0,0,12.1,42,16640
up,64,2002,1802,0,0,12.1,42,16640
up,64,2002,1802,0,0,12.1,42,16640
up,65,2002,1802,0,0,12.1,42,16640
up,65,2002,1802,0,0,12.1,42,16640
up,66,2002,1802,0,0,12.1,42,16640
up,66,2002,1802,0,0,12.1,42,16640
up,67,2002,1802,0,0,12.1,42,16640
up,67,2002,1802,0,0,12.1,42,16640
up,67,2002,1802,0,0,12.1,42,16640
up,68,2002,1802,0,0,12.1,42,16640
up,68,2002,1802,0,0,12.1,42,16640
up,69,2002,1802,0,0,12.1,42,16640
up,69,2002,1802,0,0,12.1,42,16640
up,70,2002,1802,0,0,12.1,42,16640
up,70,2002,1802,0,0,12.1,42,16640
up,71,2002,1802,0,0,12.1,42,16640
up,71,2002,1802,0,0,12.1,42,16640
up,72,2002,1802,0,0,12.1,42,16640
up,72,2002,1802,0,0,12.1,42,16640
up,73,2002,1802,0,0,12.1,42,16640
up,73,2002,1802,0,0,12.1,42,16640
up,73,2002,1802,0,0,12.1,42,16640
up,74,2002,1802,0,0,12.1,42,16640
up,74,2002,1802,0,0,12.1,42,16640
up,75,2002,1802,0,0,12.1,42,16640
up,75,2002,1802,0,0,12.1,42,16640
up,76,2002,1802,0,0,12.1,42,16640
up,77,2002,1802,0,0,12.1,42,16640
up,77,2002,1802,0,0,12.1,42,16640
up,78,2002,1802,0,0,12.1,42,16640
up,79,2002,1802,0,0,12.1,42,16640
up,79,2002,1802,0,0,12.1,42,16640
up,80,2002,1802,0,0,12.1,42,16640
up,80,2002,1802,0,0,12.1,42,16640
up,81,2002,1802,0,0,12.1,42,16640
up,81,2002,1802,0,0,12.1,42,16640
up,82,2002,1802,0,0,12.1,42,16640
up,82,2002,1802,0,0,12.1,42,16640
up,83,2002,1802,0,0,12.1,42,16640
up,83,2002,1802,0,0,12.1,42,16640
up,84,2002,1802,0,0,12.1,42,16640
up,84,2002,1802,0,0,12.1,42,16640
up,84,2002,1802,0,0,12.1,42,16640
up,85,2002,1802,0,0,12.1,42,16640
up,85,2002,1802,0,0,12.1,42,16640
up,86,2002,1802,0,0,12.1,42,16640
up,86,2002,1802,0,0,12.1,42,16640
up,87,2002,1802,0,0,12.1,42,16640
up,87,2002,1802,0,0,12.2,42,16640
up,88,2002,1802,0,0,12.2,42,16640
up,88,2002,1802,0,0,12.1,42,16640
up,89,2002,1802,0,0,12.1,42,16640
up,89,2002,1802,0,0,12.1,42,16640
up,90,2002,1802,0,0,12.1,42,16640
up,90,2002,1802,0,0,12.3,42,16640
up,91,2002,1802,0,0,12.3,42,16640
up,91,2002,1802,0,0,12.1,42,16640
up,92,2002,1802,0,0,12.1,42,16640
up,92,2002,1802,0,0,12.1,42,16640
up,93,2002,1802,0,0,12.1,42,16640
up,94,2002,1802,0,0,12.1,41,16640
up,94,2002,1802,0,0,12.1,42,16640
up,95,2002,1802,0,0,12.1,42,16640
up,95,2002,1802,0,0,12.1,42,16640
up,96,2002,1802,0,0,12.1,42,16640
up,96,2002,1802,0,0,12.1,42,16640
up,97,2002,1802,0,0,12.1,42,16640
up,97,2002,1802,0,0,12.1,42,16640
up,98,2002,1802,0,0,12.1,42,16640
up,98,2002,1802,0,0,12.1,42,16640
up,99,2002,1802,0,0,12.1,42,16640
up,99,2002,1802,0,0,12.1,42,16640
up,100,2002,1802,0,0,12.1,42,16640
up,100,2002,1802,0,0,12.1,42,16640
up,100,2002,1802,0,0,12.1,42,16640
up,101,2002,1802,0,0,12.1,42,16640
up,101,2002,1802,0,0,12.1,42,16640
up,102,2002,1802,0,0,12.1,42,16640
up,102,2002,1802,0,0,12.1,42,16640
up,103,2002,1802,0,0,12.1,42,16640
up,103,2002,1802,0,0,12.1,42,16640
up,104,2002,1802,0,0,12.1,42,16640
up,104,2002,1802,0,0,12.1,42,16640
up,105,2002,1802,0,0,12.1,42,16640
up,105,2002,1802,0,0,12.1,42,16640
up,106,2002,1802,0,0,12.1,42,16640
up,106,2002,1802,0,0,12.1,42,16640
up,107,2002,1802,0,0,12.1,42,16640
up,107,2002,1802,0,0,12.1,42,16640
up,108,2002,1802,0,0,12.1,42,16640
up,109,2002,1802,0,0,12.1,42,16640
up,109,2002,1802,0,0,12.1,42,16640
up,110,2002,1802,0,0,12.1,42,16640
up,111,2002,1802,0,0,12.1,42,16640
up,111,2002,1802,0,0,12.1,42,16640
up,112,2002,1802,0,0,12.1,42,16640
up,113,2002,1802,0,0,12.1,42,16640
up,113,2002,1802,0,0,12.1,42,16640
up,114,2002,1802,0,0,12.1,42,16640
up,114,2002,1802,0,0,12.1,42,16640
up,115,2002,1802,0,0,12.1,42,16640
up,116,2002,1802,0,0,12.1,42,16640
up,116,2002,1802,0,0,12.1,42,16640
up,116,2002,1802,0,0,12.1,42,16640
up,117,2002,1802,0,0,12.1,42,16640
up,117,2002,1802,0,0,12.1,42,16640
up,118,2002,1802,0,0,12.1,42,16640
up,118,2002,1802,0,0,12.1,42,16640
up,119,2002,1802,0,0,12.1,42,16640
up,119,2002,1802,0,0,12.1,42,16640
up,120,2002,1802,0,0,12.1,42,16640
up,121,2002,1802,0,0,12.1,42,16640
up,121,2002,1802,0,0,12.1,42,16640
up,122,2002,1802,0,0,12.1,42,16640
up,122,2002,1802,0,0,12.1,42,16640
up,123,2002,1802,0,0,12.1,42,16640
up,123,2002,1802,0,0,12.1,42,16640
up,124,2002,1802,0,0,12.1,42,16640
up,124,2002,1802,0,0,12.1,42,16640
up,124,2002,1802,0,0,12.1,42,16640
up,125,2002,1802,0,0,12.1,42,16640
up,125,2002,1802,0,0,12.1,42,16640
up,126,2002,1802,0,0,12.1,42,16640
up,127,2002,1802,0,0,12.1,42,16640
up,127,2002,1802,0,0,12.1,42,16640
up,128,2002,1802,0,0,12.1,42,16640
up,128,2002,1802,0,0,12.1,42,16640
up,128,2002,1802,0,0,12.1,42,16640
up,129,2002,1802,0,0,12.1,42,16640
up,129,2002,1802,0,0,12.1,42,16640
up,130,2002,1802,0,0,12.1,42,16640
up,130,2002,1802,0,0,12.1,42,16640
up,131,2002,1802,0,0,12.1,42,16640
up,131,2002,1802,0,0,12.1,42,16640
up,132,2002,1802,0,0,12.1,42,16640
up,132,2002,1802,0,0,12.1,42,16640
up,133,2002,1802,0,0,12.1,42,16640
up,133,2002,1802,0,0,12.1,42,16640
up,134,2002,1802,0,0,12.1,42,16640
up,134,2002,1802,0,0,12.1,42,16640
up,135,2002,1802,0,0,12.1,42,16640
up,135,2002,1802,0,0,12.1,42,16640
up,136,2002,1802,0,0,12.1,42,16640
up,136,2002,1802,0,0,12.1,42,16640
up,137,2002,1802,0,0,12.1,42,16640
up,137,2002,1802,0,0,12.1,42,16640
up,138,2002,1802,0,0,12.1,42,16640
up,138,2002,1802,0,0,12.1,42,16640
up,139,2002,1802,0,0,12.1,42,16640
up,139,2002,1802,0,0,12.1,42,16640
up,140,2002,1802,0,0,12.1,42,16640
up,140,2002,1802,0,0,12.1,42,16640
up,141,2002,1802,0,0,12.1,42,16640
up,141,2002,1802,0,0,12.1,42,16640
up,142,2002,1802,0,0,12.1,42,16640
up,142,2002,1802,0,0,12.1,42,16640
up,143,2002,1802,0,0,12.1,42,16640
up,143,2002,1802,0,0,12.1,42,16640
up,144,2002,1802,0,0,12.1,42,16640
up,144,2002,1802,0,0,12.1,42,16640
up,145,2002,1802,0,0,12.1,42,16640
up,145,2002,1802,0,0,12.1,42,16640
up,146,2002,1802,0,0,12.1,42,16640
up,146,2002,1802,0,0,12.1,42,16640
up,147,2002,1802,0,0,12.1,42,16640
up,147,2002,1802,0,0,12.1,42,16640
up,148,2002,1802,0,0,12.1,42,16640
up,148,2002,1802,0,0,12.1,42,16640
up,149,2002,1802,0,0,12.1,42,16640
up,149,2002,1802,0,0,12.1,42,16640
up,150,2002,1802,0,0,12.1,42,16640
up,150,2002,1802,0,0,12.1,42,16640
up,151,2002,1802,0,0,12.1,42,16640
up,151,2002,1802,0,0,12.1,42,16640
up,152,2002,1802,0,0,12.1,42,16640
up,152,2002,1802,0,0,12.1,42,16640
up,153,2002,1802,0,0,12.1,42,16640
up,153,2002,1802,0,0,12.1,42,16640
up,154,2002,1802,0,0,12.1,42,16640
up,154,2002,1802,0,0,12.1,42,16640
up,155,2002,1802,0,0,12.1,42,16640
up,155,2002,1802,0,0,12.1,41,16640
up,155,2002,1802,0,0,12.1,41,16640
up,156,2002,1802,0,0,12.1,42,16640
up,156,2002,1802,0,0,12.1,42,16640
up,157,2002,1802,0,0,12.1,42,16640
up,158,2002,1802,0,0,12.1,42,16640
up,158,2002,1802,0,0,12.1,42,16640
up,159,2002,1802,0,0,12.1,42,16640
up,159,2002,1802,0,0,12.2,42,16640
up,159,2002,1802,0,0,12.2,42,16640
up,160,2002,1802,0,0,12.1,42,16640
up,160,2002,1802,0,0,12.1,42,16640
up,161,2002,1802,0,0,12.1,42,16640
up,161,2002,1802,0,0,12.1,42,16640
up,162,2002,1802,0,0,12.1,42,16640
up,162,2002,1802,0,0,12.1,42,16640
up,163,2002,1802,0,0,12.1,42,16640
up,163,2002,1802,0,0,12.1,42,16640
up,164,2002,1802,0,0,12.1,42,16640
up,164,2002,1802,0,0,12.1,42,16640
up,165,2002,1802,0,0,12.1,42,16640
up,165,2002,1802,0,0,12.1,42,16640
up,166,2002,1802,0,0,12.1,42,16640
up,166,2002,1802,0,0,12.1,42,16640
up,167,2002,1802,0,0,12.1,42,16640
up,167,2002,1802,0,0,12.1,42,16640
up,168,2002,1802,0,0,12.1,42,16640
up,168,2002,1802,0,0,12.1,42,16640
up,169,2002,1802,0,0,12.1,42,16640
up,169,2002,1802,0,0,12.1,42,16640
up,170,2002,1802,0,0,12.1,42,16640
up,170,2002,1802,0,0,12.1,42,16640
up,171,2002,1802,0,0,12.1,42,16640
up,171,2002,1802,0,0,12.1,42,16640
up,172,2002,1802,0,0,12.1,42,16640
up,172,2002,1802,0,0,12.1,42,16640
up,173,2002,1802,0,0,12.1,42,16640
up,173,2002,1802,0,0,12.1,42,16640
up,174,2002,1802,0,0,12.1,42,16640
up,175,2002,1802,0,0,12.1,42,16640
up,175,2002,1802,0,0,12.1,42,16640
up,176,2002,1802,0,0,12.1,42,16640
up,176,2002,1802,0,0,12.1,42,16640
up,176,2002,1802,0,0,12.1,42,16640
up,177,2002,1802,0,0,12.1,42,16640
up,177,2002,1802,0,0,12.1,42,16640
up,178,2002,1802,0,0,12.1,42,16640
up,178,2002,1802,0,0,12.1,42,16640
up,179,2002,1802,0,0,12.1,42,16640
up,179,2002,1802,0,0,12.1,42,16640
up,180,2002,1802,0,0,12.1,42,16640
up,180,2002,1802,0,0,12.1,42,16640
up,181,2002,1802,0,0,12.1,42,16640
up,181,2002,1802,0,0,12.1,42,16640
up,182,2002,1802,0,0,12.1,42,16640
up,182,2002,1802,0,0,12.1,42,16640
up,183,2002,1802,0,0,12.1,42,16640
up,183,2002,1802,0,0,12.1,42,16640
up,184,2002,1802,0,0,12.1,42,16640
up,184,2002,1802,0,0,12.1,42,16640
up,185,2002,1802,0,0,12.1,42,16640
up,185,2002,1802,0,0,12.1,42,16640
up,186,2002,1802,0,0,12.1,42,16640
up,186,2002,1802,0,0,12.1,42,16640
up,187,2002,1802,0,0,12.1,42,16640
up,187,2002,1802,0,0,12.1,42,16640
up,188,2002,1802,0,0,12.1,42,16640
up,188,2002,1802,0,0,12.1,42,16640
up,189,2002,1802,0,0,12.1,42,16640
up,189,2002,1802,0,0,12.1,42,16640
up,190,2002,1802,0,0,12.1,42,16640
up,190,2002,1802,0,0,12.1,42,16640
up,191,2002,1802,0,0,12.1,42,16640
up,191,2002,1802,0,0,12.1,42,16640
up,192,2002,1802,0,0,12.2,42,16640
up,192,2002,1802,0,0,12.2,42,16640
up,193,2002,1802,0,0,12.1,42,16640
up,193,2002,1802,0,0,12.1,42,16640
up,194,2002,1802,0,0,12.1,42,16640
up,194,2002,1802,0,0,12.1,42,16640
up,195,2002,1802,0,0,12.1,42,16640
up,195,2002,1802,0,0,12.1,42,16640
up,196,2002,1802,0,0,12.1,42,16640
up,196,2002,1802,0,0,12.1,42,16640
up,197,2002,1802,0,0,12.1,42,16640
up,197,2002,1802,0,0,12.1,42,16640
up,198,2002,1802,0,0,12.1,42,16640
up,198,2002,1802,0,0,12.1,42,16640
up,199,2002,1802,0,0,12.1,42,16640
up,199,2002,1802,0,0,12.1,42,16640
up,200,2002,1802,0,0,12.1,42,16640
up,200,2002,1802,0,0,12.1,42,16640
up,201,2002,1802,0,0,12.1,42,16640
up,201,2002,1802,0,0,12.1,42,16640
up,202,2002,1802,0,0,12.1,42,16640
up,202,2002,1802,0,0,12.1,42,16640
up,203,2002,1802,0,0,12.1,42,16640
up,203,2002,1802,0,0,12.1,42,16640
up,204,2002,1802,0,0,12.1,42,16640
up,205,2002,1802,0,0,12.1,42,16640
up,205,2002,1802,0,0,12.1,42,16640
up,206,2002,1802,0,0,12.1,42,16640
up,206,2002,1802,0,0,12.1,42,16640
up,206,2002,1802,0,0,12.1,42,16640
up,207,2002,1802,0,0,12.1,42,16640
up,207,2002,1802,0,0,12.1,42,16640
up,208,2002,1802,0,0,12.1,41,16640
up,208,2002,1802,0,0,12.1,41,16640
up,209,2002,1802,0,0,12.1,42,16640
up,209,2002,1802,0,0,12.1,42,16640
up,210,2002,1802,0,0,12.1,42,16640
up,210,2002,1802,0,0,12.1,42,16640
up,211,2002,1802,0,0,12.1,42,16640
up,212,2002,1802,0,0,12.1,42,16640
up,212,2002,1802,0,0,12.1,42,16640
up,213,2002,1802,0,0,12.1,42,16640
up,213,2002,1802,0,0,12.1,42,16640
up,214,2002,1802,0,0,12.1,42,16640
up,214,2002,1802,0,0,12.1,42,16640
up,215,2002,1802,0,0,12.1,42,16640
up,215,2002,1802,0,0,12.1,42,16640
up,216,2002,1802,0,0,12.1,42,16640
up,216,2002,1802,0,0,12.1,42,16640
up,217,2002,1802,0,0,12.1,42,16640
up,217,2002,1802,0,0,12.1,42,16640
up,218,2002,1802,0,0,12.1,42,16640
up,218,2002,1802,0,0,12.1,42,16640
up,219,2002,1802,0,0,12.1,42,16640
up,219,2002,1802,0,0,12.1,42,16640
up,220,2002,1802,0,0,12.1,42,16640
up,220,2002,1802,0,0,12.1,42,16640
up,221,2002,1802,0,0,12.1,42,16640
up,221,2002,1802,0,0,12.1,42,16640
up,222,2002,1802,0,0,12.1,42,16640
up,222,2002,1802,0,0,12.1,42,16640
up,223,2002,1802,0,0,12.1,42,16640
up,223,2002,1802,0,0,12.0,42,16640
up,223,2002,1802,0,0,12.0,42,16640
up,224,2002,1802,0,0,12.1,42,16640
up,224,2002,1802,0,0,12.1,42,16640
up,225,2002,1802,0,0,12.1,42,16640
up,225,2002,1802,0,0,12.1,42,16640
up,226,2002,1802,0,0,12.1,42,16640
up,226,2002,1802,0,0,12.1,42,16640
up,227,2002,1802,0,0,12.1,42,16640
up,227,2002,1802,0,0,12.1,42,16640
up,228,2002,1802,0,0,12.1,42,16640
up,229,2002,1802,0,0,12.1,42,16640
up,229,2002,1802,0,0,12.1,42,16640
up,230,2002,1802,0,0,12.1,42,16640
up,230,2002,1802,0,0,12.1,42,16640
up,231,2002,1802,0,0,12.1,42,16640
up,231,2002,1802,0,0,12.1,42,16640
up,232,2002,1802,0,0,12.1,42,16640
up,232,2002,1802,0,0,12.1,42,16640
up,233,2002,1802,0,0,12.1,42,16640
up,233,2002,1802,0,0,12.1,42,16640
up,234,2002,1802,0,0,12.1,42,16640
up,234,2002,1802,0,0,12.1,42,16640
up,235,2002,1802,0,0,12.1,42,16640
up,235,2002,1802,0,0,12.1,42,16640
up,236,2002,1802,0,0,12.1,41,16640
up,236,2002,1802,0,0,12.1,41,16640
up,237,2002,1802,0,0,12.1,42,16640
up,237,2002,1802,0,0,12.1,42,16640
up,238,2002,1802,0,0,12.1,42,16640
up,238,2002,1802,0,0,12.1,42,16640
up,239,2002,1802,0,0,12.1,42,16640
up,239,2002,1802,0,0,12.1,42,16640
up,240,2002,1802,0,0,12.1,42,16640
up,240,2002,1802,0,0,12.1,42,16640
up,241,2002,1802,0,0,12.1,42,16640
up,241,2002,1802,0,0,12.1,42,16640
up,242,2002,1802,0,0,12.1,42,16640
up,242,2002,1802,0,0,12.1,42,16640
up,243,2002,1802,0,0,12.1,42,16640
up,243,2002,1802,0,0,12.1,42,16640
up,244,2002,1802,0,0,12.1,42,16640
up,245,2002,1802,0,0,12.1,42,16640
up,245,2002,1802,0,0,12.1,42,16640
up,246,2002,1802,0,0,12.1,42,16640
up,246,2002,1802,0,0,12.1,42,16640
up,247,2002,1802,0,0,12.1,42,16640
up,247,2002,1802,0,0,12.1,42,16640
up,248,2002,1802,0,0,12.1,42,16640
up,248,2002,1802,0,0,12.1,42,16640
up,249,2002,1802,0,0,12.1,42,16640
up,249,2002,1802,0,0,12.1,42,16640
up,250,2002,1802,0,0,12.1,42,16640
up,250,2002,1802,0,0,12.1,42,16640
up,251,2002,1802,0,0,12.1,42,16640
up,251,2002,1802,0,0,12.1,42,16640
up,252,2002,1802,0,0,12.1,42,16640
up,252,2002,1802,0,0,12.1,42,16640
up,253,2002,1802,0,0,12.1,42,16640
up,253,2002,1802,0,0,12.1,42,16640
up,254,2002,1802,0,0,12.1,42,16640
up,254,2002,1802,0,0,12.1,42,16640
up,255,2002,1802,0,0,12.1,42,16640
up,255,2002,1802,0,0,12.1,42,16640
up,256,2002,1802,0,0,12.1,42,16640
up,256,2002,1802,0,0,12.1,42,16640
up,257,2002,1802,0,0,12.1,42,16640
up,257,2002,1802,0,0,12.1,42,16640
up,258,2002,1802,0,0,12.1,42,16640
up,258,2002,1802,0,0,12.1,42,16640
up,259,2002,1802,0,0,12.1,42,16640
up,259,2002,1802,0,0,12.1,42,16640
up,260,2002,1802,0,0,12.1,42,16640
up,261,2002,1802,0,0,12.1,42,16640
up,261,2002,1802,0,0,12.1,42,16640
up,262,2002,1802,0,0,12.1,42,16640
up,263,2002,1802,0,0,12.1,42,16640
up,263,2002,1802,0,0,12.1,42,16640
up,264,2002,1802,0,0,12.1,42,16640
up,264,2002,1802,0,0,12.1,42,16640
up,265,2002,1802,0,0,12.2,42,16640
up,265,2002,1802,0,0,12.2,42,16640
up,266,2002,1802,0,0,12.2,42,16640
up,266,2002,1802,0,0,12.2,42,16640
up,267,2002,1802,0,0,12.1,42,16640
up,267,2002,1802,0,0,12.1,42,16640
up,268,2002,1802,0,0,12.1,42,16640
up,268,2002,1802,0,0,12.1,42,16640
up,269,2002,1802,0,0,12.1,42,16640
up,269,2002,1802,0,0,12.1,42,16640
up,270,2002,1802,0,0,12.1,42,16640
up,270,2002,1802,0,0,12.1,42,16640
up,270,2002,1802,0,0,12.1,42,16640
up,271,2002,1802,0,0,12.1,42,16640
up,271,2002,1802,0,0,12.1,42,16640
up,272,2002,1802,0,0,12.1,42,16640
up,273,2002,1802,0,0,12.1,42,16640
up,273,2002,1802,0,0,12.1,42,16640
up,274,2002,1802,0,0,12.1,42,16640
up,274,2002,1802,0,0,12.1,42,16640
up,275,2002,1802,0,0,12.1,42,16640
up,275,2002,1802,0,0,12.1,42,16640
up,275,2002,1802,0,0,12.1,42,16640
up,276,2002,1802,0,0,12.1,42,16640
up,276,2002,1802,0,0,12.1,42,16640
up,277,2002,1802,0,0,12.1,42,16640
up,278,2002,1802,0,0,12.1,42,16640
up,278,2002,1802,0,0,12.1,42,16640
up,279,2002,1802,0,0,12.1,42,16640
up,279,2002,1802,0,0,12.1,42,16640
up,280,2002,1802,0,0,12.2,42,16640
up,280,2002,1802,0,0,12.2,42,16640
up,281,2002,1802,0,0,12.1,42,16640
up,281,2002,1802,0,0,12.1,42,16640
up,282,2002,1802,0,0,12.1,42,16640
up,282,2002,1802,0,0,12.1,42,16640
up,283,2002,1802,0,0,12.1,42,16640
up,283,2002,1802,0,0,12.1,42,16640
up,284,2002,1802,0,0,12.1,42,16640
up,284,2002,1802,0,0,12.1,42,16640
up,285,2002,1802,0,0,12.1,42,16640
up,285,2002,1802,0,0,12.1,42,16640
up,285,2002,1802,0,0,12.2,42,16640
up,286,2002,1802,0,0,12.2,42,16640
up,286,2002,1802,0,0,12.1,42,16640
up,287,2002,1802,0,0,12.1,42,16640
up,287,2002,1802,0,0,12.1,42,16640
up,288,2002,1802,0,0,12.1,42,16640
up,289,2002,1802,0,0,12.1,42,16640
up,289,2002,1802,0,0,12.1,42,16640
up,289,2002,1802,0,0,12.1,42,16640
up,290,2002,1802,0,0,12.1,42,16640
up,290,2002,1802,0,0,12.1,42,16640
up,291,2002,1802,0,0,12.1,42,16640
up,291,2002,1802,0,0,12.1,42,16640
up,292,2002,1802,0,0,12.1,42,16640
up,292,2002,1802,0,0,12.1,42,16640
up,293,2002,1802,0,0,12.1,42,16640
up,293,2002,1802,0,0,12.1,42,16640
up,294,2002,1802,0,0,12.1,42,16640
up,294,2002,1802,0,0,12.1,42,16640
up,295,2002,1802,0,0,12.1,42,16640
up,295,2002,1802,0,0,12.1,42,16640
up,296,2002,1802,0,0,12.1,42,16640
up,296,2002,1802,0,0,12.1,42,16640
up,297,2002,1802,0,0,12.1,42,16640
up,297,2002,1802,0,0,12.1,42,16640
up,298,2002,1802,0,0,12.1,42,16640
up,298,2002,1802,0,0,12.1,42,16640
up,299,2002,1802,0,0,12.1,42,16640
up,299,2002,1802,0,0,12.1,42,16640
up,300,2002,1802,0,0,12.1,42,16640
up,300,2002,1802,0,0,12.1,42,16640
up,301,2002,1802,0,0,12.1,42,16640
up,301,2002,1802,0,0,12.1,42,16640
up,302,2002,1802,0,0,12.1,42,16640
up,302,2002,1802,0,0,12.1,42,16640
up,303,2002,1802,0,0,12.1,42,16640
up,303,2002,1802,0,0,12.1,42,16640
up,304,2002,1802,0,0,12.1,42,16640
up,304,2002,1802,0,0,12.1,42,16640
up,305,2002,1802,0,0,12.1,42,16640
up,305,2002,1802,0,0,12.1,42,16640
up,306,2002,1802,0,0,12.1,42,16640
up,306,2002,1802,0,0,12.1,42,16640
up,307,2002,1802,0,0,12.1,42,16640
up,307,2002,1802,0,0,12.1,42,16640
up,308,2002,1802,0,0,12.1,42,16640
up,308,2002,1802,0,0,12.1,42,16640
up,309,2002,1802,0,0,12.1,42,16640
up,309,2002,1802,0,0,12.1,42,16640
up,310,2002,1802,0,0,12.1,42,16640
up,311,2002,1802,0,0,12.1,42,16640
up,311,2002,1802,0,0,12.1,42,16640
up,312,2002,1802,0,0,12.1,42,16640
up,312,2002,1802,0,0,12.1,42,16640
up,313,2002,1802,0,0,12.1,42,16640
up,313,2002,1802,0,0,12.1,42,16640
up,314,2002,1802,0,0,12.1,42,16640
up,314,2002,1802,0,0,12.1,42,16640
up,315,2002,1802,0,0,12.1,42,16640
up,315,2002,1802,0,0,12.1,42,16640
up,316,2002,1802,0,0,12.1,42,16640
up,316,2002,1802,0,0,12.1,42,16640
up,317,2002,1802,0,0,12.1,42,16640
up,317,2002,1802,0,0,12.1,41,16640
up,318,2002,1802,0,0,12.1,41,16640
up,318,2002,1802,0,0,12.1,41,16640
up,319,2002,1802,0,0,12.1,42,16640
up,319,2002,1802,0,0,12.1,42,16640
up,320,2002,1802,0,0,12.1,42,16640
up,320,2002,1802,0,0,12.1,42,16640
up,321,2002,1802,0,0,12.1,42,16640
up,321,2002,1802,0,0,12.1,42,16640
up,322,2002,1802,0,0,12.1,42,16640
up,322,2002,1802,0,0,12.1,42,16640
up,323,2002,1802,0,0,12.1,42,16640
up,323,2002,1802,0,0,12.1,42,16640
up,324,2002,1802,0,0,12.1,42,16640
up,324,2002,1802,0,0,12.1,42,16640
up,325,2002,1802,0,0,12.1,42,16640
up,325,2002,1802,0,0,12.1,42,16640
up,326,2002,1802,0,0,12.1,42,16640
up,326,2002,1802,0,0,12.1,42,16640
up,327,2002,1802,0,0,12.1,42,16640
up,328,2002,1802,0,0,12.1,42,16640
up,328,2002,1802,0,0,12.1,42,16640
up,328,2002,1802,0,0,12.1,42,16640
up,329,2002,1802,0,0,12.1,42,16640
up,330,2002,1802,0,0,12.1,42,16640
up,330,2002,1802,0,0,12.1,42,16640
up,330,2002,1802,0,0,12.1,42,16640
up,331,2002,1802,0,0,12.1,42,16640
up,331,2002,1802,0,0,12.1,42,16640
up,332,2002,1802,0,0,12.1,42,16640
up,332,2002,1802,0,0,12.1,42,16640
up,333,2002,1802,0,0,12.1,42,16640
up,333,2002,1802,0,0,12.1,42,16640
up,334,2002,1802,0,0,12.1,42,16640
up,334,2002,1802,0,0,12.1,42,16640
up,335,2002,1802,0,0,12.1,42,16640
up,335,2002,1802,0,0,12.1,42,16640
up,336,2002,1802,0,0,12.1,42,16640
up,336,2002,1802,0,0,12.1,42,16640
up,337,2002,1802,0,0,12.1,42,16640
up,337,2002,1802,0,0,12.1,42,16640
up,338,2002,1802,0,0,12.1,42,16640
up,338,2002,1802,0,0,12.1,42,16640
up,339,2002,1802,0,0,12.1,42,16640
up,339,2002,1802,0,0,12.1,42,16640
up,340,2002,1802,0,0,12.1,42,16640
up,341,2002,1802,0,0,12.1,42,16640
up,341,2002,1802,0,0,12.1,42,16640
up,342,2002,1802,0,0,12.1,42,16640
up,342,2002,1802,0,0,12.1,42,16640
up,343,2002,1802,0,0,12.1,42,16640
up,343,2002,1802,0,0,12.1,42,16640
up,344,2002,1802,0,0,12.1,42,16640
up,344,2002,1802,0,0,12.1,42,16640
up,345,2002,1802,0,0,12.1,41,16640
up,345,2002,1802,0,0,12.1,41,16640
up,346,2002,1802,0,0,12.1,42,16640
up,346,2002,1802,0,0,12.1,42,16640
up,347,2002,1802,0,0,12.1,42,16640
up,347,2002,1802,0,0,12.1,42,16640
up,348,2002,1802,0,0,12.1,42,16640
up,348,2002,1802,0,0,12.1,42,16640
up,349,2002,1802,0,0,12.1,42,16640
up,349,2002,1802,0,0,12.1,42,16640
up,350,2002,1802,0,0,12.1,42,16640
up,350,2002,1802,0,0,12.1,42,16640
up,351,2002,1802,0,0,12.1,42,16640
up,351,2002,1802,0,0,12.1,42,16640
up,351,2002,1802,0,0,12.1,42,16640
up,352,2002,1802,0,0,12.1,42,16640
up,352,2002,1802,0,0,12.1,42,16640
up,353,2002,1802,0,0,12.1,42,16640
up,353,2002,1802,0,0,12.1,42,16640
up,354,2002,1802,0,0,12.1,42,16640
up,354,2002,1802,0,0,12.2,42,16640
up,355,2002,1802,0,0,12.2,42,16640
up,356,2002,1802,0,0,12.1,42,16640
up,356,2002,1802,0,0,12.1,42,16640
up,357,2002,1802,0,0,12.1,42,16640
up,357,2002,1802,0,0,12.1,42,16640
up,357,2002,1802,0,0,12.1,42,16640
up,358,2002,1802,0,0,12.1,42,16640
up,358,2002,1802,0,0,12.1,42,16640
up,359,2002,1802,0,0,12.1,42,16640
up,359,2002,1802,0,0,12.1,42,16640
up,360,2002,1802,0,0,12.1,42,16640
up,360,2002,1802,0,0,12.1,42,16640
up,361,2002,1802,0,0,12.1,42,16640
up,362,2002,1802,0,0,12.1,42,16640
up,362,2002,1802,0,0,12.1,42,16640
up,363,2002,1802,0,0,12.1,42,16640
up,363,2002,1802,0,0,12.1,42,16640
up,364,2002,1802,0,0,12.1,42,16640
up,364,2002,1802,0,0,12.1,42,16640
up,365,2002,1802,0,0,12.1,42,16640
up,365,2002,1802,0,0,12.1,42,16640
up,366,2002,1802,0,0,12.1,42,16640
up,366,2002,1802,0,0,12.1,42,16640
up,367,2002,1802,0,0,12.1,42,16640
up,367,2002,1802,0,0,12.1,42,16640
up,368,2002,1802,0,0,12.1,42,16640
up,368,2002,1802,0,0,12.1,42,16640
up,369,2002,1802,0,0,12.1,42,16640
up,369,2002,1802,0,0,12.1,42,16640
up,370,2002,1802,0,0,12.1,42,16640
up,370,2002,1802,0,0,12.1,42,16640
up,371,2002,1802,0,0,12.1,42,16640
up,371,2002,1802,0,0,12.1,42,16640
up,372,2002,1802,0,0,12.1,42,16640
up,372,2002,1802,0,0,12.1,42,16640
up,373,2002,1802,0,0,12.1,42,16640
up,373,2002,1802,0,0,12.1,42,16640
up,374,2002,1802,0,0,12.1,42,16640
up,374,2002,1802,0,0,12.1,42,16640
up,375,2002,1802,0,0,12.1,42,16640
up,375,2002,1802,0,0,12.1,42,16640
up,376,2002,1802,0,0,12.1,42,16640
up,376,2002,1802,0,0,12.1,42,16640
up,377,2002,1802,0,0,12.1,42,16640
up,377,2002,1802,0,0,12.1,42,16640
up,378,2002,1802,0,0,12.1,42,16640
up,378,2002,1802,0,0,12.1,42,16640
up,379,2002,1802,0,0,12.1,42,16640
up,379,2002,1802,0,0,12.1,42,16640
up,380,2002,1802,0,0,12.1,42,16640
up,380,2002,1802,0,0,12.1,42,16640
up,381,2002,1802,0,0,12.1,42,16640
up,381,2002,1802,0,0,12.1,42,16640
up,382,2002,1802,0,0,12.1,42,16640
up,382,2002,1802,0,0,12.1,42,16640
up,383,2002,1802,0,0,12.1,42,16640
up,383,2002,1802,0,0,12.1,42,16640
up,384,2002,1802,0,0,12.1,42,16640
up,384,2002,1802,0,0,12.1,42,16640
up,385,2002,1802,0,0,12.1,42,16640
up,385,2002,1802,0,0,12.1,42,16640
up,386,2002,1802,0,0,12.1,42,16640
up,386,2002,1802,0,0,12.1,42,16640
up,387,2002,1802,0,0,12.1,42,16640
up,387,2002,1802,0,0,12.1,42,16640
up,388,2002,1802,0,0,12.1,42,16640
up,388,2002,1802,0,0,12.2,42,16640
up,389,2002,1802,0,0,12.2,42,16640
up,389,2002,1802,0,0,12.1,42,16640
up,390,2002,1802,0,0,12.1,42,16640
up,390,2002,1802,0,0,12.2,42,16640
up,391,2002,1802,0,0,12.2,42,16640
up,391,2002,1802,0,0,12.1,42,16640
up,391,2002,1802,0,0,12.1,42,16640
up,392,2002,1802,0,0,12.1,42,16640
up,392,2002,1802,0,0,12.2,42,16640
up,393,2002,1802,0,0,12.2,42,16640
up,394,2002,1802,0,0,12.1,42,16640
up,394,2002,1802,0,0,12.1,42,16640
up,395,2002,1802,0,0,12.1,42,16640
up,395,2002,1802,0,0,12.1,42,16640
up,396,2002,1802,0,0,12.1,42,16640
up,396,2002,1802,0,0,12.1,42,16640
up,397,2002,1802,0,0,12.1,42,16640
up,397,2002,1802,0,0,12.1,42,16640
up,398,2002,1802,0,0,12.1,42,16640
up,398,2002,1802,0,0,12.1,42,16640
up,399,2002,1802,0,0,12.1,42,16640
up,399,2002,1802,0,0,12.1,42,16640
up,400,2002,1802,0,0,12.1,42,16640
up,400,2002,1802,0,0,12.1,42,16640
up,401,2002,1802,0,0,12.1,42,16640
up,401,2002,1802,0,0,12.1,42,16640
up,402,2002,1802,0,0,12.1,42,16640
up,402,2002,1802,0,0,12.1,42,16640
up,403,2002,1802,0,0,12.1,42,16640
up,403,2002,1802,0,0,12.1,42,16640
up,403,2002,1802,0,0,12.1,42,16640
up,404,2002,1802,0,0,12.1,42,16640
up,404,2002,1802,0,0,12.1,42,16640
up,405,2002,1802,0,0,12.1,42,16640
up,405,2002,1802,0,0,12.1,42,16640
up,406,2002,1802,0,0,12.1,42,16640
up,407,2002,1802,0,0,12.1,42,16640
up,407,2002,1802,0,0,12.1,42,16640
up,408,2002,1802,0,0,12.1,42,16640
up,408,2002,1802,0,0,12.2,42,16640
up,409,2002,1802,0,0,12.2,42,16640
up,409,2002,1802,0,0,12.1,42,16640
up,410,2002,1802,0,0,12.1,42,16640
up,410,2002,1802,0,0,12.1,42,16640
up,411,2002,1802,0,0,12.1,42,16640
up,411,2002,1802,0,0,12.1,42,16640
up,412,2002,1802,0,0,12.1,42,16640
up,412,2002,1802,0,0,12.1,42,16640
up,413,2002,1802,0,0,12.1,42,16640
up,413,2002,1802,0,0,12.1,42,16640
up,414,2002,1802,0,0,12.1,42,16640
up,414,2002,1802,0,0,12.1,42,16640
up,415,2002,1802,0,0,12.1,42,16640
up,415,2002,1802,0,0,12.1,42,16640
up,416,2002,1802,0,0,12.1,42,16640
up,416,2002,1802,0,0,12.1,42,16640
up,417,2002,1802,0,0,12.1,42,16640
up,417,2002,1802,0,0,12.1,42,16640
up,418,2002,1802,0,0,12.1,42,16640
up,418,2002,1802,0,0,12.1,42,16640
up,419,2002,1802,0,0,12.1,42,16640
up,419,2002,1802,0,0,12.1,42,16640
up,420,2002,1802,0,0,12.1,42,16640
up,420,2002,1802,0,0,12.1,42,16640
up,420,2002,1802,0,0,12.1,42,16640
up,421,2002,1802,0,0,12.1,42,16640
up,421,2002,1802,0,0,12.1,42,16640
up,422,2002,1802,0,0,12.1,42,16640
up,423,2002,1802,0,0,12.1,42,16640
up,423,2002,1802,0,0,12.1,42,16640
up,424,2002,1802,0,0,12.1,42,16640
up,424,2002,1802,0,0,12.1,42,16640
up,425,2002,1802,0,0,12.1,42,16640
up,425,2002,1802,0,0,12.1,42,16640
up,425,2002,1802,0,0,12.1,42,16640
up,426,2002,1802,0,0,12.1,42,16640
up,427,2002,1802,0,0,12.1,42,16640
up,427,2002,1802,0,0,12.1,42,16640
up,428,2002,1802,0,0,12.1,42,16640
up,428,2002,1802,0,0,12.1,42,16640
up,429,2002,1802,0,0,12.1,42,16640
up,429,2002,1802,0,0,12.1,42,16640
up,430,2002,1802,0,0,12.1,42,16640
up,430,2002,1802,0,0,12.1,42,16640
up,431,2002,1802,0,0,12.1,42,16640
up,431,2002,1802,0,0,12.1,42,16640
up,432,2002,1802,0,0,12.1,42,16640
up,432,2002,1802,0,0,12.1,42,16640
up,433,2002,1802,0,0,12.1,42,16640
up,433,2002,1802,0,0,12.1,42,16640
up,434,2002,1802,0,0,12.1,42,16640
up,434,2002,1802,0,0,12.1,42,16640
up,435,2002,1802,0,0,12.1,42,16640
up,435,2002,1802,0,0,12.1,42,16640
up,436,2002,1802,0,0,12.1,42,16640
up,436,2002,1802,0,0,12.1,42,16640
up,437,2002,1802,0,0,12.1,42,16640
up,437,2002,1802,0,0,12.1,42,16640
up,438,2002,1802,0,0,12.1,42,16640
up,439,2002,1802,0,0,12.1,42,16640
up,439,2002,1802,0,0,12.1,42,16640
up,440,2002,1802,0,0,12.1,42,16640
up,440,2002,1802,0,0,12.1,42,16640
up,441,2002,1802,0,0,12.1,42,16640
up,441,2002,1802,0,0,12.1,42,16640
up,442,2002,1802,0,0,12.1,42,16640
up,442,2002,1802,0,0,12.1,42,16640
up,443,2002,1802,0,0,12.1,42,16640
up,444,2002,1802,0,0,12.1,42,16640
up,444,2002,1802,0,0,12.1,42,16640
up,445,2002,1802,0,0,12.1,42,16640
up,445,2002,1802,0,0,12.1,42,16640
up,446,2002,1802,0,0,12.1,42,16640
up,446,2002,1802,0,0,12.1,42,16640
up,447,2002,1802,0,0,12.1,42,16640
up,448,2002,1802,0,0,12.1,42,16640
up,448,2002,1802,0,0,12.1,42,16640
up,449,2002,1802,0,0,12.1,42,16640
up,449,2002,1802,0,0,12.1,42,16640
up,450,2002,1802,0,0,12.1,42,16640
up,450,2002,1802,0,0,12.1,42,16640
up,451,2002,1802,0,0,12.1,42,16640
up,451,2002,1802,0,0,12.1,41,16640
up,451,2002,1802,0,0,12.1,41,16640
up,452,2002,1802,0,0,12.1,42,16640
up,452,2002,1802,0,0,12.1,42,16640
up,453,2002,1802,0,0,12.1,42,16640
up,453,2002,1802,0,0,12.1,42,16640
up,454,2002,1802,0,0,12.1,42,16640
up,454,2002,1802,0,0,12.1,42,16640
up,455,2002,1802,0,0,12.1,42,16640
up,455,2002,1802,0,0,12.1,42,16640
up,456,2002,1802,0,0,12.1,42,16640
up,456,2002,1802,0,0,12.1,42,16640
up,457,2002,1802,0,0,12.1,42,16640
up,457,2002,1802,0,0,12.1,42,16640
up,458,2002,1802,0,0,12.1,42,16640
up,458,2002,1802,0,0,12.1,42,16640
up,459,2002,1802,0,0,12.1,42,16640
up,459,2002,1802,0,0,12.1,42,16640
up,460,2002,1802,0,0,12.1,42,16640
up,461,2002,1802,0,0,12.1,42,16640
up,461,2002,1802,0,0,12.1,42,16640
up,462,2002,1802,0,0,12.1,42,16640
up,462,2002,1802,0,0,12.1,42,16640
up,463,2002,1802,0,0,12.1,42,16640
up,463,2002,1802,0,0,12.1,42,16640
up,464,2002,1802,0,0,12.1,42,16640
up,464,2002,1802,0,0,12.1,42,16640
up,465,2002,1802,0,0,12.1,42,16640
up,465,2002,1802,0,0,12.1,42,16640
up,466,2002,1802,0,0,12.1,42,16640
up,466,2002,1802,0,0,12.1,42,16640
up,467,2002,1802,0,0,12.1,42,16640
up,467,2002,1802,0,0,12.1,42,16640
up,467,2002,1802,0,0,12.1,42,16640
up,468,2002,1802,0,0,12.1,41,16640
up,468,2002,1802,0,0,12.1,41,16640
up,469,2002,1802,0,0,12.1,42,16640
up,469,2002,1802,0,0,12.1,42,16640
up,470,2002,1802,0,0,12.1,42,16640
up,470,2002,1802,0,0,12.1,42,16640
up,471,2002,1802,0,0,12.1,42,16640
up,471,2002,1802,0,0,12.1,42,16640
up,472,2002,1802,0,0,12.1,42,16640
up,472,2002,1802,0,0,12.1,42,16640
up,473,2002,1802,0,0,12.1,42,16640
up,473,2002,1802,0,0,12.1,42,16640
up,474,2002,1802,0,0,12.1,42,16640
up,474,2002,1802,0,0,12.1,42,16640
up,475,2002,1802,0,0,12.1,42,16640
up,475,2002,1802,0,0,12.1,42,16640
up,476,2002,1802,0,0,12.1,42,16640
up,476,2002,1802,0,0,12.1,42,16640
up,477,2002,1802,0,0,12.1,42,16640
up,477,2002,1802,0,0,12.1,42,16640
up,478,2002,1802,0,0,12.1,42,16640
up,478,2002,1802,0,0,12.1,42,16640
up,479,2002,1802,0,0,12.1,42,16640
up,479,2002,1802,0,0,12.1,42,16640
up,480,2002,1802,0,0,12.1,42,16640
up,480,2002,1802,0,0,12.1,42,16640
up,481,2002,1802,0,0,12.1,42,16640
up,481,2002,1802,0,0,12.1,42,16640
up,482,2002,1802,0,0,12.1,42,16640
up,482,2002,1802,0,0,12.1,42,16640
up,483,2002,1802,0,0,12.1,42,16640
up,483,2002,1802,0,0,12.1,42,16640
up,484,2002,1802,0,0,12.1,42,16640
up,484,2002,1802,0,0,12.1,42,16640
up,485,2002,1802,0,0,12.1,42,16640
up,485,2002,1802,0,0,12.1,42,16640
up,486,2002,1802,0,0,12.1,42,16640
up,486,2002,1802,0,0,12.1,42,16640
up,487,2002,1802,0,0,12.1,42,16640
up,487,2002,1802,0,0,12.1,42,16640
up,488,2002,1802,0,0,12.1,42,16640
up,488,2002,1802,0,0,12.1,42,16640
up,489,2002,1802,0,0,12.1,42,16640
up,489,2002,1802,0,0,12.1,42,16640
up,490,2002,1802,0,0,12.1,42,16640
up,490,2002,1802,0,0,12.1,42,16640
up,491,2002,1802,0,0,12.1,42,16640
up,491,2002,1802,0,0,12.1,42,16640
up,492,2002,1802,0,0,12.1,42,16640
up,492,2002,1802,0,0,12.1,42,16640
up,492,2002,1802,0,0,12.1,42,16640
up,493,2002,1802,0,0,12.1,42,16640
up,494,2002,1802,0,0,12.1,42,16640
up,494,2002,1802,0,0,12.1,42,16640
up,495,2002,1802,0,0,12.1,42,16640
up,495,2002,1802,0,0,12.1,42,16640
up,496,2002,1802,0,0,12.1,42,16640
up,496,2002,1802,0,0,12.1,42,16640
up,497,2002,1802,0,0,12.1,42,16640
up,497,2002,1802,0,0,12.1,42,16640
up,498,2002,1802,0,0,12.1,42,16640
up,498,2002,1802,0,0,12.1,42,16640
up,499,2002,1802,0,0,12.1,42,16640
up,499,2002,1802,0,0,12.1,42,16640
up,500,2002,1802,0,0,12.1,42,16640
up,500,2002,1802,0,0,12.1,42,16640
up,501,2002,1802,0,0,12.1,42,16640
up,501,2002,1802,0,0,12.1,42,16640
up,502,2002,1802,0,0,12.1,42,16640
up,502,2002,1802,0,0,12.1,42,16640
up,503,2002,1802,0,0,12.1,42,16640
up,503,2002,1802,0,0,12.1,42,16640
up,504,2002,1802,0,0,12.1,42,16640
up,504,2002,1802,0,0,12.1,42,16640
up,505,2002,1802,0,0,12.1,42,16640
up,505,2002,1802,0,0,12.1,42,16640
up,506,2002,1802,0,0,12.1,42,16640
up,506,2002,1802,0,0,12.1,42,16640
up,507,2002,1802,0,0,12.1,42,16640
up,507,2002,1802,0,0,12.1,42,16640
up,508,2002,1802,0,0,12.1,42,16640
up,508,2002,1802,0,0,12.1,42,16640
up,509,2002,1802,0,0,12.1,42,16640
up,509,2002,1802,0,0,12.1,42,16640
up,510,2002,1802,0,0,12.1,42,16640
up,510,2002,1802,0,0,12.1,42,16640
up,511,2002,1802,0,0,12.1,42,16640
up,512,2002,1802,0,0,12.1,42,16640
up,512,2002,1802,0,0,12.1,42,16640
up,513,2002,1802,0,0,12.1,42,16640
up,513,2002,1802,0,0,12.1,42,16640
up,514,2002,1802,0,0,12.1,42,16640
up,514,2002,1802,0,0,12.1,42,16640
up,515,2002,1802,0,0,12.1,42,16640
up,515,2002,1802,0,0,12.1,42,16640
up,516,2002,1802,0,0,12.1,42,16640
up,516,2002,1802,0,0,12.1,42,16640
up,516,2002,1802,0,0,12.1,42,16640
up,517,2002,1802,0,0,12.1,42,16640
up,517,2002,1802,0,0,12.1,42,16640
up,518,2002,1802,0,0,12.1,42,16640
up,518,2002,1802,0,0,12.1,42,16640
up,519,2002,1802,0,0,12.1,42,16640
up,519,2002,1802,0,0,12.1,42,16640
up,520,2002,1802,0,0,12.1,42,16640
up,520,2002,1802,0,0,12.1,42,16640
up,521,2002,1802,0,0,12.1,42,16640
up,521,2002,1802,0,0,12.1,42,16640
up,522,2002,1802,0,0,12.1,42,16640
up,522,2002,1802,0,0,12.1,42,16640
up,523,2002,1802,0,0,12.1,42,16640
up,523,2002,1802,0,0,12.1,42,16640
up,524,2002,1802,0,0,12.1,42,16640
up,524,2002,1802,0,0,12.1,42,16640
up,525,2002,1802,0,0,12.1,42,16640
up,525,2002,1802,0,0,12.1,42,16640
up,526,2002,1802,0,0,12.1,42,16640
up,526,2002,1802,0,0,12.1,42,16640
up,527,2002,1802,0,0,12.1,42,16640
up,527,2002,1802,0,0,12.1,42,16640
up,528,2002,1802,0,0,12.1,42,16640
up,528,2002,1802,0,0,12.1,42,16640
up,529,2002,1802,0,0,12.1,42,16640
up,529,2002,1802,0,0,12.1,42,16640
up,530,2002,1802,0,0,12.1,42,16640
up,530,2002,1802,0,0,12.1,42,16640
up,531,2002,1802,0,0,12.1,42,16640
up,531,2002,1802,0,0,12.1,42,16640
up,532,2002,1802,0,0,12.1,42,16640
up,532,2002,1802,0,0,12.1,42,16640
up,533,2002,1802,0,0,12.1,42,16640
up,533,2002,1802,0,0,12.1,42,16640
up,534,2002,1802,0,0,12.1,42,16640
up,534,2002,1802,0,0,12.1,42,16640
up,535,2002,1802,0,0,12.1,42,16640
up,535,2002,1802,0,0,12.1,42,16640
up,535,2002,1802,0,0,12.1,42,16640
up,536,2002,1802,0,0,12.1,42,16640
up,536,2002,1802,0,0,12.1,42,16640
up,537,2002,1802,0,0,12.1,41,16640
up,537,2002,1802,0,0,12.1,41,16640
up,538,2002,1802,0,0,12.1,42,16640
up,538,2002,1802,0,0,12.1,42,16640
up,539,2002,1802,0,0,12.1,41,16640
up,540,2002,1802,0,0,12.1,42,16640
up,540,2002,1802,0,0,12.1,42,16640
up,541,2002,1802,0,0,12.1,42,16640
up,541,2002,1802,0,0,12.1,42,16640
up,542,2002,1802,0,0,12.1,42,16640
up,542,2002,1802,0,0,12.1,42,16640
up,542,2002,1802,0,0,12.1,42,16640
up,543,2002,1802,0,0,12.1,42,16640
up,544,2002,1802,0,0,12.1,42,16640
up,544,2002,1802,0,0,12.1,42,16640
up,545,2002,1802,0,0,12.1,42,16640
up,545,2002,1802,0,0,12.1,42,16640
up,546,2002,1802,0,0,12.1,42,16640
up,546,2002,1802,0,0,12.1,42,16640
up,547,2002,1802,0,0,12.1,42,16640
up,547,2002,1802,0,0,12.1,42,16640
up,548,2002,1802,0,0,12.1,42,16640
up,548,2002,1802,0,0,12.1,42,16640
up,549,2002,1802,0,0,12.1,42,16640
up,549,2002,1802,0,0,12.1,42,16640
up,550,2002,1802,0,0,12.1,42,16640
up,550,2002,1802,0,0,12.1,42,16640
up,551,2002,1802,0,0,12.1,42,16640
up,551,2002,1802,0,0,12.1,42,16640
up,552,2002,1802,0,0,12.1,42,16640
up,552,2002,1802,0,0,12.1,42,16640
up,552,2002,1802,0,0,12.1,42,16640
up,553,2002,1802,0,0,12.1,42,16640
up,553,2002,1802,0,0,12.1,42,16640
up,554,2002,1802,0,0,12.1,42,16640
up,554,2002,1802,0,0,12.1,42,16640
up,555,2002,1802,0,0,12.1,42,16640
up,555,2002,1802,0,0,12.1,42,16640
up,556,2002,1802,0,0,12.1,42,16640
up,556,2002,1802,0,0,12.1,42,16640
up,557,2002,1802,0,0,12.1,42,16640
up,557,2002,1802,0,0,12.1,42,16640
up,558,2002,1802,0,0,12.1,42,16640
up,558,2002,1802,0,0,12.1,42,16640
up,559,2002,1802,0,0,12.1,42,16640
up,560,2002,1802,0,0,12.1,42,16640
up,560,2002,1802,0,0,12.1,42,16640
up,561,2002,1802,0,0,12.1,42,16640
up,561,2002,1802,0,0,12.1,42,16640
up,562,2002,1802,0,0,12.1,42,16640
up,562,2002,1802,0,0,12.1,42,16640
up,563,2002,1802,0,0,12.1,42,16640
up,563,2002,1802,0,0,12.1,42,16640
up,564,2002,1802,0,0,12.1,42,16640
up,564,2002,1802,0,0,12.1,42,16640
up,565,2002,1802,0,0,12.1,42,16640
up,565,2002,1802,0,0,12.1,42,16640
up,566,2002,1802,0,0,12.2,42,16640
up,566,2002,1802,0,0,12.2,42,16640
up,566,2002,1802,0,0,12.1,42,16640
up,567,2002,1802,0,0,12.1,42,16640
up,567,2002,1802,0,0,12.1,42,16640
up,568,2002,1802,0,0,12.1,42,16640
up,568,2002,1802,0,0,12.1,42,16640
up,569,2002,1802,0,0,12.1,42,16640
up,569,2002,1802,0,0,12.1,42,16640
up,570,2002,1802,0,0,12.1,42,16640
up,570,2002,1802,0,0,12.1,42,16640
up,571,2002,1802,0,0,12.1,42,16640
up,571,2002,1802,0,0,12.1,42,16640
up,572,2002,1802,0,0,12.1,42,16640
up,572,2002,1802,0,0,12.1,42,16640
up,573,2002,1802,0,0,12.1,42,16640
up,574,2002,1802,0,0,12.1,42,16640
up,574,2002,1802,0,0,12.1,42,16640
up,574,2002,1802,0,0,12.1,42,16640
up,575,2002,1802,0,0,12.1,42,16640
up,575,2002,1802,0,0,12.1,42,16640
up,576,2002,1802,0,0,12.1,42,16640
up,576,2002,1802,0,0,12.1,42,16640
up,577,2002,1802,0,0,12.1,42,16640
up,578,2002,1802,0,0,12.1,42,16640
up,578,2002,1802,0,0,12.1,42,16640
up,579,2002,1802,0,0,12.1,42,16640
up,579,2002,1802,0,0,12.1,42,16640
up,580,2002,1802,0,0,12.1,42,16640
up,580,2002,1802,0,0,12.1,42,16640
up,581,2002,1802,0,0,12.1,42,16640
up,581,2002,1802,0,0,12.1,42,16640
up,582,2002,1802,0,0,12.1,42,16640
up,582,2002,1802,0,0,12.1,42,16640
up,583,2002,1802,0,0,12.1,42,16640
up,583,2002,1802,0,0,12.1,42,16640
up,584,2002,1802,0,0,12.1,42,16640
up,584,2002,1802,0,0,12.1,42,16640
up,585,2002,1802,0,0,12.1,42,16640
up,585,2002,1802,0,0,12.1,42,16640
up,586,2002,1802,0,0,12.1,42,16640
up,586,2002,1802,0,0,12.1,42,16640
up,586,2002,1802,0,0,12.1,42,16640
up,587,2002,1802,0,0,12.1,42,16640
up,587,2002,1802,0,0,12.1,42,16640
up,588,2002,1802,0,0,12.1,42,16640
up,589,2002,1802,0,0,12.1,42,16640
up,589,2002,1802,0,0,12.1,42,16640
up,589,2002,1802,0,0,12.1,42,16640
up,590,2002,1802,0,0,12.1,42,16640
up,590,2002,1802,0,0,12.1,42,16640
up,591,2002,1802,0,0,12.1,42,16640
up,591,2002,1802,0,0,12.1,42,16640
up,592,2002,1802,0,0,12.1,42,16640
up,592,2002,1802,0,0,12.1,42,16640
up,593,2002,1802,0,0,12.1,42,16640
up,593,2002,1802,0,0,12.1,42,16640
up,594,2002,1802,0,0,12.1,42,16640
up,594,2002,1802,0,0,12.1,42,16640
up,595,2002,1802,0,0,12.1,42,16640
up,595,2002,1802,0,0,12.1,42,16640
up,596,2002,1802,0,0,12.1,42,16640
up,596,2002,1802,0,0,12.1,42,16640
up,597,2002,1802,0,0,12.1,42,16640
up,597,2002,1802,0,0,12.1,42,16640
up,598,2002,1802,0,0,12.1,42,16640
up,598,2002,1802,0,0,12.1,42,16640
up,599,2002,1802,0,0,12.1,42,16640
up,599,2002,1802,0,0,12.1,42,16640
up,600,2002,1802,0,0,12.1,42,16640
up,600,2002,1802,0,0,12.1,42,16640
up,601,2002,1802,0,0,12.1,42,16640
up,601,2002,1802,0,0,12.1,42,16640
up,602,2002,1802,0,0,12.1,42,16640
up,602,2002,1802,0,0,12.1,42,16640
up,603,2002,1802,0,0,12.1,42,16640
up,603,2002,1802,0,0,12.1,42,16640
up,604,2002,1802,0,0,12.1,42,16640
up,604,2002,1802,0,0,12.1,42,16640
up,605,2002,1802,0,0,12.1,42,16640
up,605,2002,1802,0,0,12.1,42,16640
up,606,2002,1802,0,0,12.1,42,16640
up,606,2002,1802,0,0,12.1,42,16640
up,607,2002,1802,0,0,12.1,42,16640
up,607,2002,1802,0,0,12.1,42,16640
up,608,2002,1802,0,0,12.1,42,16640
up,608,2002,1802,0,0,12.1,42,16640
up,609,2002,1802,0,0,12.1,42,16640
up,609,2002,1802,0,0,12.1,42,16640
up,610,2002,1802,0,0,12.1,42,16640
up,610,2002,1802,0,0,12.1,42,16640
up,611,2002,1802,0,0,12.1,42,16640
up,611,2002,1802,0,0,12.1,42,16640
up,612,2002,1802,0,0,12.1,42,16640
up,612,2002,1802,0,0,12.1,42,16640
up,613,2002,1802,0,0,12.1,42,16640
up,613,2002,1802,0,0,12.1,42,16640
up,614,2002,1802,0,0,12.1,42,16640
up,614,2002,1802,0,0,12.1,42,16640
up,615,2002,1802,0,0,12.1,42,16640
up,615,2002,1802,0,0,12.1,42,16640
up,616,2002,1802,0,0,12.1,42,16640
up,616,2002,1802,0,0,12.1,42,16640
up,617,2002,1802,0,0,12.1,42,16640
up,617,2002,1802,0,0,12.1,42,16640
up,618,2002,1802,0,0,12.1,42,16640
up,618,2002,1802,0,0,12.1,42,16640
up,619,2002,1802,0,0,12.1,42,16640
up,619,2002,1802,0,0,12.1,42,16640
up,620,2002,1802,0,0,12.1,42,16640
up,620,2002,1802,0,0,12.1,42,16640
up,621,2002,1802,0,0,12.1,42,16640
up,621,2002,1802,0,0,12.1,42,16640
up,622,2002,1802,0,0,12.1,42,16640
up,622,2002,1802,0,0,12.1,42,16640
up,623,2002,1802,0,0,12.1,42,16640
up,623,2002,1802,0,0,12.1,42,16640
up,624,2002,1802,0,0,12.1,42,16640
up,624,2002,1802,0,0,12.1,42,16640
up,625,2002,1802,0,0,12.1,42,16640
up,625,2002,1802,0,0,12.1,42,16640
up,626,2002,1802,0,0,12.2,42,16640
up,626,2002,1802,0,0,12.1,42,16640
up,627,2002,1802,0,0,12.1,42,16640
up,627,2002,1802,0,0,12.1,42,16640
up,628,2002,1802,0,0,12.1,42,16640
up,628,2002,1802,0,0,12.1,42,16640
up,629,2002,1802,0,0,12.1,42,16640
up,629,2002,1802,0,0,12.1,42,16640
up,630,2002,1802,0,0,12.1,42,16640
up,630,2002,1802,0,0,12.1,42,16640
up,631,2002,1802,0,0,12.1,42,16640
up,631,2002,1802,0,0,12.1,42,16640
up,632,2002,1802,0,0,12.1,42,16640
up,632,2002,1802,0,0,12.1,42,16640
up,633,2002,1802,0,0,12.1,42,16640
up,633,2002,1802,0,0,12.1,42,16640
up,634,2002,1802,0,0,12.1,42,16640
up,634,2002,1802,0,0,12.1,42,16640
up,635,2002,1802,0,0,12.1,42,16640
up,635,2002,1802,0,0,12.1,42,16640
up,636,2002,1802,0,0,12.1,42,16640
up,636,2002,1802,0,0,12.1,42,16640
up,636,2002,1802,0,0,12.1,42,16640
up,637,2002,1802,0,0,12.1,42,16640
up,637,2002,1802,0,0,12.1,42,16640
up,638,2002,1802,0,0,12.1,42,16640
up,639,2002,1802,0,0,12.1,42,16640
up,639,2002,1802,0,0,12.1,42,16640
up,639,2002,1802,0,0,12.1,42,16640
up,640,2002,1802,0,0,12.1,42,16640
up,640,2002,1802,0,0,12.1,42,16640
up,641,2002,1802,0,0,12.1,42,16640
up,641,2002,1802,0,0,12.1,42,16640
up,643,2002,1802,0,0,12.1,42,16640
up,644,2002,1802,0,0,12.1,42,16640
up,644,2002,1802,0,0,12.1,42,16640
up,645,2002,1802,0,0,12.1,42,16640
up,645,2002,1802,0,0,12.1,42,16640
up,646,2002,1802,0,0,12.1,42,16640
up,646,2002,1802,0,0,12.1,42,16640
up,647,2002,1802,0,0,12.1,42,16640
up,647,2002,1802,0,0,12.1,42,16640
up,648,2002,1802,0,0,12.1,42,16640
up,648,2002,1802,0,0,12.1,42,16640
up,649,2002,1802,0,0,12.1,42,16640
up,649,2002,1802,0,0,12.1,42,16640
up,650,2002,1802,0,0,12.1,42,16640
up,650,2002,1802,0,0,12.1,42,16640
up,651,2002,1802,0,0,12.1,42,16640
up,651,2002,1802,0,0,12.1,42,16640
up,652,2002,1802,0,0,12.1,42,16640
up,653,2002,1802,0,0,12.1,42,16640
up,653,2002,1802,0,0,12.1,42,16640
up,654,2002,1802,0,0,12.1,42,16640
up,655,2002,1802,0,0,12.1,42,16640
up,655,2002,1802,0,0,12.1,42,16640
up,656,2002,1802,0,0,12.1,42,16640
up,657,2002,1802,0,0,12.1,42,16640
up,657,2002,1802,0,0,12.1,42,16640
up,658,2002,1802,0,0,12.1,42,16640
up,659,2002,1802,0,0,12.1,42,16640
up,660,2002,1802,0,0,12.1,42,16640
up,660,2002,1802,0,0,12.1,42,16640
up,661,2002,1802,0,0,12.1,42,16640
up,662,2002,1802,0,0,12.1,42,16640
up,662,2002,1802,0,0,12.1,42,16640
up,662,2002,1802,0,0,12.1,42,16640
up,663,2002,1802,0,0,12.1,42,16640
up,663,2002,1802,0,0,12.1,42,16640
up,664,2002,1802,0,0,12.1,42,16640
up,664,2002,1802,0,0,12.1,42,16640
up,665,2002,1802,0,0,12.1,42,16640
up,665,2002,1802,0,0,12.1,42,16640
up,666,2002,1802,0,0,12.1,42,16640
up,666,2002,1802,0,0,12.1,42,16640
up,667,2002,1802,0,0,12.1,42,16640
up,667,2002,1802,0,0,12.1,42,16640
up,668,2002,1802,0,0,12.1,42,16640
up,668,2002,1802,0,0,12.1,42,16640
up,669,2002,1802,0,0,12.1,42,16640
up,669,2002,1802,0,0,12.1,42,16640
up,670,2002,1802,0,0,12.1,42,16640
up,670,2002,1802,0,0,12.1,42,16640
up,671,2002,1802,0,0,12.1,42,16640
up,671,2002,1802,0,0,12.1,42,16640
up,672,2002,1802,0,0,12.1,42,16640
up,672,2002,1802,0,0,12.1,42,16640
up,673,2002,1802,0,0,12.1,42,16640
up,673,2002,1802,0,0,12.1,42,16640
up,674,2002,1802,0,0,12.1,42,16640
up,674,2002,1802,0,0,12.0,42,16640
up,675,2002,1802,0,0,12.0,42,16640
up,676,2002,1802,0,0,12.1,42,16640
up,676,2002,1802,0,0,12.1,42,16640
up,677,2002,1802,0,0,12.1,42,16640
up,677,2002,1802,0,0,12.1,42,16640
up,678,2002,1802,0,0,12.1,42,16640
up,679,2002,1802,0,0,12.1,42,16640
up,679,2002,1802,0,0,12.1,42,16640
up,679,2002,1802,0,0,12.1,42,16640
up,680,2002,1802,0,0,12.1,42,16640
up,680,2002,1802,0,0,12.1,42,16640
up,681,2002,1802,0,0,12.1,42,16640
up,681,2002,1802,0,0,12.1,42,16640
up,682,2002,1802,0,0,12.1,42,16640
up,682,2002,1802,0,0,12.1,42,16640
up,683,2002,1802,0,0,12.1,42,16640
up,683,2002,1802,0,0,12.1,42,16640
up,684,2002,1802,0,0,12.1,42,16640
up,684,2002,1802,0,0,12.1,42,16640
up,685,2002,1802,0,0,12.1,42,16640
up,685,2002,1802,0,0,12.1,42,16640
up,686,2002,1802,0,0,12.1,42,16640
up,687,2002,1802,0,0,12.1,42,16640
up,687,2002,1802,0,0,12.1,42,16640
up,687,2002,1802,0,0,12.1,42,16640
up,688,2002,1802,0,0,12.1,42,16640
up,689,2002,1802,0,0,12.1,42,16640
up,689,2002,1802,0,0,12.1,42,16640
up,690,2002,1802,0,0,12.1,42,16640
up,691,2002,1802,0,0,12.1,42,16640
up,691,2002,1802,0,0,12.2,42,16640
up,692,2002,1802,0,0,12.2,42,16640
up,693,2002,1802,0,0,12.1,42,16640
up,693,2002,1802,0,0,12.1,42,16640
up,694,2002,1802,0,0,12.1,42,16640
up,694,2002,1802,0,0,12.1,42,16640
up,695,2002,1802,0,0,12.1,42,16640
up,695,2002,1802,0,0,12.1,42,16640
up,696,2002,1802,0,0,12.1,42,16640
up,696,2002,1802,0,0,12.1,42,16640
up,697,2002,1802,0,0,12.1,42,16640
up,698,2002,1802,0,0,12.1,42,16640
up,698,2002,1802,0,0,12.1,42,16640
up,699,2002,1802,0,0,12.1,42,16640
up,699,2002,1802,0,0,12.1,42,16640
up,700,2002,1802,0,0,12.1,42,16640
up,700,2002,1802,0,0,12.1,42,16640
up,701,2002,1802,0,0,12.1,42,16640
up,701,2002,1802,0,0,12.1,42,16640
up,702,2002,1802,0,0,12.1,42,16640
up,702,2002,1802,0,0,12.1,42,16640
up,703,2002,1802,0,0,12.1,42,16640
up,703,2002,1802,0,0,12.1,42,16640
up,703,2002,1802,0,0,12.1,42,16640
up,704,2002,1802,0,0,12.1,42,16640
up,704,2002,1802,0,0,12.1,42,16640
up,705,2002,1802,0,0,12.1,42,16640
up,705,2002,1802,0,0,12.1,42,16640
up,706,2002,1802,0,0,12.1,42,16640
up,707,2002,1802,0,0,12.1,42,16640
up,707,2002,1802,0,0,12.1,42,16640
up,708,2002,1802,0,0,12.1,42,16640
up,708,2002,1802,0,0,12.1,42,16640
up,709,2002,1802,0,0,12.1,42,16640
up,709,2002,1802,0,0,12.1,42,16640
up,710,2002,1802,0,0,12.1,42,16640
up,711,2002,1802,0,0,12.1,42,16640
up,712,2002,1802,0,0,12.1,42,16640
up,712,2002,1802,0,0,12.1,42,16640
up,713,2002,1802,0,0,12.1,42,16640
up,713,2002,1802,0,0,12.1,42,16640
up,714,2002,1802,0,0,12.1,42,16640
up,714,2002,1802,0,0,12.1,42,16640
up,715,2002,1802,0,0,12.1,42,16640
up,715,2002,1802,0,0,12.1,42,16640
up,716,2002,1802,0,0,12.1,42,16640
up,716,2002,1802,0,0,12.1,42,16640
up,717,2002,1802,0,0,12.1,42,16640
up,717,2002,1802,0,0,12.1,42,16640
up,718,2002,1802,0,0,12.1,41,16640
up,718,2002,1802,0,0,12.1,41,16640
up,719,2002,1802,0,0,12.1,42,16640
up,719,2002,1802,0,0,12.1,42,16640
up,720,2002,1802,0,0,12.1,42,16640
up,720,2002,1802,0,0,12.1,42,16640
up,721,2002,1802,0,0,12.1,42,16640
up,721,2002,1802,0,0,12.1,42,16640
up,722,2002,1802,0,0,12.1,42,16640
up,722,2002,1802,0,0,12.1,42,16640
up,723,2002,1802,0,0,12.1,42,16640
up,723,2002,1802,0,0,12.1,42,16640
up,724,2002,1802,0,0,12.1,42,16640
up,724,2002,1802,0,0,12.1,42,16640
up,725,2002,1802,0,0,12.1,42,16640
up,725,2002,1802,0,0,12.1,42,16640
up,726,2002,1802,0,0,12.1,42,16640
up,727,2002,1802,0,0,12.1,42,16640
up,728,2002,1802,0,0,12.1,42,16640
up,728,2002,1802,0,0,12.1,42,16640
up,729,2002,1802,0,0,12.1,42,16640
up,729,2002,1802,0,0,12.1,42,16640
up,730,2002,1802,0,0,12.1,42,16640
up,730,2002,1802,0,0,12.1,42,16640
up,731,2002,1802,0,0,12.1,42,16640
up,731,2002,1802,0,0,12.1,42,16640
up,732,2002,1802,0,0,12.2,42,16640
up,732,2002,1802,0,0,12.2,42,16640
up,733,2002,1802,0,0,12.1,42,16640
up,733,2002,1802,0,0,12.1,42,16640
up,734,2002,1802,0,0,12.1,42,16640
up,734,2002,1802,0,0,12.1,42,16640
up,735,2002,1802,0,0,12.1,42,16640
up,735,2002,1802,0,0,12.1,42,16640
up,736,2002,1802,0,0,12.1,42,16640
up,736,2002,1802,0,0,12.1,42,16640
up,736,2002,1802,0,0,12.1,42,16640
up,737,2002,1802,0,0,12.1,42,16640
up,737,2002,1802,0,0,12.1,42,16640
up,738,2002,1802,0,0,12.1,42,16640
up,738,2002,1802,0,0,12.1,42,16640
up,739,2002,1802,0,0,12.1,41,16640
up,739,2002,1802,0,0,12.1,41,16640
up,740,2002,1802,0,0,12.1,42,16640
up,741,2002,1802,0,0,12.1,42,16640
up,742,2002,1802,0,0,12.1,42,16640
up,742,2002,1802,0,0,12.1,42,16640
up,743,2002,1802,0,0,12.2,42,16640
up,744,2002,1802,0,0,12.2,42,16640
up,744,2002,1802,0,0,12.1,42,16640
up,745,2002,1802,0,0,12.1,42,16640
up,745,2002,1802,0,0,12.1,42,16640
up,746,2002,1802,0,0,12.1,42,16640
up,746,2002,1802,0,0,12.1,42,16640
up,747,2002,1802,0,0,12.1,42,16640
up,747,2002,1802,0,0,12.1,42,16640
up,747,2002,1802,0,0,12.1,42,16640
up,748,2002,1802,0,0,12.1,42,16640
up,748,2002,1802,0,0,12.1,42,16640
up,749,2002,1802,0,0,12.1,42,16640
up,749,2002,1802,0,0,12.1,42,16640
up,750,2002,1802,0,0,12.1,42,16640
up,750,2002,1802,0,0,12.1,42,16640
up,751,2002,1802,0,0,12.1,42,16640
up,751,2002,1802,0,0,12.1,42,16640
up,752,2002,1802,0,0,12.1,42,16640
up,752,2002,1802,0,0,12.1,42,16640
up,753,2002,1802,0,0,12.1,42,16640
up,753,2002,1802,0,0,12.1,42,16640
up,754,2002,1802,0,0,12.1,42,16640
up,754,2002,1802,0,0,12.1,42,16640
up,755,2002,1802,0,0,12.1,42,16640
up,756,2002,1802,0,0,12.1,42,16640
up,756,2002,1802,0,0,12.1,42,16640
up,757,2002,1802,0,0,12.1,42,16640
up,757,2002,1802,0,0,12.1,42,16640
up,758,2002,1802,0,0,12.1,42,16640
up,759,2002,1802,0,0,12.1,42,16640
up,759,2002,1802,0,0,12.1,42,16640
up,760,2002,1802,0,0,12.1,42,16640
up,761,2002,1802,0,0,12.1,42,16640
up,761,2002,1802,0,0,12.1,42,16640
up,762,2002,1802,0,0,12.1,42,16640
up,762,2002,1802,0,0,12.1,42,16640
up,763,2002,1802,0,0,12.1,42,16640
up,763,2002,1802,0,0,12.1,42,16640
up,764,2002,1802,0,0,12.1,42,16640
up,764,2002,1802,0,0,12.1,42,16640
up,765,2002,1802,0,0,12.1,42,16640
up,765,2002,1802,0,0,12.1,42,16640
up,766,2002,1802,0,0,12.1,42,16640
up,766,2002,1802,0,0,12.1,42,16640
up,767,2002,1802,0,0,12.1,42,16640
up,767,2002,1802,0,0,12.1,42,16640
up,768,2002,1802,0,0,12.1,42,16640
up,768,2002,1802,0,0,12.1,42,16640
up,769,2002,1802,0,0,12.1,42,16640
up,769,2002,1802,0,0,12.1,42,16640
up,770,2002,1802,0,0,12.1,42,16640
up,771,2002,1802,0,0,12.1,42,16640
up,771,2002,1802,0,0,12.1,42,16640
up,771,2002,1802,0,0,12.1,42,16640
up,772,2002,1802,0,0,12.1,42,16640
up,772,2002,1802,0,0,12.1,42,16640
up,773,2002,1802,0,0,12.1,42,16640
up,774,2002,1802,0,0,12.1,42,16640
up,774,2002,1802,0,0,12.1,42,16640
up,775,2002,1802,0,0,12.1,42,16640
up,776,2002,1802,0,0,12.1,42,16640
up,776,2002,1802,0,0,12.1,42,16640
up,777,2002,1802,0,0,12.1,42,16640
up,778,2002,1802,0,0,12.1,42,16640
up,778,2002,1802,0,0,12.1,42,16640
up,779,2002,1802,0,0,12.1,42,16640
up,779,2002,1802,0,0,12.1,42,16640
up,779,2002,1802,0,0,12.1,42,16640
up,780,2002,1802,0,0,12.1,42,16640
up,780,2002,1802,0,0,12.1,42,16640
up,781,2002,1802,0,0,12.1,42,16640
up,782,2002,1802,0,0,12.1,42,16640
up,782,2002,1802,0,0,12.1,42,16640
up,782,2002,1802,0,0,12.1,42,16640
up,783,2002,1802,0,0,12.1,42,16640
up,784,2002,1802,0,0,12.1,42,16640
up,784,2002,1802,0,0,12.1,42,16640
up,784,2002,1802,0,0,12.1,42,16640
up,785,2002,1802,0,0,12.1,42,16640
up,785,2002,1802,0,0,12.1,42,16640
up,786,2002,1802,0,0,12.1,42,16640
up,786,2002,1802,0,0,12.1,42,16640
up,787,2002,1802,0,0,12.1,42,16640
up,787,2002,1802,0,0,12.1,42,16640
up,788,2002,1802,0,0,12.1,42,16640
up,788,2002,1802,0,0,12.1,42,16640
up,789,2002,1802,0,0,12.1,42,16640
up,790,2002,1802,0,0,12.1,42,16640
up,790,2002,1802,0,0,12.1,42,16640
up,791,2002,1802,0,0,12.1,42,16640
up,791,2002,1802,0,0,12.1,42,16640
up,792,2002,1802,0,0,12.1,42,16640
up,792,2002,1802,0,0,12.1,42,16640
up,793,2002,1802,0,0,12.1,42,16640
up,794,2002,1802,0,0,12.1,42,16640
up,794,2002,1802,0,0,12.1,42,16640
up,795,2002,1802,0,0,12.1,42,16640
up,796,2002,1802,0,0,12.1,42,16640
up,796,2002,1802,0,0,12.1,42,16640
up,796,2002,1802,0,0,12.1,42,16640
up,797,2002,1802,0,0,12.1,42,16640
up,797,2002,1802,0,0,12.1,42,16640
up,798,2002,1802,0,0,12.1,42,16640
up,798,2002,1802,0,0,12.1,42,16640
up,799,2002,1802,0,0,12.1,42,16640
up,799,2002,1802,0,0,12.1,42,16640
up,800,2002,1802,0,0,12.1,42,16640
up,800,2002,1802,0,0,12.1,42,16640
up,801,2002,1802,0,0,12.1,42,16640
up,801,2002,1802,0,0,12.1,42,16640
up,802,2002,1802,0,0,12.1,42,16640
up,802,2002,1802,0,0,12.1,42,16640
up,803,2002,1802,0,0,12.1,42,16640
up,803,2002,1802,0,0,12.1,42,16640
up,804,2002,1802,0,0,12.1,42,16640
up,804,2002,1802,0,0,12.1,42,16640
up,805,2002,1802,0,0,12.1,42,16640
up,805,2002,1802,0,0,12.1,42,16640
up,806,2002,1802,0,0,12.1,42,16640
up,806,2002,1802,0,0,12.1,42,16640
up,807,2002,1802,0,0,12.1,42,16640
up,807,2002,1802,0,0,12.1,42,16640
up,807,2002,1802,0,0,12.1,42,16640
up,808,2002,1802,0,0,12.1,42,16640
up,808,2002,1802,0,0,12.1,42,16640
up,809,2002,1802,0,0,12.1,42,16640
up,810,2002,1802,0,0,12.1,42,16640
up,810,2002,1802,0,0,12.1,42,16640
up,811,2002,1802,0,0,12.1,42,16640
up,812,2002,1802,0,0,12.1,42,16640
up,812,2002,1802,0,0,12.1,42,16640
up,813,2002,1802,0,0,12.1,42,16640
up,813,2002,1802,0,0,12.1,42,16640
up,814,2002,1802,0,0,12.1,42,16640
up,814,2002,1802,0,0,12.1,42,16640
up,815,2002,1802,0,0,12.1,42,16640
up,815,2002,1802,0,0,12.1,42,16640
up,816,2002,1802,0,0,12.1,42,16640
up,816,2002,1802,0,0,12.1,42,16640
up,817,2002,1802,0,0,12.1,42,16640
up,817,2002,1802,0,0,12.1,42,16640
up,817,2002,1802,0,0,12.1,42,16640
up,818,2002,1802,0,0,12.1,42,16640
up,818,2002,1802,0,0,12.1,42,16640
up,819,2002,1802,0,0,12.1,42,16640
up,819,2002,1802,0,0,12.1,42,16640
up,820,2002,1802,0,0,12.1,42,16640
up,820,2002,1802,0,0,12.1,42,16640
up,821,2002,1802,0,0,12.1,42,16640
up,821,2002,1802,0,0,12.1,42,16640
up,822,2002,1802,0,0,12.1,42,16640
up,823,2002,1802,0,0,12.1,42,16640
up,823,2002,1802,0,0,12.1,42,16640
up,824,2002,1802,0,0,12.1,42,16640
up,824,2002,1802,0,0,12.1,42,16640
up,825,2002,1802,0,0,12.1,42,16640
up,825,2002,1802,0,0,12.1,42,16640
up,826,2002,1802,0,0,12.2,42,16640
up,826,2002,1802,0,0,12.2,42,16640
up,827,2002,1802,0,0,12.1,42,16640
up,827,2002,1802,0,0,12.1,42,16640
up,828,2002,1802,0,0,12.1,42,16640
up,829,2002,1802,0,0,12.1,42,16640
up,829,2002,1802,0,0,12.1,42,16640
up,829,2002,1802,0,0,12.1,42,16640
up,830,2002,1802,0,0,12.1,42,16640
up,830,2002,1802,0,0,12.1,42,16640
up,831,2002,1802,0,0,12.1,42,16640
up,831,2002,1802,0,0,12.1,42,16640
up,832,2002,1802,0,0,12.1,42,16640
up,832,2002,1802,0,0,12.1,42,16640
up,833,2002,1802,0,0,12.1,42,16640
up,833,2002,1802,0,0,12.1,42,16640
up,834,2002,1802,0,0,12.1,42,16640
up,834,2002,1802,0,0,12.1,42,16640
up,835,2002,1802,0,0,12.1,42,16640
up,835,2002,1802,0,0,12.1,42,16640
up,836,2002,1802,0,0,12.1,42,16640
up,836,2002,1802,0,0,12.1,42,16640
up,837,2002,1802,0,0,12.1,42,16640
up,838,2002,1802,0,0,12.1,42,16640
up,838,2002,1802,0,0,12.1,42,16640
up,839,2002,1802,0,0,12.1,42,16640
up,839,2002,1802,0,0,12.1,42,16640
up,840,2002,1802,0,0,12.1,42,16640
up,840,2002,1802,0,0,12.1,42,16640
up,841,2002,1802,0,0,12.1,42,16640
up,841,2002,1802,0,0,12.1,42,16640
up,842,2002,1802,0,0,12.1,42,16640
up,842,2002,1802,0,0,12.1,42,16640
up,843,2002,1802,0,0,12.1,42,16640
up,844,2002,1802,0,0,12.1,42,16640
up,844,2002,1802,0,0,12.1,42,16640
up,845,2002,1802,0,0,12.1,42,16640
up,846,2002,1802,0,0,12.1,42,16640
up,846,2002,1802,0,0,12.1,42,16640
up,847,2002,1802,0,0,12.1,42,16640
up,847,2002,1802,0,0,12.1,42,16640
up,848,2002,1802,0,0,12.1,42,16640
up,848,2002,1802,0,0,12.1,42,16640
up,849,2002,1802,0,0,12.1,42,16640
up,849,2002,1802,0,0,12.1,42,16640
up,850,2002,1802,0,0,12.1,42,16640
up,850,2002,1802,0,0,12.1,42,16640
up,851,2002,1802,0,0,12.1,42,16640
up,851,2002,1802,0,0,12.1,42,16640
up,852,2002,1802,0,0,12.1,42,16640
up,852,2002,1802,0,0,12.1,42,16640
up,853,2002,1802,0,0,12.1,42,16640
up,853,2002,1802,0,0,12.1,42,16640
up,854,2002,1802,0,0,12.1,42,16640
up,854,2002,1802,0,0,12.1,42,16640
up,855,2002,1802,0,0,12.1,42,16640
up,855,2002,1802,0,0,12.1,42,16640
up,856,2002,1802,0,0,12.1,42,16640
up,856,2002,1802,0,0,12.1,42,16640
up,857,2002,1802,0,0,12.1,42,16640
up,857,2002,1802,0,0,12.1,42,16640
up,858,2002,1802,0,0,12.1,42,16640
up,858,2002,1802,0,0,12.1,42,16640
up,859,2002,1802,0,0,12.1,42,16640
up,860,2002,1802,0,0,12.1,42,16640
up,860,2002,1802,0,0,12.1,42,16640
up,861,2002,1802,0,0,12.1,42,16640
up,862,2002,1802,0,0,12.1,42,16640
up,862,2002,1802,0,0,12.1,42,16640
up,863,2002,1802,0,0,12.1,42,16640
up,863,2002,1802,0,0,12.1,42,16640
up,864,2002,1802,0,0,12.1,42,16640
up,864,2002,1802,0,0,12.1,42,16640
up,865,2002,1802,0,0,12.1,42,16640
up,865,2002,1802,0,0,12.1,42,16640
up,866,2002,1802,0,0,12.1,42,16640
up,866,2002,1802,0,0,12.1,42,16640
up,867,2002,1802,0,0,12.2,42,16640
up,867,2002,1802,0,0,12.2,42,16640
up,868,2002,1802,0,0,12.1,42,16640
up,868,2002,1802,0,0,12.1,42,16640
up,869,2002,1802,0,0,12.1,42,16640
up,869,2002,1802,0,0,12.1,42,16640
up,870,2002,1802,0,0,12.1,42,16640
up,870,2002,1802,0,0,12.1,42,16640
up,871,2002,1802,0,0,12.1,42,16640
up,871,2002,1802,0,0,12.1,42,16640
up,872,2002,1802,0,0,12.1,41,16640
up,872,2002,1802,0,0,12.1,41,16640
up,873,2002,1802,0,0,12.1,42,16640
up,873,2002,1802,0,0,12.1,42,16640
up,874,2002,1802,0,0,12.1,42,16640
up,874,2002,1802,0,0,12.1,42,16640
up,875,2002,1802,0,0,12.1,42,16640
up,875,2002,1802,0,0,12.1,42,16640
up,876,2002,1802,0,0,12.1,42,16640
up,876,2002,1802,0,0,12.1,42,16640
up,877,2002,1802,0,0,12.1,42,16640
up,878,2002,1802,0,0,12.1,42,16640
up,878,2002,1802,0,0,12.1,42,16640
up,879,2002,1802,0,0,12.1,42,16640
up,879,2002,1802,0,0,12.1,42,16640
up,880,2002,1802,0,0,12.1,42,16640
up,880,2002,1802,0,0,12.1,42,16640
up,881,2002,1802,0,0,12.1,42,16640
up,881,2002,1802,0,0,12.1,42,16640
up,882,2002,1802,0,0,12.1,42,16640
up,882,2002,1802,0,0,12.1,42,16640
up,883,2002,1802,0,0,12.1,42,16640
up,883,2002,1802,0,0,12.1,42,16640
up,884,2002,1802,0,0,12.1,42,16640
up,884,2002,1802,0,0,12.1,42,16640
up,884,2002,1802,0,0,12.1,42,16640
up,885,2002,1802,0,0,12.1,42,16640
up,885,2002,1802,0,0,12.1,42,16640
up,886,2002,1802,0,0,12.1,42,16640
up,886,2002,1802,0,0,12.1,42,16640
up,887,2002,1802,0,0,12.1,42,16640
up,887,2002,1802,0,0,12.1,42,16640
up,888,2002,1802,0,0,12.1,42,16640
up,889,2002,1802,0,0,12.1,42,16640
up,889,2002,1802,0,0,12.1,42,16640
up,890,2002,1802,0,0,12.1,42,16640
up,890,2002,1802,0,0,12.1,42,16640
up,891,2002,1802,0,0,12.1,42,16640
up,891,2002,1802,0,0,12.1,42,16640
up,892,2002,1802,0,0,12.1,42,16640
up,892,2002,1802,0,0,12.1,42,16640
up,893,2002,1802,0,0,12.1,42,16640
up,894,2002,1802,0,0,12.1,42,16640
up,894,2002,1802,0,0,12.1,42,16640
up,895,2002,1802,0,0,12.1,42,16640
up,896,2002,1802,0,0,12.1,42,16640
up,896,2002,1802,0,0,12.1,42,16640
up,897,2002,1802,0,0,12.1,42,16640
up,897,2002,1802,0,0,12.1,42,16640
up,898,2002,1802,0,0,12.1,42,16640
up,898,2002,1802,0,0,12.1,42,16640
up,899,2002,1802,0,0,12.1,42,16640
up,899,2002,1802,0,0,12.1,42,16640
up,900,2002,1802,0,0,12.1,42,16640
up,900,2002,1802,0,0,12.1,42,16640
up,901,2002,1802,0,0,12.1,42,16640
up,901,2002,1802,0,0,12.1,42,16640
up,902,2002,1802,0,0,12.1,42,16640
up,902,2002,1802,0,0,12.1,42,16640
up,903,2002,1802,0,0,12.1,42,16640
up,903,2002,1802,0,0,12.1,42,16640
up,904,2002,1802,0,0,12.1,42,16640
up,904,2002,1802,0,0,12.1,42,16640
up,905,2002,1802,0,0,12.1,42,16640
up,905,2002,1802,0,0,12.1,42,16640
up,906,2002,1802,0,0,12.1,42,16640
up,906,2002,1802,0,0,12.1,42,16640
up,907,2002,1802,0,0,12.1,42,16640
up,907,2002,1802,0,0,12.1,42,16640
up,908,2002,1802,0,0,12.1,42,16640
up,908,2002,1802,0,0,12.1,42,16640
up,909,2002,1802,0,0,12.1,42,16640
up,909,2002,1802,0,0,12.1,42,16640
up,910,2002,1802,0,0,12.1,42,16640
up,910,2002,1802,0,0,12.1,42,16640
up,911,2002,1802,0,0,12.1,42,16640
up,912,2002,1802,0,0,12.1,42,16640
up,912,2002,1802,0,0,12.1,42,16640
up,913,2002,1802,0,0,12.1,42,16640
up,913,2002,1802,0,0,12.1,42,16640
up,914,2002,1802,0,0,12.1,42,16640
up,914,2002,1802,0,0,12.1,42,16640
up,915,2002,1802,0,0,12.1,42,16640
up,915,2002,1802,0,0,12.1,42,16640
up,916,2002,1802,0,0,12.1,42,16640
up,916,2002,1802,0,0,12.1,42,16640
up,917,2002,1802,0,0,12.1,42,16640
up,917,2002,1802,0,0,12.1,42,16640
up,918,2002,1802,0,0,12.1,42,16640
up,918,2002,1802,0,0,12.1,42,16640
up,919,2002,1802,0,0,12.1,42,16640
up,919,2002,1802,0,0,12.1,42,16640
up,920,2002,1802,0,0,12.1,42,16640
up,920,2002,1802,0,0,12.1,42,16640
up,921,2002,1802,0,0,12.1,42,16640
up,921,2002,1802,0,0,12.2,42,16640
up,922,2002,1802,0,0,12.2,42,16640
up,922,2002,1802,0,0,12.1,42,16640
up,923,2002,1802,0,0,12.1,42,16640
up,923,2002,1802,0,0,12.1,42,16640
up,924,2002,1802,0,0,12.1,42,16640
up,924,2002,1802,0,0,12.1,42,16640
up,925,2002,1802,0,0,12.1,42,16640
up,925,2002,1802,0,0,12.1,42,16640
up,926,2002,1802,0,0,12.1,42,16640
up,926,2002,1802,0,0,12.1,42,16640
up,927,2002,1802,0,0,12.1,42,16640
up,928,2002,1802,0,0,12.1,42,16640
up,928,2002,1802,0,0,12.1,42,16640
up,929,2002,1802,0,0,12.1,42,16640
up,929,2002,1802,0,0,12.1,42,16640
up,930,2002,1802,0,0,12.1,42,16640
up,931,2002,1802,0,0,12.1,42,16640
up,931,2002,1802,0,0,12.1,42,16640
up,931,2002,1802,0,0,12.1,42,16640
up,932,2002,1802,0,0,12.1,42,16640
up,932,2002,1802,0,0,12.1,42,16640
up,933,2002,1802,0,0,12.1,42,16640
up,933,2002,1802,0,0,12.1,42,16640
up,934,2002,1802,0,0,12.1,42,16640
up,934,2002,1802,0,0,12.1,42,16640
up,935,2002,1802,0,0,12.1,42,16640
up,935,2002,1802,0,0,12.1,42,16640
up,936,2002,1802,0,0,12.1,42,16640
up,936,2002,1802,0,0,12.1,42,16640
up,937,2002,1802,0,0,12.1,42,16640
up,937,2002,1802,0,0,12.1,42,16640
up,938,2002,1802,0,0,12.1,42,16640
up,938,2002,1802,0,0,12.1,42,16640
up,939,2002,1802,0,0,12.1,42,16640
up,939,2002,1802,0,0,12.1,42,16640
up,940,2002,1802,0,0,12.1,42,16640
up,940,2002,1802,0,0,12.1,42,16640
up,941,2002,1802,0,0,12.1,42,16640
up,941,2002,1802,0,0,12.1,42,16640
up,942,2002,1802,0,0,12.1,42,16640
up,943,2002,1802,0,0,12.1,42,16640
up,943,2002,1802,0,0,12.1,42,16640
up,944,2002,1802,0,0,12.1,42,16640
up,945,2002,1802,0,0,12.1,42,16640
up,945,2002,1802,0,0,12.1,42,16640
up,946,2002,1802,0,0,12.1,42,16640
up,946,2002,1802,0,0,12.1,42,16640
up,947,2002,1802,0,0,12.1,42,16640
up,947,2002,1802,0,0,12.1,42,16640
up,948,2002,1802,0,0,12.1,42,16640
up,948,2002,1802,0,0,12.1,42,16640
up,949,2002,1802,0,0,12.1,42,16640
up,949,2002,1802,0,0,12.1,42,16640
up,950,2002,1802,0,0,12.1,42,16640
up,950,2002,1802,0,0,12.1,42,16640
up,951,2002,1802,0,0,12.1,42,16640
up,951,2002,1802,0,0,12.1,42,16640
up,952,2002,1802,0,0,12.1,42,16640
up,952,2002,1802,0,0,12.1,42,16640
up,953,2002,1802,0,0,12.1,42,16640
up,953,2002,1802,0,0,12.1,42,16640
up,954,2002,1802,0,0,12.1,42,16640
up,954,2002,1802,0,0,12.1,42,16640
up,955,2002,1802,0,0,12.1,42,16640
up,955,2002,1802,0,0,12.1,42,16640
up,956,2002,1802,0,0,12.1,42,16640
up,956,2002,1802,0,0,12.1,42,16640
up,957,2002,1802,0,0,12.1,42,16640
up,957,2002,1802,0,0,12.1,42,16640
up,958,2002,1802,0,0,12.1,42,16640
up,958,2002,1802,0,0,12.1,42,16640
up,959,2002,1802,0,0,12.1,42,16640
up,959,2002,1802,0,0,12.1,42,16640
up,960,2002,1802,0,0,12.1,42,16640
up,960,2002,1802,0,0,12.1,42,16640
up,961,2002,1802,0,0,12.1,42,16640
up,961,2002,1802,0,0,12.1,42,16640
up,962,2002,1802,0,0,12.1,42,16640
up,962,2002,1802,0,0,12.1,42,16640
up,963,2002,1802,0,0,12.1,42,16640
up,963,2002,1802,0,0,12.2,42,16640
up,964,2002,1802,0,0,12.2,42,16640
up,964,2002,1802,0,0,12.1,42,16640
up,965,2002,1802,0,0,12.1,42,16640
up,965,2002,1802,0,0,12.1,42,16640
up,966,2002,1802,0,0,12.1,42,16640
up,966,2002,1802,0,0,12.1,42,16640
up,967,2002,1802,0,0,12.1,42,16640
up,967,2002,1802,0,0,12.1,42,16640
up,968,2002,1802,0,0,12.1,42,16640
up,968,2002,1802,0,0,12.1,42,16640
up,969,2002,1802,0,0,12.1,42,16640
up,969,2002,1802,0,0,12.1,42,16640
up,970,2002,1802,0,0,12.1,42,16640
up,970,2002,1802,0,0,12.1,42,16640
up,971,2002,1802,0,0,12.1,42,16640
up,971,2002,1802,0,0,12.1,42,16640
up,972,2002,1802,0,0,12.1,42,16640
up,972,2002,1802,0,0,12.1,42,16640
up,973,2002,1802,0,0,12.1,42,16640
up,974,2002,1802,0,0,12.1,42,16640
up,974,2002,1802,0,0,12.1,42,16640
up,975,2002,1802,0,0,12.1,42,16640
up,975,2002,1802,0,0,12.1,42,16640
up,976,2002,1802,0,0,12.1,42,16640
up,976,2002,1802,0,0,12.1,42,16640
up,977,2002,1802,0,0,12.1,42,16640
up,977,2002,1802,0,0,12.1,42,16640
up,978,2002,1802,0,0,12.1,42,16640
up,979,2002,1802,0,0,12.1,42,16640
up,979,2002,1802,0,0,12.1,42,16640
up,980,2002,1802,0,0,12.1,42,16640
up,980,2002,1802,0,0,12.1,42,16640
up,981,2002,1802,0,0,12.1,42,16640
up,981,2002,1802,0,0,12.1,42,16640
up,982,2002,1802,0,0,12.1,42,16640
up,982,2002,1802,0,0,12.1,42,16640
up,983,2002,1802,0,0,12.1,42,16640
up,983,2002,1802,0,0,12.1,42,16640
up,984,2002,1802,0,0,12.1,42,16640
up,984,2002,1802,0,0,12.1,42,16640
up,985,2002,1802,0,0,12.1,42,16640
up,985,2002,1802,0,0,12.1,42,16640
up,986,2002,1802,0,0,12.1,42,16640
up,986,2002,1802,0,0,12.1,42,16640
up,987,2002,1802,0,0,12.1,42,16640
up,987,2002,1802,0,0,12.2,42,16640
up,988,2002,1802,0,0,12.2,42,16640
up,988,2002,1802,0,0,12.1,42,16640
up,989,2002,1802,0,0,12.1,42,16640
up,989,2002,1802,0,0,12.1,42,16640
up,990,2002,1802,0,0,12.1,42,16640
up,990,2002,1802,0,0,12.1,42,16640
up,991,2002,1802,0,0,12.1,42,16640
up,991,2002,1802,0,0,12.1,42,16640
up,992,2002,1802,0,0,12.1,42,16640
up,992,2002,1802,0,0,12.1,42,16640
up,993,2002,1802,0,0,12.1,42,16640
up,994,2002,1802,0,0,12.1,42,16640
up,994,2002,1802,0,0,12.1,42,16640
up,995,2002,1802,0,0,12.1,42,16640
up,995,2002,1802,0,0,12.1,42,16640
up,996,2002,1802,0,0,12.1,42,16640
up,996,2002,1802,0,0,12.1,42,16640
up,997,2002,1802,0,0,12.1,42,16640
up,997,2002,1802,0,0,12.1,42,16640
up,998,2002,1802,0,0,12.1,42,16640
up,999,2002,1802,0,0,12.1,42,16640
up,999,2002,1802,0,0,12.1,42,16640
up,1000,2002,1802,0,0,12.1,42,16640
up,1000,2002,1802,0,0,12.1,42,16640
up,1001,2002,1802,0,0,12.1,42,16640
up,1001,2002,1802,0,0,12.1,42,16640
up,1002,2002,1802,0,0,12.1,42,16640
up,1003,2002,1802,0,0,12.1,42,16640
up,1003,2002,1802,0,0,12.1,42,16640
up,1004,2002,1802,0,0,12.1,42,16640
up,1004,2002,1802,0,0,12.1,42,16640
up,1005,2002,1802,0,0,12.1,42,16640
up,1005,2002,1802,0,0,12.1,42,16640
up,1006,2002,1802,0,0,12.1,42,16640
up,1006,2002,1802,0,0,12.1,42,16640
up,1007,2002,1802,0,0,12.1,42,16640
up,1008,2002,1802,0,0,12.1,42,16640
up,1008,2002,1802,0,0,12.1,42,16640
up,1009,2002,1802,0,0,12.1,42,16640
up,1009,2002,1802,0,0,12.1,42,16640
up,1010,2002,1802,0,0,12.1,42,16640
up,1011,2002,1802,0,0,12.1,42,16640
up,1011,2002,1802,0,0,12.1,42,16640
up,1012,2002,1802,0,0,12.1,42,16640
up,1012,2002,1802,0,0,12.1,42,16640
up,1013,2002,1802,0,0,12.1,42,16640
up,1013,2002,1802,0,0,12.1,42,16640
up,1014,2002,1802,0,0,12.1,42,16640
up,1014,2002,1802,0,0,12.1,42,16640
up,1015,2002,1802,0,0,12.1,42,16640
up,1015,2002,1802,0,0,12.1,42,16640
up,1016,2002,1802,0,0,12.1,42,16640
up,1016,2002,1802,0,0,12.1,42,16640
up,1017,2002,1802,0,0,12.1,42,16640
up,1017,2002,1802,0,0,12.1,42,16640
up,1018,2002,1802,0,0,12.1,42,16640
up,1018,2002,1802,0,0,12.1,42,16640
up,1019,2002,1802,0,0,12.1,42,16640
up,1019,2002,1802,0,0,12.1,42,16640
up,1020,2002,1802,0,0,12.1,42,16640
up,1020,2002,1802,0,0,12.1,42,16640
up,1021,2002,1802,0,0,12.1,42,16640
up,1021,2002,1802,0,0,12.1,42,16640
up,1022,2002,1802,0,0,12.1,42,16640
up,1022,2002,1802,0,0,12.1,42,16640
up,1023,2002,1802,0,0,12.1,42,16640
up,1023,2002,1802,0,0,12.1,42,16640
up,1024,2002,1802,0,0,12.1,42,16640
up,1024,2002,1802,0,0,12.1,42,16640
up,1025,2002,1802,0,0,12.1,42,16640
up,1025,2002,1802,0,0,12.1,42,16640
up,1026,2002,1802,0,0,12.1,42,16640
up,1026,2002,1802,0,0,12.1,42,16640
up,1027,2002,1802,0,0,12.1,42,16640
up,1028,2002,1802,0,0,12.1,42,16640
up,1028,2002,1802,0,0,12.1,42,16640
up,1029,2002,1802,0,0,12.1,42,16640
up,1029,2002,1802,0,0,12.1,42,16640
up,1030,2002,1802,0,0,12.1,42,16640
up,1030,2002,1802,0,0,12.1,42,16640
up,1031,2002,1802,0,0,12.1,42,16640
up,1031,2002,1802,0,0,12.1,42,16640
up,1032,2002,1802,0,0,12.1,42,16640
up,1032,2002,1802,0,0,12.1,42,16640
up,1033,2002,1802,0,0,12.1,42,16640
up,1033,2002,1802,0,0,12.1,42,16640
up,1034,2002,1802,0,0,12.1,42,16640
up,1034,2002,1802,0,0,12.1,42,16640
up,1035,2002,1802,0,0,12.1,42,16640
up,1035,2002,1802,0,0,12.1,42,16640
up,1036,2002,1802,0,0,12.1,42,16640
up,1036,2002,1802,0,0,12.1,42,16640
up,1037,2002,1802,0,0,12.1,42,16640
up,1037,2002,1802,0,0,12.1,42,16640
up,1038,2002,1802,0,0,12.1,42,16640
up,1038,2002,1802,0,0,12.1,42,16640
up,1039,2002,1802,0,0,12.1,42,16640
up,1039,2002,1802,0,0,12.1,42,16640
up,1040,2002,1802,0,0,12.1,42,16640
up,1040,2002,1802,0,0,12.1,42,16640
up,1041,2002,1802,0,0,12.1,42,16640
up,1041,2002,1802,0,0,12.1,42,16640
up,1042,2002,1802,0,0,12.1,42,16640
up,1042,2002,1802,0,0,12.1,42,16640
up,1043,2002,1802,0,0,12.1,42,16640
up,1043,2002,1802,0,0,12.1,42,16640
up,1044,2002,1802,0,0,12.1,42,16640
up,1044,2002,1802,0,0,12.1,42,16640
up,1045,2002,1802,0,0,12.1,42,16640
up,1045,2002,1802,0,0,12.1,42,16640
up,1046,2002,1802,0,0,12.1,42,16640
up,1046,2002,1802,0,0,12.1,42,16640
up,1047,2002,1802,0,0,12.1,42,16640
up,1047,2002,1802,0,0,12.1,42,16640
up,1048,2002,1802,0,0,12.1,42,16640
up,1048,2002,1802,0,0,12.1,42,16640
up,1049,2002,1802,0,0,12.1,42,16640
up,1049,2002,1802,0,0,12.1,42,16640
up,1050,2002,1802,0,0,12.1,42,16640
up,1050,2002,1802,0,0,12.1,42,16640
up,1051,2002,1802,0,0,12.1,42,16640
up,1051,2002,1802,0,0,12.1,42,16640
up,1052,2002,1802,0,0,12.1,42,16640
up,1052,2002,1802,0,0,12.1,42,16640
up,1053,2002,1802,0,0,12.1,42,16640
up,1053,2002,1802,0,0,12.1,42,16640
up,1054,2002,1802,0,0,12.1,42,16640
up,1054,2002,1802,0,0,12.1,42,16640
up,1055,2002,1802,0,0,12.1,42,16640
up,1055,2002,1802,0,0,12.1,42,16640
up,1056,2002,1802,0,0,12.1,42,16640
up,1056,2002,1802,0,0,12.1,42,16640
up,1057,2002,1802,0,0,12.1,42,16640
up,1057,2002,1802,0,0,12.1,42,16640
up,1058,2002,1802,0,0,12.1,42,16640
up,1058,2002,1802,0,0,12.1,42,16640
up,1059,2002,1802,0,0,12.1,42,16640
up,1059,2002,1802,0,0,12.1,42,16640
up,1060,2002,1802,0,0,12.1,42,16640
up,1060,2002,1802,0,0,12.1,42,16640
up,1061,2002,1802,0,0,12.1,42,16640
up,1061,2002,1802,0,0,12.1,42,16640
up,1062,2002,1802,0,0,12.1,42,16640
up,1062,2002,1802,0,0,12.1,42,16640
up,1063,2002,1802,0,0,12.1,42,16640
up,1063,2002,1802,0,0,12.1,42,16640
up,1064,2002,1802,0,0,12.1,42,16640
up,1064,2002,1802,0,0,12.1,42,16640
up,1065,2002,1802,0,0,12.1,42,16640
up,1065,2002,1802,0,0,12.1,42,16640
up,1066,2002,1802,0,0,12.1,42,16640
up,1066,2002,1802,0,0,12.1,42,16640
up,1067,2002,1802,0,0,12.1,42,16640
up,1067,2002,1802,0,0,12.1,42,16640
up,1068,2002,1802,0,0,12.1,42,16640
up,1068,2002,1802,0,0,12.1,42,16640
up,1068,2002,1802,0,0,12.1,42,16640
up,1069,2002,1802,0,0,12.1,42,16640
up,1069,2002,1802,0,0,12.1,42,16640
up,1070,2002,1802,0,0,12.1,42,16640
up,1070,2002,1802,0,0,12.1,42,16640
up,1071,2002,1802,0,0,12.1,42,16640
up,1071,2002,1802,0,0,12.1,42,16640
up,1072,2002,1802,0,0,12.1,42,16640
up,1073,2002,1802,0,0,12.2,42,16640
up,1073,2002,1802,0,0,12.2,42,16640
up,1074,2002,1802,0,0,12.1,42,16640
up,1074,2002,1802,0,0,12.1,42,16640
up,1074,2002,1802,0,0,12.1,42,16640
up,1075,2002,1802,0,0,12.1,42,16640
up,1076,2002,1802,0,0,12.1,42,16640
up,1076,2002,1802,0,0,12.1,42,16640
up,1077,2002,1802,0,0,12.1,42,16640
up,1078,2002,1802,0,0,12.1,42,16640
up,1078,2002,1802,0,0,12.1,42,16640
up,1079,2002,1802,0,0,12.1,42,16640
up,1079,2002,1802,0,0,12.1,42,16640
up,1080,2002,1802,0,0,12.1,42,16640
up,1080,2002,1802,0,0,12.1,42,16640
up,1081,2002,1802,0,0,12.1,42,16640
up,1081,2002,1802,0,0,12.1,42,16640
up,1081,2002,1802,0,0,12.1,42,16640
up,1082,2002,1802,0,0,12.1,42,16640
up,1082,2002,1802,0,0,12.1,42,16640
up,1083,2002,1802,0,0,12.1,42,16640
up,1083,2002,1802,0,0,12.1,42,16640
up,1084,2002,1802,0,0,12.1,42,16640
up,1084,2002,1802,0,0,12.1,42,16640
up,1085,2002,1802,0,0,12.1,42,16640
up,1085,2002,1802,0,0,12.1,42,16640
up,1086,2002,1802,0,0,12.1,42,16640
up,1086,2002,1802,0,0,12.1,42,16640
up,1087,2002,1802,0,0,12.1,42,16640
up,1087,2002,1802,0,0,12.1,42,16640
up,1088,2002,1802,0,0,12.1,42,16640
up,1088,2002,1802,0,0,12.1,42,16640
up,1089,2002,1802,0,0,12.1,42,16640
up,1089,2002,1802,0,0,12.1,42,16640
up,1090,2002,1802,0,0,12.1,42,16640
up,1090,2002,1802,0,0,12.1,42,16640
up,1091,2002,1802,0,0,12.1,42,16640
up,1091,2002,1802,0,0,12.1,42,16640
up,1092,2002,1802,0,0,12.1,42,16640
up,1093,2002,1802,0,0,12.1,42,16640
up,1093,2002,1802,0,0,12.1,42,16640
up,1094,2002,1802,0,0,12.1,42,16640
up,1094,2002,1802,0,0,12.1,42,16640
up,1095,2002,1802,0,0,12.1,42,16640
up,1095,2002,1802,0,0,12.1,42,16640
up,1096,2002,1802,0,0,12.1,42,16640
up,1096,2002,1802,0,0,12.1,42,16640
up,1097,2002,1802,0,0,12.1,42,16640
up,1097,2002,1802,0,0,12.1,42,16640
up,1098,2002,1802,0,0,12.1,42,16640
up,1098,2002,1802,0,0,12.1,42,16640
up,1099,2002,1802,0,0,12.1,41,16640
up,1099,2002,1802,0,0,12.1,41,16640
up,1100,2002,1802,0,0,12.1,42,16640
up,1100,2002,1802,0,0,12.1,42,16640
up,1101,2002,1802,0,0,12.1,42,16640
up,1101,2002,1802,0,0,12.1,42,16640
up,1101,2002,1802,0,0,12.1,42,16640
up,1102,2002,1802,0,0,12.1,42,16640
up,1102,2002,1802,0,0,12.1,42,16640
up,1103,2002,1802,0,0,12.1,42,16640
up,1103,2002,1802,0,0,12.1,42,16640
up,1104,2002,1802,0,0,12.1,42,16640
up,1104,2002,1802,0,0,12.1,42,16640
up,1105,2002,1802,0,0,12.1,42,16640
up,1105,2002,1802,0,0,12.1,42,16640
up,1106,2002,1802,0,0,12.1,42,16640
up,1106,2002,1802,0,0,12.1,42,16640
up,1107,2002,1802,0,0,12.1,42,16640
up,1107,2002,1802,0,0,12.1,42,16640
up,1108,2002,1802,0,0,12.1,42,16640
up,1108,2002,1802,0,0,12.1,42,16640
up,1109,2002,1802,0,0,12.1,42,16640
up,1110,2002,1802,0,0,12.1,42,16640
up,1110,2002,1802,0,0,12.1,42,16640
up,1110,2002,1802,0,0,12.2,42,16640
up,1111,2002,1802,0,0,12.2,42,16640
up,1111,2002,1802,0,0,12.1,42,16640
up,1112,2002,1802,0,0,12.1,42,16640
up,1112,2002,1802,0,0,12.1,41,16640
up,1113,2002,1802,0,0,12.1,41,16640
up,1113,2002,1802,0,0,12.1,41,16640
up,1114,2002,1802,0,0,12.1,41,16640
up,1114,2002,1802,0,0,12.1,42,16640
up,1115,2002,1802,0,0,12.1,42,16640
up,1115,2002,1802,0,0,12.2,42,16640
up,1116,2002,1802,0,0,12.2,42,16640
up,1116,2002,1802,0,0,12.1,42,16640
up,1117,2002,1802,0,0,12.1,42,16640
up,1117,2002,1802,0,0,12.1,42,16640
up,1118,2002,1802,0,0,12.1,42,16640
up,1119,2002,1802,0,0,12.1,42,16640
up,1120,2002,1802,0,0,12.2,42,16640
up,1120,2002,1802,0,0,12.2,42,16640
up,1121,2002,1802,0,0,12.1,42,16640
up,1121,2002,1802,0,0,12.1,42,16640
up,1122,2002,1802,0,0,12.1,42,16640
up,1122,2002,1802,0,0,12.1,42,16640
up,1123,2002,1802,0,0,12.1,42,16640
up,1123,2002,1802,0,0,12.1,42,16640
up,1124,2002,1802,0,0,12.1,42,16640
up,1124,2002,1802,0,0,12.1,42,16640
up,1125,2002,1802,0,0,12.1,42,16640
up,1125,2002,1802,0,0,12.1,42,16640
up,1125,2002,1802,0,0,12.1,42,16640
up,1126,2002,1802,0,0,12.1,42,16640
up,1126,2002,1802,0,0,12.1,42,16640
up,1127,2002,1802,0,0,12.1,42,16640
up,1127,2002,1802,0,0,12.2,42,16640
up,1128,2002,1802,0,0,12.2,42,16640
up,1128,2002,1802,0,0,12.1,42,16640
up,1129,2002,1802,0,0,12.1,42,16640
up,1129,2002,1802,0,0,12.2,42,16640
up,1130,2002,1802,0,0,12.2,42,16640
up,1130,2002,1802,0,0,12.1,42,16640
up,1131,2002,1802,0,0,12.1,42,16640
up,1131,2002,1802,0,0,12.1,42,16640
up,1132,2002,1802,0,0,12.1,42,16640
up,1132,2002,1802,0,0,12.2,42,16640
up,1133,2002,1802,0,0,12.2,42,16640
up,1133,2002,1802,0,0,12.1,42,16640
up,1134,2002,1802,0,0,12.1,42,16640
up,1134,2002,1802,0,0,12.1,42,16640
up,1135,2002,1802,0,0,12.1,42,16640
up,1135,2002,1802,0,0,12.1,42,16640
up,1136,2002,1802,0,0,12.1,42,16640
up,1136,2002,1802,0,0,12.1,42,16640
up,1137,2002,1802,0,0,12.1,42,16640
up,1137,2002,1802,0,0,12.1,42,16640
up,1138,2002,1802,0,0,12.1,42,16640
up,1138,2002,1802,0,0,12.1,42,16640
up,1139,2002,1802,0,0,12.1,42,16640
up,1139,2002,1802,0,0,12.1,42,16640
up,1140,2002,1802,0,0,12.1,42,16640
up,1140,2002,1802,0,0,12.1,42,16640
up,1141,2002,1802,0,0,12.1,42,16640
up,1141,2002,1802,0,0,12.1,42,16640
up,1142,2002,1802,0,0,12.1,42,16640
up,1142,2002,1802,0,0,12.1,42,16640
up,1143,2002,1802,0,0,12.1,42,16640
up,1143,2002,1802,0,0,12.1,42,16640
up,1144,2002,1802,0,0,12.1,42,16640
up,1144,2002,1802,0,0,12.1,42,16640
up,1145,2002,1802,0,0,12.1,42,16640
up,1145,2002,1802,0,0,12.2,42,16640
up,1146,2002,1802,0,0,12.2,42,16640
up,1146,2002,1802,0,0,12.1,42,16640
up,1147,2002,1802,0,0,12.1,42,16640
up,1147,2002,1802,0,0,12.1,42,16640
up,1148,2002,1802,0,0,12.1,42,16640
up,1148,2002,1802,0,0,12.1,42,16640
up,1149,2002,1802,0,0,12.1,42,16640
up,1149,2002,1802,0,0,12.1,42,16640
up,1150,2002,1802,0,0,12.1,42,16640
up,1150,2002,1802,0,0,12.1,42,16640
up,1151,2002,1802,0,0,12.1,42,16640
up,1151,2002,1802,0,0,12.1,42,16640
up,1152,2002,1802,0,0,12.1,42,16640
up,1153,2002,1802,0,0,12.1,42,16640
up,1153,2002,1802,0,0,12.1,42,16640
up,1154,2002,1802,0,0,12.1,42,16640
up,1154,2002,1802,0,0,12.1,42,16640
up,1155,2002,1802,0,0,12.1,42,16640
up,1155,2002,1802,0,0,12.1,42,16640
up,1156,2002,1802,0,0,12.1,42,16640
up,1156,2002,1802,0,0,12.1,42,16640
up,1157,2002,1802,0,0,12.1,42,16640
up,1157,2002,1802,0,0,12.1,42,16640
up,1158,2002,1802,0,0,12.1,42,16640
up,1158,2002,1802,0,0,12.1,42,16640
up,1159,2002,1802,0,0,12.1,42,16640
up,1159,2002,1802,0,0,12.1,42,16640
up,1160,2002,1802,0,0,12.1,42,16640
up,1160,2002,1802,0,0,12.1,42,16640
up,1160,2002,1802,0,0,12.1,42,16640
up,1161,2002,1802,0,0,12.1,42,16640
up,1161,2002,1802,0,0,12.1,42,16640
up,1162,2002,1802,0,0,12.1,42,16640
up,1162,2002,1802,0,0,12.1,42,16640
up,1163,2002,1802,0,0,12.1,42,16640
up,1163,2002,1802,0,0,12.1,42,16640
up,1164,2002,1802,0,0,12.1,42,16640
up,1164,2002,1802,0,0,12.1,42,16640
up,1165,2002,1802,0,0,12.1,42,16640
up,1165,2002,1802,0,0,12.1,42,16640
up,1166,2002,1802,0,0,12.1,42,16640
up,1166,2002,1802,0,0,12.1,42,16640
up,1167,2002,1802,0,0,12.1,42,16640
up,1167,2002,1802,0,0,12.1,42,16640
up,1167,2002,1802,0,0,12.1,42,16640
up,1168,2002,1802,0,0,12.1,42,16640
up,1168,2002,1802,0,0,12.1,42,16640
up,1169,2002,1802,0,0,12.1,42,16640
up,1169,2002,1802,0,0,12.1,42,16640
up,1170,2002,1802,0,0,12.1,42,16640
up,1170,2002,1802,0,0,12.1,42,16640
up,1171,2002,1802,0,0,12.1,42,16640
up,1171,2002,1802,0,0,12.1,42,16640
up,1172,2002,1802,0,0,12.1,42,16640
up,1172,2002,1802,0,0,12.1,42,16640
up,1173,2002,1802,0,0,12.1,42,16640
up,1173,2002,1802,0,0,12.1,42,16640
up,1173,2002,1802,0,0,12.1,42,16640
up,1174,2002,1802,0,0,12.1,42,16640
up,1174,2002,1802,0,0,12.1,42,16640
up,1175,2002,1802,0,0,12.1,42,16640
up,1175,2002,1802,0,0,12.1,42,16640
up,1176,2002,1802,0,0,12.1,42,16640
up,1176,2002,1802,0,0,12.1,42,16640
up,1177,2002,1802,0,0,12.1,42,16640
up,1177,2002,1802,0,0,12.1,42,16640
up,1178,2002,1802,0,0,12.1,42,16640
up,1178,2002,1802,0,0,12.1,42,16640
up,1179,2002,1802,0,0,12.1,42,16640
up,1179,2002,1802,0,0,12.1,42,16640
up,1180,2002,1802,0,0,12.1,42,16640
up,1180,2002,1802,0,0,12.1,42,16640
up,1181,2002,1802,0,0,12.1,42,16640
up,1181,2002,1802,0,0,12.1,42,16640
up,1182,2002,1802,0,0,12.1,42,16640
up,1182,2002,1802,0,0,12.1,42,16640
up,1183,2002,1802,0,0,12.1,42,16640
up,1183,2002,1802,0,0,12.1,42,16640
up,1184,2002,1802,0,0,12.1,42,16640
up,1184,2002,1802,0,0,12.1,42,16640
up,1185,2002,1802,0,0,12.1,42,16640
up,1185,2002,1802,0,0,12.1,42,16640
up,1186,2002,1802,0,0,12.1,42,16640
up,1186,2002,1802,0,0,12.1,42,16640
up,1187,2002,1802,0,0,12.1,42,16640
up,1187,2002,1802,0,0,12.1,42,16640
up,1187,2002,1802,0,0,12.1,42,16640
up,1188,2002,1802,0,0,12.1,42,16640
up,1188,2002,1802,0,0,12.1,42,16640
up,1189,2002,1802,0,0,12.1,42,16640
up,1189,2002,1802,0,0,12.1,42,16640
up,1190,2002,1802,0,0,12.1,42,16640
up,1190,2002,1802,0,0,12.1,42,16640
up,1191,2002,1802,0,0,12.1,42,16640
up,1191,2002,1802,0,0,12.1,42,16640
up,1192,2002,1802,0,0,12.1,42,16640
up,1192,2002,1802,0,0,12.1,42,16640
up,1193,2002,1802,0,0,12.1,42,16640
up,1193,2002,1802,0,0,12.1,42,16640
up,1194,2002,1802,0,0,12.1,42,16640
up,1194,2002,1802,0,0,12.1,42,16640
up,1195,2002,1802,0,0,12.1,42,16640
up,1195,2002,1802,0,0,12.1,42,16640
up,1196,2002,1802,0,0,12.1,42,16640
up,1196,2002,1802,0,0,12.1,42,16640
up,1197,2002,1802,0,0,12.1,42,16640
up,1198,2002,1802,0,0,12.1,42,16640
up,1198,2002,1802,0,0,12.1,42,16640
up,1199,2002,1802,0,0,12.1,42,16640
up,1199,2002,1802,0,0,12.1,42,16640
up,1200,2002,1802,0,0,12.1,42,16640
up,1200,2002,1802,0,0,12.1,42,16640
up,1201,2002,1802,0,0,12.1,42,16640
up,1201,2002,1802,0,0,12.1,42,16640
up,1202,2002,1802,0,0,12.1,42,16640
up,1202,2002,1802,0,0,12.1,42,16640
up,1202,2002,1802,0,0,12.1,42,16640
up,1203,2002,1802,0,0,12.1,42,16640
up,1203,2002,1802,0,0,12.1,42,16640
up,1204,2002,1802,0,0,12.1,42,16640
up,1204,2002,1802,0,0,12.1,42,16640
up,1205,2002,1802,0,0,12.1,42,16640
up,1205,2002,1802,0,0,12.1,42,16640
up,1206,2002,1802,0,0,12.1,42,16640
up,1206,2002,1802,0,0,12.1,42,16640
up,1207,2002,1802,0,0,12.1,42,16640
up,1207,2002,1802,0,0,12.1,42,16640
up,1208,2002,1802,0,0,12.1,42,16640
up,1208,2002,1802,0,0,12.1,42,16640
up,1208,2002,1802,0,0,12.1,42,16640
up,1209,2002,1802,0,0,12.1,42,16640
up,1209,2002,1802,0,0,12.1,42,16640
up,1210,2002,1802,0,0,12.1,42,16640
up,1210,2002,1802,0,0,12.1,42,16640
up,1211,2002,1802,0,0,12.1,42,16640
up,1211,2002,1802,0,0,12.1,42,16640
up,1212,2002,1802,0,0,12.1,42,16640
up,1212,2002,1802,0,0,12.1,42,16640
up,1213,2002,1802,0,0,12.1,42,16640
up,1213,2002,1802,0,0,12.1,42,16640
up,1214,2002,1802,0,0,12.1,42,16640
up,1214,2002,1802,0,0,12.1,42,16640
up,1215,2002,1802,0,0,12.1,42,16640
up,1215,2002,1802,0,0,12.1,42,16640
up,1216,2002,1802,0,0,12.1,42,16640
up,1216,2002,1802,0,0,12.1,42,16640
up,1217,2002,1802,0,0,12.1,42,16640
up,1217,2002,1802,0,0,12.1,42,16640
up,1218,2002,1802,0,0,12.1,42,16640
up,1218,2002,1802,0,0,12.2,42,16640
up,1219,2002,1802,0,0,12.2,42,16640
up,1219,2002,1802,0,0,12.1,42,16640
up,1220,2002,1802,0,0,12.1,42,16640
up,1220,2002,1802,0,0,12.1,42,16640
up,1221,2002,1802,0,0,12.1,42,16640
up,1221,2002,1802,0,0,12.1,42,16640
up,1221,2002,1802,0,0,12.1,42,16640
up,1222,2002,1802,0,0,12.1,42,16640
up,1222,2002,1802,0,0,12.1,42,16640
up,1223,2002,1802,0,0,12.1,42,16640
up,1223,2002,1802,0,0,12.1,42,16640
up,1224,2002,1802,0,0,12.1,42,16640
up,1224,2002,1802,0,0,12.1,42,16640
up,1225,2002,1802,0,0,12.1,42,16640
up,1225,2002,1802,0,0,12.1,42,16640
up,1226,2002,1802,0,0,12.1,42,16640
up,1226,2002,1802,0,0,12.1,42,16640
up,1227,2002,1802,0,0,12.1,42,16640
up,1227,2002,1802,0,0,12.1,42,16640
up,1228,2002,1802,0,0,12.1,42,16640
up,1228,2002,1802,0,0,12.1,42,16640
up,1228,2002,1802,0,0,12.1,42,16640
up,1229,2002,1802,0,0,12.1,42,16640
up,1229,2002,1802,0,0,12.1,42,16640
up,1230,2002,1802,0,0,12.1,42,16640
up,1230,2002,1802,0,0,12.1,42,16640
up,1231,2002,1802,0,0,12.1,42,16640
up,1232,2002,1802,0,0,12.1,42,16640
up,1232,2002,1802,0,0,12.1,42,16640
up,1233,2002,1802,0,0,12.1,42,16640
up,1233,2002,1802,0,0,12.1,42,16640
up,1234,2002,1802,0,0,12.1,42,16640
up,1234,2002,1802,0,0,12.1,42,16640
up,1234,2002,1802,0,0,12.1,42,16640
up,1235,2002,1802,0,0,12.1,42,16640
up,1235,2002,1802,0,0,12.1,42,16640
up,1236,2002,1802,0,0,12.1,42,16640
up,1236,2002,1802,0,0,12.1,42,16640
up,1237,2002,1802,0,0,12.1,42,16640
up,1237,2002,1802,0,0,12.1,42,16640
up,1238,2002,1802,0,0,12.1,42,16640
up,1238,2002,1802,0,0,12.1,42,16640
up,1239,2002,1802,0,0,12.1,42,16640
up,1239,2002,1802,0,0,12.1,42,16640
up,1240,2002,1802,0,0,12.1,42,16640
up,1240,2002,1802,0,0,12.1,42,16640
up,1241,2002,1802,0,0,12.1,41,16640
up,1241,2002,1802,0,0,12.1,41,16640
up,1242,2002,1802,0,0,12.1,42,16640
up,1242,2002,1802,0,0,12.1,42,16640
up,1243,2002,1802,0,0,12.1,42,16640
up,1243,2002,1802,0,0,12.1,42,16640
up,1244,2002,1802,0,0,12.1,42,16640
up,1244,2002,1802,0,0,12.1,42,16640
up,1245,2002,1802,0,0,12.1,42,16640
up,1245,2002,1802,0,0,12.1,42,16640
up,1246,2002,1802,0,0,12.1,42,16640
up,1246,2002,1802,0,0,12.1,42,16640
up,1247,2002,1802,0,0,12.1,42,16640
up,1247,2002,1802,0,0,12.1,42,16640
up,1248,2002,1802,0,0,12.1,42,16640
up,1248,2002,1802,0,0,12.1,42,16640
up,1249,2002,1802,0,0,12.1,42,16640
up,1249,2002,1802,0,0,12.1,42,16640
up,1250,2002,1802,0,0,12.1,42,16640
up,1250,2002,1802,0,0,12.1,42,16640
up,1251,2002,1802,0,0,12.1,42,16640
up,1251,2002,1802,0,0,12.1,42,16640
up,1252,2002,1802,0,0,12.1,42,16640
up,1252,2002,1802,0,0,12.1,42,16640
up,1253,2002,1802,0,0,12.1,42,16640
up,1253,2002,1802,0,0,12.1,42,16640
up,1254,2002,1802,0,0,12.1,42,16640
up,1254,2002,1802,0,0,12.1,42,16640
up,1255,2002,1802,0,0,12.1,42,16640
up,1255,2002,1802,0,0,12.1,42,16640
up,1256,2002,1802,0,0,12.1,42,16640
up,1256,2002,1802,0,0,12.1,42,16640
up,1257,2002,1802,0,0,12.1,42,16640
up,1257,2002,1802,0,0,12.1,42,16640
up,1258,2002,1802,0,0,12.1,42,16640
up,1258,2002,1802,0,0,12.1,42,16640
up,1259,2002,1802,0,0,12.1,42,16640
up,1259,2002,1802,0,0,12.1,42,16640
up,1260,2002,1802,0,0,12.1,42,16640
up,1260,2002,1802,0,0,12.1,42,16640
up,1261,2002,1802,0,0,12.1,42,16640
up,1261,2002,1802,0,0,12.1,42,16640
up,1262,2002,1802,0,0,12.1,42,16640
up,1263,2002,1802,0,0,12.1,42,16640
up,1263,2002,1802,0,0,12.1,42,16640
up,1263,2002,1802,0,0,12.1,42,16640
up,1264,2002,1802,0,0,12.1,41,16640
up,1264,2002,1802,0,0,12.1,41,16640
up,1265,2002,1802,0,0,12.1,42,16640
up,1265,2002,1802,0,0,12.1,42,16640
up,1266,2002,1802,0,0,12.1,42,16640
up,1266,2002,1802,0,0,12.1,42,16640
up,1267,2002,1802,0,0,12.1,42,16640
up,1267,2002,1802,0,0,12.1,42,16640
up,1268,2002,1802,0,0,12.1,42,16640
up,1268,2002,1802,0,0,12.1,42,16640
up,1269,2002,1802,0,0,12.1,42,16640
up,1269,2002,1802,0,0,12.1,42,16640
up,1270,2002,1802,0,0,12.1,42,16640
up,1270,2002,1802,0,0,12.1,42,16640
up,1271,2002,1802,0,0,12.1,42,16640
up,1271,2002,1802,0,0,12.1,42,16640
up,1271,2002,1802,0,0,12.1,42,16640
up,1272,2002,1802,0,0,12.1,42,16640
up,1272,2002,1802,0,0,12.1,42,16640
up,1273,2002,1802,0,0,12.1,42,16640
up,1273,2002,1802,0,0,12.1,42,16640
up,1274,2002,1802,0,0,12.1,42,16640
up,1274,2002,1802,0,0,12.1,42,16640
up,1275,2002,1802,0,0,12.1,42,16640
up,1275,2002,1802,0,0,12.1,42,16640
up,1276,2002,1802,0,0,12.1,42,16640
up,1276,2002,1802,0,0,12.1,42,16640
up,1277,2002,1802,0,0,12.1,42,16640
up,1277,2002,1802,0,0,12.1,42,16640
up,1278,2002,1802,0,0,12.1,42,16640
up,1278,2002,1802,0,0,12.1,42,16640
up,1279,2002,1802,0,0,12.1,42,16640
up,1279,2002,1802,0,0,12.1,42,16640
up,1280,2002,1802,0,0,12.1,42,16640
up,1280,2002,1802,0,0,12.1,42,16640
up,1281,2002,1802,0,0,12.1,42,16640
up,1281,2002,1802,0,0,12.1,42,16640
up,1282,2002,1802,0,0,12.1,42,16640
up,1282,2002,1802,0,0,12.1,42,16640
up,1283,2002,1802,0,0,12.1,42,16640
up,1283,2002,1802,0,0,12.1,42,16640
up,1284,2002,1802,0,0,12.1,42,16640
up,1284,2002,1802,0,0,12.1,42,16640
up,1285,2002,1802,0,0,12.1,42,16640
up,1285,2002,1802,0,0,12.1,42,16640
up,1286,2002,1802,0,0,12.1,42,16640
up,1286,2002,1802,0,0,12.1,42,16640
up,1287,2002,1802,0,0,12.1,42,16640
up,1287,2002,1802,0,0,12.1,42,16640
up,1288,2002,1802,0,0,12.1,42,16640
up,1288,2002,1802,0,0,12.1,42,16640
up,1289,2002,1802,0,0,12.1,42,16640
up,1289,2002,1802,0,0,12.1,42,16640
up,1290,2002,1802,0,0,12.1,42,16640
up,1290,2002,1802,0,0,12.1,42,16640
up,1290,2002,1802,0,0,12.1,42,16640
up,1291,2002,1802,0,0,12.1,42,16640
up,1291,2002,1802,0,0,12.1,42,16640
up,1292,2002,1802,0,0,12.2,42,16640
up,1292,2002,1802,0,0,12.2,42,16640
up,1293,2002,1802,0,0,12.1,42,16640
up,1293,2002,1802,0,0,12.1,42,16640
up,1294,2002,1802,0,0,12.1,42,16640
up,1294,2002,1802,0,0,12.1,42,16640
up,1295,2002,1802,0,0,12.1,42,16640
up,1295,2002,1802,0,0,12.1,42,16640
up,1296,2002,1802,0,0,12.1,42,16640
up,1296,2002,1802,0,0,12.1,42,16640
up,1297,2002,1802,0,0,12.1,42,16640
up,1297,2002,1802,0,0,12.1,42,16640
up,1298,2002,1802,0,0,12.1,42,16640
up,1298,2002,1802,0,0,12.1,42,16640
up,1299,2002,1802,0,0,12.1,42,16640
up,1299,2002,1802,0,0,12.1,42,16640
up,1300,2002,1802,0,0,12.1,42,16640
up,1300,2002,1802,0,0,12.1,42,16640
up,1301,2002,1802,0,0,12.1,42,16640
up,1301,2002,1802,0,0,12.1,42,16640
up,1302,2002,1802,0,0,12.1,42,16640
up,1302,2002,1802,0,0,12.1,42,16640
up,1303,2002,1802,0,0,12.1,42,16640
up,1303,2002,1802,0,0,12.1,42,16640
up,1304,2002,1802,0,0,12.1,42,16640
up,1304,2002,1802,0,0,12.1,42,16640
up,1305,2002,1802,0,0,12.1,42,16640
up,1305,2002,1802,0,0,12.1,42,16640
up,1306,2002,1802,0,0,12.1,42,16640
up,1307,2002,1802,0,0,12.1,42,16640
up,1307,2002,1802,0,0,12.1,42,16640
up,1308,2002,1802,0,0,12.1,42,16640
up,1308,2002,1802,0,0,12.1,42,16640
up,1309,2002,1802,0,0,12.1,42,16640
up,1309,2002,1802,0,0,12.1,42,16640
up,1310,2002,1802,0,0,12.1,42,16640
up,1310,2002,1802,0,0,12.1,42,16640
up,1311,2002,1802,0,0,12.1,42,16640
up,1311,2002,1802,0,0,12.1,42,16640
up,1312,2002,1802,0,0,12.1,42,16640
up,1312,2002,1802,0,0,12.1,42,16640
up,1313,2002,1802,0,0,12.1,42,16640
up,1313,2002,1802,0,0,12.1,42,16640
up,1314,2002,1802,0,0,12.1,42,16640
up,1314,2002,1802,0,0,12.1,42,16640
up,1315,2002,1802,0,0,12.1,42,16640
up,1315,2002,1802,0,0,12.1,42,16640
up,1316,2002,1802,0,0,12.1,42,16640
up,1317,2002,1802,0,0,12.1,42,16640
up,1317,2002,1802,0,0,12.1,42,16640
up,1318,2002,1802,0,0,12.1,42,16640
up,1318,2002,1802,0,0,12.1,42,16640
up,1318,2002,1802,0,0,12.1,42,16640
up,1319,2002,1802,0,0,12.1,42,16640
up,1319,2002,1802,0,0,12.1,42,16640
up,1320,2002,1802,0,0,12.1,42,16640
up,1320,2002,1802,0,0,12.1,42,16640
up,1321,2002,1802,0,0,12.1,42,16640
up,1321,2002,1802,0,0,12.1,42,16640
up,1322,2002,1802,0,0,12.1,42,16640
up,1322,2002,1802,0,0,12.1,42,16640
up,1323,2002,1802,0,0,12.1,42,16640
up,1323,2002,1802,0,0,12.1,42,16640
up,1324,2002,1802,0,0,12.1,42,16640
up,1324,2002,1802,0,0,12.1,42,16640
up,1325,2002,1802,0,0,12.1,42,16640
up,1325,2002,1802,0,0,12.1,42,16640
up,1326,2002,1802,0,0,12.1,42,16640
up,1326,2002,1802,0,0,12.1,42,16640
up,1327,2002,1802,0,0,12.1,42,16640
up,1327,2002,1802,0,0,12.1,42,16640
up,1328,2002,1802,0,0,12.1,42,16640
up,1328,2002,1802,0,0,12.1,42,16640
up,1329,2002,1802,0,0,12.1,41,16640
up,1329,2002,1802,0,0,12.1,41,16640
up,1330,2002,1802,0,0,12.1,42,16640
up,1330,2002,1802,0,0,12.1,42,16640
up,1331,2002,1802,0,0,12.1,42,16640
up,1331,2002,1802,0,0,12.1,42,16640
up,1332,2002,1802,0,0,12.1,42,16640
up,1332,2002,1802,0,0,12.1,42,16640
up,1333,2002,1802,0,0,12.1,42,16640
up,1333,2002,1802,0,0,12.1,42,16640
up,1334,2002,1802,0,0,12.1,42,16640
up,1334,2002,1802,0,0,12.1,42,16640
up,1335,2002,1802,0,0,12.1,42,16640
up,1335,2002,1802,0,0,12.1,42,16640
up,1336,2002,1802,0,0,12.1,42,16640
up,1336,2002,1802,0,0,12.1,42,16640
up,1337,2002,1802,0,0,12.1,42,16640
up,1337,2002,1802,0,0,12.1,42,16640
up,1338,2002,1802,0,0,12.1,42,16640
up,1338,2002,1802,0,0,12.1,42,16640
up,1339,2002,1802,0,0,12.1,42,16640
up,1339,2002,1802,0,0,12.1,42,16640
up,1340,2002,1802,0,0,12.1,42,16640
up,1340,2002,1802,0,0,12.1,42,16640
up,1341,2002,1802,0,0,12.1,42,16640
up,1341,2002,1802,0,0,12.1,42,16640
up,1342,2002,1802,0,0,12.1,42,16640
up,1342,2002,1802,0,0,12.1,42,16640
up,1343,2002,1802,0,0,12.1,42,16640
up,1343,2002,1802,0,0,12.1,42,16640
up,1344,2002,1802,0,0,12.1,42,16640
up,1344,2002,1802,0,0,12.1,42,16640
up,1345,2002,1802,0,0,12.1,42,16640
up,1345,2002,1802,0,0,12.1,42,16640
up,1346,2002,1802,0,0,12.1,42,16640
up,1346,2002,1802,0,0,12.1,42,16640
up,1346,2002,1802,0,0,12.1,42,16640
up,1347,2002,1802,0,0,12.1,42,16640
up,1347,2002,1802,0,0,12.1,42,16640
up,1348,2002,1802,0,0,12.1,42,16640
up,1348,2002,1802,0,0,12.1,42,16640
up,1349,2002,1802,0,0,12.1,42,16640
up,1350,2002,1802,0,0,12.1,42,16640
up,1350,2002,1802,0,0,12.1,42,16640
up,1351,2002,1802,0,0,12.1,42,16640
up,1351,2002,1802,0,0,12.1,42,16640
up,1352,2002,1802,0,0,12.1,42,16640
up,1352,2002,1802,0,0,12.1,42,16640
up,1353,2002,1802,0,0,12.1,42,16640
up,1353,2002,1802,0,0,12.1,42,16640
up,1354,2002,1802,0,0,12.1,42,16640
up,1355,2002,1802,0,0,12.1,42,16640
up,1355,2002,1802,0,0,12.1,42,16640
up,1356,2002,1802,0,0,12.1,42,16640
up,1356,2002,1802,0,0,12.1,42,16640
up,1357,2002,1802,0,0,12.1,42,16640
up,1357,2002,1802,0,0,12.1,42,16640
up,1358,2002,1802,0,0,12.1,42,16640
up,1359,2002,1802,0,0,12.1,42,16640
up,1359,2002,1802,0,0,12.1,42,16640
up,1360,2002,1802,0,0,12.1,42,16640
up,1360,2002,1802,0,0,12.1,42,16640
up,1361,2002,1802,0,0,12.1,41,16640
up,1361,2002,1802,0,0,12.1,42,16640
up,1362,2002,1802,0,0,12.1,42,16640
up,1362,2002,1802,0,0,12.1,42,16640
up,1363,2002,1802,0,0,12.1,42,16640
up,1363,2002,1802,0,0,12.1,42,16640
up,1364,2002,1802,0,0,12.1,42,16640
up,1364,2002,1802,0,0,12.1,42,16640
up,1365,2002,1802,0,0,12.1,42,16640
up,1366,2002,1802,0,0,12.1,42,16640
up,1366,2002,1802,0,0,12.1,42,16640
up,1367,2002,1802,0,0,12.1,42,16640
up,1367,2002,1802,0,0,12.1,42,16640
up,1368,2002,1802,0,0,12.1,42,16640
up,1369,2002,1802,0,0,12.1,42,16640
up,1369,2002,1802,0,0,12.1,42,16640
up,1370,2002,1802,0,0,12.1,42,16640
up,1370,2002,1802,0,0,12.1,42,16640
up,1371,2002,1802,0,0,12.1,42,16640
up,1372,2002,1802,0,0,12.1,42,16640
up,1372,2002,1802,0,0,12.1,42,16640
up,1373,2002,1802,0,0,12.1,42,16640
up,1373,2002,1802,0,0,12.1,42,16640
up,1374,2002,1802,0,0,12.1,42,16640
up,1375,2002,1802,0,0,12.1,42,16640
up,1375,2002,1802,0,0,12.1,42,16640
up,1376,2002,1802,0,0,12.1,42,16640
up,1376,2002,1802,0,0,12.1,42,16640
up,1377,2002,1802,0,0,12.1,42,16640
up,1377,2002,1802,0,0,12.1,42,16640
up,1378,2002,1802,0,0,12.1,42,16640
up,1379,2002,1802,0,0,12.1,42,16640
up,1379,2002,1802,0,0,12.1,42,16640
up,1380,2002,1802,0,0,12.1,42,16640
up,1380,2002,1802,0,0,12.1,42,16640
up,1380,2002,1802,0,0,12.1,42,16640
up,1381,2002,1802,0,0,12.1,42,16640
up,1381,2002,1802,0,0,12.2,42,16640
up,1382,2002,1802,0,0,12.2,42,16640
up,1382,2002,1802,0,0,12.1,42,16640
up,1383,2002,1802,0,0,12.1,42,16640
up,1383,2002,1802,0,0,12.1,42,16640
up,1384,2002,1802,0,0,12.1,42,16640
up,1384,2002,1802,0,0,12.1,42,16640
up,1385,2002,1802,0,0,12.1,42,16640
up,1385,2002,1802,0,0,12.1,42,16640
up,1386,2002,1802,0,0,12.1,42,16640
up,1386,2002,1802,0,0,12.1,42,16640
up,1387,2002,1802,0,0,12.1,42,16640
up,1388,2002,1802,0,0,12.1,42,16640
up,1388,2002,1802,0,0,12.1,42,16640
up,1389,2002,1802,0,0,12.1,42,16640
up,1389,2002,1802,0,0,12.1,42,16640
up,1390,2002,1802,0,0,12.1,42,16640
up,1390,2002,1802,0,0,12.1,42,16640
up,1391,2002,1802,0,0,12.1,42,16640
up,1392,2002,1802,0,1,12.1,42,16640
up,1392,2002,1802,0,0,12.1,42,16640
up,1393,2002,1802,0,0,12.1,42,16640
up,1394,2002,1802,0,0,12.1,42,16640
up,1394,2002,1802,0,0,12.1,42,16640
up,1395,2002,1802,0,0,12.1,42,16640
up,1395,2002,1802,0,0,12.1,42,16640
up,1396,2002,1802,0,0,12.1,42,16640
up,1396,2002,1802,0,0,12.1,42,16640
up,1397,2002,1802,0,0,12.1,42,16640
up,1397,2002,1802,0,0,12.1,42,16640
up,1397,2002,1802,0,0,12.1,42,16640
up,1398,2002,1802,0,0,12.1,42,16640
up,1398,2002,1802,0,0,12.1,41,16640
up,1399,2002,1802,0,0,12.1,41,16640
up,1399,2002,1802,0,0,12.1,42,16640
up,1400,2002,1802,0,0,12.1,42,16640
up,1400,2002,1802,0,0,12.1,42,16640
up,1401,2002,1802,0,0,12.1,42,16640
up,1401,2002,1802,0,0,12.1,42,16640
up,1402,2002,1802,0,0,12.1,42,16640
up,1402,2002,1802,0,0,12.1,42,16640
up,1403,2002,1802,0,0,12.2,42,16640
up,1403,2002,1802,0,0,12.2,42,16640
up,1404,2002,1802,0,0,12.1,42,16640
up,1404,2002,1802,0,0,12.1,42,16640
up,1405,2002,1802,0,0,12.1,42,16640
up,1406,2002,1802,0,0,12.1,42,16640
up,1406,2002,1802,0,0,12.1,42,16640
up,1407,2002,1802,0,0,12.1,42,16640
up,1407,2002,1802,0,0,12.1,42,16640
up,1408,2002,1802,0,0,12.1,42,16640
up,1408,2002,1802,0,0,12.1,42,16640
up,1409,2002,1802,0,0,12.1,42,16640
up,1410,2002,1802,0,0,12.1,42,16640
up,1410,2002,1802,0,0,12.1,42,16640
up,1411,2002,1802,0,0,12.1,42,16640
up,1411,2002,1802,0,0,12.1,42,16640
up,1412,2002,1802,0,0,12.1,42,16640
up,1412,2002,1802,0,0,12.1,42,16640
up,1413,2002,1802,0,0,12.1,42,16640
up,1413,2002,1802,0,0,12.1,42,16640
up,1414,2002,1802,0,0,12.1,42,16640
up,1414,2002,1802,0,0,12.1,42,16640
up,1415,2002,1802,0,0,12.1,42,16640
up,1415,2002,1802,0,0,12.1,42,16640
up,1416,2002,1802,0,0,12.1,42,16640
up,1416,2002,1802,0,0,12.1,42,16640
up,1417,2002,1802,0,0,12.1,42,16640
up,1417,2002,1802,0,0,12.1,42,16640
up,1417,2002,1802,0,0,12.1,42,16640
up,1418,2002,1802,0,0,12.1,42,16640
up,1418,2002,1802,0,0,12.1,42,16640
up,1419,2002,1802,0,0,12.1,42,16640
up,1419,2002,1802,0,0,12.1,42,16640
up,1420,2002,1802,0,0,12.1,42,16640
up,1420,2002,1802,0,0,12.1,42,16640
up,1421,2002,1802,0,0,12.1,42,16640
up,1421,2002,1802,0,0,12.1,42,16640
up,1422,2002,1802,0,0,12.1,42,16640
up,1422,2002,1802,0,0,12.1,42,16640
up,1423,2002,1802,0,0,12.1,42,16640
up,1423,2002,1802,0,0,12.1,42,16640
up,1424,2002,1802,0,0,12.1,42,16640
up,1424,2002,1802,0,0,12.1,42,16640
up,1425,2002,1802,0,0,12.1,42,16640
up,1426,2002,1802,0,0,12.1,42,16640
up,1426,2002,1802,0,0,12.1,42,16640
up,1427,2002,1802,0,0,12.1,42,16640
up,1427,2002,1802,0,0,12.1,42,16640
up,1428,2002,1802,0,0,12.1,42,16640
up,1429,2002,1802,0,0,12.1,42,16640
up,1429,2002,1802,0,0,12.1,42,16640
up,1429,2002,1802,0,0,12.1,42,16640
up,1430,2002,1802,0,0,12.1,42,16640
up,1430,2002,1802,0,0,12.1,42,16640
up,1431,2002,1802,0,0,12.1,42,16640
up,1431,2002,1802,0,0,12.1,42,16640
up,1432,2002,1802,0,0,12.1,42,16640
up,1432,2002,1802,0,0,12.1,42,16640
up,1433,2002,1802,0,0,12.1,42,16640
up,1433,2002,1802,0,0,12.1,42,16640
up,1434,2002,1802,0,0,12.1,42,16640
up,1434,2002,1802,0,0,12.1,42,16640
up,1434,2002,1802,0,0,12.1,42,16640
up,1435,2002,1802,0,0,12.1,42,16640
up,1435,2002,1802,0,0,12.1,42,16640
up,1436,2002,1802,0,0,12.1,42,16640
up,1436,2002,1802,0,0,12.1,42,16640
up,1437,2002,1802,0,0,12.1,42,16640
up,1437,2002,1802,0,0,12.1,42,16640
up,1438,2002,1802,0,0,12.1,42,16640
up,1438,2002,1802,0,0,12.1,42,16640
up,1439,2002,1802,0,0,12.1,42,16640
up,1439,2002,1802,0,0,12.1,42,16640
up,1440,2002,1802,0,0,12.1,42,16640
up,1440,2002,1802,0,0,12.1,42,16640
up,1441,2002,1802,0,0,12.1,42,16640
up,1442,2002,1802,0,0,12.1,42,16640
up,1442,2002,1802,0,0,12.1,42,16640
up,1443,2002,1802,0,0,12.1,42,16640
up,1443,2002,1802,0,0,12.1,42,16640
up,1444,2002,1802,0,0,12.1,42,16640
up,1444,2002,1802,0,0,12.1,42,16640
up,1445,2002,1802,0,0,12.1,42,16640
up,1445,2002,1802,0,0,12.1,42,16640
up,1446,2002,1802,0,0,12.1,42,16640
up,1446,2002,1802,0,0,12.1,42,16640
up,1447,2002,1802,0,0,12.1,42,16640
up,1447,2002,1802,0,0,12.1,42,16640
up,1448,2002,1802,0,0,12.1,42,16640
up,1448,2002,1802,0,0,12.1,42,16640
up,1449,2002,1802,0,0,12.1,42,16640
up,1449,2002,1802,0,0,12.1,42,16640
up,1450,2002,1802,0,0,12.1,42,16640
up,1450,2002,1802,0,0,12.1,42,16640
up,1450,2002,1802,0,0,12.1,42,16640
up,1451,2002,1802,0,0,12.1,42,16640
up,1451,2002,1802,0,0,12.1,42,16640
up,1452,2002,1802,0,0,12.1,42,16640
up,1452,2002,1802,0,0,12.1,42,16640
up,1453,2002,1802,0,0,12.1,42,16640
up,1453,2002,1802,0,0,12.1,42,16640
up,1454,2002,1802,0,0,12.1,42,16640
up,1454,2002,1802,0,0,12.1,42,16640
up,1454,2002,1802,0,0,12.1,42,16640
up,1455,2002,1802,0,0,12.1,42,16640
up,1455,2002,1802,0,0,12.1,42,16640
up,1456,2002,1802,0,0,12.1,42,16640
up,1456,2002,1802,0,0,12.1,42,16640
up,1457,2002,1802,0,0,12.1,42,16640
up,1457,2002,1802,0,0,12.1,42,16640
up,1458,2002,1802,0,0,12.1,42,16640
up,1458,2002,1802,0,0,12.1,42,16640
up,1459,2002,1802,0,0,12.1,42,16640
up,1460,2002,1802,0,0,12.1,42,16640
up,1461,2002,1802,0,0,12.1,42,16640
up,1462,2002,1802,0,0,12.1,42,16640
up,1462,2002,1802,0,0,12.1,42,16640
up,1463,2002,1802,0,0,12.1,42,16640
up,1463,2002,1802,0,0,12.1,42,16640
up,1463,2002,1802,0,0,12.1,42,16640
up,1464,2002,1802,0,0,12.1,42,16640
up,1464,2002,1802,0,0,12.1,42,16640
up,1465,2002,1802,0,0,12.1,42,16640
up,1465,2002,1802,0,0,12.1,42,16640
up,1466,2002,1802,0,0,12.1,42,16640
up,1466,2002,1802,0,0,12.1,42,16640
up,1467,2002,1802,0,0,12.1,42,16640
up,1467,2002,1802,0,0,12.1,42,16640
up,1468,2002,1802,0,0,12.1,42,16640
up,1468,2002,1802,0,0,12.1,42,16640
up,1469,2002,1802,0,0,12.1,42,16640
up,1469,2002,1802,0,0,12.1,42,16640
up,1469,2002,1802,0,0,12.1,42,16640
up,1470,2002,1802,0,0,12.1,42,16640
up,1470,2002,1802,0,0,12.1,42,16640
up,1471,2002,1802,0,0,12.1,42,16640
up,1471,2002,1802,0,0,12.1,42,16640
up,1472,2002,1802,0,0,12.1,42,16640
up,1472,2002,1802,0,0,12.1,42,16640
up,1473,2002,1802,0,0,12.1,42,16640
up,1473,2002,1802,0,0,12.1,42,16640
up,1474,2002,1802,0,0,12.1,42,16640
up,1474,2002,1802,0,0,12.1,42,16640
up,1475,2002,1802,0,0,12.1,42,16640
up,1475,2002,1802,0,0,12.1,42,16640
up,1476,2002,1802,0,0,12.1,42,16640
up,1477,2002,1802,0,0,12.1,42,16640
up,1477,2002,1802,0,0,12.1,42,16640
up,1478,2002,1802,0,0,12.1,42,16640
up,1478,2002,1802,0,0,12.1,42,16640
up,1479,2002,1802,0,0,12.1,42,16640
up,1479,2002,1802,0,0,12.1,42,16640
up,1480,2002,1802,0,0,12.1,42,16640
up,1480,2002,1802,0,0,12.1,42,16640
up,1481,2002,1802,0,0,12.1,42,16640
up,1481,2002,1802,0,0,12.1,42,16640
up,1481,2002,1802,0,0,12.1,42,16640
up,1482,2002,1802,0,0,12.1,42,16640
up,1482,2002,1802,0,0,12.1,42,16640
up,1483,2002,1802,0,0,12.1,42,16640
up,1483,2002,1802,0,0,12.1,42,16640
up,1484,2002,1802,0,0,12.1,42,16640
up,1484,2002,1802,0,0,12.1,42,16640
up,1485,2002,1802,0,0,12.1,42,16640
up,1485,2002,1802,0,0,12.1,42,16640
up,1485,2002,1802,0,0,12.1,42,16640
up,1486,2002,1802,0,0,12.1,42,16640
up,1486,2002,1802,0,0,12.1,42,16640
up,1487,2002,1802,0,0,12.1,42,16640
up,1487,2002,1802,0,0,12.1,42,16640
up,1488,2002,1802,0,0,12.1,42,16640
up,1488,2002,1802,0,0,12.1,42,16640
up,1489,2002,1802,0,0,12.1,42,16640
up,1489,2002,1802,0,0,12.1,42,16640
up,1490,2002,1802,0,0,12.1,42,16640
up,1490,2002,1802,0,0,12.1,42,16640
up,1491,2002,1802,0,0,12.1,42,16640
up,1491,2002,1802,0,0,12.1,42,16640
up,1491,2002,1802,0,0,12.1,42,16640
up,1492,2002,1802,0,0,12.1,42,16640
up,1492,2002,1802,0,0,12.1,42,16640
up,1493,2002,1802,0,0,12.1,42,16640
up,1493,2002,1802,0,0,12.1,42,16640
up,1494,2002,1802,0,0,12.1,42,16640
up,1494,2002,1802,0,0,12.1,42,16640
up,1495,2002,1802,0,0,12.1,42,16640
up,1495,2002,1802,0,0,12.1,42,16640
up,1496,2002,1802,0,0,12.1,42,16640
up,1496,2002,1802,0,0,12.1,42,16640
up,1496,2002,1802,0,0,12.1,42,16640
up,1497,2002,1802,0,0,12.1,42,16640
up,1497,2002,1802,0,0,12.1,42,16640
up,1498,2002,1802,0,0,12.1,42,16640
up,1498,2002,1802,0,0,12.1,42,16640
up,1499,2002,1802,0,0,12.1,42,16640
up,1499,2002,1802,0,0,12.1,42,16640
up,1500,2002,1802,0,0,12.1,42,16640
up,1500,2002,1802,0,0,12.1,42,16640
up,1501,2002,1802,0,0,12.1,42,16640
up,1501,2002,1802,0,0,12.1,42,16640
up,1501,2002,1802,0,0,12.1,42,16640
up,1502,2002,1802,0,0,12.1,42,16640
up,1502,2002,1802,0,0,12.1,42,16640
up,1503,2002,1802,0,0,12.1,42,16640
up,1503,2002,1802,0,0,12.1,42,16640
up,1504,2002,1802,0,0,12.1,42,16640
up,1504,2002,1802,0,0,12.1,42,16640
up,1505,2002,1802,0,0,12.1,42,16640
up,1505,2002,1802,0,0,12.1,42,16640
up,1506,2002,1802,0,0,12.1,42,16640
up,1506,2002,1802,0,0,12.1,42,16640
up,1506,2002,1802,0,0,12.1,42,16640
up,1507,2002,1802,0,0,12.1,42,16640
up,1507,2002,1802,0,0,12.1,42,16640
up,1508,2002,1802,0,0,12.1,42,16640
up,1508,2002,1802,0,0,12.1,42,16640
up,1509,2002,1802,0,0,12.1,42,16640
up,1509,2002,1802,0,0,12.1,42,16640
up,1510,2002,1802,0,0,12.1,42,16640
up,1510,2002,1802,0,0,12.1,42,16640
up,1511,2002,1802,0,0,12.1,42,16640
up,1511,2002,1802,0,0,12.1,42,16640
up,1511,2002,1802,0,0,12.1,42,16640
up,1512,2002,1802,0,0,12.1,42,16640
up,1512,2002,1802,0,0,12.1,42,16640
up,1513,2002,1802,0,0,12.1,42,16640
up,1513,2002,1802,0,0,12.1,42,16640
up,1514,2002,1802,0,0,12.1,42,16640
up,1514,2002,1802,0,0,12.1,42,16640
up,1515,2002,1802,0,0,12.1,42,16640
up,1515,2002,1802,0,0,12.1,42,16640
up,1515,2002,1802,0,0,12.1,42,16640
up,1516,2002,1802,0,0,12.2,42,16640
up,1516,2002,1802,0,0,12.2,42,16640
up,1517,2002,1802,0,0,12.1,42,16640
up,1517,2002,1802,0,0,12.1,42,16640
up,1518,2002,1802,0,0,12.1,42,16640
up,1518,2002,1802,0,0,12.1,42,16640
up,1519,2002,1802,0,0,12.1,42,16640
up,1519,2002,1802,0,0,12.1,42,16640
up,1520,2002,1802,0,0,12.1,42,16640
up,1520,2002,1802,0,0,12.1,42,16640
up,1521,2002,1802,0,0,12.1,42,16640
up,1521,2002,1802,0,0,12.1,42,16640
up,1522,2002,1802,0,0,12.1,42,16640
up,1522,2002,1802,0,0,12.1,42,16640
up,1523,2002,1802,0,0,12.1,42,16640
up,1523,2002,1802,0,0,12.1,42,16640
up,1524,2002,1802,0,0,12.1,42,16640
up,1524,2002,1802,0,0,12.1,42,16640
up,1525,2002,1802,0,0,12.1,42,16640
up,1526,2002,1802,0,0,12.1,42,16640
up,1526,2002,1802,0,0,12.1,42,16640
up,1527,2002,1802,0,0,12.2,42,16640
up,1528,2002,1802,0,0,12.2,42,16640
up,1528,2002,1802,0,0,12.1,42,16640
up,1529,2002,1802,0,0,12.1,42,16640
up,1529,2002,1802,0,0,12.1,42,16640
up,1530,2002,1802,0,0,12.1,42,16640
up,1530,2002,1802,0,0,12.1,42,16640
up,1531,2002,1802,0,0,12.1,42,16640
up,1531,2002,1802,0,0,12.2,42,16640
up,1531,2002,1802,0,0,12.2,42,16640
up,1532,2002,1802,0,0,12.1,42,16640
up,1532,2002,1802,0,0,12.1,42,16640
up,1533,2002,1802,0,0,12.1,42,16640
up,1533,2002,1802,0,0,12.1,42,16640
up,1534,2002,1802,0,0,12.1,42,16640
up,1534,2002,1802,0,0,12.1,42,16640
up,1535,2002,1802,0,0,12.1,42,16640
up,1535,2002,1802,0,0,12.1,42,16640
up,1535,2002,1802,0,0,12.1,42,16640
up,1536,2002,1802,0,0,12.1,42,16640
up,1536,2002,1802,0,0,12.1,42,16640
up,1537,2002,1802,0,0,12.1,42,16640
up,1537,2002,1802,0,0,12.1,42,16640
up,1538,2002,1802,0,0,12.1,42,16640
up,1538,2002,1802,0,0,12.1,42,16640
up,1539,2002,1802,0,0,12.1,42,16640
up,1539,2002,1802,0,0,12.1,42,16640
up,1540,2002,1802,0,0,12.1,42,16640
up,1540,2002,1802,0,0,12.1,42,16640
up,1541,2002,1802,0,0,12.1,42,16640
up,1541,2002,1802,0,0,12.1,42,16640
up,1542,2002,1802,0,0,12.1,42,16640
up,1542,2002,1802,0,0,12.1,42,16640
up,1543,2002,1802,0,0,12.1,42,16640
up,1543,2002,1802,0,0,12.1,42,16640
up,1544,2002,1802,0,0,12.1,42,16640
up,1545,2002,1802,0,0,12.1,42,16640
up,1545,2002,1802,0,0,12.1,42,16640
up,1546,2002,1802,0,0,12.1,42,16640
up,1546,2002,1802,0,0,12.1,42,16640
up,1547,2002,1802,0,0,12.1,42,16640
up,1547,2002,1802,0,0,12.1,42,16640
up,1547,2002,1802,0,0,12.1,42,16640
up,1548,2002,1802,0,0,12.1,42,16640
up,1548,2002,1802,0,0,12.1,42,16640
up,1549,2002,1802,0,0,12.1,42,16640
up,1549,2002,1802,0,0,12.1,42,16640
up,1550,2002,1802,0,0,12.1,42,16640
up,1550,2002,1802,0,0,12.1,42,16640
up,1551,2002,1802,0,0,12.1,42,16640
up,1551,2002,1802,0,0,12.1,42,16640
up,1552,2002,1802,0,0,12.1,42,16640
up,1552,2002,1802,0,0,12.1,42,16640
up,1552,2002,1802,0,0,12.1,42,16640
up,1553,2002,1802,0,0,12.1,42,16640
up,1553,2002,1802,0,0,12.1,42,16640
up,1554,2002,1802,0,0,12.1,42,16640
up,1554,2002,1802,0,0,12.1,42,16640
up,1555,2002,1802,0,0,12.1,42,16640
up,1555,2002,1802,0,0,12.1,42,16640
up,1556,2002,1802,0,0,12.1,42,16640
up,1556,2002,1802,0,0,12.1,42,16640
up,1557,2002,1802,0,0,12.1,42,16640
up,1557,2002,1802,0,0,12.1,42,16640
up,1558,2002,1802,0,0,12.1,42,16640
up,1558,2002,1802,0,0,12.1,42,16640
up,1559,2002,1802,0,0,12.1,42,16640
up,1559,2002,1802,0,0,12.1,42,16640
up,1560,2002,1802,0,0,12.1,42,16640
up,1560,2002,1802,0,0,12.1,42,16640
up,1561,2002,1802,0,0,12.1,42,16640
up,1561,2002,1802,0,0,12.1,42,16640
up,1562,2002,1802,0,0,12.1,42,16640
up,1562,2002,1802,0,0,12.1,42,16640
up,1563,2002,1802,0,0,12.1,42,16640
up,1563,2002,1802,0,0,12.1,42,16640
up,1564,2002,1802,0,0,12.1,42,16640
up,1564,2002,1802,0,0,12.1,42,16640
up,1565,2002,1802,0,0,12.1,42,16640
up,1565,2002,1802,0,0,12.1,42,16640
up,1566,2002,1802,0,0,12.1,42,16640
up,1566,2002,1802,0,0,12.1,42,16640
up,1566,2002,1802,0,0,12.1,42,16640
up,1567,2002,1802,0,0,12.1,42,16640
up,1567,2002,1802,0,0,12.1,42,16640
up,1568,2002,1802,0,0,12.1,42,16640
up,1568,2002,1802,0,0,12.1,42,16640
up,1569,2002,1802,0,0,12.1,42,16640
up,1569,2002,1802,0,0,12.1,42,16640
up,1570,2002,1802,0,0,12.1,42,16640
up,1570,2002,1802,0,0,12.1,42,16640
up,1571,2002,1802,0,0,12.1,42,16640
up,1571,2002,1802,0,0,12.1,42,16640
up,1572,2002,1802,0,0,12.1,42,16640
up,1572,2002,1802,0,0,12.1,42,16640
up,1573,2002,1802,0,0,12.0,42,16640
up,1573,2002,1802,0,0,12.0,42,16640
up,1574,2002,1802,0,0,12.1,42,16640
up,1574,2002,1802,0,0,12.1,42,16640
up,1575,2002,1802,0,0,12.1,42,16640
up,1575,2002,1802,0,0,12.1,42,16640
up,1576,2002,1802,0,0,12.1,42,16640
up,1577,2002,1802,0,0,12.1,42,16640
up,1577,2002,1802,0,0,12.1,42,16640
up,1578,2002,1802,0,0,12.1,42,16640
up,1578,2002,1802,0,0,12.1,42,16640
up,1579,2002,1802,0,0,12.1,42,16640
up,1579,2002,1802,0,0,12.1,42,16640
up,1580,2002,1802,0,0,12.1,42,16640
up,1580,2002,1802,0,0,12.1,42,16640
up,1581,2002,1802,0,0,12.1,42,16640
up,1581,2002,1802,0,0,12.1,42,16640
up,1581,2002,1802,0,0,12.1,42,16640
up,1582,2002,1802,0,0,12.1,42,16640
up,1582,2002,1802,0,0,12.1,42,16640
up,1583,2002,1802,0,0,12.1,42,16640
up,1583,2002,1802,0,0,12.1,42,16640
up,1584,2002,1802,0,0,12.1,42,16640
up,1584,2002,1802,0,0,12.1,42,16640
up,1585,2002,1802,0,0,12.1,42,16640
up,1585,2002,1802,0,0,12.1,42,16640
up,1586,2002,1802,0,0,12.1,42,16640
up,1586,2002,1802,0,0,12.1,42,16640
up,1587,2002,1802,0,0,12.1,42,16640
up,1587,2002,1802,0,0,12.1,42,16640
up,1588,2002,1802,0,0,12.1,42,16640
up,1588,2002,1802,0,0,12.1,42,16640
up,1589,2002,1802,0,0,12.1,42,16640
up,1589,2002,1802,0,0,12.1,42,16640
up,1590,2002,1802,0,0,12.1,42,16640
up,1590,2002,1802,0,0,12.1,42,16640
up,1590,2002,1802,0,0,12.1,42,16640
up,1591,2002,1802,0,0,12.1,42,16640
up,1591,2002,1802,0,0,12.1,42,16640
up,1592,2002,1802,0,0,12.1,42,16640
up,1592,2002,1802,0,0,12.1,42,16640
up,1593,2002,1802,0,0,12.1,42,16640
up,1594,2002,1802,0,0,12.1,42,16640
up,1594,2002,1802,0,0,12.1,42,16640
up,1595,2002,1802,0,0,12.1,42,16640
up,1595,2002,1802,0,0,12.1,42,16640
up,1595,2002,1802,0,0,12.1,42,16640
up,1596,2002,1802,0,0,12.1,42,16640
up,1596,2002,1802,0,0,12.1,42,16640
up,1597,2002,1802,0,0,12.1,42,16640
up,1597,2002,1802,0,0,12.1,42,16640
up,1598,2002,1802,0,0,12.1,42,16640
up,1598,2002,1802,0,0,12.1,42,16640
up,1599,2002,1802,0,0,12.1,42,16640
up,1599,2002,1802,0,0,12.1,42,16640
up,1600,2002,1802,0,0,12.1,42,16640
up,1600,2002,1802,0,0,12.1,42,16640
up,1600,2002,1802,0,0,12.1,42,16640
up,1601,2002,1802,0,0,12.1,42,16640
up,1601,2002,1802,0,0,12.1,42,16640
up,1602,2002,1802,0,0,12.1,42,16640
up,1602,2002,1802,0,0,12.1,42,16640
up,1603,2002,1802,0,0,12.1,42,16640
up,1603,2002,1802,0,0,12.1,42,16640
up,1604,2002,1802,0,0,12.1,42,16640
up,1604,2002,1802,0,0,12.1,42,16640
up,1605,2002,1802,0,0,12.1,42,16640
up,1605,2002,1802,0,0,12.1,42,16640
up,1606,2002,1802,0,0,12.1,42,16640
up,1606,2002,1802,0,0,12.1,42,16640
up,1607,2002,1802,0,0,12.1,42,16640
up,1607,2002,1802,0,0,12.1,42,16640
up,1608,2002,1802,0,0,12.1,42,16640
up,1608,2002,1802,0,0,12.1,42,16640
up,1609,2002,1802,0,0,12.1,42,16640
up,1610,2002,1802,0,0,12.1,42,16640
up,1610,2002,1802,0,0,12.1,42,16640
up,1611,2002,1802,0,0,12.1,42,16640
up,1611,2002,1802,0,0,12.1,42,16640
up,1612,2002,1802,0,0,12.1,42,16640
up,1612,2002,1802,0,0,12.1,42,16640
up,1613,2002,1802,0,0,12.1,42,16640
up,1613,2002,1802,0,0,12.1,42,16640
up,1614,2002,1802,0,0,12.1,42,16640
up,1614,2002,1802,0,0,12.1,42,16640
up,1615,2002,1802,0,0,12.1,42,16640
up,1615,2002,1802,0,0,12.1,42,16640
up,1615,2002,1802,0,0,12.1,42,16640
up,1616,2002,1802,0,0,12.1,42,16640
up,1616,2002,1802,0,0,12.1,42,16640
up,1617,2002,1802,0,0,12.1,42,16640
up,1617,2002,1802,0,0,12.1,42,16640
up,1618,2002,1802,0,0,12.1,42,16640
up,1618,2002,1802,0,0,12.1,42,16640
up,1619,2002,1802,0,0,12.1,42,16640
up,1619,2002,1802,0,0,12.1,42,16640
up,1619,2002,1802,0,0,12.1,42,16640
up,1620,2002,1802,0,0,12.1,42,16640
up,1621,2002,1802,0,0,12.1,42,16640
up,1621,2002,1802,0,0,12.1,42,16640
up,1622,2002,1802,0,0,12.1,42,16640
up,1622,2002,1802,0,0,12.1,42,16640
up,1623,2002,1802,0,0,12.1,42,16640
up,1623,2002,1802,0,0,12.1,42,16640
up,1624,2002,1802,0,0,12.1,42,16640
up,1624,2002,1802,0,0,12.1,42,16640
up,1625,2002,1802,0,0,12.1,42,16640
up,1625,2002,1802,0,0,12.1,42,16640
up,1626,2002,1802,0,0,12.1,42,16640
up,1627,2002,1802,0,0,12.1,42,16640
up,1628,2002,1802,0,0,12.1,42,16640
up,1628,2002,1802,0,0,12.1,42,16640
up,1629,2002,1802,0,0,12.1,42,16640
up,1629,2002,1802,0,0,12.1,42,16640
up,1629,2002,1802,0,0,12.1,42,16640
up,1630,2002,1802,0,0,12.1,42,16640
up,1630,2002,1802,0,0,12.1,42,16640
up,1631,2002,1802,0,0,12.1,42,16640
up,1631,2002,1802,0,0,12.1,42,16640
up,1632,2002,1802,0,0,12.1,42,16640
up,1632,2002,1802,0,0,12.1,42,16640
up,1633,2002,1802,0,0,12.1,42,16640
up,1633,2002,1802,0,0,12.1,42,16640
up,1634,2002,1802,0,0,12.1,42,16640
up,1634,2002,1802,0,0,12.1,42,16640
up,1634,2002,1802,0,0,12.1,42,16640
up,1635,2002,1802,0,0,12.1,42,16640
up,1635,2002,1802,0,0,12.1,42,16640
up,1636,2002,1802,0,0,12.1,42,16640
up,1636,2002,1802,0,0,12.1,42,16640
up,1637,2002,1802,0,0,12.1,42,16640
up,1637,2002,1802,0,0,12.1,42,16640
up,1638,2002,1802,0,0,12.1,42,16640
up,1638,2002,1802,0,0,12.1,42,16640
up,1639,2002,1802,0,0,12.1,42,16640
up,1639,2002,1802,0,0,12.1,42,16640
up,1640,2002,1802,0,0,12.1,42,16640
up,1640,2002,1802,0,0,12.1,42,16640
up,1641,2002,1802,0,0,12.1,42,16640
up,1641,2002,1802,0,0,12.1,42,16640
up,1642,2002,1802,0,0,12.1,42,16640
up,1642,2002,1802,0,0,12.1,42,16640
up,1643,2002,1802,0,0,12.1,42,16640
up,1644,2002,1802,0,0,12.1,42,16640
up,1644,2002,1802,0,0,12.1,42,16640
up,1645,2002,1802,0,0,12.1,42,16640
up,1646,2002,1802,0,0,12.1,42,16640
up,1646,2002,1802,0,0,12.1,42,16640
up,1647,2002,1802,0,0,12.1,42,16640
up,1647,2002,1802,0,0,12.1,42,16640
up,1647,2002,1802,0,0,12.1,42,16640
up,1648,2002,1802,0,0,12.1,42,16640
up,1648,2002,1802,0,0,12.1,42,16640
up,1649,2002,1802,0,0,12.1,42,16640
up,1649,2002,1802,0,0,12.1,42,16640
up,1650,2002,1802,0,0,12.1,42,16640
up,1650,2002,1802,0,0,12.1,42,16640
up,1651,2002,1802,0,0,12.1,42,16640
up,1651,2002,1802,0,0,12.1,42,16640
up,1651,2002,1802,0,0,12.1,42,16640
up,1652,2002,1802,0,0,12.1,42,16640
up,1652,2002,1802,0,0,12.1,42,16640
up,1653,2002,1802,0,0,12.1,42,16640
up,1653,2002,1802,0,0,12.1,42,16640
up,1654,2002,1802,0,0,12.1,42,16640
up,1654,2002,1802,0,0,12.1,42,16640
up,1655,2002,1802,0,0,12.1,42,16640
up,1655,2002,1802,0,0,12.1,42,16640
up,1656,2002,1802,0,0,12.1,42,16640
up,1657,2002,1802,0,0,12.2,42,16640
up,1658,2002,1802,0,0,12.1,42,16640
up,1658,2002,1802,0,0,12.1,42,16640
up,1659,2002,1802,0,0,12.1,42,16640
up,1659,2002,1802,0,0,12.1,42,16640
up,1660,2002,1802,0,0,12.1,42,16640
up,1661,2002,1802,0,0,12.1,42,16640
up,1662,2002,1802,0,0,12.1,42,16640
up,1662,2002,1802,0,0,12.1,42,16640
up,1662,2002,1802,0,0,12.2,42,16640
up,1663,2002,1802,0,0,12.2,42,16640
up,1663,2002,1802,0,0,12.1,42,16640
up,1664,2002,1802,0,0,12.1,42,16640
up,1664,2002,1802,0,0,12.1,42,16640
up,1665,2002,1802,0,0,12.1,42,16640
up,1665,2002,1802,0,0,12.1,42,16640
up,1666,2002,1802,0,0,12.1,42,16640
up,1666,2002,1802,0,0,12.1,42,16640
up,1666,2002,1802,0,0,12.1,42,16640
up,1667,2002,1802,0,0,12.1,42,16640
up,1667,2002,1802,0,0,12.1,42,16640
up,1668,2002,1802,0,0,12.1,42,16640
up,1668,2002,1802,0,0,12.1,42,16640
up,1669,2002,1802,0,0,12.1,42,16640
up,1669,2002,1802,0,0,12.1,42,16640
up,1670,2002,1802,0,0,12.1,42,16640
up,1670,2002,1802,0,0,12.1,42,16640
up,1670,2002,1802,0,0,12.1,42,16640
up,1671,2002,1802,0,0,12.1,42,16640
up,1671,2002,1802,0,0,12.1,42,16640
up,1672,2002,1802,0,0,12.1,42,16640
up,1673,2002,1802,0,0,12.1,42,16640
up,1673,2002,1802,0,0,12.1,42,16640
up,1674,2002,1802,0,0,12.1,42,16640
up,1674,2002,1802,0,0,12.1,42,16640
up,1675,2002,1802,0,0,12.1,42,16640
up,1675,2002,1802,0,0,12.1,42,16640
up,1676,2002,1802,0,0,12.1,42,16640
up,1677,2002,1802,0,0,12.1,42,16640
up,1677,2002,1802,0,0,12.1,42,16640
up,1678,2002,1802,0,0,12.1,42,16640
up,1678,2002,1802,0,0,12.1,42,16640
up,1679,2002,1802,0,0,12.1,42,16640
up,1679,2002,1802,0,0,12.1,42,16640
up,1679,2002,1802,0,0,12.1,42,16640
up,1680,2002,1802,0,0,12.1,42,16640
up,1680,2002,1802,0,0,12.1,42,16640
up,1681,2002,1802,0,0,12.1,42,16640
up,1681,2002,1802,0,0,12.1,42,16640
up,1682,2002,1802,0,0,12.1,42,16640
up,1682,2002,1802,0,0,12.1,42,16640
up,1683,2002,1802,0,0,12.1,42,16640
up,1683,2002,1802,0,0,12.1,42,16640
up,1683,2002,1802,0,0,12.1,42,16640
up,1684,2002,1802,0,0,12.1,42,16640
up,1684,2002,1802,0,0,12.1,42,16640
up,1685,2002,1802,0,0,12.1,42,16640
up,1685,2002,1802,0,0,12.1,42,16640
up,1686,2002,1802,0,0,12.1,42,16640
up,1686,2002,1802,0,0,12.1,42,16640
up,1686,2002,1802,0,0,12.1,42,16640
up,1687,2002,1802,0,0,12.1,42,16640
up,1687,2002,1802,0,0,12.1,42,16640
up,1688,2002,1802,0,0,12.1,42,16640
up,1688,2002,1802,0,0,12.1,42,16640
up,1689,2002,1802,0,0,12.1,42,16640
up,1689,2002,1802,0,0,12.1,42,16640
up,1690,2002,1802,0,0,12.1,42,16640
up,1690,2002,1802,0,0,12.1,42,16640
up,1691,2002,1802,0,0,12.1,42,16640
up,1691,2002,1802,0,0,12.1,42,16640
up,1692,2002,1802,0,0,12.1,42,16640
up,1692,2002,1802,0,0,12.1,42,16640
up,1693,2002,1802,0,0,12.1,42,16640
up,1694,2002,1802,0,0,12.1,42,16640
up,1694,2002,1802,0,0,12.1,42,16640
up,1695,2002,1802,0,0,12.1,42,16640
up,1695,2002,1802,0,0,12.1,42,16640
up,1696,2002,1802,0,0,12.1,42,16640
up,1696,2002,1802,0,0,12.1,42,16640
up,1697,2002,1802,0,0,12.1,42,16640
up,1697,2002,1802,0,0,12.1,42,16640
up,1698,2002,1802,0,0,12.1,42,16640
up,1698,2002,1802,0,0,12.1,42,16640
up,1699,2002,1802,0,0,12.1,42,16640
up,1699,2002,1802,0,0,12.1,42,16640
up,1699,2002,1802,0,0,12.1,42,16640
up,1700,2002,1802,0,0,12.1,42,16640
up,1700,2002,1802,0,0,12.1,42,16640
up,1701,2002,1802,0,0,12.1,42,16640
up,1701,2002,1802,0,0,12.1,42,16640
up,1702,2002,1802,0,0,12.1,42,16640
up,1702,2002,1802,0,0,12.1,42,16640
up,1703,2002,1802,0,0,12.1,42,16640
up,1703,2002,1802,0,0,12.1,42,16640
up,1703,2002,1802,0,0,12.1,42,16640
up,1704,2002,1802,0,0,12.1,42,16640
up,1704,2002,1802,0,0,12.1,42,16640
up,1705,2002,1802,0,0,12.1,42,16640
up,1705,2002,1802,0,0,12.1,42,16640
up,1706,2002,1802,0,0,12.1,42,16640
up,1706,2002,1802,0,0,12.1,42,16640
up,1707,2002,1802,0,0,12.1,42,16640
up,1707,2002,1802,0,0,12.1,42,16640
up,1708,2002,1802,0,0,12.1,42,16640
up,1708,2002,1802,0,0,12.1,42,16640
up,1709,2002,1802,0,0,12.1,42,16640
up,1710,2002,1802,0,0,12.1,42,16640
up,1710,2002,1802,0,0,12.1,42,16640
up,1711,2002,1802,0,0,12.1,42,16640
up,1711,2002,1802,0,0,12.1,42,16640
up,1712,2002,1802,0,0,12.1,42,16640
up,1712,2002,1802,0,0,12.1,42,16640
up,1713,2002,1802,0,0,12.1,42,16640
up,1713,2002,1802,0,0,12.1,42,16640
up,1714,2002,1802,0,0,12.1,42,16640
up,1714,2002,1802,0,0,12.1,42,16640
up,1714,2002,1802,0,0,12.1,42,16640
up,1715,2002,1802,0,0,12.1,42,16640
up,1715,2002,1802,0,0,12.1,42,16640
up,1716,2002,1802,0,0,12.1,42,16640
up,1716,2002,1802,0,0,12.1,42,16640
up,1717,2002,1802,0,0,12.1,42,16640
up,1717,2002,1802,0,0,12.1,42,16640
up,1717,2002,1802,0,0,12.1,42,16640
up,1718,2002,1802,0,0,12.1,42,16640
up,1718,2002,1802,0,0,12.1,42,16640
up,1719,2002,1802,0,0,12.1,42,16640
up,1719,2002,1802,0,0,12.1,42,16640
up,1720,2002,1802,0,0,12.1,42,16640
up,1720,2002,1802,0,0,12.1,42,16640
up,1721,2002,1802,0,0,12.1,42,16640
up,1721,2002,1802,0,0,12.1,42,16640
up,1721,2002,1802,0,0,12.1,42,16640
up,1722,2002,1802,0,0,12.1,42,16640
up,1722,2002,1802,0,0,12.2,42,16640
up,1723,2002,1802,0,0,12.2,42,16640
up,1724,2002,1802,0,0,12.1,42,16640
up,1724,2002,1802,0,0,12.1,42,16640
up,1725,2002,1802,0,0,12.1,42,16640
up,1726,2002,1802,0,0,12.1,42,16640
up,1726,2002,1802,0,0,12.1,42,16640
up,1727,2002,1802,0,0,12.1,42,16640
up,1727,2002,1802,0,0,12.1,42,16640
up,1728,2002,1802,0,0,12.1,42,16640
up,1729,2002,1802,0,0,12.1,42,16640
up,1729,2002,1802,0,0,12.1,42,16640
up,1730,2002,1802,0,0,12.1,42,16640
up,1730,2002,1802,0,0,12.1,42,16640
up,1730,2002,1802,0,0,12.1,42,16640
up,1731,2002,1802,0,0,12.1,42,16640
up,1731,2002,1802,0,0,12.1,42,16640
up,1732,2002,1802,0,0,12.1,42,16640
up,1732,2002,1802,0,0,12.1,42,16640
up,1733,2002,1802,0,0,12.1,42,16640
up,1733,2002,1802,0,0,12.1,42,16640
up,1734,2002,1802,0,0,12.1,42,16640
up,1734,2002,1802,0,0,12.1,42,16640
up,1734,2002,1802,0,0,12.1,42,16640
up,1735,2002,1802,0,0,12.1,42,16640
up,1735,2002,1802,0,0,12.1,42,16640
up,1736,2002,1802,0,0,12.1,42,16640
up,1736,2002,1802,0,0,12.1,42,16640
up,1737,2002,1802,0,0,12.1,42,16640
up,1737,2002,1802,0,0,12.1,42,16640
up,1738,2002,1802,0,0,12.1,42,16640
up,1738,2002,1802,0,0,12.1,42,16640
up,1739,2002,1802,0,0,12.1,42,16640
up,1739,2002,1802,0,0,12.1,42,16640
up,1740,2002,1802,0,0,12.1,42,16640
up,1741,2002,1802,0,0,12.1,42,16640
up,1741,2002,1802,0,0,12.1,42,16640
up,1742,2002,1802,0,0,12.1,42,16640
up,1743,2002,1802,0,0,12.1,42,16640
up,1743,2002,1802,0,0,12.1,42,16640
up,1744,2002,1802,0,0,12.1,42,16640
up,1744,2002,1802,0,0,12.1,42,16640
up,1745,2002,1802,0,0,12.1,42,16640
up,1745,2002,1802,0,0,12.1,42,16640
up,1746,2002,1802,0,0,12.1,42,16640
up,1746,2002,1802,0,0,12.1,42,16640
up,1747,2002,1802,0,0,12.1,42,16640
up,1747,2002,1802,0,0,12.1,42,16640
up,1747,2002,1802,0,0,12.1,42,16640
up,1748,2002,1802,0,0,12.1,42,16640
up,1748,2002,1802,0,0,12.1,42,16640
up,1749,2002,1802,0,0,12.1,42,16640
up,1749,2002,1802,0,0,12.1,42,16640
up,1750,2002,1802,0,0,12.1,42,16640
up,1750,2002,1802,0,0,12.1,42,16640
up,1751,2002,1802,0,0,12.1,42,16640
up,1751,2002,1802,0,0,12.1,42,16640
up,1751,2002,1802,0,0,12.1,42,16640
up,1752,2002,1802,0,0,12.1,42,16640
up,1752,2002,1802,0,0,12.1,42,16640
up,1753,2002,1802,0,0,12.1,42,16640
up,1753,2002,1802,0,0,12.1,42,16640
up,1754,2002,1802,0,0,12.1,42,16640
up,1754,2002,1802,0,0,12.1,42,16640
up,1755,2002,1802,0,0,12.1,42,16640
up,1756,2002,1802,0,0,12.1,42,16640
up,1756,2002,1802,0,0,12.1,42,16640
up,1757,2002,1802,0,0,12.1,42,16640
up,1758,2002,1802,0,0,12.1,42,16640
up,1758,2002,1802,0,0,12.1,42,16640
up,1759,2002,1802,0,0,12.1,42,16640
up,1759,2002,1802,0,0,12.1,42,16640
up,1760,2002,1802,0,0,12.1,42,16640
up,1760,2002,1802,0,0,12.1,42,16640
up,1761,2002,1802,0,0,12.1,42,16640
up,1762,2002,1802,0,0,12.1,42,16640
up,1762,2002,1802,0,0,12.1,42,16640
up,1763,2002,1802,0,0,12.1,42,16640
up,1763,2002,1802,0,0,12.1,42,16640
up,1763,2002,1802,0,0,12.1,42,16640
up,1764,2002,1802,0,0,12.1,42,16640
up,1764,2002,1802,0,0,12.1,42,16640
up,1765,2002,1802,0,0,12.1,42,16640
up,1765,2002,1802,0,0,12.1,42,16640
up,1766,2002,1802,0,0,12.1,42,16640
up,1766,2002,1802,0,0,12.1,42,16640
up,1767,2002,1802,0,0,12.1,42,16640
up,1767,2002,1802,0,0,12.1,42,16640
up,1767,2002,1802,0,0,12.1,42,16640
up,1768,2002,1802,0,0,12.1,42,16640
up,1768,2002,1802,0,0,12.1,42,16640
up,1769,2002,1802,0,0,12.1,42,16640
up,1769,2002,1802,0,0,12.1,42,16640
up,1770,2002,1802,0,0,12.1,42,16640
up,1770,2002,1802,0,0,12.1,42,16640
up,1771,2002,1802,0,0,12.1,42,16640
up,1771,2002,1802,0,0,12.1,42,16640
up,1771,2002,1802,0,0,12.1,42,16640
up,1772,2002,1802,0,0,12.1,42,16640
up,1773,2002,1802,0,0,12.1,42,16640
up,1773,2002,1802,0,0,12.1,42,16640
up,1774,2002,1802,0,0,12.1,42,16640
up,1775,2002,1802,0,0,12.1,42,16640
up,1775,2002,1802,0,0,12.1,42,16640
up,1776,2002,1802,0,0,12.1,42,16640
up,1776,2002,1802,0,0,12.1,42,16640
up,1777,2002,1802,0,0,12.1,42,16640
up,1778,2002,1802,0,0,12.1,42,16640
up,1778,2002,1802,0,0,12.1,42,16640
up,1779,2002,1802,0,0,12.1,42,16640
up,1779,2002,1802,0,0,12.1,42,16640
up,1779,2002,1802,0,0,12.1,42,16640
up,1780,2002,1802,0,0,12.1,42,16640
up,1780,2002,1802,0,0,12.1,42,16640
up,1781,2002,1802,0,0,12.1,42,16640
up,1781,2002,1802,0,0,12.1,42,16640
up,1782,2002,1802,0,0,12.1,42,16640
up,1782,2002,1802,0,0,12.1,42,16640
up,1783,2002,1802,0,0,12.1,42,16640
up,1783,2002,1802,0,0,12.1,42,16640
up,1784,2002,1802,0,0,12.1,42,16640
up,1784,2002,1802,0,0,12.1,42,16640
up,1784,2002,1802,0,0,12.1,42,16640
up,1785,2002,1802,0,0,12.1,42,16640
up,1785,2002,1802,0,0,12.1,42,16640
up,1786,2002,1802,0,0,12.1,42,16640
up,1786,2002,1802,0,0,12.1,42,16640
up,1787,2002,1802,0,0,12.1,42,16640
up,1787,2002,1802,0,0,12.1,42,16640
up,1787,2002,1802,0,0,12.1,42,16640
up,1788,2002,1802,0,0,12.1,42,16640
up,1788,2002,1802,0,0,12.1,42,16640
up,1789,2002,1802,0,0,12.1,42,16640
up,1789,2002,1802,0,0,12.1,42,16640
up,1790,2002,1802,0,0,12.1,42,16640
up,1790,2002,1802,0,0,12.1,42,16640
up,1791,2002,1802,0,0,12.1,42,16640
up,1792,2002,1802,0,0,12.1,42,16640
up,1792,2002,1802,0,0,12.1,42,16640
up,1793,2002,1802,0,0,12.1,42,16640
up,1793,2002,1802,0,0,12.1,42,16640
up,1794,2002,1802,0,0,12.1,42,16640
up,1794,2002,1802,0,0,12.1,42,16640
up,1795,2002,1802,0,0,12.1,42,16640
up,1796,2002,1802,0,0,12.1,42,16640
up,1796,2002,1802,0,0,12.1,42,16640
up,1796,2002,1802,0,0,12.1,42,16640
up,1797,2002,1802,0,0,12.1,42,16640
up,1797,2002,1802,0,0,12.1,42,16640
up,1798,2002,1802,0,0,12.1,42,16640
up,1798,2002,1802,0,0,12.1,42,16640
up,1799,2002,1802,0,0,12.1,42,16640
up,1799,2002,1802,0,0,12.1,42,16640
up,1800,2002,1802,0,0,12.1,42,16640
up,1800,2002,1802,0,0,12.1,42,16640
up,1800,2002,1802,0,0,12.1,42,16640
up,1801,2002,1802,0,0,12.1,42,16640
up,1801,2002,1802,0,0,12.1,42,16640
up,1802,2002,1802,0,0,12.1,42,16640
up,1802,2002,1802,0,0,12.1,42,16640
up,1803,2002,1802,0,0,12.1,42,16640
up,1803,2002,1802,0,0,12.1,42,16640
up,1804,2002,1802,0,0,12.1,42,16640
up,1804,2002,1802,0,0,12.1,42,16640
up,1804,2002,1802,0,0,12.1,42,16640
up,1805,2002,1802,0,0,12.1,42,16640
up,1806,2002,1802,0,0,12.1,42,16640
up,1806,2002,1802,0,0,12.1,42,16640
up,1807,2002,1802,0,0,12.1,42,16640
up,1807,2002,1802,0,0,12.1,42,16640
up,1808,2002,1802,0,0,12.1,42,16640
up,1808,2002,1802,0,0,12.1,42,16640
up,1809,2002,1802,0,0,12.1,42,16640
up,1809,2002,1802,0,0,12.1,42,16640
up,1810,2002,1802,0,0,12.1,42,16640
up,1811,2002,1802,0,0,12.1,42,16640
up,1811,2002,1802,0,0,12.1,42,16640
up,1812,2002,1802,0,0,12.1,42,16640
up,1812,2002,1802,0,0,12.1,42,16640
up,1813,2002,1802,0,0,12.1,42,16640
up,1813,2002,1802,0,0,12.1,42,16640
up,1813,2002,1802,0,0,12.1,42,16640
up,1814,2002,1802,0,0,12.1,42,16640
up,1814,2002,1802,0,0,12.1,42,16640
up,1815,2002,1802,0,0,12.1,42,16640
up,1815,2002,1802,0,0,12.1,42,16640
up,1816,2002,1802,0,0,12.1,42,16640
up,1816,2002,1802,0,0,12.1,42,16640
up,1817,2002,1802,0,0,12.1,42,16640
up,1817,2002,1802,0,0,12.1,42,16640
up,1817,2002,1802,0,0,12.1,42,16640
up,1818,2002,1802,0,0,12.1,42,16640
up,1818,2002,1802,0,0,12.1,42,16640
up,1819,2002,1802,0,0,12.1,42,16640
up,1819,2002,1802,0,0,12.1,42,16640
up,1820,2002,1802,0,0,12.1,42,16640
up,1820,2002,1802,0,0,12.1,42,16640
up,1821,2002,1802,0,0,12.1,42,16640
up,1821,2002,1802,0,0,12.1,42,16640
up,1822,2002,1802,0,0,12.1,42,16640
up,1822,2002,1802,0,0,12.1,42,16640
up,1823,2002,1802,0,0,12.1,42,16640
up,1823,2002,1802,0,0,12.1,42,16640
up,1824,2002,1802,0,0,12.1,42,16640
up,1824,2002,1802,0,0,12.1,42,16640
up,1825,2002,1802,0,0,12.1,42,16640
up,1825,2002,1802,0,0,12.1,42,16640
up,1826,2002,1802,0,0,12.1,42,16640
up,1826,2002,1802,0,0,12.1,42,16640
up,1827,2002,1802,0,0,12.1,42,16640
up,1827,2002,1802,0,0,12.1,42,16640
up,1828,2002,1802,0,0,12.1,42,16640
up,1828,2002,1802,0,0,12.1,42,16640
up,1829,2002,1802,0,0,12.1,42,16640
up,1829,2002,1802,0,0,12.1,42,16640
up,1830,2002,1802,0,0,12.1,42,16640
up,1830,2002,1802,0,0,12.1,42,16640
up,1831,2002,1802,0,0,12.1,42,16640
up,1831,2002,1802,0,0,12.1,42,16640
up,1832,2002,1802,0,0,12.1,42,16640
up,1832,2002,1802,0,0,12.1,42,16640
up,1832,2002,1802,0,0,12.1,42,16640
up,1833,2002,1802,0,0,12.1,42,16640
up,1833,2002,1802,0,0,12.1,42,16640
up,1834,2002,1802,0,0,12.1,42,16640
up,1834,2002,1802,0,0,12.1,42,16640
up,1835,2002,1802,0,0,12.1,42,16640
up,1835,2002,1802,0,0,12.1,42,16640
up,1836,2002,1802,0,0,12.1,42,16640
up,1836,2002,1802,0,0,12.1,42,16640
up,1836,2002,1802,0,0,12.1,42,16640
up,1837,2002,1802,0,0,12.1,41,16640
up,1837,2002,1802,0,0,12.1,41,16640
up,1838,2002,1802,0,0,12.1,42,16640
up,1839,2002,1802,0,0,12.1,42,16640
up,1839,2002,1802,0,0,12.1,42,16640
up,1840,2002,1802,0,0,12.1,42,16640
up,1840,2002,1802,0,0,12.1,42,16640
up,1841,2002,1802,0,0,12.1,42,16640
up,1841,2002,1802,0,0,12.1,42,16640
up,1841,2002,1802,0,0,12.1,42,16640
up,1842,2002,1802,0,0,12.1,42,16640
up,1842,2002,1802,0,0,12.1,42,16640
up,1843,2002,1802,0,0,12.1,42,16640
up,1844,2002,1802,0,0,12.1,42,16640
up,1844,2002,1802,0,0,12.1,42,16640
up,1845,2002,1802,0,0,12.1,42,16640
up,1845,2002,1802,0,0,12.1,42,16640
up,1846,2002,1802,0,0,12.1,42,16640
up,1846,2002,1802,0,0,12.1,42,16640
up,1846,2002,1802,0,0,12.1,42,16640
up,1847,2002,1802,0,0,12.1,42,16640
up,1847,2002,1802,0,0,12.1,42,16640
up,1848,2002,1802,0,0,12.1,42,16640
up,1848,2002,1802,0,0,12.1,42,16640
up,1849,2002,1802,0,0,12.1,42,16640
up,1849,2002,1802,0,0,12.1,42,16640
up,1850,2002,1802,0,0,12.1,42,16640
up,1850,2002,1802,0,0,12.1,42,16640
up,1850,2002,1802,0,0,12.1,42,16640
up,1851,2002,1802,0,0,12.1,42,16640
up,1851,2002,1802,0,0,12.1,42,16640
up,1852,2002,1802,0,0,12.1,42,16640
up,1852,2002,1802,0,0,12.1,42,16640
up,1853,2002,1802,0,0,12.1,42,16640
up,1853,2002,1802,0,0,12.1,42,16640
up,1854,2002,1802,0,0,12.1,42,16640
up,1854,2002,1802,0,0,12.1,42,16640
up,1855,2002,1802,0,0,12.1,42,16640
up,1855,2002,1802,0,0,12.1,42,16640
up,1856,2002,1802,0,0,12.1,42,16640
up,1856,2002,1802,0,0,12.1,42,16640
up,1857,2002,1802,0,0,12.1,42,16640
up,1857,2002,1802,0,0,12.1,42,16640
up,1858,2002,1802,0,0,12.1,42,16640
up,1858,2002,1802,0,0,12.1,42,16640
up,1859,2002,1802,0,0,12.1,42,16640
up,1859,2002,1802,0,0,12.1,42,16640
up,1860,2002,1802,0,0,12.1,42,16640
up,1861,2002,1802,0,0,12.1,42,16640
up,1861,2002,1802,0,0,12.1,42,16640
up,1862,2002,1802,0,0,12.1,42,16640
up,1862,2002,1802,0,0,12.1,42,16640
up,1862,2002,1802,0,0,12.1,42,16640
up,1863,2002,1802,0,0,12.1,42,16640
up,1863,2002,1802,0,0,12.1,42,16640
up,1864,2002,1802,0,0,12.1,42,16640
up,1864,2002,1802,0,0,12.1,42,16640
up,1865,2002,1802,0,0,12.1,42,16640
up,1865,2002,1802,0,0,12.1,42,16640
up,1865,2002,1802,0,0,12.1,42,16640
up,1866,2002,1802,0,0,12.1,42,16640
up,1866,2002,1802,0,0,12.1,42,16640
up,1867,2002,1802,0,0,12.1,42,16640
up,1867,2002,1802,0,0,12.1,42,16640
up,1868,2002,1802,0,0,12.1,42,16640
up,1868,2002,1802,0,0,12.1,42,16640
up,1869,2002,1802,0,0,12.1,42,16640
up,1869,2002,1802,0,0,12.1,42,16640
up,1870,2002,1802,0,0,12.1,42,16640
up,1870,2002,1802,0,0,12.1,42,16640
up,1871,2002,1802,0,0,12.1,42,16640
up,1871,2002,1802,0,0,12.1,42,16640
up,1872,2002,1802,0,0,12.1,42,16640
up,1872,2002,1802,0,0,12.1,42,16640
up,1873,2002,1802,0,0,12.1,42,16640
up,1873,2002,1802,0,0,12.1,42,16640
up,1874,2002,1802,0,0,12.1,42,16640
up,1874,2002,1802,0,0,12.1,42,16640
up,1875,2002,1802,0,0,12.1,42,16640
up,1875,2002,1802,0,0,12.1,42,16640
up,1876,2002,1802,0,0,12.1,42,16640
up,1877,2002,1802,0,0,12.1,42,16640
up,1877,2002,1802,0,0,12.1,42,16640
up,1878,2002,1802,0,0,12.1,42,16640
up,1878,2002,1802,0,0,12.1,42,16640
up,1879,2002,1802,0,0,12.1,42,16640
up,1879,2002,1802,0,0,12.1,42,16640
up,1880,2002,1802,0,0,12.1,42,16640
up,1880,2002,1802,0,0,12.1,42,16640
up,1881,2002,1802,0,0,12.1,42,16640
up,1881,2002,1802,0,0,12.1,42,16640
up,1882,2002,1802,0,0,12.1,42,16640
up,1882,2002,1802,0,0,12.1,42,16640
up,1882,2002,1802,0,0,12.1,42,16640
up,1883,2002,1802,0,0,12.1,42,16640
up,1883,2002,1802,0,0,12.1,42,16640
up,1884,2002,1802,0,0,12.1,42,16640
up,1884,2002,1802,0,0,12.1,42,16640
up,1885,2002,1802,0,0,12.1,42,16640
up,1885,2002,1802,0,0,12.1,42,16640
up,1886,2002,1802,0,0,12.1,42,16640
up,1887,2002,1802,0,0,12.1,42,16640
up,1887,2002,1802,0,0,12.1,42,16640
up,1888,2002,1802,0,0,12.1,42,16640
up,1888,2002,1802,0,0,12.1,42,16640
up,1889,2002,1802,0,0,12.1,42,16640
up,1889,2002,1802,0,0,12.1,42,16640
up,1890,2002,1802,0,0,12.1,42,16640
up,1890,2002,1802,0,0,12.1,42,16640
up,1891,2002,1802,0,0,12.1,42,16640
up,1892,2002,1802,0,0,12.1,42,16640
up,1892,2002,1802,0,0,12.1,42,16640
up,1893,2002,1802,0,0,12.1,42,16640
up,1893,2002,1802,0,0,12.1,42,16640
up,1894,2002,1802,0,0,12.1,42,16640
up,1895,2002,1802,0,0,12.1,42,16640
up,1895,2002,1802,0,0,12.1,42,16640
up,1895,2002,1802,0,0,12.1,42,16640
up,1896,2002,1802,0,0,12.1,42,16640
up,1896,2002,1802,0,0,12.1,42,16640
up,1897,2002,1802,0,0,12.1,42,16640
up,1897,2002,1802,0,0,12.1,42,16640
up,1898,2002,1802,0,0,12.1,42,16640
up,1898,2002,1802,0,0,12.1,42,16640
up,1899,2002,1802,0,0,12.1,42,16640
up,1899,2002,1802,0,0,12.1,42,16640
up,1899,2002,1802,0,0,12.1,42,16640
up,1900,2002,1802,0,0,12.1,42,16640
up,1900,2002,1802,0,0,12.1,42,16640
up,1901,2002,1802,0,0,12.1,42,16640
up,1901,2002,1802,0,0,12.1,42,16640
up,1902,2002,1802,0,0,12.1,42,16640
up,1902,2002,1802,0,0,12.1,42,16640
up,1903,2002,1802,0,0,12.1,42,16640
up,1903,2002,1802,0,0,12.1,42,16640
up,1904,2002,1802,0,0,12.1,42,16640
up,1904,2002,1802,0,0,12.1,42,16640
up,1904,2002,1802,0,0,12.1,42,16640
up,1905,2002,1802,0,0,12.1,42,16640
up,1905,2002,1802,0,0,12.1,42,16640
up,1906,2002,1802,0,0,12.1,42,16640
up,1906,2002,1802,0,0,12.1,42,16640
up,1907,2002,1802,0,0,12.1,42,16640
up,1907,2002,1802,0,0,12.1,42,16640
up,1908,2002,1802,0,0,12.1,42,16640
up,1908,2002,1802,0,0,12.1,42,16640
up,1908,2002,1802,0,0,12.1,42,16640
up,1909,2002,1802,0,0,12.1,42,16640
up,1909,2002,1802,0,0,12.1,42,16640
up,1910,2002,1802,0,0,12.1,42,16640
up,1910,2002,1802,0,0,12.1,42,16640
up,1911,2002,1802,0,0,12.1,42,16640
up,1911,2002,1802,0,0,12.1,42,16640
up,1912,2002,1802,0,0,12.1,42,16640
up,1912,2002,1802,0,0,12.1,42,16640
up,1912,2002,1802,0,0,12.1,42,16640
up,1913,2002,1802,0,0,12.1,42,16640
up,1913,2002,1802,0,0,12.1,42,16640
up,1914,2002,1802,0,0,12.1,42,16640
up,1914,2002,1802,0,0,12.1,42,16640
up,1915,2002,1802,0,0,12.1,42,16640
up,1915,2002,1802,0,0,12.1,42,16640
up,1915,2002,1802,0,0,12.1,42,16640
up,1916,2002,1802,0,0,12.1,42,16640
up,1916,2002,1802,0,0,12.1,42,16640
up,1917,2002,1802,0,0,12.1,42,16640
up,1917,2002,1802,0,0,12.2,42,16640
up,1918,2002,1802,0,0,12.2,42,16640
up,1918,2002,1802,0,0,12.2,42,16640
up,1919,2002,1802,0,0,12.1,42,16640
up,1919,2002,1802,0,0,12.1,42,16640
up,1919,2002,1802,0,0,12.1,42,16640
up,1920,2002,1802,0,0,12.1,42,16640
up,1920,2002,1802,0,0,12.1,42,16640
up,1921,2002,1802,0,0,12.1,42,16640
up,1921,2002,1802,0,0,12.1,42,16640
up,1922,2002,1802,0,0,12.1,42,16640
up,1922,2002,1802,0,0,12.1,42,16640
up,1923,2002,1802,0,0,12.1,41,16640
up,1923,2002,1802,0,0,12.1,41,16640
up,1924,2002,1802,0,0,12.1,42,16640
up,1924,2002,1802,0,0,12.1,42,16640
up,1924,2002,1802,0,0,12.1,42,16640
up,1925,2002,1802,0,0,12.1,42,16640
up,1925,2002,1802,0,0,12.1,42,16640
up,1926,2002,1802,0,0,12.1,42,16640
up,1926,2002,1802,0,0,12.1,42,16640
up,1927,2002,1802,0,0,12.1,42,16640
up,1927,2002,1802,0,0,12.1,42,16640
up,1928,2002,1802,0,0,12.1,42,16640
up,1928,2002,1802,0,0,12.1,42,16640
up,1928,2002,1802,0,0,12.1,42,16640
up,1929,2002,1802,0,0,12.1,42,16640
up,1929,2002,1802,0,0,12.1,42,16640
up,1930,2002,1802,0,0,12.1,42,16640
up,1931,2002,1802,0,0,12.1,42,16640
up,1931,2002,1802,0,0,12.1,42,16640
up,1932,2002,1802,0,0,12.1,42,16640
up,1933,2002,1802,0,0,12.1,42,16640
up,1933,2002,1802,0,0,12.1,42,16640
up,1934,2002,1802,0,0,12.1,42,16640
up,1934,2002,1802,0,0,12.1,42,16640
up,1935,2002,1802,0,0,12.1,42,16640
up,1936,2002,1802,0,0,12.1,42,16640
up,1936,2002,1802,0,0,12.1,42,16640
up,1937,2002,1802,0,0,12.1,42,16640
up,1937,2002,1802,0,0,12.1,42,16640
up,1938,2002,1802,0,0,12.1,42,16640
up,1938,2002,1802,0,0,12.1,42,16640
up,1939,2002,1802,0,0,12.1,42,16640
up,1940,2002,1802,0,0,12.1,42,16640
up,1940,2002,1802,0,0,12.1,42,16640
up,1941,2002,1802,0,0,12.1,42,16640
up,1941,2002,1802,0,0,12.1,42,16640
up,1942,2002,1802,0,0,12.1,42,16640
up,1942,2002,1802,0,0,12.1,42,16640
up,1943,2002,1802,0,0,12.1,42,16640
up,1944,2002,1802,0,0,12.2,42,16640
up,1944,2002,1802,0,0,12.1,42,16640
up,1945,2002,1802,0,0,12.1,42,16640
up,1945,2002,1802,0,0,12.1,42,16640
up,1946,2002,1802,0,0,12.1,42,16640
up,1947,2002,1802,0,0,12.1,42,16640
up,1947,2002,1802,0,0,12.1,42,16640
up,1948,2002,1802,0,0,12.1,42,16640
up,1948,2002,1802,0,0,12.1,42,16640
up,1949,2002,1802,0,0,12.1,42,16640
up,1949,2002,1802,0,0,12.1,42,16640
up,1949,2002,1802,0,0,12.1,42,16640
up,1950,2002,1802,0,0,12.1,42,16640
up,1951,2002,1802,0,0,12.1,42,16640
up,1951,2002,1802,0,0,12.1,42,16640
up,1952,2002,1802,0,0,12.1,42,16640
up,1953,2002,1802,0,0,12.1,42,16640
up,1953,2002,1802,0,0,12.1,42,16640
up,1954,2002,1802,0,0,12.1,42,16640
up,1954,2002,1802,0,0,12.1,42,16640
up,1955,2002,1802,0,0,12.1,42,16640
up,1956,2002,1802,0,0,12.1,42,16640
up,1956,2002,1802,0,0,12.1,42,16640
up,1957,2002,1802,0,0,12.1,42,16640
up,1957,2002,1802,0,0,12.1,42,16640
up,1958,2002,1802,0,0,12.1,42,16640
up,1958,2002,1802,0,0,12.1,42,16640
up,1959,2002,1802,0,0,12.1,42,16640
up,1959,2002,1802,0,0,12.1,42,16640
up,1960,2002,1802,0,0,12.1,42,16640
up,1960,2002,1802,0,0,12.1,42,16640
up,1961,2002,1802,0,0,12.1,42,16640
up,1962,2002,1802,0,0,12.1,42,16640
up,1962,2002,1802,0,0,12.1,42,16640
up,1963,2002,1802,0,0,12.1,42,16640
up,1963,2002,1802,0,0,12.1,42,16640
up,1964,2002,1802,0,0,12.1,42,16640
up,1964,2002,1802,0,0,12.1,42,16640
up,1965,2002,1802,0,0,12.1,42,16640
up,1965,2002,1802,0,0,12.1,42,16640
up,1966,2002,1802,0,0,12.1,42,16640
up,1966,2002,1802,0,0,12.1,42,16640
up,1966,2002,1802,0,0,12.1,42,16640
up,1967,2002,1802,0,0,12.1,42,16640
up,1967,2002,1802,0,0,12.1,42,16640
up,1968,2002,1802,0,0,12.1,42,16640
up,1968,2002,1802,0,0,12.1,42,16640
up,1969,2002,1802,0,0,12.1,42,16640
up,1969,2002,1802,0,0,12.1,42,16640
up,1970,2002,1802,0,0,12.1,42,16640
up,1970,2002,1802,0,0,12.1,42,16640
up,1971,2002,1802,0,0,12.1,42,16640
up,1972,2002,1802,0,0,12.1,42,16640
up,1972,2002,1802,0,0,12.1,42,16640
up,1973,2002,1802,0,0,12.1,42,16640
up,1974,2002,1802,0,0,12.1,42,16640
up,1974,2002,1802,0,0,12.1,42,16640
up,1975,2002,1802,0,0,12.1,42,16640
up,1975,2002,1802,0,0,12.1,42,16640
up,1976,2002,1802,0,0,12.1,42,16640
up,1976,2002,1802,0,0,12.1,42,16640
up,1977,2002,1802,0,0,12.1,42,16640
up,1978,2002,1802,0,0,12.1,42,16640
up,1978,2002,1802,0,0,12.1,42,16640
up,1979,2002,1802,0,0,12.1,42,16640
up,1979,2002,1802,0,0,12.1,42,16640
up,1980,2002,1802,0,0,12.1,42,16640
up,1980,2002,1802,0,0,12.1,42,16640
up,1981,2002,1802,0,0,12.1,42,16640
up,1981,2002,1802,0,0,12.1,42,16640
up,1982,2002,1802,0,0,12.1,42,16640
up,1982,2002,1802,0,0,12.1,42,16640
up,1983,2002,1802,0,0,12.1,42,16640
up,1983,2002,1802,0,0,12.1,42,16640
up,1984,2002,1802,0,0,12.1,42,16640
up,1984,2002,1802,0,0,12.1,42,16640
up,1985,2002,1802,0,0,12.1,42,16640
up,1985,2002,1802,0,0,12.1,42,16640
up,1986,2002,1802,0,0,12.1,42,16640
up,1986,2002,1802,0,0,12.1,42,16640
up,1987,2002,1802,0,0,12.1,42,16640
up,1987,2002,1802,0,0,12.1,42,16640
up,1988,2002,1802,0,0,12.1,42,16640
up,1988,2002,1802,0,0,12.1,42,16640
up,1989,2002,1802,0,0,12.1,42,16640
up,1989,2002,1802,0,0,12.1,42,16640
up,1990,2002,1802,0,0,12.1,42,16640
up,1990,2002,1802,0,0,12.1,42,16640
up,1991,2002,1802,0,0,12.1,42,16640
up,1991,2002,1802,0,0,12.1,42,16640
up,1992,2002,1802,0,0,12.1,42,16640
up,1992,2002,1802,0,0,12.1,42,16640
up,1993,2002,1802,0,0,12.1,42,16640
up,1993,2002,1802,0,0,12.1,42,16640
up,1994,2002,1802,0,0,12.1,42,16640
up,1994,2002,1802,0,0,12.1,42,16640
up,1995,2002,1802,0,0,12.1,42,16640
up,1995,2002,1802,0,0,12.1,42,16640
up,1996,2002,1802,0,0,12.1,42,16640
up,1996,2002,1802,0,0,12.1,42,16640
up,1997,2002,1802,0,0,12.1,42,16640
up,1997,2002,1802,0,0,12.1,42,16640
up,1998,2002,1802,0,0,12.1,42,16640
up,1998,2002,1802,0,0,12.1,42,16640
up,1999,2002,1802,0,0,12.1,42,16640
up,1999,2002,1802,0,0,12.1,42,16640
up,2000,2002,1802,0,0,12.1,42,16640
back,0,1802,1802,0,0,12.1,42,16653
back,24,1802,1802,0,0,12.1,42,16640
back,25,1802,1802,0,0,12.1,42,16640
back,26,1802,1802,0,0,12.1,42,16640
back,26,1802,1802,0,0,12.1,42,16640
back,27,1802,1802,0,0,12.1,42,16640
back,28,1802,1802,0,0,12.1,42,16640
back,28,1802,1802,0,0,12.1,42,16640
back,29,1802,1802,0,0,12.1,42,16640
back,29,1802,1802,0,0,12.1,42,16640
back,30,1802,1802,0,0,12.1,42,16640
back,31,1802,1802,0,0,12.1,42,16640
back,31,1802,1802,0,0,12.1,42,16640
back,32,1802,1802,0,0,12.1,42,16640
back,32,1802,1802,0,0,12.1,42,16640
back,33,1802,1802,0,0,12.1,42,16640
back,33,1802,1802,0,0,12.1,42,16640
back,34,1802,1802,0,0,12.1,42,16640
back,34,1802,1802,0,0,12.1,42,16640
back,35,1802,1802,0,0,12.1,42,16640
back,35,1802,1802,0,0,12.1,42,16640
back,36,1802,1802,0,0,12.1,42,16640
back,36,1802,1802,0,0,12.1,42,16640
back,36,1802,1802,0,0,12.1,42,16640
back,37,1802,1802,0,0,12.1,42,16640
back,37,1802,1802,0,0,12.1,42,16640
back,38,1802,1802,0,0,12.1,42,16640
back,38,1802,1802,0,0,12.1,42,16640
back,39,1802,1802,0,0,12.1,42,16640
back,39,1802,1802,0,0,12.1,42,16640
back,40,1802,1802,0,0,12.1,42,16640
back,40,1802,1802,0,0,12.1,42,16640
back,41,1802,1802,0,0,12.1,42,16640
back,41,1802,1802,0,0,12.1,42,16640
back,42,1802,1802,0,0,12.1,42,16640
back,42,1802,1802,0,0,12.1,42,16640
back,43,1802,1802,0,0,12.1,42,16640
back,43,1802,1802,0,0,12.1,42,16640
back,44,1802,1802,0,0,12.1,42,16640
back,45,1802,1802,0,0,12.1,42,16640
back,45,1802,1802,0,0,12.1,42,16640
back,46,1802,1802,0,0,12.1,42,16640
back,46,1802,1802,0,0,12.1,42,16640
back,47,1802,1802,0,0,12.1,42,16640
back,47,1802,1802,0,0,12.1,42,16640
back,48,1802,1802,0,0,12.1,42,16640
back,48,1802,1802,0,0,12.1,42,16640
back,49,1802,1802,0,0,12.1,42,16640
back,49,1802,1802,0,0,12.1,42,16640
back,50,1802,1802,0,0,12.1,42,16640
back,50,1802,1802,0,0,12.1,42,16640
back,51,1802,1802,0,0,12.1,42,16640
back,51,1802,1802,0,0,12.1,42,16640
back,52,1802,1802,0,0,12.1,42,16640
back,52,1802,1802,0,0,12.1,42,16640
back,53,1802,1802,0,0,12.1,42,16640
back,53,1802,1802,0,0,12.1,42,16640
back,54,1802,1802,0,0,12.1,42,16640
back,54,1802,1802,0,0,12.1,42,16640
back,55,1802,1802,0,0,12.1,42,16640
back,55,1802,1802,0,0,12.1,42,16640
back,55,1802,1802,0,0,12.1,42,16640
back,56,1802,1802,0,0,12.1,42,16640
back,56,1802,1802,0,0,12.1,42,16640
back,57,1802,1802,0,0,12.1,42,16640
back,57,1802,1802,0,0,12.1,42,16640
back,58,1802,1802,0,0,12.1,42,16640
back,58,1802,1802,0,0,12.1,42,16640
back,59,1802,1802,0,0,12.1,42,16640
back,59,1802,1802,0,0,12.1,42,16640
back,60,1802,1802,0,0,12.1,42,16640
back,61,1802,1802,0,0,12.1,42,16640
back,61,1802,1802,0,0,12.1,42,16640
back,62,1802,1802,0,0,12.1,42,16640
back,62,1802,1802,0,0,12.1,42,16640
back,63,1802,1802,0,0,12.1,42,16640
back,63,1802,1802,0,0,12.1,42,16640
back,64,1802,1802,0,0,12.1,42,16640
back,64,1802,1802,0,0,12.1,42,16640
back,65,1802,1802,0,0,12.1,42,16640
back,65,1802,1802,0,0,12.1,42,16640
back,66,1802,1802,0,0,12.1,42,16640
back,66,1802,1802,0,0,12.1,42,16640
back,67,1802,1802,0,0,12.1,42,16640
back,67,1802,1802,0,0,12.1,42,16640
back,68,1802,1802,0,0,12.1,42,16640
back,68,1802,1802,0,0,12.1,42,16640
back,69,1802,1802,0,0,12.1,42,16640
back,69,1802,1802,0,0,12.1,42,16640
back,70,1802,1802,0,0,12.1,42,16640
back,71,1802,1802,0,0,12.1,42,16640
back,71,1802,1802,0,0,12.1,42,16640
back,72,1802,1802,0,0,12.1,42,16640
back,72,1802,1802,0,0,12.1,42,16640
back,73,1802,1802,0,0,12.1,42,16640
back,74,1802,1802,0,0,12.1,42,16640
back,74,1802,1802,0,0,12.1,42,16640
back,75,1802,1802,0,0,12.1,42,16640
back,75,1802,1802,0,0,12.1,42,16640
back,76,1802,1802,0,0,12.1,42,16640
back,77,1802,1802,0,0,12.1,42,16640
back,77,1802,1802,0,0,12.1,42,16640
back,78,1802,1802,0,0,12.1,42,16640
back,79,1802,1802,0,0,12.1,42,16640
back,79,1802,1802,0,0,12.1,42,16640
back,80,1802,1802,0,0,12.1,42,16640
back,81,1802,1802,0,0,12.1,42,16640
back,81,1802,1802,0,0,12.1,42,16640
back,82,1802,1802,0,0,12.1,42,16640
back,82,1802,1802,0,0,12.1,42,16640
back,83,1802,1802,0,0,12.1,42,16640
back,84,1802,1802,0,0,12.1,42,16640
back,84,1802,1802,0,0,12.1,42,16640
back,85,1802,1802,0,0,12.1,42,16640
back,85,1802,1802,0,0,12.1,42,16640
back,86,1802,1802,0,0,12.1,42,16640
back,86,1802,1802,0,0,12.1,42,16640
back,87,1802,1802,0,0,12.1,42,16640
back,87,1802,1802,0,0,12.1,42,16640
back,88,1802,1802,0,0,12.1,42,16640
back,89,1802,1802,0,0,12.1,42,16640
back,89,1802,1802,0,0,12.1,42,16640
back,90,1802,1802,0,0,12.1,42,16640
back,90,1802,1802,0,0,12.1,42,16640
back,91,1802,1802,0,0,12.1,42,16640
back,91,1802,1802,0,0,12.1,42,16640
back,92,1802,1802,0,0,12.1,42,16640
back,92,1802,1802,0,0,12.1,42,16640
back,93,1802,1802,0,0,12.1,42,16640
back,93,1802,1802,0,0,12.0,42,16640
back,94,1802,1802,0,0,12.0,42,16640
back,94,1802,1802,0,0,12.1,42,16640
back,95,1802,1802,0,0,12.1,42,16640
back,95,1802,1802,0,0,12.1,42,16640
back,96,1802,1802,0,0,12.1,42,16640
back,96,1802,1802,0,0,12.1,42,16640
back,97,1802,1802,0,0,12.1,42,16640
back,97,1802,1802,0,0,12.1,42,16640
back,98,1802,1802,0,0,12.1,42,16640
back,98,1802,1802,0,0,12.1,42,16640
back,98,1802,1802,0,0,12.1,42,16640
back,99,1802,1802,0,0,12.1,42,16640
back,99,1802,1802,0,0,12.1,42,16640
back,100,1802,1802,0,0,12.1,42,16640
back,100,1802,1802,0,0,12.1,42,16640
back,101,1802,1802,0,0,12.1,42,16640
back,101,1802,1802,0,0,12.1,42,16640
back,102,1802,1802,0,0,12.1,42,16640
back,102,1802,1802,0,0,12.1,42,16640
back,103,1802,1802,0,0,12.1,42,16640
back,103,1802,1802,0,0,12.1,42,16640
back,104,1802,1802,0,0,12.1,42,16640
back,104,1802,1802,0,0,12.1,42,16640
back,105,1802,1802,0,0,12.1,42,16640
back,105,1802,1802,0,0,12.1,42,16640
back,106,1802,1802,0,0,12.1,42,16640
back,106,1802,1802,0,0,12.1,42,16640
back,107,1802,1802,0,0,12.1,42,16640
back,107,1802,1802,0,0,12.1,42,16640
back,108,1802,1802,0,0,12.1,42,16640
back,108,1802,1802,0,0,12.1,42,16640
back,109,1802,1802,0,0,12.1,42,16640
back,109,1802,1802,0,0,12.1,42,16640
back,110,1802,1802,0,0,12.1,42,16640
back,110,1802,1802,0,0,12.1,42,16640
back,111,1802,1802,0,0,12.1,42,16640
back,111,1802,1802,0,0,12.1,42,16640
back,112,1802,1802,0,0,12.1,42,16640
back,112,1802,1802,0,0,12.1,42,16640
back,113,1802,1802,0,0,12.1,42,16640
back,113,1802,1802,0,0,12.1,42,16640
back,113,1802,1802,0,0,12.1,42,16640
back,114,1802,1802,0,0,12.1,42,16640
back,114,1802,1802,0,0,12.1,42,16640
back,115,1802,1802,0,0,12.1,42,16640
back,115,1802,1802,0,0,12.1,42,16640
back,116,1802,1802,0,0,12.1,42,16640
back,116,1802,1802,0,0,12.1,42,16640
back,117,1802,1802,0,0,12.1,42,16640
back,117,1802,1802,0,0,12.1,42,16640
back,118,1802,1802,0,0,12.1,42,16640
back,118,1802,1802,0,0,12.1,42,16640
back,118,1802,1802,0,0,12.1,42,16640
back,119,1802,1802,0,0,12.1,42,16640
back,119,1802,1802,0,0,12.1,42,16640
back,120,1802,1802,0,0,12.1,42,16640
back,120,1802,1802,0,0,12.1,42,16640
back,121,1802,1802,0,0,12.1,42,16640
back,121,1802,1802,0,0,12.1,42,16640
back,122,1802,1802,0,0,12.1,42,16640
back,122,1802,1802,0,0,12.1,42,16640
back,123,1802,1802,0,0,12.2,42,16640
back,123,1802,1802,0,0,12.2,42,16640
back,124,1802,1802,0,0,12.1,42,16640
back,124,1802,1802,0,0,12.1,42,16640
back,125,1802,1802,0,0,12.1,42,16640
back,125,1802,1802,0,0,12.1,42,16640
back,126,1802,1802,0,0,12.1,42,16640
back,126,1802,1802,0,0,12.1,42,16640
back,127,1802,1802,0,0,12.1,42,16640
back,127,1802,1802,0,0,12.1,42,16640
back,128,1802,1802,0,0,12.1,42,16640
back,128,1802,1802,0,0,12.1,42,16640
back,129,1802,1802,0,0,12.1,42,16640
back,129,1802,1802,0,0,12.1,42,16640
back,130,1802,1802,0,0,12.1,42,16640
back,130,1802,1802,0,0,12.1,42,16640
back,131,1802,1802,0,0,12.1,42,16640
back,131,1802,1802,0,0,12.1,42,16640
back,132,1802,1802,0,0,12.1,42,16640
back,132,1802,1802,0,0,12.1,42,16640
back,132,1802,1802,0,0,12.1,42,16640
back,133,1802,1802,0,0,12.1,42,16640
back,133,1802,1802,0,0,12.1,42,16640
back,134,1802,1802,0,0,12.1,42,16640
back,134,1802,1802,0,0,12.1,42,16640
back,135,1802,1802,0,0,12.1,42,16640
back,135,1802,1802,0,0,12.1,42,16640
back,136,1802,1802,0,0,12.1,42,16640
back,136,1802,1802,0,0,12.1,42,16640
back,137,1802,1802,0,0,12.1,42,16640
back,137,1802,1802,0,0,12.1,42,16640
back,137,1802,1802,0,0,12.1,42,16640
back,138,1802,1802,0,0,12.1,42,16640
back,138,1802,1802,0,0,12.1,42,16640
back,139,1802,1802,0,0,12.1,42,16640
back,139,1802,1802,0,0,12.1,42,16640
back,140,1802,1802,0,0,12.1,42,16640
back,140,1802,1802,0,0,12.1,42,16640
back,141,1802,1802,0,0,12.1,42,16640
back,141,1802,1802,0,0,12.1,42,16640
back,142,1802,1802,0,0,12.1,42,16640
back,142,1802,1802,0,0,12.1,42,16640
back,142,1802,1802,0,0,12.1,42,16640
back,143,1802,1802,0,0,12.1,42,16640
back,143,1802,1802,0,0,12.1,42,16640
back,144,1802,1802,0,0,12.1,42,16640
back,144,1802,1802,0,0,12.1,42,16640
back,145,1802,1802,0,0,12.1,42,16640
back,145,1802,1802,0,0,12.1,42,16640
back,146,1802,1802,0,0,12.1,42,16640
back,146,1802,1802,0,0,12.1,42,16640
back,147,1802,1802,0,0,12.1,42,16640
back,147,1802,1802,0,0,12.1,42,16640
back,148,1802,1802,0,0,12.2,42,16640
back,148,1802,1802,0,0,12.2,42,16640
back,149,1802,1802,0,0,12.1,42,16640
back,149,1802,1802,0,0,12.1,42,16640
back,150,1802,1802,0,0,12.1,42,16640
back,150,1802,1802,0,0,12.1,42,16640
back,151,1802,1802,0,0,12.1,42,16640
back,151,1802,1802,0,0,12.1,42,16640
back,151,1802,1802,0,0,12.1,42,16640
back,152,1802,1802,0,0,12.1,42,16640
back,152,1802,1802,0,0,12.1,42,16640
back,153,1802,1802,0,0,12.1,42,16640
back,153,1802,1802,0,0,12.1,42,16640
back,154,1802,1802,0,0,12.2,42,16640
back,154,1802,1802,0,0,12.2,42,16640
back,155,1802,1802,0,0,12.1,42,16640
back,155,1802,1802,0,0,12.1,42,16640
back,156,1802,1802,0,0,12.1,42,16640
back,156,1802,1802,0,0,12.1,42,16640
back,157,1802,1802,0,0,12.1,42,16640
back,157,1802,1802,0,0,12.1,42,16640
back,157,1802,1802,0,0,12.1,42,16640
back,158,1802,1802,0,0,12.1,42,16640
back,158,1802,1802,0,0,12.1,42,16640
back,159,1802,1802,0,0,12.1,42,16640
back,159,1802,1802,0,0,12.1,42,16640
back,160,1802,1802,0,0,12.1,42,16640
back,160,1802,1802,0,0,12.1,42,16640
back,161,1802,1802,0,0,12.1,42,16640
back,161,1802,1802,0,0,12.1,42,16640
back,162,1802,1802,0,0,12.1,42,16640
back,162,1802,1802,0,0,12.1,42,16640
back,163,1802,1802,0,0,12.1,42,16640
back,163,1802,1802,0,0,12.1,42,16640
back,164,1802,1802,0,0,12.1,42,16640
back,164,1802,1802,0,0,12.1,42,16640
back,165,1802,1802,0,0,12.1,42,16640
back,165,1802,1802,0,0,12.1,42,16640
back,165,1802,1802,0,0,12.1,42,16640
back,166,1802,1802,0,0,12.1,42,16640
back,166,1802,1802,0,0,12.1,42,16640
back,167,1802,1802,0,0,12.1,42,16640
back,167,1802,1802,0,0,12.1,42,16640
back,168,1802,1802,0,0,12.1,42,16640
back,168,1802,1802,0,0,12.1,42,16640
back,169,1802,1802,0,0,12.1,42,16640
back,169,1802,1802,0,0,12.1,42,16640
back,170,1802,1802,0,0,12.1,42,16640
back,170,1802,1802,0,0,12.1,42,16640
back,171,1802,1802,0,0,12.1,42,16640
back,171,1802,1802,0,0,12.1,42,16640
back,172,1802,1802,0,0,12.1,42,16640
back,172,1802,1802,0,0,12.1,42,16640
back,173,1802,1802,0,0,12.1,42,16640
back,173,1802,1802,0,0,12.1,42,16640
back,174,1802,1802,0,0,12.1,42,16640
back,174,1802,1802,0,0,12.1,42,16640
back,175,1802,1802,0,0,12.1,42,16640
back,175,1802,1802,0,0,12.1,42,16640
back,175,1802,1802,0,0,12.1,42,16640
back,176,1802,1802,0,0,12.1,42,16640
back,177,1802,1802,0,0,12.1,42,16640
back,177,1802,1802,0,0,12.1,42,16640
back,177,1802,1802,0,0,12.1,42,16640
back,178,1802,1802,0,0,12.1,42,16640
back,179,1802,1802,0,0,12.1,42,16640
back,179,1802,1802,0,0,12.1,42,16640
back,180,1802,1802,0,0,12.1,42,16640
back,180,1802,1802,0,0,12.1,42,16640
back,180,1802,1802,0,0,12.1,42,16640
back,181,1802,1802,0,0,12.1,42,16640
back,181,1802,1802,0,0,12.1,42,16640
back,182,1802,1802,0,0,12.1,42,16640
back,182,1802,1802,0,0,12.1,42,16640
back,183,1802,1802,0,0,12.1,42,16640
back,183,1802,1802,0,0,12.1,42,16640
back,184,1802,1802,0,0,12.1,42,16640
back,184,1802,1802,0,0,12.1,42,16640
back,185,1802,1802,0,0,12.1,42,16640
back,185,1802,1802,0,0,12.1,42,16640
back,186,1802,1802,0,0,12.1,42,16640
back,186,1802,1802,0,0,12.1,42,16640
back,187,1802,1802,0,0,12.1,42,16640
back,187,1802,1802,0,0,12.1,42,16640
back,187,1802,1802,0,0,12.1,42,16640
back,188,1802,1802,0,0,12.1,42,16640
back,188,1802,1802,0,0,12.1,42,16640
back,189,1802,1802,0,0,12.1,42,16640
back,189,1802,1802,0,0,12.1,42,16640
back,190,1802,1802,0,0,12.1,42,16640
back,190,1802,1802,0,0,12.1,42,16640
back,191,1802,1802,0,0,12.1,42,16640
back,191,1802,1802,0,0,12.1,42,16640
back,192,1802,1802,0,0,12.1,42,16640
back,192,1802,1802,0,0,12.1,42,16640
back,193,1802,1802,0,0,12.1,42,16640
back,193,1802,1802,0,0,12.1,42,16640
back,194,1802,1802,0,0,12.1,42,16640
back,194,1802,1802,0,0,12.1,42,16640
back,195,1802,1802,0,0,12.1,42,16640
back,195,1802,1802,0,0,12.1,42,16640
back,196,1802,1802,0,0,12.1,42,16640
back,196,1802,1802,0,0,12.1,42,16640
back,197,1802,1802,0,0,12.1,42,16640
back,197,1802,1802,0,0,12.1,42,16640
back,198,1802,1802,0,0,12.1,42,16640
back,198,1802,1802,0,0,12.1,42,16640
back,199,1802,1802,0,0,12.1,42,16640
back,199,1802,1802,0,0,12.1,42,16640
back,200,1802,1802,0,0,12.1,42,16640
back,200,1802,1802,0,0,12.1,42,16640
back,200,1802,1802,0,0,12.1,42,16640
back,201,1802,1802,0,0,12.1,42,16640
back,201,1802,1802,0,0,12.1,42,16640
back,202,1802,1802,0,0,12.1,42,16640
back,202,1802,1802,0,0,12.1,42,16640
back,203,1802,1802,0,0,12.1,42,16640
back,203,1802,1802,0,0,12.1,42,16640
back,204,1802,1802,0,0,12.1,42,16640
back,204,1802,1802,0,0,12.1,42,16640
back,205,1802,1802,0,0,12.1,42,16640
back,205,1802,1802,0,0,12.1,42,16640
back,206,1802,1802,0,0,12.1,42,16640
back,206,1802,1802,0,0,12.1,42,16640
back,207,1802,1802,0,0,12.1,42,16640
back,207,1802,1802,0,0,12.1,42,16640
back,208,1802,1802,0,0,12.1,42,16640
back,208,1802,1802,0,0,12.1,42,16640
back,209,1802,1802,0,0,12.1,42,16640
back,209,1802,1802,0,0,12.1,42,16640
back,210,1802,1802,0,0,12.1,42,16640
back,210,1802,1802,0,0,12.1,42,16640
back,211,1802,1802,0,0,12.1,42,16640
back,211,1802,1802,0,0,12.1,42,16640
back,212,1802,1802,0,0,12.1,42,16640
back,212,1802,1802,0,0,12.1,42,16640
back,213,1802,1802,0,0,12.1,42,16640
back,213,1802,1802,0,0,12.1,42,16640
back,214,1802,1802,0,0,12.1,42,16640
back,214,1802,1802,0,0,12.1,42,16640
back,215,1802,1802,0,0,12.1,42,16640
back,215,1802,1802,0,0,12.1,42,16640
back,216,1802,1802,0,0,12.1,42,16640
back,216,1802,1802,0,0,12.1,42,16640
back,217,1802,1802,0,0,12.2,42,16640
back,217,1802,1802,0,0,12.2,42,16640
back,218,1802,1802,0,0,12.1,42,16640
back,218,1802,1802,0,0,12.1,42,16640
back,219,1802,1802,0,0,12.1,42,16640
back,219,1802,1802,0,0,12.1,42,16640
back,220,1802,1802,0,0,12.1,42,16640
back,220,1802,1802,0,0,12.1,42,16640
back,221,1802,1802,0,0,12.1,42,16640
back,221,1802,1802,0,0,12.1,42,16640
back,222,1802,1802,0,0,12.1,42,16640
back,222,1802,1802,0,0,12.1,42,16640
back,223,1802,1802,0,0,12.1,42,16640
back,223,1802,1802,0,0,12.1,42,16640
back,224,1802,1802,0,0,12.1,42,16640
back,224,1802,1802,0,0,12.1,42,16640
back,225,1802,1802,0,0,12.1,42,16640
back,225,1802,1802,0,0,12.1,42,16640
back,226,1802,1802,0,0,12.1,42,16640
back,226,1802,1802,0,0,12.1,42,16640
back,227,1802,1802,0,0,12.1,42,16640
back,227,1802,1802,0,0,12.1,42,16640
back,228,1802,1802,0,0,12.1,42,16640
back,228,1802,1802,0,0,12.1,42,16640
back,229,1802,1802,0,0,12.1,42,16640
back,229,1802,1802,0,0,12.1,42,16640
back,230,1802,1802,0,0,12.1,42,16640
back,230,1802,1802,0,0,12.1,42,16640
back,231,1802,1802,0,0,12.1,42,16640
back,231,1802,1802,0,0,12.1,42,16640
back,232,1802,1802,0,0,12.1,42,16640
back,232,1802,1802,0,0,12.1,42,16640
back,233,1802,1802,0,0,12.1,42,16640
back,233,1802,1802,0,0,12.1,42,16640
back,234,1802,1802,0,0,12.1,42,16640
back,234,1802,1802,0,0,12.1,42,16640
back,235,1802,1802,0,0,12.1,42,16640
back,235,1802,1802,0,0,12.1,42,16640
back,236,1802,1802,0,0,12.1,42,16640
back,236,1802,1802,0,0,12.1,42,16640
back,237,1802,1802,0,0,12.1,42,16640
back,237,1802,1802,0,0,12.1,42,16640
back,238,1802,1802,0,0,12.1,42,16640
back,238,1802,1802,0,0,12.1,42,16640
back,239,1802,1802,0,0,12.1,42,16640
back,239,1802,1802,0,0,12.1,42,16640
back,240,1802,1802,0,0,12.1,42,16640
back,240,1802,1802,0,0,12.1,42,16640
back,241,1802,1802,0,0,12.1,42,16640
back,241,1802,1802,0,0,12.1,42,16640
back,242,1802,1802,0,0,12.1,42,16640
back,242,1802,1802,0,0,12.1,42,16640
back,243,1802,1802,0,0,12.1,42,16640
back,243,1802,1802,0,0,12.1,42,16640
back,243,1802,1802,0,0,12.1,42,16640
back,244,1802,1802,0,0,12.1,42,16640
back,244,1802,1802,0,0,12.1,42,16640
back,245,1802,1802,0,0,12.1,42,16640
back,245,1802,1802,0,0,12.1,42,16640
back,246,1802,1802,0,0,12.1,42,16640
back,246,1802,1802,0,0,12.1,42,16640
back,247,1802,1802,0,0,12.1,42,16640
back,247,1802,1802,0,0,12.1,42,16640
back,248,1802,1802,0,0,12.1,42,16640
back,248,1802,1802,0,0,12.1,42,16640
back,249,1802,1802,0,0,12.1,42,16640
back,249,1802,1802,0,0,12.1,42,16640
back,249,1802,1802,0,0,12.1,42,16640
back,250,1802,1802,0,0,12.1,42,16640
back,250,1802,1802,0,0,12.1,42,16640
back,251,1802,1802,0,0,12.1,42,16640
back,251,1802,1802,0,0,12.1,42,16640
back,252,1802,1802,0,0,12.1,42,16640
back,252,1802,1802,0,0,12.1,42,16640
back,253,1802,1802,0,0,12.1,42,16640
back,253,1802,1802,0,0,12.1,42,16640
back,254,1802,1802,0,0,12.1,42,16640
back,254,1802,1802,0,0,12.1,42,16640
back,255,1802,1802,0,0,12.1,42,16640
back,255,1802,1802,0,0,12.1,42,16640
back,256,1802,1802,0,0,12.1,42,16640
back,256,1802,1802,0,0,12.1,42,16640
back,257,1802,1802,0,0,12.1,42,16640
back,257,1802,1802,0,0,12.1,42,16640
back,258,1802,1802,0,0,12.1,42,16640
back,258,1802,1802,0,0,12.1,42,16640
back,259,1802,1802,0,0,12.1,42,16640
back,259,1802,1802,0,0,12.1,42,16640
back,260,1802,1802,0,0,12.1,42,16640
back,260,1802,1802,0,0,12.1,42,16640
back,261,1802,1802,0,0,12.1,42,16640
back,261,1802,1802,0,0,12.1,42,16640
back,262,1802,1802,0,0,12.1,42,16640
back,262,1802,1802,0,0,12.1,42,16640
back,263,1802,1802,0,0,12.1,42,16640
back,263,1802,1802,0,0,12.1,42,16640
back,264,1802,1802,0,0,12.1,42,16640
back,264,1802,1802,0,0,12.1,42,16640
back,265,1802,1802,0,0,12.1,42,16640
back,265,1802,1802,0,0,12.1,42,16640
back,266,1802,1802,0,0,12.1,42,16640
back,266,1802,1802,0,0,12.1,42,16640
back,267,1802,1802,0,0,12.1,42,16640
back,267,1802,1802,0,0,12.1,42,16640
back,268,1802,1802,0,0,12.1,42,16640
back,268,1802,1802,0,0,12.1,42,16640
back,269,1802,1802,0,0,12.1,42,16640
back,269,1802,1802,0,0,12.2,42,16640
back,270,1802,1802,0,0,12.2,42,16640
back,270,1802,1802,0,0,12.1,42,16640
back,271,1802,1802,0,0,12.1,42,16640
back,271,1802,1802,0,0,12.1,42,16640
back,272,1802,1802,0,0,12.1,42,16640
back,272,1802,1802,0,0,12.1,42,16640
back,273,1802,1802,0,0,12.1,42,16640
back,273,1802,1802,0,0,12.1,42,16640
back,274,1802,1802,0,0,12.1,42,16640
back,274,1802,1802,0,0,12.1,42,16640
back,275,1802,1802,0,0,12.1,42,16640
back,275,1802,1802,0,0,12.1,42,16640
back,276,1802,1802,0,0,12.1,42,16640
back,276,1802,1802,0,0,12.1,42,16640
back,277,1802,1802,0,0,12.1,42,16640
back,277,1802,1802,0,0,12.1,42,16640
back,278,1802,1802,0,0,12.1,42,16640
back,278,1802,1802,0,0,12.1,42,16640
back,279,1802,1802,0,0,12.1,42,16640
back,279,1802,1802,0,0,12.1,42,16640
back,280,1802,1802,0,0,12.1,42,16640
back,280,1802,1802,0,0,12.1,42,16640
back,281,1802,1802,0,0,12.1,42,16640
back,281,1802,1802,0,0,12.1,42,16640
back,282,1802,1802,0,0,12.1,42,16640
back,282,1802,1802,0,0,12.1,42,16640
back,283,1802,1802,0,0,12.1,42,16640
back,283,1802,1802,0,0,12.1,42,16640
back,284,1802,1802,0,0,12.1,42,16640
back,284,1802,1802,0,0,12.1,42,16640
back,285,1802,1802,0,0,12.1,42,16640
back,285,1802,1802,0,0,12.1,42,16640
back,286,1802,1802,0,0,12.1,42,16640
back,286,1802,1802,0,0,12.1,42,16640
back,287,1802,1802,0,0,12.1,42,16640
back,287,1802,1802,0,0,12.1,42,16640
back,288,1802,1802,0,0,12.1,42,16640
back,288,1802,1802,0,0,12.1,42,16640
back,289,1802,1802,0,0,12.1,42,16640
back,289,1802,1802,0,0,12.1,42,16640
back,290,1802,1802,0,0,12.1,42,16640
back,290,1802,1802,0,0,12.1,42,16640
back,291,1802,1802,0,0,12.1,42,16640
back,291,1802,1802,0,0,12.1,42,16640
back,292,1802,1802,0,0,12.1,42,16640
back,292,1802,1802,0,0,12.1,42,16640
back,293,1802,1802,0,0,12.1,42,16640
back,293,1802,1802,0,0,12.1,42,16640
back,294,1802,1802,0,0,12.1,42,16640
back,294,1802,1802,0,0,12.1,42,16640
back,295,1802,1802,0,0,12.1,42,16640
back,295,1802,1802,0,0,12.1,42,16640
back,296,1802,1802,0,0,12.1,42,16640
back,296,1802,1802,0,0,12.1,42,16640
back,297,1802,1802,0,0,12.1,42,16640
back,297,1802,1802,0,0,12.1,42,16640
back,298,1802,1802,0,0,12.1,42,16640
back,298,1802,1802,0,0,12.1,42,16640
back,299,1802,1802,0,0,12.1,42,16640
back,299,1802,1802,0,0,12.1,42,16640
back,299,1802,1802,0,0,12.1,42,16640
back,300,1802,1802,0,0,12.1,42,16640
back,300,1802,1802,0,0,12.1,42,16640
back,301,1802,1802,0,0,12.1,42,16640
back,301,1802,1802,0,0,12.1,42,16640
back,302,1802,1802,0,0,12.1,42,16640
back,302,1802,1802,0,0,12.1,42,16640
back,303,1802,1802,0,0,12.1,42,16640
back,303,1802,1802,0,0,12.1,42,16640
back,304,1802,1802,0,0,12.1,42,16640
back,304,1802,1802,0,0,12.1,42,16640
back,304,1802,1802,0,0,12.1,42,16640
back,305,1802,1802,0,0,12.1,42,16640
back,305,1802,1802,0,0,12.1,42,16640
back,306,1802,1802,0,0,12.1,42,16640
back,306,1802,1802,0,0,12.1,42,16640
back,307,1802,1802,0,0,12.1,42,16640
back,307,1802,1802,0,0,12.1,42,16640
back,308,1802,1802,0,0,12.1,42,16640
back,308,1802,1802,0,0,12.1,42,16640
back,309,1802,1802,0,0,12.1,42,16640
back,309,1802,1802,0,0,12.1,42,16640
back,310,1802,1802,0,0,12.1,42,16640
back,311,1802,1802,0,0,12.1,42,16640
back,311,1802,1802,0,0,12.1,42,16640
back,312,1802,1802,0,0,12.1,42,16640
back,312,1802,1802,0,0,12.1,42,16640
back,313,1802,1802,0,0,12.1,42,16640
back,313,1802,1802,0,0,12.1,42,16640
back,314,1802,1802,0,0,12.1,42,16640
back,314,1802,1802,0,0,12.1,42,16640
back,315,1802,1802,0,0,12.1,42,16640
back,315,1802,1802,0,0,12.1,42,16640
back,316,1802,1802,0,0,12.1,42,16640
back,316,1802,1802,0,0,12.1,42,16640
back,317,1802,1802,0,0,12.1,42,16640
back,318,1802,1802,0,0,12.1,42,16640
back,319,1802,1802,0,0,12.1,42,16640
back,319,1802,1802,0,0,12.1,42,16640
back,320,1802,1802,0,0,12.1,42,16640
back,320,1802,1802,0,0,12.1,42,16640
back,321,1802,1802,0,0,12.1,42,16640
back,321,1802,1802,0,0,12.1,42,16640
back,322,1802,1802,0,0,12.1,42,16640
back,322,1802,1802,0,0,12.1,42,16640
back,323,1802,1802,0,0,12.1,42,16640
back,323,1802,1802,0,0,12.1,42,16640
back,324,1802,1802,0,0,12.1,42,16640
back,324,1802,1802,0,0,12.1,42,16640
back,325,1802,1802,0,0,12.1,42,16640
back,325,1802,1802,0,0,12.1,42,16640
back,326,1802,1802,0,0,12.1,42,16640
back,326,1802,1802,0,0,12.1,42,16640
back,327,1802,1802,0,0,12.1,42,16640
back,328,1802,1802,0,0,12.1,42,16640
back,328,1802,1802,0,0,12.1,42,16640
back,329,1802,1802,0,0,12.1,42,16640
back,329,1802,1802,0,0,12.1,42,16640
back,330,1802,1802,0,0,12.1,42,16640
back,330,1802,1802,0,0,12.1,42,16640
back,330,1802,1802,0,0,12.1,42,16640
back,331,1802,1802,0,0,12.1,42,16640
back,331,1802,1802,0,0,12.1,42,16640
back,332,1802,1802,0,0,12.1,42,16640
back,332,1802,1802,0,0,12.1,42,16640
back,333,1802,1802,0,0,12.1,42,16640
back,333,1802,1802,0,0,12.1,42,16640
back,334,1802,1802,0,0,12.1,42,16640
back,334,1802,1802,0,0,12.1,42,16640
back,335,1802,1802,0,0,12.1,42,16640
back,335,1802,1802,0,0,12.1,42,16640
back,336,1802,1802,0,0,12.1,42,16640
back,336,1802,1802,0,0,12.1,42,16640
back,336,1802,1802,0,0,12.1,42,16640
back,337,1802,1802,0,0,12.1,42,16640
back,337,1802,1802,0,0,12.1,42,16640
back,338,1802,1802,0,0,12.1,42,16640
back,338,1802,1802,0,0,12.1,42,16640
back,339,1802,1802,0,0,12.1,42,16640
back,339,1802,1802,0,0,12.1,42,16640
back,340,1802,1802,0,0,12.1,42,16640
back,340,1802,1802,0,0,12.1,42,16640
back,341,1802,1802,0,0,12.1,42,16640
back,341,1802,1802,0,0,12.1,42,16640
back,342,1802,1802,0,0,12.1,42,16640
back,342,1802,1802,0,0,12.1,42,16640
back,343,1802,1802,0,0,12.1,42,16640
back,343,1802,1802,0,0,12.1,42,16640
back,344,1802,1802,0,0,12.1,42,16640
back,345,1802,1802,0,0,12.1,42,16640
back,345,1802,1802,0,0,12.1,42,16640
back,345,1802,1802,0,0,12.1,42,16640
back,346,1802,1802,0,0,12.1,42,16640
back,346,1802,1802,0,0,12.1,42,16640
back,347,1802,1802,0,0,12.1,42,16640
back,347,1802,1802,0,0,12.1,42,16640
back,348,1802,1802,0,0,12.1,42,16640
back,348,1802,1802,0,0,12.1,42,16640
back,349,1802,1802,0,0,12.1,42,16640
back,349,1802,1802,0,0,12.1,42,16640
back,350,1802,1802,0,0,12.1,42,16640
back,350,1802,1802,0,0,12.1,42,16640
back,350,1802,1802,0,0,12.1,42,16640
back,351,1802,1802,0,0,12.1,42,16640
back,351,1802,1802,0,0,12.1,42,16640
back,352,1802,1802,0,0,12.1,42,16640
back,352,1802,1802,0,0,12.1,42,16640
back,353,1802,1802,0,0,12.1,42,16640
back,353,1802,1802,0,0,12.1,42,16640
back,354,1802,1802,0,0,12.1,42,16640
back,354,1802,1802,0,0,12.1,42,16640
back,355,1802,1802,0,0,12.1,42,16640
back,355,1802,1802,0,0,12.1,42,16640
back,356,1802,1802,0,0,12.1,42,16640
back,356,1802,1802,0,0,12.1,42,16640
back,356,1802,1802,0,0,12.1,42,16640
back,357,1802,1802,0,0,12.1,42,16640
back,357,1802,1802,0,0,12.1,42,16640
back,358,1802,1802,0,0,12.1,42,16640
back,358,1802,1802,0,0,12.1,42,16640
back,359,1802,1802,0,0,12.1,42,16640
back,360,1802,1802,0,0,12.1,42,16640
back,360,1802,1802,0,0,12.1,42,16640
back,361,1802,1802,0,0,12.1,42,16640
back,361,1802,1802,0,0,12.1,42,16640
back,362,1802,1802,0,0,12.1,42,16640
back,362,1802,1802,0,0,12.1,42,16640
back,363,1802,1802,0,0,12.1,42,16640
back,363,1802,1802,0,0,12.1,42,16640
back,364,1802,1802,0,0,12.1,42,16640
back,364,1802,1802,0,0,12.1,42,16640
back,365,1802,1802,0,0,12.1,42,16640
back,365,1802,1802,0,0,12.1,42,16640
back,365,1802,1802,0,0,12.1,42,16640
back,366,1802,1802,0,0,12.1,42,16640
back,366,1802,1802,0,0,12.1,42,16640
back,367,1802,1802,0,0,12.1,42,16640
back,367,1802,1802,0,0,12.1,42,16640
back,368,1802,1802,0,0,12.1,42,16640
back,368,1802,1802,0,0,12.1,42,16640
back,369,1802,1802,0,0,12.1,42,16640
back,369,1802,1802,0,0,12.1,42,16640
back,370,1802,1802,0,0,12.1,42,16640
back,370,1802,1802,0,0,12.1,42,16640
back,371,1802,1802,0,0,12.1,42,16640
back,371,1802,1802,0,0,12.1,42,16640
back,372,1802,1802,0,0,12.1,42,16640
back,372,1802,1802,0,0,12.1,42,16640
back,373,1802,1802,0,0,12.1,42,16640
back,373,1802,1802,0,0,12.1,42,16640
back,374,1802,1802,0,0,12.1,42,16640
back,374,1802,1802,0,0,12.1,42,16640
back,375,1802,1802,0,0,12.1,42,16640
back,376,1802,1802,0,0,12.1,42,16640
back,376,1802,1802,0,0,12.1,42,16640
back,377,1802,1802,0,0,12.1,42,16640
back,377,1802,1802,0,0,12.1,42,16640
back,378,1802,1802,0,0,12.1,42,16640
back,379,1802,1802,0,0,12.1,42,16640
back,379,1802,1802,0,0,12.1,42,16640
back,380,1802,1802,0,0,12.1,42,16640
back,380,1802,1802,0,0,12.1,42,16640
back,381,1802,1802,0,0,12.1,42,16640
back,381,1802,1802,0,0,12.1,42,16640
back,382,1802,1802,0,0,12.1,42,16640
back,382,1802,1802,0,0,12.1,42,16640
back,383,1802,1802,0,0,12.1,42,16640
back,383,1802,1802,0,0,12.1,42,16640
back,384,1802,1802,0,0,12.1,42,16640
back,384,1802,1802,0,0,12.1,42,16640
back,385,1802,1802,0,0,12.1,42,16640
back,385,1802,1802,0,0,12.1,42,16640
back,386,1802,1802,0,0,12.1,42,16640
back,386,1802,1802,0,0,12.1,42,16640
back,387,1802,1802,0,0,12.1,42,16640
back,387,1802,1802,0,0,12.1,42,16640
back,388,1802,1802,0,0,12.1,42,16640
back,388,1802,1802,0,0,12.1,42,16640
back,389,1802,1802,0,0,12.1,42,16640
back,389,1802,1802,0,0,12.1,42,16640
back,390,1802,1802,0,0,12.1,42,16640
back,390,1802,1802,0,0,12.1,42,16640
back,390,1802,1802,0,0,12.1,42,16640
back,391,1802,1802,0,0,12.1,42,16640
back,392,1802,1802,0,0,12.1,42,16640
back,392,1802,1802,0,0,12.1,42,16640
back,393,1802,1802,0,0,12.1,42,16640
back,393,1802,1802,0,0,12.1,42,16640
back,394,1802,1802,0,0,12.1,42,16640
back,394,1802,1802,0,0,12.1,42,16640
back,395,1802,1802,0,0,12.1,42,16640
back,395,1802,1802,0,0,12.1,42,16640
back,396,1802,1802,0,0,12.1,42,16640
back,396,1802,1802,0,0,12.1,42,16640
back,397,1802,1802,0,0,12.1,42,16640
back,397,1802,1802,0,0,12.1,42,16640
back,398,1802,1802,0,0,12.1,42,16640
back,398,1802,1802,0,0,12.1,42,16640
back,399,1802,1802,0,0,12.1,42,16640
back,399,1802,1802,0,0,12.1,42,16640
back,399,1802,1802,0,0,12.1,42,16640
back,400,1802,1802,0,0,12.1,42,16640
back,400,1802,1802,0,0,12.1,42,16640
back,401,1802,1802,0,0,12.1,42,16640
back,401,1802,1802,0,0,12.1,42,16640
back,402,1802,1802,0,0,12.1,42,16640
back,402,1802,1802,0,0,12.1,42,16640
back,403,1802,1802,0,0,12.1,42,16640
back,403,1802,1802,0,0,12.1,42,16640
back,404,1802,1802,0,0,12.1,42,16640
back,404,1802,1802,0,0,12.1,42,16640
back,404,1802,1802,0,0,12.1,42,16640
back,405,1802,1802,0,0,12.1,42,16640
back,406,1802,1802,0,0,12.1,42,16640
back,406,1802,1802,0,0,12.1,42,16640
back,407,1802,1802,0,0,12.1,42,16640
back,407,1802,1802,0,0,12.1,42,16640
back,408,1802,1802,0,0,12.1,42,16640
back,408,1802,1802,0,0,12.1,42,16640
back,409,1802,1802,0,0,12.1,42,16640
back,410,1802,1802,0,0,12.1,42,16640
back,410,1802,1802,0,0,12.1,42,16640
back,411,1802,1802,0,0,12.1,42,16640
back,411,1802,1802,0,0,12.1,42,16640
back,412,1802,1802,0,0,12.1,42,16640
back,412,1802,1802,0,0,12.1,42,16640
back,413,1802,1802,0,0,12.1,42,16640
back,413,1802,1802,0,0,12.1,42,16640
back,414,1802,1802,0,0,12.1,42,16640
back,414,1802,1802,0,0,12.1,42,16640
back,415,1802,1802,0,0,12.1,42,16640
back,415,1802,1802,0,0,12.1,42,16640
back,416,1802,1802,0,0,12.1,42,16640
back,416,1802,1802,0,0,12.1,42,16640
back,417,1802,1802,0,0,12.1,42,16640
back,417,1802,1802,0,0,12.1,42,16640
back,417,1802,1802,0,0,12.1,42,16640
back,418,1802,1802,0,0,12.1,42,16640
back,418,1802,1802,0,0,12.1,42,16640
back,419,1802,1802,0,0,12.1,42,16640
back,419,1802,1802,0,0,12.1,42,16640
back,420,1802,1802,0,0,12.1,42,16640
back,420,1802,1802,0,0,12.1,42,16640
back,421,1802,1802,0,0,12.2,42,16640
back,421,1802,1802,0,0,12.2,42,16640
back,422,1802,1802,0,0,12.1,42,16640
back,422,1802,1802,0,0,12.1,42,16640
back,423,1802,1802,0,0,12.1,42,16640
back,423,1802,1802,0,0,12.1,42,16640
back,424,1802,1802,0,0,12.1,42,16640
back,424,1802,1802,0,0,12.1,42,16640
back,425,1802,1802,0,0,12.1,42,16640
back,425,1802,1802,0,0,12.1,42,16640
back,426,1802,1802,0,0,12.2,42,16640
back,426,1802,1802,0,0,12.2,42,16640
back,427,1802,1802,0,0,12.1,42,16640
back,428,1802,1802,0,0,12.1,42,16640
back,428,1802,1802,0,0,12.1,42,16640
back,429,1802,1802,0,0,12.1,42,16640
back,429,1802,1802,0,0,12.1,42,16640
back,430,1802,1802,0,0,12.1,42,16640
back,430,1802,1802,0,0,12.1,42,16640
back,430,1802,1802,0,0,12.1,42,16640
back,431,1802,1802,0,0,12.1,42,16640
back,431,1802,1802,0,0,12.1,42,16640
back,432,1802,1802,0,0,12.1,42,16640
back,432,1802,1802,0,0,12.1,42,16640
back,433,1802,1802,0,0,12.1,42,16640
back,433,1802,1802,0,0,12.1,42,16640
back,434,1802,1802,0,0,12.1,42,16640
back,434,1802,1802,0,0,12.1,42,16640
back,435,1802,1802,0,0,12.1,42,16640
back,435,1802,1802,0,0,12.1,42,16640
back,436,1802,1802,0,0,12.1,42,16640
back,436,1802,1802,0,0,12.1,42,16640
back,437,1802,1802,0,0,12.1,42,16640
back,437,1802,1802,0,0,12.1,42,16640
back,438,1802,1802,0,0,12.1,42,16640
back,438,1802,1802,0,0,12.1,42,16640
back,438,1802,1802,0,0,12.1,42,16640
back,439,1802,1802,0,0,12.1,42,16640
back,439,1802,1802,0,0,12.1,42,16640
back,440,1802,1802,0,0,12.1,42,16640
back,440,1802,1802,0,0,12.1,42,16640
back,441,1802,1802,0,0,12.1,42,16640
back,441,1802,1802,0,0,12.1,42,16640
back,442,1802,1802,0,0,12.1,42,16640
back,442,1802,1802,0,0,12.1,42,16640
back,443,1802,1802,0,0,12.1,42,16640
back,444,1802,1802,0,0,12.1,42,16640
back,444,1802,1802,0,0,12.1,42,16640
back,445,1802,1802,0,0,12.1,42,16640
back,445,1802,1802,0,0,12.1,42,16640
back,446,1802,1802,0,0,12.1,42,16640
back,446,1802,1802,0,0,12.1,42,16640
back,447,1802,1802,0,0,12.1,42,16640
back,447,1802,1802,0,0,12.1,42,16640
back,448,1802,1802,0,0,12.1,42,16640
back,448,1802,1802,0,0,12.1,42,16640
back,448,1802,1802,0,0,12.1,42,16640
back,449,1802,1802,0,0,12.1,42,16640
back,449,1802,1802,0,0,12.1,42,16640
back,450,1802,1802,0,0,12.1,42,16640
back,450,1802,1802,0,0,12.1,42,16640
back,451,1802,1802,0,0,12.1,42,16640
back,451,1802,1802,0,0,12.1,42,16640
back,452,1802,1802,0,0,12.1,42,16640
back,452,1802,1802,0,0,12.1,42,16640
back,453,1802,1802,0,0,12.1,42,16640
back,453,1802,1802,0,0,12.1,42,16640
back,454,1802,1802,0,0,12.1,42,16640
back,454,1802,1802,0,0,12.1,42,16640
back,454,1802,1802,0,0,12.1,42,16640
back,455,1802,1802,0,0,12.1,42,16640
back,455,1802,1802,0,0,12.1,42,16640
back,456,1802,1802,0,0,12.1,42,16640
back,456,1802,1802,0,0,12.1,42,16640
back,457,1802,1802,0,0,12.1,42,16640
back,457,1802,1802,0,0,12.1,42,16640
back,458,1802,1802,0,0,12.1,42,16640
back,458,1802,1802,0,0,12.1,42,16640
back,459,1802,1802,0,0,12.1,42,16640
back,459,1802,1802,0,0,12.1,42,16640
back,460,1802,1802,0,0,12.1,42,16640
back,460,1802,1802,0,0,12.1,42,16640
back,461,1802,1802,0,0,12.1,42,16640
back,462,1802,1802,0,0,12.1,42,16640
back,462,1802,1802,0,0,12.1,42,16640
back,463,1802,1802,0,0,12.1,42,16640
back,463,1802,1802,0,0,12.1,42,16640
back,464,1802,1802,0,0,12.1,42,16640
back,464,1802,1802,0,0,12.1,42,16640
back,465,1802,1802,0,0,12.1,42,16640
back,465,1802,1802,0,0,12.1,42,16640
back,466,1802,1802,0,0,12.1,42,16640
back,466,1802,1802,0,0,12.1,42,16640
back,467,1802,1802,0,0,12.1,42,16640
back,467,1802,1802,0,0,12.1,42,16640
back,467,1802,1802,0,0,12.1,42,16640
back,468,1802,1802,0,0,12.1,42,16640
back,468,1802,1802,0,0,12.1,42,16640
back,469,1802,1802,0,0,12.1,42,16640
back,469,1802,1802,0,0,12.1,42,16640
back,470,1802,1802,0,0,12.1,42,16640
back,470,1802,1802,0,0,12.1,42,16640
back,471,1802,1802,0,0,12.1,42,16640
back,471,1802,1802,0,0,12.1,42,16640
back,472,1802,1802,0,0,12.1,42,16640
back,472,1802,1802,0,0,12.1,42,16640
back,473,1802,1802,0,0,12.1,42,16640
back,473,1802,1802,0,0,12.1,42,16640
back,473,1802,1802,0,0,12.1,42,16640
back,474,1802,1802,0,0,12.1,42,16640
back,474,1802,1802,0,0,12.1,42,16640
back,475,1802,1802,0,0,12.1,42,16640
back,475,1802,1802,0,0,12.1,42,16640
back,476,1802,1802,0,0,12.1,42,16640
back,477,1802,1802,0,0,12.1,42,16640
back,477,1802,1802,0,0,12.1,42,16640
back,478,1802,1802,0,0,12.1,42,16640
back,478,1802,1802,0,0,12.1,42,16640
back,479,1802,1802,0,0,12.1,42,16640
back,479,1802,1802,0,0,12.1,42,16640
back,480,1802,1802,0,0,12.1,42,16640
back,480,1802,1802,0,0,12.1,42,16640
back,481,1802,1802,0,0,12.1,42,16640
back,481,1802,1802,0,0,12.1,42,16640
back,482,1802,1802,0,0,12.1,42,16640
back,482,1802,1802,0,0,12.1,42,16640
back,482,1802,1802,0,0,12.1,42,16640
back,483,1802,1802,0,0,12.1,42,16640
back,483,1802,1802,0,0,12.1,42,16640
back,484,1802,1802,0,0,12.1,42,16640
back,484,1802,1802,0,0,12.1,42,16640
back,485,1802,1802,0,0,12.1,42,16640
back,485,1802,1802,0,0,12.1,42,16640
back,486,1802,1802,0,0,12.1,42,16640
back,486,1802,1802,0,0,12.1,42,16640
back,487,1802,1802,0,0,12.1,42,16640
back,487,1802,1802,0,0,12.1,42,16640
back,488,1802,1802,0,0,12.1,42,16640
back,488,1802,1802,0,0,12.1,42,16640
back,489,1802,1802,0,0,12.1,42,16640
back,489,1802,1802,0,0,12.1,42,16640
back,490,1802,1802,0,0,12.1,42,16640
back,490,1802,1802,0,0,12.1,42,16640
back,491,1802,1802,0,0,12.1,42,16640
back,491,1802,1802,0,0,12.1,42,16640
back,492,1802,1802,0,0,12.1,42,16640
back,492,1802,1802,0,0,12.1,42,16640
back,493,1802,1802,0,0,12.1,42,16640
back,493,1802,1802,0,0,12.1,42,16640
back,494,1802,1802,0,0,12.1,42,16640
back,495,1802,1802,0,0,12.1,42,16640
back,495,1802,1802,0,0,12.1,42,16640
back,496,1802,1802,0,0,12.1,42,16640
back,496,1802,1802,0,0,12.2,42,16640
back,497,1802,1802,0,0,12.2,42,16640
back,497,1802,1802,0,0,12.1,42,16640
back,498,1802,1802,0,0,12.1,42,16640
back,498,1802,1802,0,0,12.1,42,16640
back,499,1802,1802,0,0,12.1,42,16640
back,499,1802,1802,0,0,12.1,42,16640
back,500,1802,1802,0,0,12.1,42,16640
back,500,1802,1802,0,0,12.1,42,16640
back,501,1802,1802,0,0,12.1,42,16640
back,501,1802,1802,0,0,12.1,42,16640
back,502,1802,1802,0,0,12.1,42,16640
back,502,1802,1802,0,0,12.1,42,16640
back,503,1802,1802,0,0,12.1,42,16640
back,503,1802,1802,0,0,12.1,42,16640
back,504,1802,1802,0,0,12.1,42,16640
back,504,1802,1802,0,0,12.1,42,16640
back,504,1802,1802,0,0,12.1,42,16640
back,505,1802,1802,0,0,12.1,42,16640
back,505,1802,1802,0,0,12.1,42,16640
back,506,1802,1802,0,0,12.1,42,16640
back,506,1802,1802,0,0,12.1,42,16640
back,507,1802,1802,0,0,12.1,42,16640
back,507,1802,1802,0,0,12.1,42,16640
back,508,1802,1802,0,0,12.1,42,16640
back,508,1802,1802,0,0,12.1,42,16640
back,509,1802,1802,0,0,12.1,42,16640
back,509,1802,1802,0,0,12.1,42,16640
back,510,1802,1802,0,0,12.1,42,16640
back,510,1802,1802,0,0,12.1,42,16640
back,511,1802,1802,0,0,12.1,42,16640
back,512,1802,1802,0,0,12.1,42,16640
back,512,1802,1802,0,0,12.1,42,16640
back,513,1802,1802,0,0,12.1,42,16640
back,513,1802,1802,0,0,12.1,42,16640
back,513,1802,1802,0,0,12.1,42,16640
back,514,1802,1802,0,0,12.1,42,16640
back,514,1802,1802,0,0,12.1,42,16640
back,515,1802,1802,0,0,12.1,42,16640
back,515,1802,1802,0,0,12.1,42,16640
back,516,1802,1802,0,0,12.1,42,16640
back,516,1802,1802,0,0,12.1,42,16640
back,517,1802,1802,0,0,12.1,42,16640
back,517,1802,1802,0,0,12.1,42,16640
back,518,1802,1802,0,0,12.1,42,16640
back,518,1802,1802,0,0,12.1,42,16640
back,519,1802,1802,0,0,12.1,42,16640
back,519,1802,1802,0,0,12.1,42,16640
back,520,1802,1802,0,0,12.1,42,16640
back,520,1802,1802,0,0,12.1,42,16640
back,521,1802,1802,0,0,12.1,42,16640
back,521,1802,1802,0,0,12.1,42,16640
back,522,1802,1802,0,0,12.1,42,16640
back,522,1802,1802,0,0,12.1,42,16640
back,523,1802,1802,0,0,12.1,42,16640
back,523,1802,1802,0,0,12.1,42,16640
back,524,1802,1802,0,0,12.1,42,16640
back,524,1802,1802,0,0,12.1,42,16640
back,525,1802,1802,0,0,12.1,42,16640
back,525,1802,1802,0,0,12.1,42,16640
back,526,1802,1802,0,0,12.1,42,16640
back,526,1802,1802,0,0,12.1,42,16640
back,527,1802,1802,0,0,12.1,42,16640
back,528,1802,1802,0,0,12.1,42,16640
back,528,1802,1802,0,0,12.1,42,16640
back,529,1802,1802,0,0,12.1,42,16640
back,529,1802,1802,0,0,12.1,42,16640
back,530,1802,1802,0,0,12.1,42,16640
back,530,1802,1802,0,0,12.1,42,16640
back,531,1802,1802,0,0,12.1,42,16640
back,531,1802,1802,0,0,12.1,42,16640
back,532,1802,1802,0,0,12.1,42,16640
back,533,1802,1802,0,0,12.1,42,16640
back,533,1802,1802,0,0,12.1,42,16640
back,534,1802,1802,0,0,12.1,42,16640
back,534,1802,1802,0,0,12.1,42,16640
back,535,1802,1802,0,0,12.1,42,16640
back,535,1802,1802,0,0,12.1,42,16640
back,536,1802,1802,0,0,12.1,42,16640
back,536,1802,1802,0,0,12.1,42,16640
back,537,1802,1802,0,0,12.1,42,16640
back,538,1802,1802,0,0,12.1,42,16640
back,538,1802,1802,0,0,12.1,42,16640
back,539,1802,1802,0,0,12.1,42,16640
back,539,1802,1802,0,0,12.1,42,16640
back,540,1802,1802,0,0,12.1,42,16640
back,540,1802,1802,0,0,12.1,42,16640
back,541,1802,1802,0,0,12.1,42,16640
back,541,1802,1802,0,0,12.1,42,16640
back,542,1802,1802,0,0,12.1,42,16640
back,543,1802,1802,0,0,12.1,42,16640
back,543,1802,1802,0,0,12.1,42,16640
back,544,1802,1802,0,0,12.1,42,16640
back,544,1802,1802,0,0,12.1,42,16640
back,545,1802,1802,0,0,12.2,42,16640
back,546,1802,1802,0,0,12.2,42,16640
back,546,1802,1802,0,0,12.1,42,16640
back,547,1802,1802,0,0,12.1,42,16640
back,547,1802,1802,0,0,12.1,42,16640
back,548,1802,1802,0,0,12.1,42,16640
back,549,1802,1802,0,0,12.2,42,16640
back,549,1802,1802,0,0,12.1,42,16640
back,550,1802,1802,0,0,12.1,42,16640
back,550,1802,1802,0,0,12.2,42,16640
back,551,1802,1802,0,0,12.2,42,16640
back,551,1802,1802,0,0,12.1,42,16640
back,552,1802,1802,0,0,12.1,42,16640
back,552,1802,1802,0,0,12.1,42,16640
back,553,1802,1802,0,0,12.1,42,16640
back,553,1802,1802,0,0,12.1,42,16640
back,554,1802,1802,0,0,12.1,42,16640
back,555,1802,1802,0,0,12.1,42,16640
back,555,1802,1802,0,0,12.1,42,16640
back,556,1802,1802,0,0,12.1,42,16640
back,556,1802,1802,0,0,12.1,42,16640
back,557,1802,1802,0,0,12.1,42,16640
back,557,1802,1802,0,0,12.1,42,16640
back,558,1802,1802,0,0,12.1,42,16640
back,558,1802,1802,0,0,12.1,42,16640
back,559,1802,1802,0,0,12.1,42,16640
back,559,1802,1802,0,0,12.1,42,16640
back,560,1802,1802,0,0,12.1,42,16640
back,561,1802,1802,0,0,12.1,42,16640
back,561,1802,1802,0,0,12.1,42,16640
back,562,1802,1802,0,0,12.1,42,16640
back,562,1802,1802,0,0,12.1,42,16640
back,563,1802,1802,0,0,12.1,42,16640
back,563,1802,1802,0,0,12.1,42,16640
back,564,1802,1802,0,0,12.1,42,16640
back,564,1802,1802,0,0,12.1,42,16640
back,565,1802,1802,0,0,12.1,42,16640
back,565,1802,1802,0,0,12.1,42,16640
back,566,1802,1802,0,0,12.1,42,16640
back,566,1802,1802,0,0,12.1,42,16640
back,567,1802,1802,0,0,12.1,42,16640
back,567,1802,1802,0,0,12.1,42,16640
back,568,1802,1802,0,0,12.1,42,16640
back,569,1802,1802,0,0,12.1,42,16640
back,569,1802,1802,0,0,12.1,42,16640
back,569,1802,1802,0,0,12.1,42,16640
back,570,1802,1802,0,0,12.1,42,16640
back,570,1802,1802,0,0,12.1,42,16640
back,571,1802,1802,0,0,12.1,42,16640
back,571,1802,1802,0,0,12.1,42,16640
back,572,1802,1802,0,0,12.1,42,16640
back,572,1802,1802,0,0,12.1,42,16640
back,573,1802,1802,0,0,12.1,42,16640
back,573,1802,1802,0,0,12.1,42,16640
back,574,1802,1802,0,0,12.1,42,16640
back,574,1802,1802,0,0,12.1,42,16640
back,575,1802,1802,0,0,12.1,42,16640
back,576,1802,1802,0,0,12.1,42,16640
back,576,1802,1802,0,0,12.1,42,16640
back,577,1802,1802,0,0,12.1,42,16640
back,578,1802,1802,0,0,12.1,42,16640
back,578,1802,1802,0,0,12.1,42,16640
back,579,1802,1802,0,0,12.1,42,16640
back,579,1802,1802,0,0,12.1,42,16640
back,580,1802,1802,0,0,12.1,42,16640
back,580,1802,1802,0,0,12.1,42,16640
back,581,1802,1802,0,0,12.1,42,16640
back,581,1802,1802,0,0,12.1,42,16640
back,582,1802,1802,0,0,12.1,42,16640
back,582,1802,1802,0,0,12.1,42,16640
back,583,1802,1802,0,0,12.1,42,16640
back,583,1802,1802,0,0,12.1,42,16640
back,584,1802,1802,0,0,12.1,42,16640
back,584,1802,1802,0,0,12.1,42,16640
back,585,1802,1802,0,0,12.1,42,16640
back,585,1802,1802,0,0,12.1,42,16640
back,586,1802,1802,0,0,12.1,42,16640
back,586,1802,1802,0,0,12.1,42,16640
back,587,1802,1802,0,0,12.1,42,16640
back,587,1802,1802,0,0,12.1,42,16640
back,588,1802,1802,0,0,12.1,42,16640
back,588,1802,1802,0,0,12.1,42,16640
back,589,1802,1802,0,0,12.1,42,16640
back,589,1802,1802,0,0,12.1,42,16640
back,590,1802,1802,0,0,12.1,42,16640
back,590,1802,1802,0,0,12.1,42,16640
back,591,1802,1802,0,0,12.1,42,16640
back,591,1802,1802,0,0,12.1,42,16640
back,592,1802,1802,0,0,12.1,42,16640
back,592,1802,1802,0,0,12.1,42,16640
back,593,1802,1802,0,0,12.1,42,16640
back,593,1802,1802,0,0,12.1,42,16640
back,594,1802,1802,0,0,12.1,42,16640
back,595,1802,1802,0,0,12.1,42,16640
back,595,1802,1802,0,0,12.1,42,16640
back,596,1802,1802,0,0,12.1,42,16640
back,596,1802,1802,0,0,12.1,42,16640
back,597,1802,1802,0,0,12.1,42,16640
back,597,1802,1802,0,0,12.1,42,16640
back,598,1802,1802,0,0,12.1,42,16640
back,598,1802,1802,0,0,12.1,42,16640
back,599,1802,1802,0,0,12.1,42,16640
back,599,1802,1802,0,0,12.1,42,16640
back,600,1802,1802,0,0,12.1,42,16640
back,600,1802,1802,0,0,12.1,42,16640
back,601,1802,1802,0,0,12.1,42,16640
back,601,1802,1802,0,0,12.1,42,16640
back,602,1802,1802,0,0,12.1,42,16640
back,602,1802,1802,0,0,12.1,42,16640
back,603,1802,1802,0,0,12.1,42,16640
back,603,1802,1802,0,0,12.1,42,16640
back,604,1802,1802,0,0,12.1,42,16640
back,604,1802,1802,0,0,12.1,42,16640
back,605,1802,1802,0,0,12.1,42,16640
back,605,1802,1802,0,0,12.1,42,16640
back,606,1802,1802,0,0,12.1,42,16640
back,606,1802,1802,0,0,12.1,42,16640
back,607,1802,1802,0,0,12.1,42,16640
back,607,1802,1802,0,0,12.1,42,16640
back,608,1802,1802,0,0,12.1,42,16640
back,608,1802,1802,0,0,12.1,42,16640
back,609,1802,1802,0,0,12.1,42,16640
back,610,1802,1802,0,0,12.1,42,16640
back,610,1802,1802,0,0,12.1,42,16640
back,611,1802,1802,0,0,12.2,42,16640
back,612,1802,1802,0,0,12.1,42,16640
back,612,1802,1802,0,0,12.1,42,16640
back,613,1802,1802,0,0,12.1,42,16640
back,614,1802,1802,0,0,12.1,42,16640
back,614,1802,1802,0,0,12.1,42,16640
back,615,1802,1802,0,0,12.1,42,16640
back,615,1802,1802,0,0,12.1,42,16640
back,615,1802,1802,0,0,12.1,42,16640
back,616,1802,1802,0,0,12.1,42,16640
back,616,1802,1802,0,0,12.1,42,16640
back,617,1802,1802,0,0,12.1,42,16640
back,617,1802,1802,0,0,12.1,42,16640
back,618,1802,1802,0,0,12.1,42,16640
back,618,1802,1802,0,0,12.1,42,16640
back,619,1802,1802,0,0,12.1,42,16640
back,620,1802,1802,0,0,12.1,42,16640
back,620,1802,1802,0,0,12.2,42,16640
back,621,1802,1802,0,0,12.2,42,16640
back,621,1802,1802,0,0,12.1,42,16640
back,622,1802,1802,0,0,12.1,42,16640
back,622,1802,1802,0,0,12.1,42,16640
back,623,1802,1802,0,0,12.1,42,16640
back,623,1802,1802,0,0,12.1,42,16640
back,623,1802,1802,0,0,12.1,42,16640
back,624,1802,1802,0,0,12.2,42,16640
back,624,1802,1802,0,0,12.2,42,16640
back,625,1802,1802,0,0,12.1,42,16640
back,626,1802,1802,0,0,12.1,42,16640
back,626,1802,1802,0,0,12.1,42,16640
back,627,1802,1802,0,0,12.1,42,16640
back,628,1802,1802,0,0,12.1,42,16640
back,628,1802,1802,0,0,12.1,42,16640
back,629,1802,1802,0,0,12.1,42,16640
back,629,1802,1802,0,0,12.1,42,16640
back,630,1802,1802,0,0,12.1,42,16640
back,630,1802,1802,0,0,12.1,42,16640
back,631,1802,1802,0,0,12.1,42,16640
back,631,1802,1802,0,0,12.1,42,16640
back,632,1802,1802,0,0,12.1,42,16640
back,632,1802,1802,0,0,12.1,42,16640
back,633,1802,1802,0,0,12.1,42,16640
back,633,1802,1802,0,0,12.1,42,16640
back,634,1802,1802,0,0,12.1,42,16640
back,634,1802,1802,0,0,12.1,42,16640
back,635,1802,1802,0,0,12.1,42,16640
back,635,1802,1802,0,0,12.1,42,16640
back,636,1802,1802,0,0,12.1,42,16640
back,636,1802,1802,0,0,12.1,42,16640
back,637,1802,1802,0,0,12.1,42,16640
back,637,1802,1802,0,0,12.1,42,16640
back,638,1802,1802,0,0,12.1,42,16640
back,638,1802,1802,0,0,12.1,42,16640
back,639,1802,1802,0,0,12.1,42,16640
back,639,1802,1802,0,0,12.1,42,16640
back,640,1802,1802,0,0,12.1,42,16640
back,640,1802,1802,0,0,12.1,42,16640
back,641,1802,1802,0,0,12.1,42,16640
back,641,1802,1802,0,0,12.1,42,16640
back,642,1802,1802,0,0,12.1,42,16640
back,642,1802,1802,0,0,12.1,42,16640
back,643,1802,1802,0,0,12.1,42,16640
back,644,1802,1802,0,0,12.1,42,16640
back,644,1802,1802,0,0,12.1,42,16640
back,645,1802,1802,0,0,12.1,42,16640
back,645,1802,1802,0,0,12.1,42,16640
back,646,1802,1802,0,0,12.1,42,16640
back,646,1802,1802,0,0,12.1,42,16640
back,647,1802,1802,0,0,12.1,42,16640
back,647,1802,1802,0,0,12.1,42,16640
back,648,1802,1802,0,0,12.1,42,16640
back,648,1802,1802,0,0,12.1,42,16640
back,649,1802,1802,0,0,12.1,42,16640
back,649,1802,1802,0,0,12.1,42,16640
back,650,1802,1802,0,0,12.1,42,16640
back,650,1802,1802,0,0,12.1,42,16640
back,651,1802,1802,0,0,12.1,42,16640
back,651,1802,1802,0,0,12.1,42,16640
back,652,1802,1802,0,0,12.1,42,16640
back,652,1802,1802,0,0,12.1,42,16640
back,653,1802,1802,0,0,12.1,42,16640
back,653,1802,1802,0,0,12.1,42,16640
back,654,1802,1802,0,0,12.1,42,16640
back,654,1802,1802,0,0,12.1,42,16640
back,655,1802,1802,0,0,12.1,42,16640
back,655,1802,1802,0,0,12.1,42,16640
back,656,1802,1802,0,0,12.1,42,16640
back,656,1802,1802,0,0,12.1,42,16640
back,657,1802,1802,0,0,12.1,42,16640
back,658,1802,1802,0,0,12.1,42,16640
back,659,1802,1802,0,0,12.1,42,16640
back,663,1802,1802,0,0,12.1,42,16640
back,664,1802,1802,0,0,12.1,42,16640
back,665,1802,1802,0,0,12.1,42,16640
back,666,1802,1802,0,0,12.1,42,16640
back,667,1802,1802,0,0,12.1,42,16640
back,667,1802,1802,0,0,12.1,42,16640
back,668,1802,1802,0,0,12.1,42,16640
back,668,1802,1802,0,0,12.1,42,16640
back,669,1802,1802,0,0,12.1,42,16640
back,670,1802,1802,0,0,12.1,42,16640
back,670,1802,1802,0,0,12.1,42,16640
back,671,1802,1802,0,0,12.1,42,16640
back,671,1802,1802,0,0,12.1,42,16640
back,672,1802,1802,0,0,12.2,42,16640
back,673,1802,1802,0,0,12.1,42,16640
back,673,1802,1802,0,0,12.1,42,16640
back,674,1802,1802,0,0,12.1,42,16640
back,675,1802,1802,0,0,12.1,42,16640
back,675,1802,1802,0,0,12.1,42,16640
back,676,1802,1802,0,0,12.1,42,16640
back,677,1802,1802,0,0,12.1,42,16640
back,677,1802,1802,0,0,12.1,42,16640
back,678,1802,1802,0,0,12.1,42,16640
back,679,1802,1802,0,0,12.1,42,16640
back,679,1802,1802,0,0,12.1,42,16640
back,680,1802,1802,0,0,12.1,42,16640
back,680,1802,1802,0,0,12.1,42,16640
back,681,1802,1802,0,0,12.1,42,16640
back,682,1802,1802,0,0,12.1,42,16640
back,682,1802,1802,0,0,12.1,42,16640
back,683,1802,1802,0,0,12.1,42,16640
back,683,1802,1802,0,0,12.1,42,16640
back,684,1802,1802,0,0,12.1,42,16640
back,685,1802,1802,0,0,12.1,42,16640
back,686,1802,1802,0,0,12.1,42,16640
back,686,1802,1802,0,0,12.1,42,16640
back,687,1802,1802,0,0,12.1,42,16640
back,687,1802,1802,0,0,12.1,42,16640
back,688,1802,1802,0,0,12.1,42,16640
back,688,1802,1802,0,0,12.1,42,16640
back,689,1802,1802,0,0,12.1,42,16640
back,690,1802,1802,0,0,12.1,42,16640
back,690,1802,1802,0,0,12.1,42,16640
back,691,1802,1802,0,0,12.2,42,16640
back,691,1802,1802,0,0,12.2,42,16640
back,692,1802,1802,0,0,12.1,42,16640
back,692,1802,1802,0,0,12.1,42,16640
back,693,1802,1802,0,0,12.1,42,16640
back,694,1802,1802,0,0,12.1,42,16640
back,694,1802,1802,0,0,12.1,42,16640
back,695,1802,1802,0,0,12.1,42,16640
back,695,1802,1802,0,0,12.1,42,16640
back,701,1802,1802,0,0,12.1,42,16640
back,702,1802,1802,0,0,12.1,42,16640
back,702,1802,1802,0,0,12.1,42,16640
back,703,1802,1802,0,0,12.1,42,16640
back,703,1802,1802,0,0,12.1,42,16640
back,704,1802,1802,0,0,12.1,42,16640
back,704,1802,1802,0,0,12.1,42,16640
back,705,1802,1802,0,0,12.1,42,16640
back,705,1802,1802,0,0,12.1,42,16640
back,706,1802,1802,0,0,12.1,42,16640
back,706,1802,1802,0,0,12.1,42,16640
back,707,1802,1802,0,0,12.1,42,16640
back,707,1802,1802,0,0,12.1,42,16640
back,708,1802,1802,0,0,12.1,42,16640
back,708,1802,1802,0,0,12.1,42,16640
back,709,1802,1802,0,0,12.1,42,16640
back,710,1802,1802,0,0,12.1,42,16640
back,711,1802,1802,0,0,12.1,42,16640
back,711,1802,1802,0,0,12.1,42,16640
back,712,1802,1802,0,0,12.1,42,16640
back,712,1802,1802,0,0,12.1,42,16640
back,713,1802,1802,0,0,12.1,42,16640
back,713,1802,1802,0,0,12.1,42,16640
back,714,1802,1802,0,0,12.1,42,16640
back,714,1802,1802,0,0,12.1,42,16640
back,715,1802,1802,0,0,12.1,42,16640
back,715,1802,1802,0,0,12.1,42,16640
back,716,1802,1802,0,0,12.1,42,16640
back,716,1802,1802,0,0,12.1,42,16640
back,717,1802,1802,0,0,12.1,42,16640
back,717,1802,1802,0,0,12.1,42,16640
back,718,1802,1802,0,0,12.1,42,16640
back,718,1802,1802,0,0,12.1,42,16640
back,719,1802,1802,0,0,12.1,42,16640
back,719,1802,1802,0,0,12.1,42,16640
back,720,1802,1802,0,0,12.1,42,16640
back,720,1802,1802,0,0,12.1,42,16640
back,721,1802,1802,0,0,12.1,42,16640
back,721,1802,1802,0,0,12.1,42,16640
back,722,1802,1802,0,0,12.1,42,16640
back,722,1802,1802,0,0,12.1,42,16640
back,723,1802,1802,0,0,12.2,42,16640
back,723,1802,1802,0,0,12.2,42,16640
back,724,1802,1802,0,0,12.1,42,16640
back,724,1802,1802,0,0,12.1,42,16640
back,725,1802,1802,0,0,12.1,42,16640
back,725,1802,1802,0,0,12.1,42,16640
back,726,1802,1802,0,0,12.1,42,16640
back,726,1802,1802,0,0,12.1,42,16640
back,727,1802,1802,0,0,12.1,42,16640
back,728,1802,1802,0,0,12.1,42,16640
back,728,1802,1802,0,0,12.1,42,16640
back,729,1802,1802,0,0,12.1,42,16640
back,729,1802,1802,0,0,12.1,42,16640
back,730,1802,1802,0,0,12.1,42,16640
back,730,1802,1802,0,0,12.1,42,16640
back,731,1802,1802,0,0,12.1,42,16640
back,731,1802,1802,0,0,12.1,42,16640
back,732,1802,1802,0,0,12.1,42,16640
back,732,1802,1802,0,0,12.1,42,16640
back,733,1802,1802,0,0,12.1,42,16640
back,733,1802,1802,0,0,12.1,42,16640
back,734,1802,1802,0,0,12.1,42,16640
back,734,1802,1802,0,0,12.1,42,16640
back,735,1802,1802,0,0,12.1,42,16640
back,735,1802,1802,0,0,12.1,42,16640
back,736,1802,1802,0,0,12.1,42,16640
back,736,1802,1802,0,0,12.1,42,16640
back,737,1802,1802,0,0,12.1,42,16640
back,737,1802,1802,0,0,12.1,42,16640
back,738,1802,1802,0,0,12.1,42,16640
back,738,1802,1802,0,0,12.1,42,16640
back,739,1802,1802,0,0,12.1,42,16640
back,739,1802,1802,0,0,12.1,42,16640
back,740,1802,1802,0,0,12.1,42,16640
back,740,1802,1802,0,0,12.1,42,16640
back,741,1802,1802,0,0,12.1,42,16640
back,741,1802,1802,0,0,12.1,42,16640
back,742,1802,1802,0,0,12.1,42,16640
back,742,1802,1802,0,0,12.1,42,16640
back,743,1802,1802,0,0,12.1,42,16640
back,744,1802,1802,0,0,12.1,42,16640
back,744,1802,1802,0,0,12.1,42,16640
back,745,1802,1802,0,0,12.1,42,16640
back,745,1802,1802,0,0,12.1,42,16640
back,746,1802,1802,0,0,12.1,42,16640
back,746,1802,1802,0,0,12.1,42,16640
back,747,1802,1802,0,0,12.1,42,16640
back,747,1802,1802,0,0,12.1,42,16640
back,748,1802,1802,0,0,12.1,42,16640
back,748,1802,1802,0,0,12.1,42,16640
back,749,1802,1802,0,0,12.1,42,16640
back,749,1802,1802,0,0,12.1,42,16640
back,750,1802,1802,0,0,12.1,42,16640
back,750,1802,1802,0,0,12.1,42,16640
back,751,1802,1802,0,0,12.1,42,16640
back,751,1802,1802,0,0,12.1,42,16640
back,752,1802,1802,0,0,12.1,42,16640
back,752,1802,1802,0,0,12.1,42,16640
back,753,1802,1802,0,0,12.1,42,16640
back,753,1802,1802,0,0,12.1,42,16640
back,754,1802,1802,0,0,12.1,42,16640
back,754,1802,1802,0,0,12.1,42,16640
back,755,1802,1802,0,0,12.1,42,16640
back,755,1802,1802,0,0,12.1,42,16640
back,756,1802,1802,0,0,12.1,42,16640
back,756,1802,1802,0,0,12.1,42,16640
back,757,1802,1802,0,0,12.1,42,16640
back,757,1802,1802,0,0,12.1,42,16640
back,758,1802,1802,0,0,12.1,42,16640
back,758,1802,1802,0,0,12.1,42,16640
back,759,1802,1802,0,0,12.1,42,16640
back,760,1802,1802,0,0,12.1,42,16640
back,760,1802,1802,0,0,12.1,42,16640
back,761,1802,1802,0,0,12.1,42,16640
back,762,1802,1802,0,0,12.1,42,16640
back,762,1802,1802,0,0,12.1,42,16640
back,763,1802,1802,0,0,12.1,42,16640
back,763,1802,1802,0,0,12.1,42,16640
back,764,1802,1802,0,0,12.1,42,16640
back,764,1802,1802,0,0,12.1,42,16640
back,765,1802,1802,0,0,12.1,42,16640
back,765,1802,1802,0,0,12.1,42,16640
back,766,1802,1802,0,0,12.1,42,16640
back,766,1802,1802,0,0,12.1,42,16640
back,767,1802,1802,0,0,12.1,42,16640
back,767,1802,1802,0,0,12.1,42,16640
back,768,1802,1802,0,0,12.1,42,16640
back,769,1802,1802,0,0,12.2,42,16640
back,769,1802,1802,0,0,12.2,42,16640
back,769,1802,1802,0,0,12.1,42,16640
back,770,1802,1802,0,0,12.1,42,16640
back,770,1802,1802,0,0,12.1,42,16640
back,771,1802,1802,0,0,12.1,42,16640
back,772,1802,1802,0,0,12.1,42,16640
back,772,1802,1802,0,0,12.1,42,16640
back,773,1802,1802,0,0,12.1,42,16640
back,773,1802,1802,0,0,12.1,42,16640
back,774,1802,1802,0,0,12.1,42,16640
back,790,1802,1802,0,0,12.1,42,16640
back,791,1802,1802,0,0,12.1,42,16640
back,792,1802,1802,0,0,12.1,42,16640
back,792,1802,1802,0,0,12.1,42,16640
back,793,1802,1802,0,0,12.1,42,16640
back,793,1802,1802,0,0,12.1,42,16640
back,794,1802,1802,0,0,12.1,42,16640
back,794,1802,1802,0,0,12.1,42,16640
back,795,1802,1802,0,0,12.1,42,16640
back,795,1802,1802,0,0,12.1,42,16640
back,796,1802,1802,0,0,12.1,42,16640
back,796,1802,1802,0,0,12.1,42,16640
back,797,1802,1802,0,0,12.1,42,16640
back,797,1802,1802,0,0,12.1,42,16640
back,798,1802,1802,0,0,12.1,42,16640
back,798,1802,1802,0,0,12.1,42,16640
back,799,1802,1802,0,0,12.1,42,16640
back,799,1802,1802,0,0,12.1,42,16640
back,800,1802,1802,0,0,12.1,42,16640
back,800,1802,1802,0,0,12.1,42,16640
back,801,1802,1802,0,0,12.1,42,16640
back,801,1802,1802,0,0,12.1,42,16640
back,802,1802,1802,0,0,12.1,42,16640
back,802,1802,1802,0,0,12.1,42,16640
back,803,1802,1802,0,0,12.1,42,16640
back,803,1802,1802,0,0,12.1,42,16640
back,803,1802,1802,0,0,12.1,42,16640
back,804,1802,1802,0,0,12.1,42,16640
back,804,1802,1802,0,0,12.1,42,16640
back,805,1802,1802,0,0,12.1,42,16640
back,805,1802,1802,0,0,12.2,42,16640
back,806,1802,1802,0,0,12.2,42,16640
back,806,1802,1802,0,0,12.1,42,16640
back,807,1802,1802,0,0,12.1,42,16640
back,807,1802,1802,0,0,12.1,42,16640
back,807,1802,1802,0,0,12.1,42,16640
back,808,1802,1802,0,0,12.1,42,16640
back,808,1802,1802,0,0,12.1,42,16640
back,809,1802,1802,0,0,12.1,42,16640
back,809,1802,1802,0,0,12.1,42,16640
back,810,1802,1802,0,0,12.1,42,16640
back,810,1802,1802,0,0,12.1,42,16640
back,811,1802,1802,0,0,12.1,42,16640
back,811,1802,1802,0,0,12.1,42,16640
back,812,1802,1802,0,0,12.1,42,16640
back,812,1802,1802,0,0,12.1,42,16640
back,813,1802,1802,0,0,12.1,42,16640
back,813,1802,1802,0,0,12.1,42,16640
back,813,1802,1802,0,0,12.1,42,16640
back,814,1802,1802,0,0,12.1,42,16640
back,814,1802,1802,0,0,12.1,42,16640
back,815,1802,1802,0,0,12.1,42,16640
back,815,1802,1802,0,0,12.1,42,16640
back,816,1802,1802,0,0,12.1,42,16640
back,816,1802,1802,0,0,12.1,42,16640
back,817,1802,1802,0,0,12.1,42,16640
back,817,1802,1802,0,0,12.1,42,16640
back,817,1802,1802,0,0,12.1,42,16640
back,818,1802,1802,0,0,12.1,42,16640
back,818,1802,1802,0,0,12.1,42,16640
back,819,1802,1802,0,0,12.1,42,16640
back,819,1802,1802,0,0,12.1,42,16640
back,820,1802,1802,0,0,12.1,42,16640
back,820,1802,1802,0,0,12.1,42,16640
back,821,1802,1802,0,0,12.1,42,16640
back,821,1802,1802,0,0,12.1,42,16640
back,822,1802,1802,0,0,12.1,42,16640
back,822,1802,1802,0,0,12.1,42,16640
back,823,1802,1802,0,0,12.1,42,16640
back,823,1802,1802,0,0,12.1,42,16640
back,824,1802,1802,0,0,12.1,42,16640
back,824,1802,1802,0,0,12.1,42,16640
back,825,1802,1802,0,0,12.1,42,16640
back,825,1802,1802,0,0,12.1,42,16640
back,825,1802,1802,0,0,12.1,42,16640
back,826,1802,1802,0,0,12.1,42,16640
back,826,1802,1802,0,0,12.1,42,16640
back,827,1802,1802,0,0,12.1,42,16640
back,827,1802,1802,0,0,12.1,42,16640
back,828,1802,1802,0,0,12.1,42,16640
back,828,1802,1802,0,0,12.1,42,16640
back,829,1802,1802,0,0,12.1,42,16640
back,829,1802,1802,0,0,12.2,42,16640
back,830,1802,1802,0,0,12.2,42,16640
back,830,1802,1802,0,0,12.1,42,16640
back,831,1802,1802,0,0,12.1,42,16640
back,831,1802,1802,0,0,12.1,42,16640
back,831,1802,1802,0,0,12.1,42,16640
back,832,1802,1802,0,0,12.1,42,16640
back,832,1802,1802,0,0,12.1,42,16640
back,833,1802,1802,0,0,12.1,42,16640
back,833,1802,1802,0,0,12.1,42,16640
back,834,1802,1802,0,0,12.1,42,16640
back,834,1802,1802,0,0,12.1,42,16640
back,835,1802,1802,0,0,12.1,42,16640
back,835,1802,1802,0,0,12.1,42,16640
back,836,1802,1802,0,0,12.1,42,16640
back,836,1802,1802,0,0,12.1,42,16640
back,837,1802,1802,0,0,12.1,42,16640
back,837,1802,1802,0,0,12.1,42,16640
back,838,1802,1802,0,0,12.1,42,16640
back,839,1802,1802,0,0,12.1,42,16640
back,839,1802,1802,0,0,12.1,42,16640
back,840,1802,1802,0,0,12.1,42,16640
back,840,1802,1802,0,0,12.1,42,16640
back,841,1802,1802,0,0,12.1,42,16640
back,841,1802,1802,0,0,12.1,42,16640
back,842,1802,1802,0,0,12.1,42,16640
back,842,1802,1802,0,0,12.1,42,16640
back,843,1802,1802,0,0,12.1,42,16640
back,843,1802,1802,0,0,12.1,42,16640
back,844,1802,1802,0,0,12.1,42,16640
back,846,1802,1802,0,0,12.1,42,16640
back,846,1802,1802,0,0,12.1,42,16640
back,847,1802,1802,0,0,12.1,42,16640
back,847,1802,1802,0,0,12.1,42,16640
back,848,1802,1802,0,0,12.1,42,16640
back,848,1802,1802,0,0,12.1,42,16640
back,849,1802,1802,0,0,12.1,42,16640
back,849,1802,1802,0,0,12.1,42,16640
back,850,1802,1802,0,0,12.1,42,16640
back,850,1802,1802,0,0,12.1,42,16640
back,851,1802,1802,0,0,12.1,42,16640
back,851,1802,1802,0,0,12.1,42,16640
back,852,1802,1802,0,0,12.1,42,16640
back,852,1802,1802,0,0,12.1,42,16640
back,853,1802,1802,0,0,12.1,42,16640
back,853,1802,1802,0,0,12.1,42,16640
back,854,1802,1802,0,0,12.1,42,16640
back,854,1802,1802,0,0,12.1,42,16640
back,855,1802,1802,0,0,12.1,42,16640
back,855,1802,1802,0,0,12.1,42,16640
back,856,1802,1802,0,0,12.1,42,16640
back,856,1802,1802,0,0,12.1,42,16640
back,857,1802,1802,0,0,12.1,42,16640
back,857,1802,1802,0,0,12.1,42,16640
back,858,1802,1802,0,0,12.1,42,16640
back,859,1802,1802,0,0,12.1,42,16640
back,859,1802,1802,0,0,12.1,42,16640
back,860,1802,1802,0,0,12.1,42,16640
back,861,1802,1802,0,0,12.1,42,16640
back,861,1802,1802,0,0,12.1,42,16640
back,862,1802,1802,0,0,12.1,42,16640
back,862,1802,1802,0,0,12.1,42,16640
back,864,1802,1802,0,0,12.1,42,16640
back,864,1802,1802,0,0,12.1,42,16640
back,865,1802,1802,0,0,12.1,42,16640
back,865,1802,1802,0,0,12.1,42,16640
back,866,1802,1802,0,0,12.1,42,16640
back,866,1802,1802,0,0,12.1,42,16640
back,867,1802,1802,0,0,12.1,42,16640
back,867,1802,1802,0,0,12.1,42,16640
back,868,1802,1802,0,0,12.1,42,16640
back,868,1802,1802,0,0,12.1,42,16640
back,869,1802,1802,0,0,12.1,42,16640
back,869,1802,1802,0,0,12.1,42,16640
back,870,1802,1802,0,0,12.1,42,16640
back,870,1802,1802,0,0,12.1,42,16640
back,871,1802,1802,0,0,12.1,42,16640
back,871,1802,1802,0,0,12.1,42,16640
back,872,1802,1802,0,0,12.1,42,16640
back,872,1802,1802,0,0,12.1,42,16640
back,873,1802,1802,0,0,12.1,42,16640
back,873,1802,1802,0,0,12.1,42,16640
back,874,1802,1802,0,0,12.1,42,16640
back,875,1802,1802,0,0,12.1,42,16640
back,875,1802,1802,0,0,12.1,42,16640
back,876,1802,1802,0,0,12.1,42,16640
back,876,1802,1802,0,0,12.1,42,16640
back,877,1802,1802,0,0,12.1,42,16640
back,878,1802,1802,0,0,12.1,42,16640
back,878,1802,1802,0,0,12.1,42,16640
back,879,1802,1802,0,0,12.1,42,16640
back,879,1802,1802,0,0,12.1,42,16640
back,880,1802,1802,0,0,12.1,42,16640
back,880,1802,1802,0,0,12.1,42,16640
back,881,1802,1802,0,0,12.1,42,16640
back,882,1802,1802,0,0,12.1,42,16640
back,882,1802,1802,0,0,12.1,42,16640
back,883,1802,1802,0,0,12.1,42,16640
back,884,1802,1802,0,0,12.1,42,16640
back,884,1802,1802,0,0,12.1,42,16640
back,885,1802,1802,0,0,12.1,42,16640
back,885,1802,1802,0,0,12.1,42,16640
back,886,1802,1802,0,0,12.1,42,16640
back,886,1802,1802,0,0,12.1,42,16640
back,887,1802,1802,0,0,12.1,42,16640
back,887,1802,1802,0,0,12.1,42,16640
back,888,1802,1802,0,0,12.1,42,16640
back,888,1802,1802,0,0,12.1,42,16640
back,889,1802,1802,0,0,12.1,42,16640
back,889,1802,1802,0,0,12.1,42,16640
back,890,1802,1802,0,0,12.1,42,16640
back,890,1802,1802,0,0,12.1,42,16640
back,891,1802,1802,0,0,12.1,42,16640
back,891,1802,1802,0,0,12.1,42,16640
back,892,1802,1802,0,0,12.1,42,16640
back,892,1802,1802,0,0,12.1,42,16640
back,901,1802,1802,0,0,12.1,42,16640
back,903,1802,1802,0,0,12.2,42,16640
back,904,1802,1802,0,0,12.1,42,16640
back,904,1802,1802,0,0,12.1,42,16640
back,905,1802,1802,0,0,12.1,42,16640
back,906,1802,1802,0,0,12.1,42,16640
back,906,1802,1802,0,0,12.1,42,16640
back,906,1802,1802,0,0,12.1,42,16640
back,907,1802,1802,0,0,12.1,42,16640
back,907,1802,1802,0,0,12.1,42,16640
back,908,1802,1802,0,0,12.1,42,16640
back,908,1802,1802,0,0,12.1,42,16640
back,909,1802,1802,0,0,12.1,42,16640
back,909,1802,1802,0,0,12.1,42,16640
back,910,1802,1802,0,0,12.1,42,16640
back,910,1802,1802,0,0,12.1,42,16640
back,911,1802,1802,0,0,12.1,42,16640
back,911,1802,1802,0,0,12.1,42,16640
back,912,1802,1802,0,0,12.1,42,16640
back,913,1802,1802,0,0,12.1,42,16640
back,913,1802,1802,0,0,12.1,42,16640
back,914,1802,1802,0,0,12.1,42,16640
back,914,1802,1802,0,0,12.1,42,16640
back,915,1802,1802,0,0,12.1,42,16640
back,915,1802,1802,0,0,12.1,42,16640
back,916,1802,1802,0,0,12.1,42,16640
back,918,1802,1802,0,0,12.1,42,16640
back,919,1802,1802,0,0,12.1,42,16640
back,920,1802,1802,0,0,12.1,42,16640
back,920,1802,1802,0,0,12.1,42,16640
back,921,1802,1802,0,0,12.1,42,16640
back,921,1802,1802,0,0,12.1,42,16640
back,922,1802,1802,0,0,12.1,42,16640
back,922,1802,1802,0,0,12.1,42,16640
back,923,1802,1802,0,0,12.1,42,16640
back,923,1802,1802,0,0,12.1,42,16640
back,924,1802,1802,0,0,12.1,42,16640
back,924,1802,1802,0,0,12.1,42,16640
back,925,1802,1802,0,0,12.1,42,16640
back,925,1802,1802,0,0,12.1,42,16640
back,926,1802,1802,0,0,12.1,42,16640
back,926,1802,1802,0,0,12.1,42,16640
back,927,1802,1802,0,0,12.1,42,16640
back,928,1802,1802,0,0,12.1,42,16640
back,928,1802,1802,0,0,12.1,42,16640
back,930,1802,1802,0,0,12.1,42,16640
back,931,1802,1802,0,0,12.1,42,16640
back,931,1802,1802,0,0,12.1,42,16640
back,932,1802,1802,0,0,12.1,42,16640
back,933,1802,1802,0,0,12.1,42,16640
back,933,1802,1802,0,0,12.1,42,16640
back,934,1802,1802,0,0,12.1,42,16640
back,934,1802,1802,0,0,12.1,42,16640
back,935,1802,1802,0,0,12.1,42,16640
back,935,1802,1802,0,0,12.1,42,16640
back,936,1802,1802,0,0,12.1,42,16640
back,936,1802,1802,0,0,12.1,42,16640
back,937,1802,1802,0,0,12.1,42,16640
back,937,1802,1802,0,0,12.1,42,16640
back,938,1802,1802,0,0,12.1,42,16640
back,938,1802,1802,0,0,12.1,42,16640
back,939,1802,1802,0,0,12.1,42,16640
back,939,1802,1802,0,0,12.1,42,16640
back,940,1802,1802,0,0,12.1,42,16640
back,940,1802,1802,0,0,12.1,42,16640
back,941,1802,1802,0,0,12.2,42,16640
back,941,1802,1802,0,0,12.2,42,16640
back,942,1802,1802,0,0,12.1,42,16640
back,942,1802,1802,0,0,12.1,42,16640
back,943,1802,1802,0,0,12.1,42,16640
back,943,1802,1802,0,0,12.1,42,16640
back,944,1802,1802,0,0,12.1,42,16640
back,944,1802,1802,0,0,12.1,42,16640
back,945,1802,1802,0,0,12.1,42,16640
back,945,1802,1802,0,0,12.1,42,16640
back,946,1802,1802,0,0,12.1,42,16640
back,946,1802,1802,0,0,12.1,42,16640
back,947,1802,1802,0,0,12.1,42,16640
back,947,1802,1802,0,0,12.1,42,16640
back,948,1802,1802,0,0,12.1,42,16640
back,948,1802,1802,0,0,12.1,42,16640
back,949,1802,1802,0,0,12.1,42,16640
back,949,1802,1802,0,0,12.1,42,16640
back,950,1802,1802,0,0,12.1,42,16640
back,950,1802,1802,0,0,12.1,42,16640
back,951,1802,1802,0,0,12.1,42,16640
back,951,1802,1802,0,0,12.1,42,16640
back,952,1802,1802,0,0,12.1,42,16640
back,952,1802,1802,0,0,12.1,42,16640
back,953,1802,1802,0,0,12.1,42,16640
back,953,1802,1802,0,0,12.1,42,16640
back,954,1802,1802,0,0,12.2,42,16640
back,954,1802,1802,0,0,12.2,42,16640
back,954,1802,1802,0,0,12.1,42,16640
back,955,1802,1802,0,0,12.1,42,16640
back,955,1802,1802,0,0,12.1,42,16640
back,956,1802,1802,0,0,12.1,42,16640
back,956,1802,1802,0,0,12.1,42,16640
back,957,1802,1802,0,0,12.1,42,16640
back,957,1802,1802,0,0,12.1,42,16640
back,958,1802,1802,0,0,12.2,42,16640
back,966,1802,1802,0,0,12.1,42,16640
back,967,1802,1802,0,0,12.1,42,16640
back,968,1802,1802,0,0,12.1,42,16640
back,969,1802,1802,0,0,12.1,42,16640
back,969,1802,1802,0,0,12.1,42,16640
back,970,1802,1802,0,0,12.1,42,16640
back,970,1802,1802,0,0,12.1,42,16640
back,971,1802,1802,0,0,12.1,42,16640
back,971,1802,1802,0,0,12.1,42,16640
back,972,1802,1802,0,0,12.1,42,16640
back,972,1802,1802,0,0,12.1,42,16640
back,973,1802,1802,0,0,12.1,42,16640
back,973,1802,1802,0,0,12.1,42,16640
back,974,1802,1802,0,0,12.1,42,16640
back,974,1802,1802,0,0,12.1,42,16640
back,975,1802,1802,0,0,12.1,42,16640
back,975,1802,1802,0,0,12.1,42,16640
back,976,1802,1802,0,0,12.1,42,16640
back,976,1802,1802,0,0,12.1,42,16640
back,977,1802,1802,0,0,12.1,42,16640
back,978,1802,1802,0,0,12.1,42,16640
back,978,1802,1802,0,0,12.1,42,16640
back,979,1802,1802,0,0,12.1,42,16640
back,979,1802,1802,0,0,12.1,42,16640
back,979,1802,1802,0,0,12.1,42,16640
back,980,1802,1802,0,0,12.1,42,16640
back,980,1802,1802,0,0,12.1,42,16640
back,981,1802,1802,0,0,12.1,42,16640
back,981,1802,1802,0,0,12.1,42,16640
back,982,1802,1802,0,0,12.1,42,16640
back,982,1802,1802,0,0,12.1,42,16640
back,983,1802,1802,0,0,12.1,42,16640
back,983,1802,1802,0,0,12.1,42,16640
back,984,1802,1802,0,0,12.1,42,16640
back,984,1802,1802,0,0,12.1,42,16640
back,985,1802,1802,0,0,12.1,42,16640
back,985,1802,1802,0,0,12.1,42,16640
back,986,1802,1802,0,0,12.1,42,16640
back,986,1802,1802,0,0,12.1,42,16640
back,987,1802,1802,0,0,12.1,42,16640
back,987,1802,1802,0,0,12.1,42,16640
back,987,1802,1802,0,0,12.1,42,16640
back,988,1802,1802,0,0,12.1,42,16640
back,989,1802,1802,0,0,12.1,42,16640
back,989,1802,1802,0,0,12.1,42,16640
back,990,1802,1802,0,0,12.1,42,16640
back,990,1802,1802,0,0,12.1,42,16640
back,991,1802,1802,0,0,12.1,42,16640
back,991,1802,1802,0,0,12.1,42,16640
back,992,1802,1802,0,0,12.1,42,16640
back,992,1802,1802,0,0,12.1,42,16640
back,993,1802,1802,0,0,12.1,42,16640
back,993,1802,1802,0,0,12.1,42,16640
back,994,1802,1802,0,0,12.1,42,16640
back,994,1802,1802,0,0,12.1,42,16640
back,995,1802,1802,0,0,12.1,42,16640
back,995,1802,1802,0,0,12.1,42,16640
back,996,1802,1802,0,0,12.1,42,16640
back,996,1802,1802,0,0,12.1,42,16640
back,997,1802,1802,0,0,12.1,42,16640
back,997,1802,1802,0,0,12.1,42,16640
back,998,1802,1802,0,0,12.1,42,16640
back,998,1802,1802,0,0,12.1,42,16640
back,999,1802,1802,0,0,12.1,42,16640
back,999,1802,1802,0,0,12.1,42,16640
back,1000,1802,1802,0,0,12.1,42,16640
back,1000,1802,1802,0,0,12.1,42,16640
back,1001,1802,1802,0,0,12.1,42,16640
back,1001,1802,1802,0,0,12.1,42,16640
back,1002,1802,1802,0,0,12.1,42,16640
back,1002,1802,1802,0,0,12.1,42,16640
back,1003,1802,1802,0,0,12.1,42,16640
back,1003,1802,1802,0,0,12.1,42,16640
back,1003,1802,1802,0,0,12.1,42,16640
back,1004,1802,1802,0,0,12.1,42,16640
back,1004,1802,1802,0,0,12.1,42,16640
back,1005,1802,1802,0,0,12.1,42,16640
back,1005,1802,1802,0,0,12.1,42,16640
back,1006,1802,1802,0,0,12.1,42,16640
back,1006,1802,1802,0,0,12.1,42,16640
back,1007,1802,1802,0,0,12.1,42,16640
back,1007,1802,1802,0,0,12.1,42,16640
back,1008,1802,1802,0,0,12.1,42,16640
back,1008,1802,1802,0,0,12.1,42,16640
back,1009,1802,1802,0,0,12.1,42,16640
back,1009,1802,1802,0,0,12.1,42,16640
back,1010,1802,1802,0,0,12.1,42,16640
back,1010,1802,1802,0,0,12.1,42,16640
back,1011,1802,1802,0,0,12.1,42,16640
back,1012,1802,1802,0,0,12.1,42,16640
back,1012,1802,1802,0,0,12.1,42,16640
back,1013,1802,1802,0,0,12.1,42,16640
back,1013,1802,1802,0,0,12.1,42,16640
back,1013,1802,1802,0,0,12.1,42,16640
back,1014,1802,1802,0,0,12.1,42,16640
back,1014,1802,1802,0,0,12.1,42,16640
back,1015,1802,1802,0,0,12.1,42,16640
back,1015,1802,1802,0,0,12.1,42,16640
back,1016,1802,1802,0,0,12.1,42,16640
back,1016,1802,1802,0,0,12.1,42,16640
back,1017,1802,1802,0,0,12.1,42,16640
back,1017,1802,1802,0,0,12.1,42,16640
back,1018,1802,1802,0,0,12.1,42,16640
back,1018,1802,1802,0,0,12.1,42,16640
back,1019,1802,1802,0,0,12.1,42,16640
back,1019,1802,1802,0,0,12.1,42,16640
back,1020,1802,1802,0,0,12.1,42,16640
back,1020,1802,1802,0,0,12.1,42,16640
back,1021,1802,1802,0,0,12.1,42,16640
back,1021,1802,1802,0,0,12.1,42,16640
back,1022,1802,1802,0,0,12.1,42,16640
back,1022,1802,1802,0,0,12.1,42,16640
back,1023,1802,1802,0,0,12.1,42,16640
back,1023,1802,1802,0,0,12.1,42,16640
back,1024,1802,1802,0,0,12.1,42,16640
back,1024,1802,1802,0,0,12.1,42,16640
back,1025,1802,1802,0,0,12.1,42,16640
back,1025,1802,1802,0,0,12.1,42,16640
back,1026,1802,1802,0,0,12.1,42,16640
back,1026,1802,1802,0,0,12.1,42,16640
back,1027,1802,1802,0,0,12.1,42,16640
back,1027,1802,1802,0,0,12.1,42,16640
back,1028,1802,1802,0,0,12.1,42,16640
back,1028,1802,1802,0,0,12.1,42,16640
back,1029,1802,1802,0,0,12.1,42,16640
back,1029,1802,1802,0,0,12.1,42,16640
back,1030,1802,1802,0,0,12.1,42,16640
back,1030,1802,1802,0,0,12.1,42,16640
back,1031,1802,1802,0,0,12.1,42,16640
back,1031,1802,1802,0,0,12.1,42,16640
back,1032,1802,1802,0,0,12.1,42,16640
back,1032,1802,1802,0,0,12.1,42,16640
back,1033,1802,1802,0,0,12.1,42,16640
back,1033,1802,1802,0,0,12.1,42,16640
back,1034,1802,1802,0,0,12.1,42,16640
back,1034,1802,1802,0,0,12.1,42,16640
back,1035,1802,1802,0,0,12.1,42,16640
back,1035,1802,1802,0,0,12.1,42,16640
back,1035,1802,1802,0,0,12.1,42,16640
back,1036,1802,1802,0,0,12.1,42,16640
back,1036,1802,1802,0,0,12.1,42,16640
back,1037,1802,1802,0,0,12.1,42,16640
back,1037,1802,1802,0,0,12.1,42,16640
back,1038,1802,1802,0,0,12.1,42,16640
back,1038,1802,1802,0,0,12.1,42,16640
back,1039,1802,1802,0,0,12.1,42,16640
back,1039,1802,1802,0,0,12.1,42,16640
back,1040,1802,1802,0,0,12.1,42,16640
back,1040,1802,1802,0,0,12.1,42,16640
back,1041,1802,1802,0,0,12.1,42,16640
back,1041,1802,1802,0,0,12.2,42,16640
back,1042,1802,1802,0,0,12.2,42,16640
back,1042,1802,1802,0,0,12.1,42,16640
back,1043,1802,1802,0,0,12.1,42,16640
back,1043,1802,1802,0,0,12.1,42,16640
back,1044,1802,1802,0,0,12.1,42,16640
back,1044,1802,1802,0,0,12.1,42,16640
back,1045,1802,1802,0,0,12.1,42,16640
back,1045,1802,1802,0,0,12.1,42,16640
back,1046,1802,1802,0,0,12.1,42,16640
back,1046,1802,1802,0,0,12.1,42,16640
back,1047,1802,1802,0,0,12.1,42,16640
back,1047,1802,1802,0,0,12.1,42,16640
back,1048,1802,1802,0,0,12.1,42,16640
back,1048,1802,1802,0,0,12.2,42,16640
back,1049,1802,1802,0,0,12.2,42,16640
back,1049,1802,1802,0,0,12.1,42,16640
back,1050,1802,1802,0,0,12.1,42,16640
back,1050,1802,1802,0,0,12.1,42,16640
back,1051,1802,1802,0,0,12.1,42,16640
back,1051,1802,1802,0,0,12.1,42,16640
back,1051,1802,1802,0,0,12.1,42,16640
back,1052,1802,1802,0,0,12.1,42,16640
back,1052,1802,1802,0,0,12.1,42,16640
back,1053,1802,1802,0,0,12.1,42,16640
back,1053,1802,1802,0,0,12.1,42,16640
back,1054,1802,1802,0,0,12.1,42,16640
back,1054,1802,1802,0,0,12.1,42,16640
back,1055,1802,1802,0,0,12.1,42,16640
back,1055,1802,1802,0,0,12.1,42,16640
back,1056,1802,1802,0,0,12.1,42,16640
back,1056,1802,1802,0,0,12.1,42,16640
back,1057,1802,1802,0,0,12.1,42,16640
back,1057,1802,1802,0,0,12.1,42,16640
back,1058,1802,1802,0,0,12.1,42,16640
back,1058,1802,1802,0,0,12.1,42,16640
back,1059,1802,1802,0,0,12.1,42,16640
back,1059,1802,1802,0,0,12.1,42,16640
back,1060,1802,1802,0,0,12.1,42,16640
back,1060,1802,1802,0,0,12.1,42,16640
back,1061,1802,1802,0,0,12.1,42,16640
back,1061,1802,1802,0,0,12.1,42,16640
back,1062,1802,1802,0,0,12.1,42,16640
back,1062,1802,1802,0,0,12.1,42,16640
back,1063,1802,1802,0,0,12.1,42,16640
back,1063,1802,1802,0,0,12.1,42,16640
back,1064,1802,1802,0,0,12.1,42,16640
back,1064,1802,1802,0,0,12.1,42,16640
back,1065,1802,1802,0,0,12.1,42,16640
back,1065,1802,1802,0,0,12.1,42,16640
back,1066,1802,1802,0,0,12.1,42,16640
back,1066,1802,1802,0,0,12.1,42,16640
back,1067,1802,1802,0,0,12.1,42,16640
back,1067,1802,1802,0,0,12.1,42,16640
back,1068,1802,1802,0,0,12.1,42,16640
back,1068,1802,1802,0,0,12.1,42,16640
back,1069,1802,1802,0,0,12.1,42,16640
back,1069,1802,1802,0,0,12.1,42,16640
back,1070,1802,1802,0,0,12.1,42,16640
back,1070,1802,1802,0,0,12.1,42,16640
back,1071,1802,1802,0,0,12.1,42,16640
back,1072,1802,1802,0,0,12.1,42,16640
back,1072,1802,1802,0,0,12.1,42,16640
back,1073,1802,1802,0,0,12.1,42,16640
back,1073,1802,1802,0,0,12.1,42,16640
back,1074,1802,1802,0,0,12.1,42,16640
back,1074,1802,1802,0,0,12.1,42,16640
back,1075,1802,1802,0,0,12.1,42,16640
back,1076,1802,1802,0,0,12.1,42,16640
back,1076,1802,1802,0,0,12.1,42,16640
back,1077,1802,1802,0,0,12.1,42,16640
back,1077,1802,1802,0,0,12.1,42,16640
back,1078,1802,1802,0,0,12.1,42,16640
back,1079,1802,1802,0,0,12.1,42,16640
back,1079,1802,1802,0,0,12.1,42,16640
back,1080,1802,1802,0,0,12.1,42,16640
back,1080,1802,1802,0,0,12.1,42,16640
back,1081,1802,1802,0,0,12.1,42,16640
back,1081,1802,1802,0,0,12.1,42,16640
back,1082,1802,1802,0,0,12.1,42,16640
back,1083,1802,1802,0,0,12.1,42,16640
back,1083,1802,1802,0,0,12.1,42,16640
back,1084,1802,1802,0,0,12.1,42,16640
back,1084,1802,1802,0,0,12.1,42,16640
back,1085,1802,1802,0,0,12.1,42,16640
back,1085,1802,1802,0,0,12.1,42,16640
back,1086,1802,1802,0,0,12.1,42,16640
back,1086,1802,1802,0,0,12.1,42,16640
back,1087,1802,1802,0,0,12.1,42,16640
back,1087,1802,1802,0,0,12.1,42,16640
back,1088,1802,1802,0,0,12.1,42,16640
back,1088,1802,1802,0,0,12.1,42,16640
back,1089,1802,1802,0,0,12.1,42,16640
back,1090,1802,1802,0,0,12.1,42,16640
back,1090,1802,1802,0,0,12.1,42,16640
back,1091,1802,1802,0,0,12.1,42,16640
back,1091,1802,1802,0,0,12.1,42,16640
back,1092,1802,1802,0,0,12.1,42,16640
back,1092,1802,1802,0,0,12.1,42,16640
back,1093,1802,1802,0,0,12.1,42,16640
back,1093,1802,1802,0,0,12.1,42,16640
back,1094,1802,1802,0,0,12.1,42,16640
back,1094,1802,1802,0,0,12.1,42,16640
back,1095,1802,1802,0,0,12.1,42,16640
back,1095,1802,1802,0,0,12.1,42,16640
back,1096,1802,1802,0,0,12.1,42,16640
back,1096,1802,1802,0,0,12.1,42,16640
back,1097,1802,1802,0,0,12.1,42,16640
back,1097,1802,1802,0,0,12.1,42,16640
back,1098,1802,1802,0,0,12.1,42,16640
back,1098,1802,1802,0,0,12.1,42,16640
back,1099,1802,1802,0,0,12.1,42,16640
back,1099,1802,1802,0,0,12.1,42,16640
back,1100,1802,1802,0,0,12.1,42,16640
back,1100,1802,1802,0,0,12.1,42,16640
back,1101,1802,1802,0,0,12.1,42,16640
back,1101,1802,1802,0,0,12.1,42,16640
back,1102,1802,1802,0,0,12.1,42,16640
back,1102,1802,1802,0,0,12.1,42,16640
back,1102,1802,1802,0,0,12.1,42,16640
back,1103,1802,1802,0,0,12.1,42,16640
back,1103,1802,1802,0,0,12.1,42,16640
back,1104,1802,1802,0,0,12.1,42,16640
back,1104,1802,1802,0,0,12.1,42,16640
back,1105,1802,1802,0,0,12.1,42,16640
back,1105,1802,1802,0,0,12.1,42,16640
back,1106,1802,1802,0,0,12.1,42,16640
back,1106,1802,1802,0,0,12.1,42,16640
back,1107,1802,1802,0,0,12.1,42,16640
back,1107,1802,1802,0,0,12.1,42,16640
back,1108,1802,1802,0,0,12.1,42,16640
back,1108,1802,1802,0,0,12.1,42,16640
back,1109,1802,1802,0,0,12.1,42,16640
back,1109,1802,1802,0,0,12.1,42,16640
back,1110,1802,1802,0,0,12.1,42,16640
back,1110,1802,1802,0,0,12.1,42,16640
back,1111,1802,1802,0,0,12.1,42,16640
back,1111,1802,1802,0,0,12.1,42,16640
back,1112,1802,1802,0,0,12.1,42,16640
back,1112,1802,1802,0,0,12.1,42,16640
back,1113,1802,1802,0,0,12.1,42,16640
back,1113,1802,1802,0,0,12.1,42,16640
back,1114,1802,1802,0,0,12.1,42,16640
back,1114,1802,1802,0,0,12.1,42,16640
back,1115,1802,1802,0,0,12.1,42,16640
back,1115,1802,1802,0,0,12.1,42,16640
back,1116,1802,1802,0,0,12.1,42,16640
back,1116,1802,1802,0,0,12.1,42,16640
back,1117,1802,1802,0,0,12.1,42,16640
back,1117,1802,1802,0,0,12.1,42,16640
back,1118,1802,1802,0,0,12.1,42,16640
back,1118,1802,1802,0,0,12.1,42,16640
back,1119,1802,1802,0,0,12.1,42,16640
back,1119,1802,1802,0,0,12.1,42,16640
back,1120,1802,1802,0,0,12.1,42,16640
back,1120,1802,1802,0,0,12.1,42,16640
back,1121,1802,1802,0,0,12.1,42,16640
back,1121,1802,1802,0,0,12.1,42,16640
back,1122,1802,1802,0,0,12.1,42,16640
back,1122,1802,1802,0,0,12.1,42,16640
back,1123,1802,1802,0,0,12.1,42,16640
back,1123,1802,1802,0,0,12.1,42,16640
back,1124,1802,1802,0,0,12.1,42,16640
back,1124,1802,1802,0,0,12.1,42,16640
back,1125,1802,1802,0,0,12.1,42,16640
back,1125,1802,1802,0,0,12.1,42,16640
back,1126,1802,1802,0,0,12.1,42,16640
back,1126,1802,1802,0,0,12.1,42,16640
back,1127,1802,1802,0,0,12.1,42,16640
back,1127,1802,1802,0,0,12.1,42,16640
back,1128,1802,1802,0,0,12.1,42,16640
back,1128,1802,1802,0,0,12.1,42,16640
back,1129,1802,1802,0,0,12.1,42,16640
back,1129,1802,1802,0,0,12.1,42,16640
back,1130,1802,1802,0,0,12.1,42,16640
back,1130,1802,1802,0,0,12.1,42,16640
back,1131,1802,1802,0,0,12.1,42,16640
back,1131,1802,1802,0,0,12.1,42,16640
back,1132,1802,1802,0,0,12.1,42,16640
back,1132,1802,1802,0,0,12.1,42,16640
back,1133,1802,1802,0,0,12.1,42,16640
back,1133,1802,1802,0,0,12.1,42,16640
back,1134,1802,1802,0,0,12.1,42,16640
back,1134,1802,1802,0,0,12.1,42,16640
back,1135,1802,1802,0,0,12.1,42,16640
back,1135,1802,1802,0,0,12.2,42,16640
back,1136,1802,1802,0,0,12.2,42,16640
back,1136,1802,1802,0,0,12.1,42,16640
back,1137,1802,1802,0,0,12.1,42,16640
back,1137,1802,1802,0,0,12.2,42,16640
back,1138,1802,1802,0,0,12.2,42,16640
back,1138,1802,1802,0,0,12.1,42,16640
back,1139,1802,1802,0,0,12.1,42,16640
back,1139,1802,1802,0,0,12.1,42,16640
back,1140,1802,1802,0,0,12.1,42,16640
back,1140,1802,1802,0,0,12.1,42,16640
back,1141,1802,1802,0,0,12.1,42,16640
back,1141,1802,1802,0,0,12.1,42,16640
back,1142,1802,1802,0,0,12.1,42,16640
back,1142,1802,1802,0,0,12.1,42,16640
back,1143,1802,1802,0,0,12.1,42,16640
back,1143,1802,1802,0,0,12.1,42,16640
back,1144,1802,1802,0,0,12.1,42,16640
back,1144,1802,1802,0,0,12.1,42,16640
back,1145,1802,1802,0,0,12.1,42,16640
back,1145,1802,1802,0,0,12.1,42,16640
back,1146,1802,1802,0,0,12.1,42,16640
back,1146,1802,1802,0,0,12.2,42,16640
back,1147,1802,1802,0,0,12.2,42,16640
back,1147,1802,1802,0,0,12.2,42,16640
back,1148,1802,1802,0,0,12.2,42,16640
back,1148,1802,1802,0,0,12.1,42,16640
back,1149,1802,1802,0,0,12.1,42,16640
back,1149,1802,1802,0,0,12.1,42,16640
back,1149,1802,1802,0,0,12.1,42,16640
back,1150,1802,1802,0,0,12.1,42,16640
back,1150,1802,1802,0,0,12.1,42,16640
back,1151,1802,1802,0,0,12.1,42,16640
back,1151,1802,1802,0,0,12.1,42,16640
back,1152,1802,1802,0,0,12.1,42,16640
back,1152,1802,1802,0,0,12.1,42,16640
back,1153,1802,1802,0,0,12.1,42,16640
back,1153,1802,1802,0,0,12.1,42,16640
back,1154,1802,1802,0,0,12.1,42,16640
back,1154,1802,1802,0,0,12.1,42,16640
back,1155,1802,1802,0,0,12.1,42,16640
back,1155,1802,1802,0,0,12.1,42,16640
back,1156,1802,1802,0,0,12.1,42,16640
back,1156,1802,1802,0,0,12.1,42,16640
back,1157,1802,1802,0,0,12.1,42,16640
back,1157,1802,1802,0,0,12.1,42,16640
back,1158,1802,1802,0,0,12.1,42,16640
back,1158,1802,1802,0,0,12.1,42,16640
back,1159,1802,1802,0,0,12.1,42,16640
back,1159,1802,1802,0,0,12.1,42,16640
back,1160,1802,1802,0,0,12.1,42,16640
back,1160,1802,1802,0,0,12.2,42,16640
back,1161,1802,1802,0,0,12.2,42,16640
back,1161,1802,1802,0,0,12.1,42,16640
back,1162,1802,1802,0,0,12.1,42,16640
back,1162,1802,1802,0,0,12.1,42,16640
back,1163,1802,1802,0,0,12.1,42,16640
back,1163,1802,1802,0,0,12.1,42,16640
back,1164,1802,1802,0,0,12.1,42,16640
back,1164,1802,1802,0,0,12.1,42,16640
back,1164,1802,1802,0,0,12.1,42,16640
back,1165,1802,1802,0,0,12.1,42,16640
back,1165,1802,1802,0,0,12.1,42,16640
back,1166,1802,1802,0,0,12.1,42,16640
back,1166,1802,1802,0,0,12.1,42,16640
back,1167,1802,1802,0,0,12.1,42,16640
back,1167,1802,1802,0,0,12.1,42,16640
back,1168,1802,1802,0,0,12.1,42,16640
back,1168,1802,1802,0,0,12.1,42,16640
back,1169,1802,1802,0,0,12.1,42,16640
back,1169,1802,1802,0,0,12.1,42,16640
back,1170,1802,1802,0,0,12.1,42,16640
back,1170,1802,1802,0,0,12.1,42,16640
back,1171,1802,1802,0,0,12.1,42,16640
back,1171,1802,1802,0,0,12.1,42,16640
back,1172,1802,1802,0,0,12.1,42,16640
back,1172,1802,1802,0,0,12.1,42,16640
back,1173,1802,1802,0,0,12.1,42,16640
back,1173,1802,1802,0,0,12.1,42,16640
back,1174,1802,1802,0,0,12.1,42,16640
back,1174,1802,1802,0,0,12.1,42,16640
back,1175,1802,1802,0,0,12.1,42,16640
back,1175,1802,1802,0,0,12.1,42,16640
back,1176,1802,1802,0,0,12.1,42,16640
back,1176,1802,1802,0,0,12.1,42,16640
back,1177,1802,1802,0,0,12.1,42,16640
back,1177,1802,1802,0,0,12.1,42,16640
back,1178,1802,1802,0,0,12.1,42,16640
back,1178,1802,1802,0,0,12.1,42,16640
back,1179,1802,1802,0,0,12.1,42,16640
back,1179,1802,1802,0,0,12.1,42,16640
back,1180,1802,1802,0,0,12.1,42,16640
back,1180,1802,1802,0,0,12.1,42,16640
back,1181,1802,1802,0,0,12.1,42,16640
back,1181,1802,1802,0,0,12.1,42,16640
back,1182,1802,1802,0,0,12.1,42,16640
back,1182,1802,1802,0,0,12.1,42,16640
back,1183,1802,1802,0,0,12.1,42,16640
back,1183,1802,1802,0,0,12.1,42,16640
back,1183,1802,1802,0,0,12.1,42,16640
back,1184,1802,1802,0,0,12.1,42,16640
back,1184,1802,1802,0,0,12.1,42,16640
back,1185,1802,1802,0,0,12.1,42,16640
back,1185,1802,1802,0,0,12.1,42,16640
back,1186,1802,1802,0,0,12.1,42,16640
back,1186,1802,1802,0,0,12.1,42,16640
back,1187,1802,1802,0,0,12.1,42,16640
back,1187,1802,1802,0,0,12.1,42,16640
back,1188,1802,1802,0,0,12.1,42,16640
back,1188,1802,1802,0,0,12.1,42,16640
back,1189,1802,1802,0,0,12.1,42,16640
back,1189,1802,1802,0,0,12.1,42,16640
back,1190,1802,1802,0,0,12.1,42,16640
back,1190,1802,1802,0,0,12.1,42,16640
back,1191,1802,1802,0,0,12.1,42,16640
back,1191,1802,1802,0,0,12.1,42,16640
back,1192,1802,1802,0,0,12.1,42,16640
back,1192,1802,1802,0,0,12.1,42,16640
back,1193,1802,1802,0,0,12.1,42,16640
back,1193,1802,1802,0,0,12.1,42,16640
back,1194,1802,1802,0,0,12.1,42,16640
back,1194,1802,1802,0,0,12.1,42,16640
back,1195,1802,1802,0,0,12.1,42,16640
back,1195,1802,1802,0,0,12.1,42,16640
back,1196,1802,1802,0,0,12.1,42,16640
back,1196,1802,1802,0,0,12.1,42,16640
back,1197,1802,1802,0,0,12.1,42,16640
back,1197,1802,1802,0,0,12.1,42,16640
back,1198,1802,1802,0,0,12.1,42,16640
back,1198,1802,1802,0,0,12.1,42,16640
back,1199,1802,1802,0,0,12.1,42,16640
back,1199,1802,1802,0,0,12.1,42,16640
back,1200,1802,1802,0,0,12.1,42,16640
back,1200,1802,1802,0,0,12.1,42,16640
back,1200,1802,1802,0,0,12.1,42,16640
back,1201,1802,1802,0,0,12.1,42,16640
back,1201,1802,1802,0,0,12.1,42,16640
back,1202,1802,1802,0,0,12.1,42,16640
back,1202,1802,1802,0,0,12.1,42,16640
back,1203,1802,1802,0,0,12.1,42,16640
back,1203,1802,1802,0,0,12.1,42,16640
back,1204,1802,1802,0,0,12.1,42,16640
back,1204,1802,1802,0,0,12.1,42,16640
back,1205,1802,1802,0,0,12.1,42,16640
back,1205,1802,1802,0,0,12.1,42,16640
back,1206,1802,1802,0,0,12.1,42,16640
back,1206,1802,1802,0,0,12.1,42,16640
back,1207,1802,1802,0,0,12.1,42,16640
back,1207,1802,1802,0,0,12.1,42,16640
back,1208,1802,1802,0,0,12.1,42,16640
back,1208,1802,1802,0,0,12.1,42,16640
back,1209,1802,1802,0,0,12.1,42,16640
back,1209,1802,1802,0,0,12.1,42,16640
back,1210,1802,1802,0,0,12.1,42,16640
back,1210,1802,1802,0,0,12.1,42,16640
back,1211,1802,1802,0,0,12.1,42,16640
back,1211,1802,1802,0,0,12.1,42,16640
back,1212,1802,1802,0,0,12.1,42,16640
back,1212,1802,1802,0,0,12.1,42,16640
back,1213,1802,1802,0,0,12.1,42,16640
back,1213,1802,1802,0,0,12.1,42,16640
back,1214,1802,1802,0,0,12.1,42,16640
back,1214,1802,1802,0,0,12.1,42,16640
back,1215,1802,1802,0,0,12.1,42,16640
back,1215,1802,1802,0,0,12.1,42,16640
back,1216,1802,1802,0,0,12.1,42,16640
back,1216,1802,1802,0,0,12.1,42,16640
back,1217,1802,1802,0,0,12.1,42,16640
back,1217,1802,1802,0,0,12.1,42,16640
back,1218,1802,1802,0,0,12.1,42,16640
back,1218,1802,1802,0,0,12.1,42,16640
back,1218,1802,1802,0,0,12.1,42,16640
back,1219,1802,1802,0,0,12.1,42,16640
back,1219,1802,1802,0,0,12.1,42,16640
back,1220,1802,1802,0,0,12.1,42,16640
back,1220,1802,1802,0,0,12.1,42,16640
back,1221,1802,1802,0,0,12.1,42,16640
back,1221,1802,1802,0,0,12.1,42,16640
back,1222,1802,1802,0,0,12.1,42,16640
back,1222,1802,1802,0,0,12.1,42,16640
back,1223,1802,1802,0,0,12.1,42,16640
back,1223,1802,1802,0,0,12.1,42,16640
back,1224,1802,1802,0,0,12.1,42,16640
back,1224,1802,1802,0,0,12.1,42,16640
back,1225,1802,1802,0,0,12.1,42,16640
back,1225,1802,1802,0,0,12.1,42,16640
back,1226,1802,1802,0,0,12.1,42,16640
back,1226,1802,1802,0,0,12.1,42,16640
back,1227,1802,1802,0,0,12.1,42,16640
back,1227,1802,1802,0,0,12.1,42,16640
back,1228,1802,1802,0,0,12.1,42,16640
back,1228,1802,1802,0,0,12.1,42,16640
back,1229,1802,1802,0,0,12.1,42,16640
back,1229,1802,1802,0,0,12.1,42,16640
back,1230,1802,1802,0,0,12.1,42,16640
back,1230,1802,1802,0,0,12.1,42,16640
back,1231,1802,1802,0,0,12.1,42,16640
back,1231,1802,1802,0,0,12.1,42,16640
back,1232,1802,1802,0,0,12.2,42,16640
back,1232,1802,1802,0,0,12.2,42,16640
back,1233,1802,1802,0,0,12.1,42,16640
back,1233,1802,1802,0,0,12.1,42,16640
back,1234,1802,1802,0,0,12.1,42,16640
back,1234,1802,1802,0,0,12.1,42,16640
back,1235,1802,1802,0,0,12.1,42,16640
back,1235,1802,1802,0,0,12.1,42,16640
back,1235,1802,1802,0,0,12.1,42,16640
back,1236,1802,1802,0,0,12.1,42,16640
back,1236,1802,1802,0,0,12.1,42,16640
back,1237,1802,1802,0,0,12.1,42,16640
back,1237,1802,1802,0,0,12.1,42,16640
back,1238,1802,1802,0,0,12.1,42,16640
back,1238,1802,1802,0,0,12.1,42,16640
back,1239,1802,1802,0,0,12.1,42,16640
back,1239,1802,1802,0,0,12.1,47,16640
back,1240,1802,1802,0,0,12.1,47,16640
back,1240,1802,1802,0,0,12.1,42,16640
back,1241,1802,1802,0,0,12.1,42,16640
back,1241,1802,1802,0,0,12.1,42,16640
back,1242,1802,1802,0,0,12.1,42,16640
back,1242,1802,1802,0,0,12.1,42,16640
back,1243,1802,1802,0,0,12.1,42,16640
back,1243,1802,1802,0,0,12.1,42,16640
back,1244,1802,1802,0,0,12.1,42,16640
back,1244,1802,1802,0,0,12.1,42,16640
back,1245,1802,1802,0,0,12.1,42,16640
back,1245,1802,1802,0,0,12.1,42,16640
back,1246,1802,1802,0,0,12.1,42,16640
back,1246,1802,1802,0,0,12.1,42,16640
back,1247,1802,1802,0,0,12.1,42,16640
back,1247,1802,1802,0,0,12.1,42,16640
back,1248,1802,1802,0,0,12.1,42,16640
back,1248,1802,1802,0,0,12.1,42,16640
back,1249,1802,1802,0,0,12.1,42,16640
back,1249,1802,1802,0,0,12.1,42,16640
back,1250,1802,1802,0,0,12.1,42,16640
back,1250,1802,1802,0,0,12.1,42,16640
back,1251,1802,1802,0,0,12.1,42,16640
back,1251,1802,1802,0,0,12.1,42,16640
back,1252,1802,1802,0,0,12.1,42,16640
back,1252,1802,1802,0,0,12.1,42,16640
back,1252,1802,1802,0,0,12.2,42,16640
back,1253,1802,1802,0,0,12.2,42,16640
back,1253,1802,1802,0,0,12.1,42,16640
back,1254,1802,1802,0,0,12.1,42,16640
back,1254,1802,1802,0,0,12.1,42,16640
back,1255,1802,1802,0,0,12.1,42,16640
back,1255,1802,1802,0,0,12.1,42,16640
back,1256,1802,1802,0,0,12.1,42,16640
back,1256,1802,1802,0,0,12.1,42,16640
back,1257,1802,1802,0,0,12.1,42,16640
back,1257,1802,1802,0,0,12.1,42,16640
back,1258,1802,1802,0,0,12.1,42,16640
back,1258,1802,1802,0,0,12.1,42,16640
back,1259,1802,1802,0,0,12.1,42,16640
back,1259,1802,1802,0,0,12.1,42,16640
back,1260,1802,1802,0,0,12.1,42,16640
back,1260,1802,1802,0,0,12.1,42,16640
back,1261,1802,1802,0,0,12.1,42,16640
back,1261,1802,1802,0,0,12.1,42,16640
back,1262,1802,1802,0,0,12.1,42,16640
back,1262,1802,1802,0,0,12.1,42,16640
back,1263,1802,1802,0,0,12.1,42,16640
back,1263,1802,1802,0,0,12.1,42,16640
back,1264,1802,1802,0,0,12.1,42,16640
back,1264,1802,1802,0,0,12.1,42,16640
back,1265,1802,1802,0,0,12.1,42,16640
back,1265,1802,1802,0,0,12.1,42,16640
back,1266,1802,1802,0,0,12.1,42,16640
back,1266,1802,1802,0,0,12.1,42,16640
back,1267,1802,1802,0,0,12.1,42,16640
back,1267,1802,1802,0,0,12.1,42,16640
back,1267,1802,1802,0,0,12.1,42,16640
back,1268,1802,1802,0,0,12.1,42,16640
back,1268,1802,1802,0,0,12.1,42,16640
back,1269,1802,1802,0,0,12.1,42,16640
back,1269,1802,1802,0,0,12.1,42,16640
back,1270,1802,1802,0,0,12.1,42,16640
back,1270,1802,1802,0,0,12.1,42,16640
back,1271,1802,1802,0,0,12.1,42,16640
back,1271,1802,1802,0,0,12.1,42,16640
back,1272,1802,1802,0,0,12.1,42,16640
back,1272,1802,1802,0,0,12.1,42,16640
back,1273,1802,1802,0,0,12.1,42,16640
back,1273,1802,1802,0,0,12.1,42,16640
back,1274,1802,1802,0,0,12.1,42,16640
back,1274,1802,1802,0,0,12.1,42,16640
back,1275,1802,1802,0,0,12.1,42,16640
back,1275,1802,1802,0,0,12.1,42,16640
back,1276,1802,1802,0,0,12.1,42,16640
back,1276,1802,1802,0,0,12.1,42,16640
back,1277,1802,1802,0,0,12.1,42,16640
back,1277,1802,1802,0,0,12.1,42,16640
back,1278,1802,1802,0,0,12.1,42,16640
back,1278,1802,1802,0,0,12.1,42,16640
back,1279,1802,1802,0,0,12.1,42,16640
back,1279,1802,1802,0,0,12.1,42,16640
back,1280,1802,1802,0,0,12.1,42,16640
back,1280,1802,1802,0,0,12.1,42,16640
back,1281,1802,1802,0,0,12.1,42,16640
back,1281,1802,1802,0,0,12.1,42,16640
back,1282,1802,1802,0,0,12.1,42,16640
back,1282,1802,1802,0,0,12.1,42,16640
back,1283,1802,1802,0,0,12.1,42,16640
back,1283,1802,1802,0,0,12.1,42,16640
back,1284,1802,1802,0,0,12.1,42,16640
back,1284,1802,1802,0,0,12.1,42,16640
back,1285,1802,1802,0,0,12.1,42,16640
back,1285,1802,1802,0,0,12.1,42,16640
back,1286,1802,1802,0,0,12.1,42,16640
back,1286,1802,1802,0,0,12.1,42,16640
back,1287,1802,1802,0,0,12.1,42,16640
back,1287,1802,1802,0,0,12.1,42,16640
back,1288,1802,1802,0,0,12.1,42,16640
back,1288,1802,1802,0,0,12.1,42,16640
back,1289,1802,1802,0,0,12.2,42,16640
back,1289,1802,1802,0,0,12.1,42,16640
back,1290,1802,1802,0,0,12.1,42,16640
back,1290,1802,1802,0,0,12.1,42,16640
back,1291,1802,1802,0,0,12.1,42,16640
back,1291,1802,1802,0,0,12.1,42,16640
back,1292,1802,1802,0,0,12.1,42,16640
back,1292,1802,1802,0,0,12.1,42,16640
back,1293,1802,1802,0,0,12.1,42,16640
back,1293,1802,1802,0,0,12.1,42,16640
back,1294,1802,1802,0,0,12.1,42,16640
back,1294,1802,1802,0,0,12.1,42,16640
back,1295,1802,1802,0,0,12.1,42,16640
back,1295,1802,1802,0,0,12.1,42,16640
back,1296,1802,1802,0,0,12.1,42,16640
back,1296,1802,1802,0,0,12.1,42,16640
back,1297,1802,1802,0,0,12.1,42,16640
back,1297,1802,1802,0,0,12.1,42,16640
back,1298,1802,1802,0,0,12.1,42,16640
back,1298,1802,1802,0,0,12.1,42,16640
back,1299,1802,1802,0,0,12.1,42,16640
back,1299,1802,1802,0,0,12.1,42,16640
back,1300,1802,1802,0,0,12.1,42,16640
back,1300,1802,1802,0,0,12.1,42,16640
back,1301,1802,1802,0,0,12.1,42,16640
back,1301,1802,1802,0,0,12.1,42,16640
back,1301,1802,1802,0,0,12.1,42,16640
back,1302,1802,1802,0,0,12.1,42,16640
back,1302,1802,1802,0,0,12.1,42,16640
back,1303,1802,1802,0,0,12.1,42,16640
back,1303,1802,1802,0,0,12.1,42,16640
back,1304,1802,1802,0,0,12.1,42,16640
back,1304,1802,1802,0,0,12.1,42,16640
back,1305,1802,1802,0,0,12.1,42,16640
back,1305,1802,1802,0,0,12.1,42,16640
back,1306,1802,1802,0,0,12.1,42,16640
back,1306,1802,1802,0,0,12.1,42,16640
back,1307,1802,1802,0,0,12.1,42,16640
back,1307,1802,1802,0,0,12.1,42,16640
back,1308,1802,1802,0,0,12.1,42,16640
back,1308,1802,1802,0,0,12.1,42,16640
back,1309,1802,1802,0,0,12.1,42,16640
back,1309,1802,1802,0,0,12.1,42,16640
back,1310,1802,1802,0,0,12.1,42,16640
back,1310,1802,1802,0,0,12.1,42,16640
back,1311,1802,1802,0,0,12.1,42,16640
back,1311,1802,1802,0,0,12.1,42,16640
back,1312,1802,1802,0,0,12.1,42,16640
back,1312,1802,1802,0,0,12.1,42,16640
back,1313,1802,1802,0,0,12.1,42,16640
back,1313,1802,1802,0,0,12.1,42,16640
back,1314,1802,1802,0,0,12.1,42,16640
back,1314,1802,1802,0,0,12.1,42,16640
back,1315,1802,1802,0,0,12.1,42,16640
back,1315,1802,1802,0,0,12.1,42,16640
back,1316,1802,1802,0,0,12.1,42,16640
back,1316,1802,1802,0,0,12.1,42,16640
back,1317,1802,1802,0,0,12.1,42,16640
back,1317,1802,1802,0,0,12.1,42,16640
back,1318,1802,1802,0,0,12.1,42,16640
back,1318,1802,1802,0,0,12.1,42,16640
back,1319,1802,1802,0,0,12.1,42,16640
back,1319,1802,1802,0,0,12.1,42,16640
back,1319,1802,1802,0,0,12.1,42,16640
back,1320,1802,1802,0,0,12.1,42,16640
back,1321,1802,1802,0,0,12.1,42,16640
back,1321,1802,1802,0,0,12.1,42,16640
back,1322,1802,1802,0,0,12.1,42,16640
back,1322,1802,1802,0,0,12.1,42,16640
back,1323,1802,1802,0,0,12.1,42,16640
back,1323,1802,1802,0,0,12.1,42,16640
back,1324,1802,1802,0,0,12.1,42,16640
back,1324,1802,1802,0,0,12.1,42,16640
back,1325,1802,1802,0,0,12.1,42,16640
back,1325,1802,1802,0,0,12.1,42,16640
back,1326,1802,1802,0,0,12.1,42,16640
back,1326,1802,1802,0,0,12.1,42,16640
back,1327,1802,1802,0,0,12.1,42,16640
back,1327,1802,1802,0,0,12.1,42,16640
back,1328,1802,1802,0,0,12.1,42,16640
back,1328,1802,1802,0,0,12.1,42,16640
back,1329,1802,1802,0,0,12.1,42,16640
back,1329,1802,1802,0,0,12.1,42,16640
back,1330,1802,1802,0,0,12.1,42,16640
back,1330,1802,1802,0,0,12.1,42,16640
back,1331,1802,1802,0,0,12.1,42,16640
back,1331,1802,1802,0,0,12.1,42,16640
back,1332,1802,1802,0,0,12.1,42,16640
back,1332,1802,1802,0,0,12.1,42,16640
back,1333,1802,1802,0,0,12.1,42,16640
back,1333,1802,1802,0,0,12.1,42,16640
back,1334,1802,1802,0,0,12.1,42,16640
back,1334,1802,1802,0,0,12.1,42,16640
back,1335,1802,1802,0,0,12.1,42,16640
back,1335,1802,1802,0,0,12.1,42,16640
back,1336,1802,1802,0,0,12.1,42,16640
back,1336,1802,1802,0,0,12.1,42,16640
back,1337,1802,1802,0,0,12.1,42,16640
back,1337,1802,1802,0,0,12.1,42,16640
back,1338,1802,1802,0,0,12.1,42,16640
back,1338,1802,1802,0,0,12.1,42,16640
back,1339,1802,1802,0,0,12.1,42,16640
back,1339,1802,1802,0,0,12.1,42,16640
back,1340,1802,1802,0,0,12.1,42,16640
back,1340,1802,1802,0,0,12.1,42,16640
back,1341,1802,1802,0,0,12.1,42,16640
back,1341,1802,1802,0,0,12.1,42,16640
back,1342,1802,1802,0,0,12.1,42,16640
back,1342,1802,1802,0,0,12.1,42,16640
back,1343,1802,1802,0,0,12.1,42,16640
back,1344,1802,1802,0,0,12.1,42,16640
back,1344,1802,1802,0,0,12.1,42,16640
back,1345,1802,1802,0,0,12.1,42,16640
back,1345,1802,1802,0,0,12.1,42,16640
back,1346,1802,1802,0,0,12.1,42,16640
back,1346,1802,1802,0,0,12.1,42,16640
back,1347,1802,1802,0,0,12.1,42,16640
back,1347,1802,1802,0,0,12.1,42,16640
back,1348,1802,1802,0,0,12.1,42,16640
back,1348,1802,1802,0,0,12.1,42,16640
back,1349,1802,1802,0,0,12.1,42,16640
back,1349,1802,1802,0,0,12.1,42,16640
back,1350,1802,1802,0,0,12.1,42,16640
back,1350,1802,1802,0,0,12.1,42,16640
back,1351,1802,1802,0,0,12.1,42,16640
back,1351,1802,1802,0,0,12.1,42,16640
back,1352,1802,1802,0,0,12.1,42,16640
back,1352,1802,1802,0,0,12.1,42,16640
back,1353,1802,1802,0,0,12.1,42,16640
back,1353,1802,1802,0,0,12.1,42,16640
back,1354,1802,1802,0,0,12.1,42,16640
back,1354,1802,1802,0,0,12.1,42,16640
back,1355,1802,1802,0,0,12.1,42,16640
back,1355,1802,1802,0,0,12.1,42,16640
back,1356,1802,1802,0,0,12.1,42,16640
back,1356,1802,1802,0,0,12.1,42,16640
back,1357,1802,1802,0,0,12.1,42,16640
back,1357,1802,1802,0,0,12.1,42,16640
back,1358,1802,1802,0,0,12.1,42,16640
back,1358,1802,1802,0,0,12.1,42,16640
back,1359,1802,1802,0,0,12.1,42,16640
back,1359,1802,1802,0,0,12.1,42,16640
back,1360,1802,1802,0,0,12.1,42,16640
back,1360,1802,1802,0,0,12.1,42,16640
back,1361,1802,1802,0,0,12.1,42,16640
back,1362,1802,1802,0,0,12.1,42,16640
back,1362,1802,1802,0,0,12.1,42,16640
back,1363,1802,1802,0,0,12.1,42,16640
back,1363,1802,1802,0,0,12.1,42,16640
back,1364,1802,1802,0,0,12.1,42,16640
back,1364,1802,1802,0,0,12.1,42,16640
back,1365,1802,1802,0,0,12.1,42,16640
back,1365,1802,1802,0,0,12.1,42,16640
back,1366,1802,1802,0,0,12.1,42,16640
back,1366,1802,1802,0,0,12.1,42,16640
back,1367,1802,1802,0,0,12.1,42,16640
back,1367,1802,1802,0,0,12.1,42,16640
back,1368,1802,1802,0,0,12.1,42,16640
back,1368,1802,1802,0,0,12.1,42,16640
back,1369,1802,1802,0,0,12.1,42,16640
back,1369,1802,1802,0,0,12.1,42,16640
back,1370,1802,1802,0,0,12.1,42,16640
back,1370,1802,1802,0,0,12.1,42,16640
back,1371,1802,1802,0,0,12.1,42,16640
back,1371,1802,1802,0,0,12.1,42,16640
back,1372,1802,1802,0,0,12.1,42,16640
back,1372,1802,1802,0,0,12.1,42,16640
back,1373,1802,1802,0,0,12.1,42,16640
back,1373,1802,1802,0,0,12.1,42,16640
back,1374,1802,1802,0,0,12.1,42,16640
back,1374,1802,1802,0,0,12.1,42,16640
back,1375,1802,1802,0,0,12.1,42,16640
back,1375,1802,1802,0,0,12.1,42,16640
back,1376,1802,1802,0,0,12.1,42,16640
back,1377,1802,1802,0,0,12.1,42,16640
back,1377,1802,1802,0,0,12.1,42,16640
back,1378,1802,1802,0,0,12.1,42,16640
back,1379,1802,1802,0,0,12.1,42,16640
back,1379,1802,1802,0,0,12.1,42,16640
back,1380,1802,1802,0,0,12.1,42,16640
back,1380,1802,1802,0,0,12.1,42,16640
back,1381,1802,1802,0,0,12.1,42,16640
back,1381,1802,1802,0,0,12.1,42,16640
back,1382,1802,1802,0,0,12.1,42,16640
back,1382,1802,1802,0,0,12.1,42,16640
back,1383,1802,1802,0,0,12.1,42,16640
back,1383,1802,1802,0,0,12.1,42,16640
back,1383,1802,1802,0,0,12.1,42,16640
back,1384,1802,1802,0,0,12.1,42,16640
back,1384,1802,1802,0,0,12.1,42,16640
back,1385,1802,1802,0,0,12.1,42,16640
back,1385,1802,1802,0,0,12.1,42,16640
back,1386,1802,1802,0,0,12.1,42,16640
back,1386,1802,1802,0,0,12.1,42,16640
back,1387,1802,1802,0,0,12.1,42,16640
back,1387,1802,1802,0,0,12.1,42,16640
back,1388,1802,1802,0,0,12.1,42,16640
back,1388,1802,1802,0,0,12.1,42,16640
back,1389,1802,1802,0,0,12.2,42,16640
back,1389,1802,1802,0,0,12.2,42,16640
back,1390,1802,1802,0,0,12.1,42,16640
back,1390,1802,1802,0,0,12.1,42,16640
back,1391,1802,1802,0,0,12.1,42,16640
back,1392,1802,1802,0,0,12.1,42,16640
back,1392,1802,1802,0,0,12.1,42,16640
back,1393,1802,1802,0,0,12.1,42,16640
back,1393,1802,1802,0,0,12.1,42,16640
back,1394,1802,1802,0,0,12.1,42,16640
back,1394,1802,1802,0,0,12.1,42,16640
back,1395,1802,1802,0,0,12.1,42,16640
back,1395,1802,1802,0,0,12.1,42,16640
back,1396,1802,1802,0,0,12.1,42,16640
back,1396,1802,1802,0,0,12.1,42,16640
back,1397,1802,1802,0,0,12.1,42,16640
back,1397,1802,1802,0,0,12.1,42,16640
back,1398,1802,1802,0,0,12.1,42,16640
back,1398,1802,1802,0,0,12.1,42,16640
back,1399,1802,1802,0,0,12.1,42,16640
back,1399,1802,1802,0,0,12.1,42,16640
back,1400,1802,1802,0,0,12.1,42,16640
back,1400,1802,1802,0,0,12.1,42,16640
back,1401,1802,1802,0,0,12.1,42,16640
back,1401,1802,1802,0,0,12.1,42,16640
back,1402,1802,1802,0,0,12.1,42,16640
back,1402,1802,1802,0,0,12.1,42,16640
back,1403,1802,1802,0,0,12.1,42,16640
back,1403,1802,1802,0,0,12.1,42,16640
back,1404,1802,1802,0,0,12.1,42,16640
back,1404,1802,1802,0,0,12.1,42,16640
back,1405,1802,1802,0,0,12.1,42,16640
back,1406,1802,1802,0,0,12.1,42,16640
back,1406,1802,1802,0,0,12.1,42,16640
back,1407,1802,1802,0,0,12.1,42,16640
back,1407,1802,1802,0,0,12.1,42,16640
back,1408,1802,1802,0,0,12.1,42,16640
back,1409,1802,1802,0,0,12.1,42,16640
back,1409,1802,1802,0,0,12.1,42,16640
back,1410,1802,1802,0,0,12.1,42,16640
back,1411,1802,1802,0,0,12.1,42,16640
back,1411,1802,1802,0,0,12.1,42,16640
back,1412,1802,1802,0,0,12.1,42,16640
back,1412,1802,1802,0,0,12.1,42,16640
back,1413,1802,1802,0,0,12.1,42,16640
back,1413,1802,1802,0,0,12.1,42,16640
back,1414,1802,1802,0,0,12.1,42,16640
back,1414,1802,1802,0,0,12.1,42,16640
back,1415,1802,1802,0,0,12.1,42,16640
back,1415,1802,1802,0,0,12.1,42,16640
back,1416,1802,1802,0,0,12.1,42,16640
back,1416,1802,1802,0,0,12.1,42,16640
back,1417,1802,1802,0,0,12.1,42,16640
back,1417,1802,1802,0,0,12.1,42,16640
back,1418,1802,1802,0,0,12.1,42,16640
back,1418,1802,1802,0,0,12.1,42,16640
back,1419,1802,1802,0,0,12.1,42,16640
back,1419,1802,1802,0,0,12.2,42,16640
back,1420,1802,1802,0,0,12.1,42,16640
back,1420,1802,1802,0,0,12.1,42,16640
back,1421,1802,1802,0,0,12.1,42,16640
back,1421,1802,1802,0,0,12.1,42,16640
back,1422,1802,1802,0,0,12.1,42,16640
back,1422,1802,1802,0,0,12.1,42,16640
back,1423,1802,1802,0,0,12.1,42,16640
back,1423,1802,1802,0,0,12.1,42,16640
back,1424,1802,1802,0,0,12.1,42,16640
back,1424,1802,1802,0,0,12.1,42,16640
back,1425,1802,1802,0,0,12.1,42,16640
back,1425,1802,1802,0,0,12.1,42,16640
back,1426,1802,1802,0,0,12.1,42,16640
back,1426,1802,1802,0,0,12.1,42,16640
back,1427,1802,1802,0,0,12.1,42,16640
back,1428,1802,1802,0,0,12.1,42,16640
back,1428,1802,1802,0,0,12.1,42,16640
back,1429,1802,1802,0,0,12.1,42,16640
back,1429,1802,1802,0,0,12.1,42,16640
back,1430,1802,1802,0,0,12.1,42,16640
back,1430,1802,1802,0,0,12.1,42,16640
back,1431,1802,1802,0,0,12.1,42,16640
back,1431,1802,1802,0,0,12.1,42,16640
back,1432,1802,1802,0,0,12.1,42,16640
back,1432,1802,1802,0,0,12.1,42,16640
back,1433,1802,1802,0,0,12.1,42,16640
back,1433,1802,1802,0,0,12.1,42,16640
back,1434,1802,1802,0,0,12.1,42,16640
back,1434,1802,1802,0,0,12.1,42,16640
back,1435,1802,1802,0,0,12.1,42,16640
back,1435,1802,1802,0,0,12.1,42,16640
back,1436,1802,1802,0,0,12.1,42,16640
back,1436,1802,1802,0,0,12.1,42,16640
back,1437,1802,1802,0,0,12.1,42,16640
back,1437,1802,1802,0,0,12.1,42,16640
back,1438,1802,1802,0,0,12.1,42,16640
back,1438,1802,1802,0,0,12.1,42,16640
back,1439,1802,1802,0,0,12.1,42,16640
back,1439,1802,1802,0,0,12.1,42,16640
back,1440,1802,1802,0,0,12.1,42,16640
back,1440,1802,1802,0,0,12.1,42,16640
back,1441,1802,1802,0,0,12.1,42,16640
back,1441,1802,1802,0,0,12.1,42,16640
back,1442,1802,1802,0,0,12.1,42,16640
back,1442,1802,1802,0,0,12.1,42,16640
back,1443,1802,1802,0,0,11.4,42,16640
back,1443,1802,1802,0,0,11.4,42,16640
back,1444,1802,1802,0,0,12.1,42,16640
back,1444,1802,1802,0,0,12.1,42,16640
back,1445,1802,1802,0,0,12.1,42,16640
back,1445,1802,1802,0,0,12.1,42,16640
back,1446,1802,1802,0,0,12.1,42,16640
back,1446,1802,1802,0,0,12.1,42,16640
back,1447,1802,1802,0,0,12.1,42,16640
back,1447,1802,1802,0,0,12.1,42,16640
back,1448,1802,1802,0,0,12.1,42,16640
back,1448,1802,1802,0,0,12.1,42,16640
back,1449,1802,1802,0,0,12.1,42,16640
back,1449,1802,1802,0,0,12.1,42,16640
back,1450,1802,1802,0,0,12.1,42,16640
back,1450,1802,1802,0,0,12.1,42,16640
back,1451,1802,1802,0,0,12.1,42,16640
back,1451,1802,1802,0,0,12.1,42,16640
back,1452,1802,1802,0,0,12.1,42,16640
back,1452,1802,1802,0,0,12.1,42,16640
back,1453,1802,1802,0,0,12.1,42,16640
back,1453,1802,1802,0,0,12.1,42,16640
back,1454,1802,1802,0,0,12.1,42,16640
back,1454,1802,1802,0,0,12.1,42,16640
back,1455,1802,1802,0,0,12.1,42,16640
back,1455,1802,1802,0,0,12.1,42,16640
back,1456,1802,1802,0,0,12.1,42,16640
back,1456,1802,1802,0,0,12.1,42,16640
back,1457,1802,1802,0,0,12.1,42,16640
back,1457,1802,1802,0,0,12.1,42,16640
back,1458,1802,1802,0,0,12.1,42,16640
back,1458,1802,1802,0,0,12.1,42,16640
back,1459,1802,1802,0,0,12.1,42,16640
back,1460,1802,1802,0,0,12.1,42,16640
back,1460,1802,1802,0,0,12.1,42,16640
back,1461,1802,1802,0,0,12.1,42,16640
back,1461,1802,1802,0,0,12.1,42,16640
back,1462,1802,1802,0,0,12.1,42,16640
back,1462,1802,1802,0,0,12.1,42,16640
back,1463,1802,1802,0,0,12.1,42,16640
back,1463,1802,1802,0,0,12.1,42,16640
back,1464,1802,1802,0,0,12.1,42,16640
back,1464,1802,1802,0,0,12.1,42,16640
back,1465,1802,1802,0,0,12.1,42,16640
back,1465,1802,1802,0,0,12.1,42,16640
back,1466,1802,1802,0,0,12.1,42,16640
back,1466,1802,1802,0,0,12.1,42,16640
back,1467,1802,1802,0,0,12.1,42,16640
back,1467,1802,1802,0,0,12.1,42,16640
back,1468,1802,1802,0,0,12.1,42,16640
back,1468,1802,1802,0,0,12.1,42,16640
back,1469,1802,1802,0,0,12.1,42,16640
back,1469,1802,1802,0,0,12.1,42,16640
back,1470,1802,1802,0,0,12.1,42,16640
back,1470,1802,1802,0,0,12.1,42,16640
back,1471,1802,1802,0,0,12.1,42,16640
back,1471,1802,1802,0,0,12.1,42,16640
back,1472,1802,1802,0,0,12.1,42,16640
back,1472,1802,1802,0,0,12.1,42,16640
back,1473,1802,1802,0,0,12.1,42,16640
back,1473,1802,1802,0,0,12.1,42,16640
back,1474,1802,1802,0,0,12.1,42,16640
back,1474,1802,1802,0,0,12.1,42,16640
back,1475,1802,1802,0,0,12.1,42,16640
back,1476,1802,1802,0,0,12.1,42,16640
back,1476,1802,1802,0,0,12.1,42,16640
back,1477,1802,1802,0,0,12.1,42,16640
back,1477,1802,1802,0,0,12.1,42,16640
back,1478,1802,1802,0,0,12.1,42,16640
back,1479,1802,1802,0,0,12.1,42,16640
back,1479,1802,1802,0,0,12.1,42,16640
back,1479,1802,1802,0,0,12.1,42,16640
back,1480,1802,1802,0,0,12.1,42,16640
back,1481,1802,1802,0,0,12.1,42,16640
back,1481,1802,1802,0,0,12.1,42,16640
back,1481,1802,1802,0,0,12.1,42,16640
back,1482,1802,1802,0,0,12.1,42,16640
back,1482,1802,1802,0,0,12.1,42,16640
back,1483,1802,1802,0,0,12.1,42,16640
back,1483,1802,1802,0,0,12.1,42,16640
back,1484,1802,1802,0,0,12.1,42,16640
back,1484,1802,1802,0,0,12.1,42,16640
back,1485,1802,1802,0,0,12.1,42,16640
back,1485,1802,1802,0,0,12.1,42,16640
back,1486,1802,1802,0,0,12.1,42,16640
back,1486,1802,1802,0,0,12.1,42,16640
back,1487,1802,1802,0,0,12.1,42,16640
back,1487,1802,1802,0,0,12.1,42,16640
back,1488,1802,1802,0,0,12.1,42,16640
back,1488,1802,1802,0,0,12.1,42,16640
back,1489,1802,1802,0,0,12.1,42,16640
back,1489,1802,1802,0,0,12.1,42,16640
back,1490,1802,1802,0,0,12.1,42,16640
back,1490,1802,1802,0,0,12.1,42,16640
back,1490,1802,1802,0,0,12.1,42,16640
back,1491,1802,1802,0,0,12.1,42,16640
back,1492,1802,1802,0,0,12.2,42,16640
back,1492,1802,1802,0,0,12.2,42,16640
back,1493,1802,1802,0,0,12.1,42,16640
back,1494,1802,1802,0,0,12.1,42,16640
back,1494,1802,1802,0,0,12.1,42,16640
back,1495,1802,1802,0,0,12.1,42,16640
back,1495,1802,1802,0,0,12.1,42,16640
back,1495,1802,1802,0,0,12.1,42,16640
back,1496,1802,1802,0,0,12.1,42,16640
back,1496,1802,1802,0,0,12.1,42,16640
back,1497,1802,1802,0,0,12.1,42,16640
back,1497,1802,1802,0,0,12.1,42,16640
back,1498,1802,1802,0,0,12.1,42,16640
back,1498,1802,1802,0,0,12.1,42,16640
back,1499,1802,1802,0,0,12.1,42,16640
back,1499,1802,1802,0,0,12.1,42,16640
back,1500,1802,1802,0,0,12.1,42,16640
back,1500,1802,1802,0,0,12.1,42,16640
back,1501,1802,1802,0,0,12.1,42,16640
back,1501,1802,1802,0,0,12.1,42,16640
back,1502,1802,1802,0,0,12.1,42,16640
back,1502,1802,1802,0,0,12.1,42,16640
back,1503,1802,1802,0,0,12.1,42,16640
back,1503,1802,1802,0,0,12.1,42,16640
back,1504,1802,1802,0,0,12.1,42,16640
back,1504,1802,1802,0,0,12.1,42,16640
back,1505,1802,1802,0,0,12.1,42,16640
back,1505,1802,1802,0,0,12.1,42,16640
back,1506,1802,1802,0,0,12.1,42,16640
back,1506,1802,1802,0,0,12.1,42,16640
back,1507,1802,1802,0,0,12.1,42,16640
back,1507,1802,1802,0,0,12.1,42,16640
back,1508,1802,1802,0,0,12.2,42,16640
back,1508,1802,1802,0,0,12.2,42,16640
back,1509,1802,1802,0,0,12.1,42,16640
back,1509,1802,1802,0,0,12.1,42,16640
back,1510,1802,1802,0,0,12.1,42,16640
back,1511,1802,1802,0,0,12.1,42,16640
back,1511,1802,1802,0,0,12.1,42,16640
back,1512,1802,1802,0,0,12.1,42,16640
back,1512,1802,1802,0,0,12.1,42,16640
back,1513,1802,1802,0,0,12.1,42,16640
back,1513,1802,1802,0,0,12.1,42,16640
back,1514,1802,1802,0,0,12.1,42,16640
back,1514,1802,1802,0,0,12.1,42,16640
back,1515,1802,1802,0,0,12.1,42,16640
back,1515,1802,1802,0,0,12.1,42,16640
back,1516,1802,1802,0,0,12.1,42,16640
back,1516,1802,1802,0,0,12.1,42,16640
back,1517,1802,1802,0,0,12.1,42,16640
back,1517,1802,1802,0,0,12.1,42,16640
back,1518,1802,1802,0,0,12.1,42,16640
back,1518,1802,1802,0,0,12.1,42,16640
back,1519,1802,1802,0,0,12.1,42,16640
back,1519,1802,1802,0,0,12.1,42,16640
back,1519,1802,1802,0,0,12.1,42,16640
back,1520,1802,1802,0,0,12.1,42,16640
back,1520,1802,1802,0,0,12.1,42,16640
back,1521,1802,1802,0,0,12.1,42,16640
back,1521,1802,1802,0,0,12.1,42,16640
back,1522,1802,1802,0,0,12.1,42,16640
back,1522,1802,1802,0,0,12.1,42,16640
back,1523,1802,1802,0,0,12.1,42,16640
back,1523,1802,1802,0,0,12.1,42,16640
back,1524,1802,1802,0,0,12.1,42,16640
back,1524,1802,1802,0,0,12.1,42,16640
back,1525,1802,1802,0,0,12.1,42,16640
back,1525,1802,1802,0,0,12.1,42,16640
back,1526,1802,1802,0,0,12.1,42,16640
back,1527,1802,1802,0,0,12.1,42,16640
back,1527,1802,1802,0,0,12.1,42,16640
back,1528,1802,1802,0,0,12.1,42,16640
back,1528,1802,1802,0,0,12.1,42,16640
back,1529,1802,1802,0,0,12.1,42,16640
back,1529,1802,1802,0,0,12.1,42,16640
back,1530,1802,1802,0,0,12.1,42,16640
back,1530,1802,1802,0,0,12.1,42,16640
back,1531,1802,1802,0,0,12.1,42,16640
back,1531,1802,1802,0,0,12.1,42,16640
back,1532,1802,1802,0,0,12.1,42,16640
back,1532,1802,1802,0,0,12.1,42,16640
back,1533,1802,1802,0,0,12.1,42,16640
back,1533,1802,1802,0,0,12.1,42,16640
back,1534,1802,1802,0,0,12.1,42,16640
back,1534,1802,1802,0,0,12.1,42,16640
back,1535,1802,1802,0,0,12.1,42,16640
back,1535,1802,1802,0,0,12.1,42,16640
back,1536,1802,1802,0,0,12.1,42,16640
back,1536,1802,1802,0,0,12.1,42,16640
back,1537,1802,1802,0,0,12.1,42,16640
back,1537,1802,1802,0,0,12.1,42,16640
back,1538,1802,1802,0,0,12.1,42,16640
back,1538,1802,1802,0,0,12.1,42,16640
back,1539,1802,1802,0,0,12.1,42,16640
back,1539,1802,1802,0,0,12.1,42,16640
back,1540,1802,1802,0,0,12.1,42,16640
back,1540,1802,1802,0,0,12.1,42,16640
back,1541,1802,1802,0,0,12.1,42,16640
back,1541,1802,1802,0,0,12.1,42,16640
back,1542,1802,1802,0,0,12.1,42,16640
back,1542,1802,1802,0,0,12.1,42,16640
back,1543,1802,1802,0,0,12.1,42,16640
back,1544,1802,1802,0,0,12.1,42,16640
back,1544,1802,1802,0,0,12.1,42,16640
back,1545,1802,1802,0,0,12.1,42,16640
back,1545,1802,1802,0,0,12.1,42,16640
back,1546,1802,1802,0,0,12.1,42,16640
back,1546,1802,1802,0,0,12.1,42,16640
back,1547,1802,1802,0,0,12.1,42,16640
back,1547,1802,1802,0,0,12.1,42,16640
back,1548,1802,1802,0,0,12.1,42,16640
back,1548,1802,1802,0,0,12.1,42,16640
back,1549,1802,1802,0,0,12.1,42,16640
back,1549,1802,1802,0,0,12.1,42,16640
back,1550,1802,1802,0,0,12.1,42,16640
back,1550,1802,1802,0,0,12.1,42,16640
back,1551,1802,1802,0,0,12.1,42,16640
back,1551,1802,1802,0,0,12.1,42,16640
back,1552,1802,1802,0,0,12.1,42,16640
back,1552,1802,1802,0,0,12.1,42,16640
back,1553,1802,1802,0,0,12.1,42,16640
back,1553,1802,1802,0,0,12.1,42,16640
back,1554,1802,1802,0,0,12.1,42,16640
back,1554,1802,1802,0,0,12.1,42,16640
back,1555,1802,1802,0,0,12.1,42,16640
back,1555,1802,1802,0,0,12.1,42,16640
back,1555,1802,1802,0,0,12.1,42,16640
back,1556,1802,1802,0,0,12.1,42,16640
back,1556,1802,1802,0,0,12.1,42,16640
back,1557,1802,1802,0,0,12.1,42,16640
back,1557,1802,1802,0,0,12.1,42,16640
back,1558,1802,1802,0,0,12.1,42,16640
back,1558,1802,1802,0,0,12.1,42,16640
back,1559,1802,1802,0,0,12.1,42,16640
back,1560,1802,1802,0,0,12.1,42,16640
back,1560,1802,1802,0,0,12.1,42,16640
back,1561,1802,1802,0,0,12.1,42,16640
back,1561,1802,1802,0,0,12.1,42,16640
back,1562,1802,1802,0,0,12.1,42,16640
back,1562,1802,1802,0,0,12.1,42,16640
back,1563,1802,1802,0,0,12.1,42,16640
back,1563,1802,1802,0,0,12.1,42,16640
back,1564,1802,1802,0,0,12.1,42,16640
back,1564,1802,1802,0,0,12.1,42,16640
back,1565,1802,1802,0,0,12.1,42,16640
back,1565,1802,1802,0,0,12.1,42,16640
back,1566,1802,1802,0,0,12.1,42,16640
back,1566,1802,1802,0,0,12.1,42,16640
back,1567,1802,1802,0,0,12.1,42,16640
back,1567,1802,1802,0,0,12.1,42,16640
back,1568,1802,1802,0,0,12.1,42,16640
back,1568,1802,1802,0,0,12.1,42,16640
back,1569,1802,1802,0,0,12.1,42,16640
back,1569,1802,1802,0,0,12.1,42,16640
back,1570,1802,1802,0,0,12.1,42,16640
back,1570,1802,1802,0,0,12.1,42,16640
back,1571,1802,1802,0,0,12.1,42,16640
back,1571,1802,1802,0,0,12.1,42,16640
back,1572,1802,1802,0,0,12.1,42,16640
back,1573,1802,1802,0,0,12.1,42,16640
back,1573,1802,1802,0,0,12.2,42,16640
back,1574,1802,1802,0,0,12.2,42,16640
back,1574,1802,1802,0,0,12.1,42,16640
back,1575,1802,1802,0,0,12.1,42,16640
back,1576,1802,1802,0,0,12.1,42,16640
back,1576,1802,1802,0,0,12.1,42,16640
back,1577,1802,1802,0,0,12.1,42,16640
back,1577,1802,1802,0,0,12.1,42,16640
back,1578,1802,1802,0,0,12.1,42,16640
back,1578,1802,1802,0,0,12.1,42,16640
back,1579,1802,1802,0,0,12.1,42,16640
back,1579,1802,1802,0,0,12.1,42,16640
back,1580,1802,1802,0,0,12.1,42,16640
back,1580,1802,1802,0,0,12.1,42,16640
back,1581,1802,1802,0,0,12.1,42,16640
back,1581,1802,1802,0,0,12.1,42,16640
back,1582,1802,1802,0,0,12.1,42,16640
back,1582,1802,1802,0,0,12.1,42,16640
back,1583,1802,1802,0,0,12.1,42,16640
back,1583,1802,1802,0,0,12.1,42,16640
back,1584,1802,1802,0,0,12.1,42,16640
back,1584,1802,1802,0,0,12.1,42,16640
back,1585,1802,1802,0,0,12.1,42,16640
back,1585,1802,1802,0,0,12.1,42,16640
back,1586,1802,1802,0,0,12.1,42,16640
back,1586,1802,1802,0,0,12.1,42,16640
back,1587,1802,1802,0,0,12.1,42,16640
back,1587,1802,1802,0,0,12.1,42,16640
back,1588,1802,1802,0,0,12.1,42,16640
back,1588,1802,1802,0,0,12.1,42,16640
back,1589,1802,1802,0,0,12.1,42,16640
back,1589,1802,1802,0,0,12.1,42,16640
back,1590,1802,1802,0,0,12.1,42,16640
back,1591,1802,1802,0,0,12.1,42,16640
back,1592,1802,1802,0,0,12.1,42,16640
back,1592,1802,1802,0,0,12.1,42,16640
back,1593,1802,1802,0,0,12.1,42,16640
back,1593,1802,1802,0,0,12.1,42,16640
back,1594,1802,1802,0,0,12.1,42,16640
back,1594,1802,1802,0,0,12.1,42,16640
back,1595,1802,1802,0,0,12.1,42,16640
back,1595,1802,1802,0,0,12.1,42,16640
back,1596,1802,1802,0,0,12.1,42,16640
back,1596,1802,1802,0,0,12.1,42,16640
back,1597,1802,1802,0,0,12.1,42,16640
back,1597,1802,1802,0,0,12.1,42,16640
back,1598,1802,1802,0,0,12.1,42,16640
back,1598,1802,1802,0,0,12.1,42,16640
back,1599,1802,1802,0,0,12.1,42,16640
back,1599,1802,1802,0,0,12.1,42,16640
back,1600,1802,1802,0,0,12.1,42,16640
back,1600,1802,1802,0,0,12.1,42,16640
back,1601,1802,1802,0,0,12.1,42,16640
back,1601,1802,1802,0,0,12.1,42,16640
back,1602,1802,1802,0,0,12.1,42,16640
back,1602,1802,1802,0,0,12.1,42,16640
back,1603,1802,1802,0,0,12.1,42,16640
back,1603,1802,1802,0,0,12.1,42,16640
back,1604,1802,1802,0,0,12.1,42,16640
back,1604,1802,1802,0,0,12.1,42,16640
back,1605,1802,1802,0,0,12.1,42,16640
back,1605,1802,1802,0,0,12.1,42,16640
back,1606,1802,1802,0,0,12.1,42,16640
back,1607,1802,1802,0,0,12.1,42,16640
back,1607,1802,1802,0,0,12.1,42,16640
back,1608,1802,1802,0,0,12.1,42,16640
back,1608,1802,1802,0,0,12.2,42,16640
back,1609,1802,1802,0,0,12.2,42,16640
back,1610,1802,1802,0,0,12.1,42,16640
back,1610,1802,1802,0,0,12.1,42,16640
back,1611,1802,1802,0,0,12.1,42,16640
back,1611,1802,1802,0,0,12.1,42,16640
back,1612,1802,1802,0,0,12.1,42,16640
back,1612,1802,1802,0,0,12.1,42,16640
back,1613,1802,1802,0,0,12.1,42,16640
back,1613,1802,1802,0,0,12.1,42,16640
back,1614,1802,1802,0,0,12.1,42,16640
back,1614,1802,1802,0,0,12.1,42,16640
back,1615,1802,1802,0,0,12.1,42,16640
back,1615,1802,1802,0,0,12.1,42,16640
back,1616,1802,1802,0,0,12.1,42,16640
back,1616,1802,1802,0,0,12.1,42,16640
back,1617,1802,1802,0,0,12.1,42,16640
back,1617,1802,1802,0,0,12.1,42,16640
back,1618,1802,1802,0,0,12.1,42,16640
back,1618,1802,1802,0,0,12.1,42,16640
back,1619,1802,1802,0,0,12.1,42,16640
back,1619,1802,1802,0,0,12.1,42,16640
back,1620,1802,1802,0,0,12.1,42,16640
back,1620,1802,1802,0,0,12.1,42,16640
back,1621,1802,1802,0,0,12.1,42,16640
back,1621,1802,1802,0,0,12.1,42,16640
back,1622,1802,1802,0,0,12.1,42,16640
back,1622,1802,1802,0,0,12.1,42,16640
back,1623,1802,1802,0,0,12.1,42,16640
back,1623,1802,1802,0,0,12.1,42,16640
back,1624,1802,1802,0,0,12.1,42,16640
back,1624,1802,1802,0,0,12.1,42,16640
back,1625,1802,1802,0,0,12.1,42,16640
back,1625,1802,1802,0,0,12.1,42,16640
back,1626,1802,1802,0,0,12.1,42,16640
back,1627,1802,1802,0,0,12.1,42,16640
back,1628,1802,1802,0,0,12.2,42,16640
back,1628,1802,1802,0,0,12.1,42,16640
back,1629,1802,1802,0,0,12.1,42,16640
back,1629,1802,1802,0,0,12.1,42,16640
back,1630,1802,1802,0,0,12.1,42,16640
back,1630,1802,1802,0,0,12.1,42,16640
back,1631,1802,1802,0,0,12.1,42,16640
back,1631,1802,1802,0,0,12.1,42,16640
back,1632,1802,1802,0,0,12.1,42,16640
back,1632,1802,1802,0,0,12.1,42,16640
back,1633,1802,1802,0,0,12.1,42,16640
back,1633,1802,1802,0,0,12.1,42,16640
back,1634,1802,1802,0,0,12.1,42,16640
back,1634,1802,1802,0,0,12.1,42,16640
back,1635,1802,1802,0,0,12.1,42,16640
back,1635,1802,1802,0,0,12.1,42,16640
back,1636,1802,1802,0,0,12.1,42,16640
back,1636,1802,1802,0,0,12.1,42,16640
back,1637,1802,1802,0,0,12.1,42,16640
back,1637,1802,1802,0,0,12.1,42,16640
back,1638,1802,1802,0,0,12.1,42,16640
back,1638,1802,1802,0,0,12.1,42,16640
back,1639,1802,1802,0,0,12.1,42,16640
back,1639,1802,1802,0,0,12.1,42,16640
back,1640,1802,1802,0,0,12.1,42,16640
back,1640,1802,1802,0,0,12.1,42,16640
back,1641,1802,1802,0,0,12.1,42,16640
back,1641,1802,1802,0,0,12.1,42,16640
back,1642,1802,1802,0,0,12.1,42,16640
back,1642,1802,1802,0,0,12.1,42,16640
back,1643,1802,1802,0,0,12.1,42,16640
back,1643,1802,1802,0,0,12.1,42,16640
back,1644,1802,1802,0,0,12.1,42,16640
back,1644,1802,1802,0,0,12.1,42,16640
back,1645,1802,1802,0,0,12.1,42,16640
back,1645,1802,1802,0,0,12.1,42,16640
back,1646,1802,1802,0,0,12.1,42,16640
back,1646,1802,1802,0,0,12.1,42,16640
back,1647,1802,1802,0,0,12.1,42,16640
back,1647,1802,1802,0,0,12.1,42,16640
back,1648,1802,1802,0,0,12.1,42,16640
back,1648,1802,1802,0,0,12.1,42,16640
back,1649,1802,1802,0,0,12.1,42,16640
back,1649,1802,1802,0,0,12.1,42,16640
back,1650,1802,1802,0,0,12.1,42,16640
back,1650,1802,1802,0,0,12.1,42,16640
back,1651,1802,1802,0,0,12.1,42,16640
back,1651,1802,1802,0,0,12.1,42,16640
back,1652,1802,1802,0,0,12.1,42,16640
back,1652,1802,1802,0,0,12.1,42,16640
back,1653,1802,1802,0,0,12.1,42,16640
back,1653,1802,1802,0,0,12.1,42,16640
back,1654,1802,1802,0,0,12.1,42,16640
back,1654,1802,1802,0,0,12.1,42,16640
back,1655,1802,1802,0,0,12.1,42,16640
back,1655,1802,1802,0,0,12.1,42,16640
back,1656,1802,1802,0,0,12.1,42,16640
back,1656,1802,1802,0,0,12.1,42,16640
back,1657,1802,1802,0,0,12.1,42,16640
back,1658,1802,1802,0,0,12.1,42,16640
back,1658,1802,1802,0,0,12.1,42,16640
back,1659,1802,1802,0,0,12.1,42,16640
back,1659,1802,1802,0,0,12.1,42,16640
back,1660,1802,1802,0,0,12.1,42,16640
back,1661,1802,1802,0,0,12.1,42,16640
back,1661,1802,1802,0,0,12.1,42,16640
back,1662,1802,1802,0,0,12.1,42,16640
back,1662,1802,1802,0,0,12.1,42,16640
back,1663,1802,1802,0,0,12.1,42,16640
back,1663,1802,1802,0,0,12.1,42,16640
back,1664,1802,1802,0,0,12.1,42,16640
back,1664,1802,1802,0,0,12.1,42,16640
back,1665,1802,1802,0,0,12.1,42,16640
back,1665,1802,1802,0,0,12.1,42,16640
back,1666,1802,1802,0,0,12.1,42,16640
back,1666,1802,1802,0,0,12.1,42,16640
back,1667,1802,1802,0,0,12.1,42,16640
back,1667,1802,1802,0,0,12.1,42,16640
back,1668,1802,1802,0,0,12.1,42,16640
back,1668,1802,1802,0,0,12.1,42,16640
back,1669,1802,1802,0,0,12.1,42,16640
back,1669,1802,1802,0,0,12.1,42,16640
back,1670,1802,1802,0,0,12.1,42,16640
back,1670,1802,1802,0,0,12.1,42,16640
back,1671,1802,1802,0,0,12.1,42,16640
back,1671,1802,1802,0,0,12.1,42,16640
back,1672,1802,1802,0,0,12.1,42,16640
back,1672,1802,1802,0,0,12.1,42,16640
back,1673,1802,1802,0,0,12.2,42,16640
back,1673,1802,1802,0,0,12.2,42,16640
back,1674,1802,1802,0,0,12.1,42,16640
back,1674,1802,1802,0,0,12.1,42,16640
back,1675,1802,1802,0,0,12.1,42,16640
back,1676,1802,1802,0,0,12.1,42,16640
back,1676,1802,1802,0,0,12.1,42,16640
back,1677,1802,1802,0,0,12.1,42,16640
back,1678,1802,1802,0,0,12.2,42,16640
back,1679,1802,1802,0,0,12.2,42,16640
back,1679,1802,1802,0,0,12.1,42,16640
back,1680,1802,1802,0,0,12.1,42,16640
back,1680,1802,1802,0,0,12.1,42,16640
back,1681,1802,1802,0,0,12.1,42,16640
back,1681,1802,1802,0,0,12.1,42,16640
back,1681,1802,1802,0,0,12.1,42,16640
back,1682,1802,1802,0,0,12.1,42,16640
back,1682,1802,1802,0,0,12.1,42,16640
back,1683,1802,1802,0,0,12.1,42,16640
back,1684,1802,1802,0,0,12.1,42,16640
back,1684,1802,1802,0,0,12.1,42,16640
back,1685,1802,1802,0,0,12.1,42,16640
back,1685,1802,1802,0,0,12.1,42,16640
back,1686,1802,1802,0,0,12.1,42,16640
back,1686,1802,1802,0,0,12.1,42,16640
back,1686,1802,1802,0,0,12.1,42,16640
back,1687,1802,1802,0,0,12.1,42,16640
back,1687,1802,1802,0,0,12.1,42,16640
back,1688,1802,1802,0,0,12.1,42,16640
back,1688,1802,1802,0,0,12.1,42,16640
back,1689,1802,1802,0,0,12.1,42,16640
back,1689,1802,1802,0,0,12.1,42,16640
back,1690,1802,1802,0,0,12.1,42,16640
back,1690,1802,1802,0,0,12.1,42,16640
back,1691,1802,1802,0,0,12.1,42,16640
back,1692,1802,1802,0,0,12.1,42,16640
back,1692,1802,1802,0,0,12.1,42,16640
back,1693,1802,1802,0,0,12.1,42,16640
back,1694,1802,1802,0,0,12.1,42,16640
back,1694,1802,1802,0,0,12.1,42,16640
back,1695,1802,1802,0,0,12.1,42,16640
back,1695,1802,1802,0,0,12.1,42,16640
back,1696,1802,1802,0,0,12.1,42,16640
back,1696,1802,1802,0,0,12.1,42,16640
back,1697,1802,1802,0,0,12.1,42,16640
back,1697,1802,1802,0,0,12.1,42,16640
back,1698,1802,1802,0,0,12.1,42,16640
back,1698,1802,1802,0,0,12.1,42,16640
back,1699,1802,1802,0,0,12.1,42,16640
back,1699,1802,1802,0,0,12.1,42,16640
back,1700,1802,1802,0,0,12.1,42,16640
back,1700,1802,1802,0,0,12.1,42,16640
back,1701,1802,1802,0,0,12.1,42,16640
back,1701,1802,1802,0,0,12.1,42,16640
back,1702,1802,1802,0,0,12.1,42,16640
back,1702,1802,1802,0,0,12.1,42,16640
back,1703,1802,1802,0,0,12.1,42,16640
back,1703,1802,1802,0,0,12.1,42,16640
back,1704,1802,1802,0,0,12.1,42,16640
back,1704,1802,1802,0,0,12.1,42,16640
back,1705,1802,1802,0,0,12.1,42,16640
back,1705,1802,1802,0,0,12.1,42,16640
back,1706,1802,1802,0,0,12.1,42,16640
back,1706,1802,1802,0,0,12.1,42,16640
back,1707,1802,1802,0,0,12.1,42,16640
back,1707,1802,1802,0,0,12.1,42,16640
back,1708,1802,1802,0,0,12.1,42,16640
back,1708,1802,1802,0,0,12.1,42,16640
back,1709,1802,1802,0,0,12.1,42,16640
back,1710,1802,1802,0,0,12.1,42,16640
back,1710,1802,1802,0,0,12.1,42,16640
back,1711,1802,1802,0,0,12.1,42,16640
back,1712,1802,1802,0,0,12.1,42,16640
back,1712,1802,1802,0,0,12.1,42,16640
back,1713,1802,1802,0,0,12.1,42,16640
back,1713,1802,1802,0,0,12.1,42,16640
back,1714,1802,1802,0,0,12.1,42,16640
back,1714,1802,1802,0,0,12.1,42,16640
back,1715,1802,1802,0,0,12.1,42,16640
back,1715,1802,1802,0,0,12.1,42,16640
back,1716,1802,1802,0,0,12.1,42,16640
back,1716,1802,1802,0,0,12.1,42,16640
back,1717,1802,1802,0,0,12.1,42,16640
back,1717,1802,1802,0,0,12.1,42,16640
back,1718,1802,1802,0,0,12.1,42,16640
back,1718,1802,1802,0,0,12.1,42,16640
back,1719,1802,1802,0,0,12.1,42,16640
back,1719,1802,1802,0,0,12.1,42,16640
back,1720,1802,1802,0,0,12.1,42,16640
back,1720,1802,1802,0,0,12.1,42,16640
back,1721,1802,1802,0,0,12.1,42,16640
back,1721,1802,1802,0,0,12.1,42,16640
back,1722,1802,1802,0,0,12.1,42,16640
back,1722,1802,1802,0,0,12.1,42,16640
back,1723,1802,1802,0,0,12.1,42,16640
back,1723,1802,1802,0,0,12.1,42,16640
back,1724,1802,1802,0,0,12.1,42,16640
back,1724,1802,1802,0,0,12.1,42,16640
back,1725,1802,1802,0,0,12.1,42,16640
back,1726,1802,1802,0,0,12.1,42,16640
back,1726,1802,1802,0,0,12.1,42,16640
back,1727,1802,1802,0,0,12.1,42,16640
back,1728,1802,1802,0,0,12.1,42,16640
back,1728,1802,1802,0,0,12.1,42,16640
back,1729,1802,1802,0,0,12.1,42,16640
back,1729,1802,1802,0,0,12.1,42,16640
back,1730,1802,1802,0,0,12.1,42,16640
back,1730,1802,1802,0,0,12.1,42,16640
back,1731,1802,1802,0,0,12.1,42,16640
back,1731,1802,1802,0,0,12.1,42,16640
back,1732,1802,1802,0,0,12.1,42,16640
back,1732,1802,1802,0,0,12.1,42,16640
back,1733,1802,1802,0,0,12.1,42,16640
back,1733,1802,1802,0,0,12.1,42,16640
back,1734,1802,1802,0,0,12.1,42,16640
back,1734,1802,1802,0,0,12.1,42,16640
back,1735,1802,1802,0,0,12.2,42,16640
back,1735,1802,1802,0,0,12.2,42,16640
back,1736,1802,1802,0,0,12.1,42,16640
back,1736,1802,1802,0,0,12.1,42,16640
back,1737,1802,1802,0,0,12.1,42,16640
back,1737,1802,1802,0,0,12.1,42,16640
back,1738,1802,1802,0,0,12.1,42,16640
back,1738,1802,1802,0,0,12.1,42,16640
back,1739,1802,1802,0,0,12.1,42,16640
back,1739,1802,1802,0,0,12.1,42,16640
back,1740,1802,1802,0,0,12.1,42,16640
back,1740,1802,1802,0,0,12.1,42,16640
back,1741,1802,1802,0,0,12.1,42,16640
back,1741,1802,1802,0,0,12.1,42,16640
back,1742,1802,1802,0,0,12.1,42,16640
back,1743,1802,1802,0,0,12.2,42,16640
back,1743,1802,1802,0,0,12.2,42,16640
back,1744,1802,1802,0,0,12.1,42,16640
back,1744,1802,1802,0,0,12.1,42,16640
back,1745,1802,1802,0,0,12.1,42,16640
back,1745,1802,1802,0,0,12.1,42,16640
back,1746,1802,1802,0,0,12.1,42,16640
back,1746,1802,1802,0,0,12.1,42,16640
back,1747,1802,1802,0,0,12.1,42,16640
back,1747,1802,1802,0,0,12.1,42,16640
back,1748,1802,1802,0,0,12.1,42,16640
back,1748,1802,1802,0,0,12.1,42,16640
back,1749,1802,1802,0,0,12.1,42,16640
back,1749,1802,1802,0,0,12.1,42,16640
back,1750,1802,1802,0,0,12.1,42,16640
back,1750,1802,1802,0,0,12.1,42,16640
back,1751,1802,1802,0,0,12.1,42,16640
back,1751,1802,1802,0,0,12.1,42,16640
back,1752,1802,1802,0,0,12.1,42,16640
back,1752,1802,1802,0,0,12.1,42,16640
back,1753,1802,1802,0,0,12.1,42,16640
back,1753,1802,1802,0,0,12.1,42,16640
back,1754,1802,1802,0,0,12.1,42,16640
back,1754,1802,1802,0,0,12.1,42,16640
back,1755,1802,1802,0,0,12.1,42,16640
back,1755,1802,1802,0,0,12.1,42,16640
back,1756,1802,1802,0,0,12.1,42,16640
back,1757,1802,1802,0,0,12.1,42,16640
back,1758,1802,1802,0,0,12.1,42,16640
back,1758,1802,1802,0,0,12.1,42,16640
back,1759,1802,1802,0,0,12.1,42,16640
back,1759,1802,1802,0,0,12.1,42,16640
back,1760,1802,1802,0,0,12.1,42,16640
back,1761,1802,1802,0,0,12.1,42,16640
back,1761,1802,1802,0,0,12.1,42,16640
back,1762,1802,1802,0,0,12.1,42,16640
back,1762,1802,1802,0,0,12.1,42,16640
back,1763,1802,1802,0,0,12.1,42,16640
back,1763,1802,1802,0,0,12.1,42,16640
back,1764,1802,1802,0,0,12.1,42,16640
back,1764,1802,1802,0,0,12.1,42,16640
back,1765,1802,1802,0,0,12.1,42,16640
back,1765,1802,1802,0,0,12.1,42,16640
back,1766,1802,1802,0,0,12.1,42,16640
back,1766,1802,1802,0,0,12.1,42,16640
back,1767,1802,1802,0,0,12.1,42,16640
back,1767,1802,1802,0,0,12.1,42,16640
back,1768,1802,1802,0,0,12.1,42,16640
back,1768,1802,1802,0,0,12.1,42,16640
back,1769,1802,1802,0,0,12.1,42,16640
back,1769,1802,1802,0,0,12.1,42,16640
back,1770,1802,1802,0,0,12.1,42,16640
back,1770,1802,1802,0,0,12.1,42,16640
back,1771,1802,1802,0,0,12.1,42,16640
back,1771,1802,1802,0,0,12.1,42,16640
back,1772,1802,1802,0,0,12.1,42,16640
back,1772,1802,1802,0,0,12.1,42,16640
back,1773,1802,1802,0,0,12.1,42,16640
back,1774,1802,1802,0,0,12.1,42,16640
back,1774,1802,1802,0,0,12.1,42,16640
back,1775,1802,1802,0,0,12.1,42,16640
back,1776,1802,1802,0,0,12.1,42,16640
back,1776,1802,1802,0,0,12.1,42,16640
back,1777,1802,1802,0,0,12.1,42,16640
back,1777,1802,1802,0,0,12.1,42,16640
back,1778,1802,1802,0,0,12.1,42,16640
back,1779,1802,1802,0,0,12.1,42,16640
back,1779,1802,1802,0,0,12.1,42,16640
back,1780,1802,1802,0,0,12.1,42,16640
back,1780,1802,1802,0,0,12.1,42,16640
back,1781,1802,1802,0,0,12.1,42,16640
back,1781,1802,1802,0,0,12.1,42,16640
back,1782,1802,1802,0,0,12.1,42,16640
back,1782,1802,1802,0,0,12.1,42,16640
back,1783,1802,1802,0,0,12.1,42,16640
back,1783,1802,1802,0,0,12.1,42,16640
back,1784,1802,1802,0,0,12.1,42,16640
back,1784,1802,1802,0,0,12.1,42,16640
back,1785,1802,1802,0,0,12.1,42,16640
back,1785,1802,1802,0,0,12.1,42,16640
back,1786,1802,1802,0,0,12.2,42,16640
back,1786,1802,1802,0,0,12.2,42,16640
back,1787,1802,1802,0,0,12.1,42,16640
back,1787,1802,1802,0,0,12.1,42,16640
back,1788,1802,1802,0,0,12.1,42,16640
back,1788,1802,1802,0,0,12.1,42,16640
back,1789,1802,1802,0,0,12.1,42,16640
back,1789,1802,1802,0,0,12.1,42,16640
back,1790,1802,1802,0,0,12.1,42,16640
back,1790,1802,1802,0,0,12.1,42,16640
back,1791,1802,1802,0,0,12.1,42,16640
back,1792,1802,1802,0,0,12.1,42,16640
back,1792,1802,1802,0,0,12.1,42,16640
back,1793,1802,1802,0,0,12.1,42,16640
back,1794,1802,1802,0,0,12.1,42,16640
back,1794,1802,1802,0,0,12.1,42,16640
back,1795,1802,1802,0,0,12.1,42,16640
back,1796,1802,1802,0,0,12.1,42,16640
back,1796,1802,1802,0,0,12.1,42,16640
back,1797,1802,1802,0,0,12.1,42,16640
back,1797,1802,1802,0,0,12.1,42,16640
back,1798,1802,1802,0,0,12.1,42,16640
back,1798,1802,1802,0,0,12.1,42,16640
back,1798,1802,1802,0,0,12.1,42,16640
back,1799,1802,1802,0,0,12.1,42,16640
back,1799,1802,1802,0,0,12.1,42,16640
back,1800,1802,1802,0,0,12.1,42,16640
back,1800,1802,1802,0,0,12.1,42,16640
back,1801,1802,1802,0,0,12.1,42,16640
back,1801,1802,1802,0,0,12.2,42,16640
back,1802,1802,1802,0,0,12.2,42,16640
back,1802,1802,1802,0,0,12.1,42,16640
back,1803,1802,1802,0,0,12.1,42,16640
back,1803,1802,1802,0,0,12.1,42,16640
back,1804,1802,1802,0,0,12.1,42,16640
back,1804,1802,1802,0,0,12.1,42,16640
back,1805,1802,1802,0,0,12.1,42,16640
back,1805,1802,1802,0,0,12.1,42,16640
back,1806,1802,1802,0,0,12.1,42,16640
back,1806,1802,1802,0,0,12.1,42,16640
back,1807,1802,1802,0,0,12.1,42,16640
back,1807,1802,1802,0,0,12.1,42,16640
back,1808,1802,1802,0,0,12.1,42,16640
back,1809,1802,1802,0,0,12.1,42,16640
back,1809,1802,1802,0,0,12.1,42,16640
back,1810,1802,1802,0,0,12.1,42,16640
back,1811,1802,1802,0,0,12.1,42,16640
back,1811,1802,1802,0,0,12.1,42,16640
back,1812,1802,1802,0,0,12.1,42,16640
back,1812,1802,1802,0,0,12.1,42,16640
back,1813,1802,1802,0,0,12.1,42,16640
back,1813,1802,1802,0,0,12.1,42,16640
back,1814,1802,1802,0,0,12.1,42,16640
back,1814,1802,1802,0,0,12.1,42,16640
back,1815,1802,1802,0,0,12.1,42,16640
back,1815,1802,1802,0,0,12.1,42,16640
back,1816,1802,1802,0,0,12.1,42,16640
back,1816,1802,1802,0,0,12.1,42,16640
back,1817,1802,1802,0,0,12.1,42,16640
back,1817,1802,1802,0,0,12.1,42,16640
back,1818,1802,1802,0,0,12.1,42,16640
back,1818,1802,1802,0,0,12.1,42,16640
back,1819,1802,1802,0,0,12.1,42,16640
back,1819,1802,1802,0,0,12.1,42,16640
back,1820,1802,1802,0,0,12.1,42,16640
back,1820,1802,1802,0,0,12.1,42,16640
back,1821,1802,1802,0,0,12.1,42,16640
back,1821,1802,1802,0,0,12.1,42,16640
back,1822,1802,1802,0,0,12.1,42,16640
back,1822,1802,1802,0,0,12.1,42,16640
back,1823,1802,1802,0,0,12.1,42,16640
back,1823,1802,1802,0,0,12.1,42,16640
back,1824,1802,1802,0,0,12.1,42,16640
back,1824,1802,1802,0,0,12.1,42,16640
back,1825,1802,1802,0,0,12.1,42,16640
back,1825,1802,1802,0,0,12.1,42,16640
back,1826,1802,1802,0,0,12.1,42,16640
back,1827,1802,1802,0,0,12.1,42,16640
back,1828,1802,1802,0,0,12.1,42,16640
back,1828,1802,1802,0,0,12.1,42,16640
back,1829,1802,1802,0,0,12.1,42,16640
back,1829,1802,1802,0,0,12.1,42,16640
back,1830,1802,1802,0,0,12.1,42,16640
back,1830,1802,1802,0,0,12.1,42,16640
back,1831,1802,1802,0,0,12.1,42,16640
back,1831,1802,1802,0,0,12.1,42,16640
back,1832,1802,1802,0,0,12.1,42,16640
back,1832,1802,1802,0,0,12.1,42,16640
back,1833,1802,1802,0,0,12.1,42,16640
back,1833,1802,1802,0,0,12.1,42,16640
back,1834,1802,1802,0,0,12.1,42,16640
back,1834,1802,1802,0,0,12.1,42,16640
back,1835,1802,1802,0,0,12.1,42,16640
back,1835,1802,1802,0,0,12.1,42,16640
back,1836,1802,1802,0,0,12.1,42,16640
back,1836,1802,1802,0,0,12.1,42,16640
back,1837,1802,1802,0,0,12.1,42,16640
back,1837,1802,1802,0,0,12.1,42,16640
back,1838,1802,1802,0,0,12.1,42,16640
back,1838,1802,1802,0,0,12.1,42,16640
back,1839,1802,1802,0,0,12.1,42,16640
back,1839,1802,1802,0,0,12.2,42,16640
back,1840,1802,1802,0,0,12.2,42,16640
back,1840,1802,1802,0,0,12.1,42,16640
back,1841,1802,1802,0,0,12.1,42,16640
back,1841,1802,1802,0,0,12.1,42,16640
back,1842,1802,1802,0,0,12.1,42,16640
back,1842,1802,1802,0,0,12.1,42,16640
back,1843,1802,1802,0,0,12.1,42,16640
back,1844,1802,1802,0,0,12.1,42,16640
back,1844,1802,1802,0,0,12.1,42,16640
back,1845,1802,1802,0,0,12.1,42,16640
back,1845,1802,1802,0,0,12.1,42,16640
back,1846,1802,1802,0,0,12.1,42,16640
back,1846,1802,1802,0,0,12.1,42,16640
back,1847,1802,1802,0,0,12.1,42,16640
back,1847,1802,1802,0,0,12.1,42,16640
back,1848,1802,1802,0,0,12.1,42,16640
back,1848,1802,1802,0,0,12.1,42,16640
back,1849,1802,1802,0,0,12.1,42,16640
back,1849,1802,1802,0,0,12.1,42,16640
back,1850,1802,1802,0,0,12.1,42,16640
back,1850,1802,1802,0,0,12.1,41,16640
back,1851,1802,1802,0,0,12.1,41,16640
back,1851,1802,1802,0,0,12.1,42,16640
back,1852,1802,1802,0,0,12.1,42,16640
back,1852,1802,1802,0,0,12.1,42,16640
back,1853,1802,1802,0,0,12.1,42,16640
back,1853,1802,1802,0,0,12.1,42,16640
back,1854,1802,1802,0,0,12.1,42,16640
back,1854,1802,1802,0,0,12.1,42,16640
back,1855,1802,1802,0,0,12.1,42,16640
back,1855,1802,1802,0,0,12.1,42,16640
back,1856,1802,1802,0,0,12.1,42,16640
back,1856,1802,1802,0,0,12.1,42,16640
back,1857,1802,1802,0,0,12.1,42,16640
back,1858,1802,1802,0,0,12.1,42,16640
back,1858,1802,1802,0,0,12.1,42,16640
back,1859,1802,1802,0,0,12.1,42,16640
back,1859,1802,1802,0,0,12.1,42,16640
back,1860,1802,1802,0,0,12.1,42,16640
back,1861,1802,1802,0,0,12.1,42,16640
back,1862,1802,1802,0,0,12.1,42,16640
back,1862,1802,1802,0,0,12.1,42,16640
back,1863,1802,1802,0,0,12.1,42,16640
back,1863,1802,1802,0,0,12.1,42,16640
back,1864,1802,1802,0,0,12.1,42,16640
back,1864,1802,1802,0,0,12.1,42,16640
back,1865,1802,1802,0,0,12.1,42,16640
back,1865,1802,1802,0,0,12.1,42,16640
back,1865,1802,1802,0,0,12.1,42,16640
back,1866,1802,1802,0,0,12.1,42,16640
back,1866,1802,1802,0,0,12.1,42,16640
back,1867,1802,1802,0,0,12.1,42,16640
back,1867,1802,1802,0,0,12.1,42,16640
back,1868,1802,1802,0,0,12.1,42,16640
back,1868,1802,1802,0,0,12.1,42,16640
back,1869,1802,1802,0,0,12.1,42,16640
back,1869,1802,1802,0,0,12.1,42,16640
back,1870,1802,1802,0,0,12.1,42,16640
back,1870,1802,1802,0,0,12.1,42,16640
back,1871,1802,1802,0,0,12.1,42,16640
back,1871,1802,1802,0,0,12.1,42,16640
back,1872,1802,1802,0,0,12.1,42,16640
back,1872,1802,1802,0,0,12.1,42,16640
back,1873,1802,1802,0,0,12.1,42,16640
back,1873,1802,1802,0,0,12.1,42,16640
back,1874,1802,1802,0,0,12.1,42,16640
back,1874,1802,1802,0,0,12.1,42,16640
back,1875,1802,1802,0,0,12.1,42,16640
back,1875,1802,1802,0,0,12.1,42,16640
back,1876,1802,1802,0,0,12.1,42,16640
back,1877,1802,1802,0,0,12.1,42,16640
back,1878,1802,1802,0,0,12.1,42,16640
back,1878,1802,1802,0,0,12.2,42,16640
back,1879,1802,1802,0,0,12.2,42,16640
back,1879,1802,1802,0,0,12.1,42,16640
back,1880,1802,1802,0,0,12.1,42,16640
back,1880,1802,1802,0,0,12.1,42,16640
back,1881,1802,1802,0,0,12.1,42,16640
back,1881,1802,1802,0,0,12.1,42,16640
back,1882,1802,1802,0,0,12.1,42,16640
back,1882,1802,1802,0,0,12.1,42,16640
back,1883,1802,1802,0,0,12.1,42,16640
back,1883,1802,1802,0,0,12.1,42,16640
back,1884,1802,1802,0,0,12.1,42,16640
back,1884,1802,1802,0,0,12.1,42,16640
back,1885,1802,1802,0,0,12.1,42,16640
back,1885,1802,1802,0,0,12.1,42,16640
back,1886,1802,1802,0,0,12.1,42,16640
back,1886,1802,1802,0,0,12.1,42,16640
back,1887,1802,1802,0,0,12.1,42,16640
back,1887,1802,1802,0,0,12.1,42,16640
back,1888,1802,1802,0,0,12.1,42,16640
back,1888,1802,1802,0,0,12.1,42,16640
back,1889,1802,1802,0,0,12.1,42,16640
back,1889,1802,1802,0,0,12.1,42,16640
back,1890,1802,1802,0,0,12.1,42,16640
back,1890,1802,1802,0,0,12.1,42,16640
back,1891,1802,1802,0,0,12.1,42,16640
back,1891,1802,1802,0,0,12.2,42,16640
back,1892,1802,1802,0,0,12.2,42,16640
back,1892,1802,1802,0,0,12.1,42,16640
back,1893,1802,1802,0,0,12.1,42,16640
back,1894,1802,1802,0,0,12.1,42,16640
back,1894,1802,1802,0,0,12.1,42,16640
back,1895,1802,1802,0,0,12.1,42,16640
back,1895,1802,1802,0,0,12.1,42,16640
back,1896,1802,1802,0,0,12.1,42,16640
back,1896,1802,1802,0,0,12.1,42,16640
back,1897,1802,1802,0,0,12.1,42,16640
back,1897,1802,1802,0,0,12.1,42,16640
back,1898,1802,1802,0,0,12.1,42,16640
back,1898,1802,1802,0,0,12.1,42,16640
back,1899,1802,1802,0,0,12.1,42,16640
back,1899,1802,1802,0,0,12.1,42,16640
back,1900,1802,1802,0,0,12.1,42,16640
back,1900,1802,1802,0,0,12.1,42,16640
back,1901,1802,1802,0,0,12.1,42,16640
back,1901,1802,1802,0,0,12.1,42,16640
back,1902,1802,1802,0,0,12.1,42,16640
back,1902,1802,1802,0,0,12.1,42,16640
back,1903,1802,1802,0,0,12.1,42,16640
back,1903,1802,1802,0,0,12.1,42,16640
back,1904,1802,1802,0,0,12.1,42,16640
back,1904,1802,1802,0,0,12.1,42,16640
back,1905,1802,1802,0,0,12.1,42,16640
back,1905,1802,1802,0,0,12.1,42,16640
back,1906,1802,1802,0,0,12.1,42,16640
back,1906,1802,1802,0,0,12.1,42,16640
back,1907,1802,1802,0,0,12.1,42,16640
back,1907,1802,1802,0,0,12.2,42,16640
back,1908,1802,1802,0,0,12.2,42,16640
back,1908,1802,1802,0,0,12.1,42,16640
back,1909,1802,1802,0,0,12.1,42,16640
back,1910,1802,1802,0,0,12.1,42,16640
back,1911,1802,1802,0,0,12.1,42,16640
back,1911,1802,1802,0,0,12.1,42,16640
back,1912,1802,1802,0,0,12.1,42,16640
back,1912,1802,1802,0,0,12.1,42,16640
back,1913,1802,1802,0,0,12.1,42,16640
back,1913,1802,1802,0,0,12.1,42,16640
back,1914,1802,1802,0,0,12.1,42,16640
back,1914,1802,1802,0,0,12.1,42,16640
back,1915,1802,1802,0,0,12.1,42,16640
back,1915,1802,1802,0,0,12.1,42,16640
back,1916,1802,1802,0,0,12.1,42,16640
back,1916,1802,1802,0,0,12.1,42,16640
back,1917,1802,1802,0,0,12.1,42,16640
back,1917,1802,1802,0,0,12.1,42,16640
back,1918,1802,1802,0,0,12.1,42,16640
back,1918,1802,1802,0,0,12.1,42,16640
back,1919,1802,1802,0,0,12.1,42,16640
back,1919,1802,1802,0,0,12.1,42,16640
back,1920,1802,1802,0,0,12.1,42,16640
back,1920,1802,1802,0,0,12.1,42,16640
back,1921,1802,1802,0,0,12.1,42,16640
back,1921,1802,1802,0,0,12.1,42,16640
back,1922,1802,1802,0,0,12.1,42,16640
back,1922,1802,1802,0,0,12.1,42,16640
back,1923,1802,1802,0,0,12.1,42,16640
back,1923,1802,1802,0,0,12.1,42,16640
back,1924,1802,1802,0,0,12.1,42,16640
back,1925,1802,1802,0,0,12.1,42,16640
back,1925,1802,1802,0,0,12.1,42,16640
back,1926,1802,1802,0,0,12.1,42,16640
back,1926,1802,1802,0,0,12.1,42,16640
back,1927,1802,1802,0,0,12.1,42,16640
back,1927,1802,1802,0,0,12.1,42,16640
back,1928,1802,1802,0,0,12.1,42,16640
back,1928,1802,1802,0,0,12.1,42,16640
back,1929,1802,1802,0,0,12.1,42,16640
back,1929,1802,1802,0,0,12.1,42,16640
back,1930,1802,1802,0,0,12.1,42,16640
back,1930,1802,1802,0,0,12.1,42,16640
back,1931,1802,1802,0,0,12.1,42,16640
back,1931,1802,1802,0,0,12.1,42,16640
back,1932,1802,1802,0,0,12.1,42,16640
back,1932,1802,1802,0,0,12.1,42,16640
back,1933,1802,1802,0,0,12.1,42,16640
back,1933,1802,1802,0,0,12.1,42,16640
back,1934,1802,1802,0,0,12.1,42,16640
back,1934,1802,1802,0,0,12.1,42,16640
back,1935,1802,1802,0,0,12.1,42,16640
back,1935,1802,1802,0,0,12.1,42,16640
back,1936,1802,1802,0,0,12.1,42,16640
back,1936,1802,1802,0,0,12.1,42,16640
back,1937,1802,1802,0,0,12.1,42,16640
back,1937,1802,1802,0,0,12.1,42,16640
back,1938,1802,1802,0,0,12.1,42,16640
back,1938,1802,1802,0,0,12.1,42,16640
back,1939,1802,1802,0,0,12.1,42,16640
back,1939,1802,1802,0,0,12.1,42,16640
back,1940,1802,1802,0,0,12.1,42,16640
back,1940,1802,1802,0,0,12.1,42,16640
back,1941,1802,1802,0,0,12.1,42,16640
back,1941,1802,1802,0,0,12.3,42,16640
back,1942,1802,1802,0,0,12.1,42,16640
back,1943,1802,1802,0,0,12.1,42,16640
back,1943,1802,1802,0,0,12.1,42,16640
back,1944,1802,1802,0,0,12.1,42,16640
back,1945,1802,1802,0,0,12.1,42,16640
back,1945,1802,1802,0,0,12.1,42,16640
back,1946,1802,1802,0,0,12.2,42,16640
back,1946,1802,1802,0,0,12.2,42,16640
back,1947,1802,1802,0,0,12.1,42,16640
back,1947,1802,1802,0,0,12.1,42,16640
back,1948,1802,1802,0,0,12.1,42,16640
back,1948,1802,1802,0,0,12.1,42,16640
back,1949,1802,1802,0,0,12.2,42,16640
back,1949,1802,1802,0,0,12.2,42,16640
back,1950,1802,1802,0,0,12.1,42,16640
back,1950,1802,1802,0,0,12.1,42,16640
back,1951,1802,1802,0,0,12.1,42,16640
back,1951,1802,1802,0,0,12.1,42,16640
back,1952,1802,1802,0,0,12.1,42,16640
back,1952,1802,1802,0,0,12.1,42,16640
back,1953,1802,1802,0,0,12.1,42,16640
back,1953,1802,1802,0,0,12.1,42,16640
back,1954,1802,1802,0,0,12.1,42,16640
back,1954,1802,1802,0,0,12.1,42,16640
back,1955,1802,1802,0,0,12.1,42,16640
back,1955,1802,1802,0,0,12.1,42,16640
back,1956,1802,1802,0,0,12.1,42,16640
back,1956,1802,1802,0,0,12.1,42,16640
back,1957,1802,1802,0,0,12.1,42,16640
back,1957,1802,1802,0,0,12.1,42,16640
back,1958,1802,1802,0,0,12.1,42,16640
back,1958,1802,1802,0,0,12.1,42,16640
back,1959,1802,1802,0,0,12.1,42,16640
back,1959,1802,1802,0,0,12.1,42,16640
back,1960,1802,1802,0,0,12.1,42,16640
back,1961,1802,1802,0,0,12.1,42,16640
back,1961,1802,1802,0,0,12.1,42,16640
back,1962,1802,1802,0,0,12.1,42,16640
back,1962,1802,1802,0,0,12.1,42,16640
back,1963,1802,1802,0,0,12.1,42,16640
back,1963,1802,1802,0,0,12.1,42,16640
back,1964,1802,1802,0,0,12.1,42,16640
back,1964,1802,1802,0,0,12.1,42,16640
back,1965,1802,1802,0,0,12.1,42,16640
back,1965,1802,1802,0,0,12.1,42,16640
back,1966,1802,1802,0,0,12.2,42,16640
back,1966,1802,1802,0,0,12.2,42,16640
back,1967,1802,1802,0,0,12.1,42,16640
back,1967,1802,1802,0,0,12.1,42,16640
back,1968,1802,1802,0,0,12.1,42,16640
back,1968,1802,1802,0,0,12.1,42,16640
back,1969,1802,1802,0,0,12.1,42,16640
back,1969,1802,1802,0,0,12.1,42,16640
back,1970,1802,1802,0,0,12.1,42,16640
back,1970,1802,1802,0,0,12.1,42,16640
back,1971,1802,1802,0,0,12.1,42,16640
back,1971,1802,1802,0,0,12.1,42,16640
back,1972,1802,1802,0,0,12.1,42,16640
back,1972,1802,1802,0,0,12.1,42,16640
back,1973,1802,1802,0,0,12.1,42,16640
back,1973,1802,1802,0,0,12.1,42,16640
back,1974,1802,1802,0,0,12.1,42,16640
back,1974,1802,1802,0,0,12.1,42,16640
back,1975,1802,1802,0,0,12.2,42,16640
back,1975,1802,1802,0,0,12.2,42,16640
back,1976,1802,1802,0,0,12.2,42,16640
back,1977,1802,1802,0,0,12.1,42,16640
back,1977,1802,1802,0,0,12.1,42,16640
back,1978,1802,1802,0,0,12.1,42,16640
back,1979,1802,1802,0,0,12.1,42,16640
back,1979,1802,1802,0,0,12.1,42,16640
back,1979,1802,1802,0,0,12.1,42,16640
back,1980,1802,1802,0,0,12.1,42,16640
back,1981,1802,1802,0,0,12.1,42,16640
back,1981,1802,1802,0,0,12.1,42,16640
back,1982,1802,1802,0,0,12.1,42,16640
back,1982,1802,1802,0,0,12.1,42,16640
back,1982,1802,1802,0,0,12.1,42,16640
back,1983,1802,1802,0,0,12.1,42,16640
back,1983,1802,1802,0,0,12.1,42,16640
back,1984,1802,1802,0,0,12.1,42,16640
back,1984,1802,1802,0,0,12.1,42,16640
back,1985,1802,1802,0,0,12.1,42,16640
back,1985,1802,1802,0,0,12.1,42,16640
back,1986,1802,1802,0,0,12.1,42,16640
back,1986,1802,1802,0,0,12.1,42,16640
back,1987,1802,1802,0,0,12.1,42,16640
back,1987,1802,1802,0,0,12.1,42,16640
back,1988,1802,1802,0,0,12.1,42,16640
back,1988,1802,1802,0,0,12.1,42,16640
back,1989,1802,1802,0,0,12.1,42,16640
back,1989,1802,1802,0,0,12.1,42,16640
back,1990,1802,1802,0,0,12.1,42,16640
back,1990,1802,1802,0,0,12.1,42,16640
back,1991,1802,1802,0,0,12.1,42,16640
back,1991,1802,1802,0,0,12.1,42,16640
back,1992,1802,1802,0,0,12.1,42,16640
back,1992,1802,1802,0,0,12.1,42,16640
back,1993,1802,1802,0,0,12.1,42,16640
back,1994,1802,1802,0,0,12.1,42,16640
back,1994,1802,1802,0,0,12.1,42,16640
back,1995,1802,1802,0,0,12.1,42,16640
back,1995,1802,1802,0,0,12.1,42,16640
back,1996,1802,1802,0,0,12.1,42,16640
back,1996,1802,1802,0,0,12.1,42,16640
back,1997,1802,1802,0,0,12.1,42,16640
back,1997,1802,1802,0,0,12.1,42,16640
back,1998,1802,1802,0,0,12.1,42,16640
back,1998,1802,1802,0,0,12.1,42,16640
back,1999,1802,1802,0,0,12.1,42,16640
back,1999,1802,1802,0,0,12.1,42,16640
back,2000,1802,1802,0,0,12.1,42,16640
